Date,temperature_2m_max_run_00Z_day1_gfs,temperature_2m_min_run_00Z_day1_gfs,temperature_2m_mean_run_00Z_day1_gfs,relative_humidity_2m_mean_run_00Z_day1_gfs,cloud_cover_mean_run_00Z_day1_gfs,precipitation_sum_run_00Z_day1_gfs,wind_speed_10m_max_run_00Z_day1_gfs,wind_speed_10m_mean_run_00Z_day1_gfs,temperature_850mb_mean_run_00Z_day1_gfs,dew_point_2m_mean_run_00Z_day1_gfs,msl_pressure_mean_run_00Z_day1_gfs,ground_heat_flux_mean_run_00Z_day1_gfs,downward_shortwave_mean_run_00Z_day1_gfs,boundary_layer_height_mean_run_00Z_day1_gfs,temperature_2m_max_run_00Z_day2_gfs,temperature_2m_min_run_00Z_day2_gfs,temperature_2m_mean_run_00Z_day2_gfs,relative_humidity_2m_mean_run_00Z_day2_gfs,cloud_cover_mean_run_00Z_day2_gfs,precipitation_sum_run_00Z_day2_gfs,wind_speed_10m_max_run_00Z_day2_gfs,wind_speed_10m_mean_run_00Z_day2_gfs,temperature_850mb_mean_run_00Z_day2_gfs,dew_point_2m_mean_run_00Z_day2_gfs,msl_pressure_mean_run_00Z_day2_gfs,ground_heat_flux_mean_run_00Z_day2_gfs,downward_shortwave_mean_run_00Z_day2_gfs,boundary_layer_height_mean_run_00Z_day2_gfs,temperature_2m_max_run_06Z_day1_gfs,temperature_2m_min_run_06Z_day1_gfs,temperature_2m_mean_run_06Z_day1_gfs,relative_humidity_2m_mean_run_06Z_day1_gfs,cloud_cover_mean_run_06Z_day1_gfs,precipitation_sum_run_06Z_day1_gfs,wind_speed_10m_max_run_06Z_day1_gfs,wind_speed_10m_mean_run_06Z_day1_gfs,temperature_850mb_mean_run_06Z_day1_gfs,dew_point_2m_mean_run_06Z_day1_gfs,msl_pressure_mean_run_06Z_day1_gfs,ground_heat_flux_mean_run_06Z_day1_gfs,downward_shortwave_mean_run_06Z_day1_gfs,boundary_layer_height_mean_run_06Z_day1_gfs,temperature_2m_max_run_06Z_day2_gfs,temperature_2m_min_run_06Z_day2_gfs,temperature_2m_mean_run_06Z_day2_gfs,relative_humidity_2m_mean_run_06Z_day2_gfs,cloud_cover_mean_run_06Z_day2_gfs,precipitation_sum_run_06Z_day2_gfs,wind_speed_10m_max_run_06Z_day2_gfs,wind_speed_10m_mean_run_06Z_day2_gfs,temperature_850mb_mean_run_06Z_day2_gfs,dew_point_2m_mean_run_06Z_day2_gfs,msl_pressure_mean_run_06Z_day2_gfs,ground_heat_flux_mean_run_06Z_day2_gfs,downward_shortwave_mean_run_06Z_day2_gfs,boundary_layer_height_mean_run_06Z_day2_gfs,temperature_2m_max_run_12Z_day1_gfs,temperature_2m_min_run_12Z_day1_gfs,temperature_2m_mean_run_12Z_day1_gfs,relative_humidity_2m_mean_run_12Z_day1_gfs,cloud_cover_mean_run_12Z_day1_gfs,precipitation_sum_run_12Z_day1_gfs,wind_speed_10m_max_run_12Z_day1_gfs,wind_speed_10m_mean_run_12Z_day1_gfs,temperature_850mb_mean_run_12Z_day1_gfs,dew_point_2m_mean_run_12Z_day1_gfs,msl_pressure_mean_run_12Z_day1_gfs,ground_heat_flux_mean_run_12Z_day1_gfs,downward_shortwave_mean_run_12Z_day1_gfs,boundary_layer_height_mean_run_12Z_day1_gfs,temperature_2m_max_run_12Z_day2_gfs,temperature_2m_min_run_12Z_day2_gfs,temperature_2m_mean_run_12Z_day2_gfs,relative_humidity_2m_mean_run_12Z_day2_gfs,cloud_cover_mean_run_12Z_day2_gfs,precipitation_sum_run_12Z_day2_gfs,wind_speed_10m_max_run_12Z_day2_gfs,wind_speed_10m_mean_run_12Z_day2_gfs,temperature_850mb_mean_run_12Z_day2_gfs,dew_point_2m_mean_run_12Z_day2_gfs,msl_pressure_mean_run_12Z_day2_gfs,ground_heat_flux_mean_run_12Z_day2_gfs,downward_shortwave_mean_run_12Z_day2_gfs,boundary_layer_height_mean_run_12Z_day2_gfs,temperature_2m_max_run_18Z_day1_gfs,temperature_2m_min_run_18Z_day1_gfs,temperature_2m_mean_run_18Z_day1_gfs,relative_humidity_2m_mean_run_18Z_day1_gfs,cloud_cover_mean_run_18Z_day1_gfs,precipitation_sum_run_18Z_day1_gfs,wind_speed_10m_max_run_18Z_day1_gfs,wind_speed_10m_mean_run_18Z_day1_gfs,temperature_850mb_mean_run_18Z_day1_gfs,dew_point_2m_mean_run_18Z_day1_gfs,msl_pressure_mean_run_18Z_day1_gfs,ground_heat_flux_mean_run_18Z_day1_gfs,downward_shortwave_mean_run_18Z_day1_gfs,boundary_layer_height_mean_run_18Z_day1_gfs,temperature_2m_max_run_18Z_day2_gfs,temperature_2m_min_run_18Z_day2_gfs,temperature_2m_mean_run_18Z_day2_gfs,relative_humidity_2m_mean_run_18Z_day2_gfs,cloud_cover_mean_run_18Z_day2_gfs,precipitation_sum_run_18Z_day2_gfs,wind_speed_10m_max_run_18Z_day2_gfs,wind_speed_10m_mean_run_18Z_day2_gfs,temperature_850mb_mean_run_18Z_day2_gfs,dew_point_2m_mean_run_18Z_day2_gfs,msl_pressure_mean_run_18Z_day2_gfs,ground_heat_flux_mean_run_18Z_day2_gfs,downward_shortwave_mean_run_18Z_day2_gfs,boundary_layer_height_mean_run_18Z_day2_gfs
2021-04-01,12.773461914062523,4.122369384765648,9.685380554199241,78.43472258249919,24.163194214304287,0.0,23.503568205730353,18.235206163655395,7.362701670328818,5.993997192382835,1025.3440690104167,16.447349697351456,186.59736016144356,533.1498843828837,12.217156982421898,3.4970031738281477,8.989780680338564,78.02708276112874,59.50694368779659,0.0,25.355343738507308,19.27967442387617,6.93863194783529,5.247858937581384,1025.48283203125,21.486770038803417,148.02663708105683,563.0587985912958,13.448022460937523,4.308801269531273,9.87723312377932,77.92708237965901,18.175694515307743,0.0,23.659077178720946,18.410202533534466,7.863739267985068,6.076421356201195,1025.1589811197916,13.611163397630056,208.36036299417415,506.79463438193005,12.525537109375023,3.2071472167968977,8.31045811971031,77.8506948153178,54.423611521720886,0.0,24.722142014554077,19.50083979380493,6.180762227376306,4.518048858642601,1026.5208854166667,23.456523259480793,147.86625169341764,604.8018071254095,12.731530761718773,3.9706054687500227,9.614593760172548,77.56736087799072,29.318054661154747,0.0,24.13839902183378,18.577203923644237,7.928645070393884,5.763146972656273,1025.161005859375,15.394625574350357,203.16513923058906,507.252836505572,13.165368652343773,4.367974853515648,10.096182759602888,79.21180534362793,37.69861137866974,0.0,23.059016954267996,17.402786764939016,7.627528127034509,6.562530771891318,1024.9639713541667,13.192099849383036,186.4614720121026,498.4845748742421,13.231378173828148,4.370599365234398,9.95335413614911,75.58333396911621,24.915972530841827,0.0,24.390362362523913,18.262809169454396,8.2270332336426,5.7211102803548215,1024.6587369791666,13.232951621214548,210.4661704202493,478.97693459192914,13.456811523437523,4.308496093750023,10.12601242065432,79.31319459279378,27.902777353922527,0.0,23.563134718227325,17.75971641127082,7.6044174194336165,6.603496805826865,1024.9776399739583,12.80626038213571,193.50152952472368,507.77568888664246
2021-04-02,11.278710937500023,1.8334594726562727,6.088073984781924,72.25555562973022,15.8368059694767,0.0,27.366794660891486,20.18168339717087,3.465261077880882,1.1911814371745209,1029.6047135416668,16.964198728402454,225.87977891912064,780.609967549642,11.709832763671898,1.7390991210937727,6.0987106323242415,70.88194433848064,10.53749997417132,0.0,25.977846886927463,18.446080259194794,3.188855743408226,0.9154093424479584,1029.917841796875,16.022729373226564,226.56388855477175,722.2950884501139,11.160516357421898,1.8803649902343977,6.054779307047549,73.5402774810791,14.168749670187632,0.0,27.607508977757057,20.10266418808241,3.625611877441429,1.4109804789225677,1029.691904296875,16.798510273297627,223.9525542433063,780.2926762898763,11.843133544921898,1.6215759277343977,6.084317779541038,72.09861119588216,5.604861130317052,0.0,26.308542166927126,18.52891232842887,3.6724423726399777,1.1319951375325559,1029.9124641927083,16.949415922164917,226.52813697606325,706.4716364542643,11.385491943359398,1.9999938964843977,6.180137888590518,72.35763772328694,18.37777703007062,0.0,27.422444649714087,19.89233488786053,4.026836649576865,1.2954332987467865,1029.6477213541666,15.115780433019003,225.33433787773052,775.5733172098795,11.783319091796898,1.5032287597656477,6.0302393595377835,71.68472210566203,8.632639095187187,0.0,25.169316080694376,18.660150354538754,3.3275428771972884,1.0077097574870209,1029.799072265625,15.80477558200558,226.04211098204055,725.3390769958496,11.312005615234398,1.9759155273437727,6.199953969319684,72.49722194671631,21.043749630451202,0.0,26.60054320376879,20.165926735254057,3.771534220377646,1.3372042338053802,1029.5709700520833,14.775162299474081,224.5294200529655,794.8592529296875,11.348565673828148,1.6950927734375227,6.007929738362653,70.91597350438435,13.615277886390686,0.0,28.28734864196455,19.9066946260653,3.065564727783226,0.869020080566429,1029.5137076822916,16.821483771006267,225.07319161792597,788.0975786844889
2021-04-03,11.309655761718773,2.2358337402343977,6.144661204020205,75.39861106872559,22.241666277249653,0.0,21.920542474721376,16.817529798952553,3.0255956013997434,1.7327730814616302,1031.54419921875,7.923014135876049,220.37000042696795,717.2117881774902,11.293084716796898,2.5973449707031477,6.1887985229492415,74.91388877232869,37.75069463749727,0.0,22.49562865910049,18.00622074734862,2.403591410319052,1.6853996276855696,1031.1711458333332,6.580115078327556,212.06513673067093,740.4730688730875,11.239068603515648,2.4036193847656477,6.201718902587913,74.99375089009602,24.14861073096593,0.0,22.58384282704582,17.318942816044224,2.969630177815759,1.6966784159342865,1031.8880794270833,7.668121700485547,223.32066331307092,730.802952448527,11.356500244140648,2.1668945312500227,6.121266937255882,75.83333492279053,26.952084183692932,0.0,21.86775901084492,17.421345303095293,2.5560152689616302,1.7678695678711165,1031.56064453125,6.754993697007497,221.07413171231747,724.0866565704346,10.997857666015648,2.2773986816406477,5.987488047281924,75.17152706782024,22.200694650411606,0.0,23.052424074412166,17.347492011230745,2.710584259033226,1.5517860412597884,1031.8222102864584,8.342114547888437,218.6499439328909,738.5136032104492,11.286340332031273,2.0758605957031477,6.026640828450543,75.67083215713501,24.580555597941082,0.0,22.038053816067045,17.165568768161105,2.604194895426474,1.6493329366048215,1031.6222330729167,8.10948127011458,222.95046836634478,718.6851024627686,10.631280517578148,2.3817993164062727,5.972437795003278,75.42430559794109,24.49236116806666,0.0,23.653703877873866,17.75385602547681,2.6614356994629134,1.6076789855957259,1031.9240169270834,8.997778157393137,219.70377896229425,747.5196361541748,11.361505126953148,2.1390930175781477,6.133025105794293,75.66111135482788,21.610416315495968,0.0,21.89473183966172,17.086851910179405,3.0269879659016965,1.7840820312500227,1031.5150651041668,7.510015785694122,219.78061075756946,717.8164793650309
2021-04-04,14.670373535156273,0.9851013183593977,7.475607808431012,70.67291641235352,21.79305551449458,0.0,18.696960535689644,10.722487835197327,4.811565653483115,1.7562080383301009,1025.78986328125,-8.21573930978775,232.26618803540865,413.93967549006146,14.641900634765648,1.5198913574218977,7.661632792154971,67.745139280955,23.17291663090388,0.0,22.647792901644294,13.08185961261474,4.506707763671898,1.6006281534831146,1022.443779296875,-7.169236818949382,232.77250089744726,485.6019223133723,14.264489746093773,0.6620117187500227,7.112378692626976,72.34791580835979,20.96041665474574,0.0,18.800004847111836,10.591355941376355,4.976417795817099,1.8425905863444427,1025.6697884114583,-7.785336084663868,231.99330203731856,409.9958330790202,14.845117187500023,1.4544006347656477,7.81754328409833,67.10416618982951,22.84722225864728,0.0,21.097115097594482,12.439132507072536,4.7337750752766965,1.4515167236328352,1024.018466796875,-8.59118390083313,233.17532912393412,463.54884727795917,14.171563720703148,0.8322082519531477,7.12040227254234,73.0006947517395,19.04791675011317,0.0,19.10778671745358,10.540034575452083,5.019466654459677,2.0515355428059934,1025.6366015625,-8.32589486738046,232.310117388765,415.12827547391254,14.825158691406273,1.2402893066406477,7.721578216552757,67.69444386164348,24.42708307504654,0.0,20.482615324109013,11.750207468005271,4.917592620849632,1.3973136901855696,1024.90615234375,-8.94307259718577,232.66947216292223,433.91666046778363,13.985894775390648,1.0155578613281477,7.092029825846377,72.57916482289632,19.40833294391632,0.0,19.76125968266298,10.673729628973353,5.005694325764978,2.0003753662109602,1025.47736328125,-8.146959364414215,232.78878063460192,425.8882333437602,14.733331298828148,1.0434204101562727,7.547134653727237,68.34305493036906,20.370832860469818,0.0,19.884744109237477,11.16706353478349,4.87796300252279,1.3158673604329465,1025.585830078125,-8.203256368637085,233.3495855331421,420.146849155426
2021-04-05,7.061395263671898,1.2228332519531477,4.366558329264346,56.544445832570396,79.43194397290547,6.11458321288228,31.56445819236227,22.460284194776104,-6.447442118326819,-4.1317949930826785,1018.8248795572918,25.566197504599888,205.89480130622783,1312.4251658121746,6.903527832031273,0.8956542968750227,4.604567464192731,57.13680617014567,83.3020834128062,2.2291667200624943,33.200137890452844,22.403186929540396,-5.922502899169899,-3.644402567545569,1018.3194694010417,27.960759088397026,176.70888668795428,1273.863923072815,6.966180419921898,1.3058410644531477,4.316267903645856,54.69722135861715,66.24999979208224,3.3229167321696877,31.301392384952624,22.37786129330262,-6.552996063232399,-4.675836944580055,1019.05533203125,25.83153674006462,215.19041624416909,1298.249340057373,6.965386962890648,1.0160461425781477,4.751204427083356,55.536805947621666,86.15416665871938,2.1562499990686774,29.75277945816405,21.22918945987318,-5.966378275553382,-3.9707041422526004,1018.3250813802083,23.796650305390358,197.1646689052383,1335.815055847168,6.918084716796898,0.9390197753906477,4.125029500325543,57.105555613835655,71.85902864734332,5.06249990221113,30.727280182382195,22.15974786366286,-6.514847819010413,-4.25414123535154,1019.4523209635418,26.643375704685848,200.74647272378206,1337.1068433125813,6.786859130859398,1.8367248535156477,4.634704844156924,54.57013853391012,87.3743069966634,1.6979166977107525,29.946176657521605,22.105442518984262,-6.10780309041337,-4.43797912597654,1018.2863118489582,24.524107019106548,211.9886691098412,1351.9013964335124,7.144525146484398,1.0112243652343977,4.39551188151044,57.20833269755045,78.51458263397217,3.166666692122817,31.19172479770983,22.0494540646764,-6.173676554361975,-3.9063603719075104,1019.3095930989583,24.89960068464279,201.0578602477908,1339.0146395365398,7.092309570312523,1.1748291015625227,4.529482777913434,53.00555602709452,89.33402649561565,0.9479166604578495,31.890381645869702,22.525741449190182,-6.543535614013649,-4.837038421630837,1018.6887141927083,24.02171437939008,211.82758209606013,1376.886927286784
2021-04-06,5.318292236328148,-1.1166748046874773,1.5291776021321841,52.050000508626304,52.00763966639837,6.656250059604645,25.54182198486245,17.443140688253145,-10.284401957194007,-7.78597488403318,1021.641201171875,28.194924851258595,179.1806406825781,1160.9137865702312,5.783319091796898,-1.2548583984374773,1.5910329182942935,56.29583239555359,56.06874998410543,11.375000089406967,24.237341832662846,16.639589660539627,-10.054679616292276,-6.855027262369788,1021.3976204427083,26.67267667502165,179.53197027742863,1117.4152145385742,5.186273193359398,-0.7371582031249773,1.6076306660970279,51.96180518468221,48.64930642644564,5.052083343267441,26.190316089818406,17.893750623388748,-10.151555124918616,-7.71779861450193,1021.406328125,28.594642534852028,175.99471932152906,1186.26651318868,5.825677490234398,-1.1499999999999773,1.7310729980468977,54.28749918937683,65.50555630524953,6.781250104308128,24.042271506533243,16.51228163112016,-10.063876851399698,-7.121617380777991,1021.4071875,25.17977551619212,177.39224905272326,1131.666940053304,5.198754882812523,-0.9910339355468523,1.5970664978027571,53.41250022252401,44.94166696071625,1.6770832799375057,26.250879117997016,18.511684565158006,-10.025829060872354,-7.317429606119788,1021.2609407552083,28.19230905175209,177.34989353020987,1168.4344514211018,5.499993896484398,-1.3597473144531023,1.5951578776041895,55.328472216924034,54.781944612661995,11.520833194255829,25.38909669678678,17.192694090277183,-10.159869893391885,-6.915185038248694,1021.4534700520833,26.773525948325794,176.0461071083943,1106.986577351888,5.502435302734398,-0.9987548828124773,1.705513254801455,56.65902757644653,41.02430582046509,3.58333333581686,25.525792141358185,17.477533305803536,-9.63578389485673,-6.404840850830055,1020.936982421875,27.05635343492031,180.7329452931881,1075.6040147145588,5.466668701171898,-1.2399353027343523,1.5334017435709864,55.13055523236593,54.71805556615194,7.770833387970924,24.202428362303813,16.294510625223378,-10.161782328287757,-7.05288416544596,1021.9469368489583,27.968133832017582,177.34202898045382,1078.8966188430786
2021-04-07,7.383325195312523,-1.6987060546874773,2.3726236979166893,56.879167238871254,30.479166636864345,12.75,21.756287777938034,14.142371643711257,-8.536651357014932,-5.930455271402991,1023.401728515625,11.13369134068489,240.57091385126114,865.8115934530894,8.100579833984398,-2.2784484863281023,2.6603078206380437,56.05833339691162,18.276389016459387,9.75,21.048404224544882,14.130983193042184,-8.55222676595048,-5.8405593872070085,1025.0253092447917,6.825592209895452,242.3813857336839,816.4243100484213,7.363397216796898,-1.7333435058593523,2.406112925211611,56.997222900390625,27.667360436171293,16.249999523162842,20.59305200764765,14.22577646334039,-8.500986480712868,-5.918278757731116,1023.3361783854167,11.059706409772238,241.70747129122415,877.499746521314,8.466699218750023,-1.5601867675781023,2.993494923909528,57.00833304723104,25.847916547209024,6.75,20.019277172103596,16.09178881048483,-7.817344411214151,-5.097545369466104,1024.5494010416667,3.487569252649943,230.53094229102135,858.5217997233073,7.669335937500023,-1.8999999999999773,2.500014241536481,57.61319430669149,38.68402851869663,17.500000476837158,20.439173673051553,14.579602944804895,-8.303940836588538,-5.653973642985022,1023.147421875,10.33769399424394,239.01735861599445,872.2834561268488,7.367272949218773,-1.6424621582031023,2.7394081115722884,66.91458400090535,49.152083138624825,11.874999970197678,25.67014376413931,17.637038559814847,-7.19293314615885,-3.0326929728190066,1023.9942057291668,10.080241673936447,146.82277840872607,765.0428943634033,7.903863525390648,-1.9274963378906023,2.7177965799967674,58.57013940811157,42.30069523553053,1.7499999403953552,20.38117535838225,15.133212270736172,-8.060676320393839,-5.214965565999307,1023.1555436197917,8.528496652841568,235.86391293505827,880.5786412556967,7.694696044921898,-1.9273132324218523,2.485303497314476,56.64999977747599,29.5881945391496,13.5,21.90525787920263,14.657204267805573,-8.611030324300089,-5.863930765787757,1023.561884765625,10.222041490798196,239.23514179885387,887.8013415733973
2021-04-08,9.822473144531273,-0.25073852539060226,4.926412200927757,68.92361084620158,55.13333362340927,0.1666666716337204,19.53057775355451,14.427536552039507,-4.253135426839151,-0.5038055419921648,1021.7783333333333,-4.930062631766002,169.84622893730798,589.3056062062582,9.699273681640648,-0.29242553710935226,4.8166366577148665,63.205555280049644,55.74583315849304,12.75,19.074983738085713,12.763451959829426,-4.574184163411417,-1.7735809326171648,1021.8851171875,-4.9505327343940735,170.28494616846243,595.3957680861155,9.971246337890648,-0.18332519531247726,4.96235046386721,69.75208218892415,52.589583377043404,0.18750000093132257,19.977747793200617,14.202119241951726,-4.2418223063151,-0.34009908040360415,1021.5659895833332,-5.0305425723393755,165.48683359225592,584.0268052419027,9.949273681640648,-0.37351074218747726,4.729858652750674,61.318750063578285,53.02291627724966,16.249999523162842,19.651772051097854,12.598619943767721,-4.673949940999307,-2.3641482035318973,1022.3038899739582,-5.82824182510376,209.69485695163408,587.4438639481863,10.387963867187523,-0.34891357421872726,4.893482462565127,71.31874815622966,55.995139718055725,0.4583333320915699,20.702070473222587,14.722459619880949,-4.3308789571125885,-0.03793563842771164,1021.4534114583333,-7.090446497003238,166.60569815834364,580.9723399480184,10.075555419921898,-0.44806518554685226,4.744201914469424,62.85000038146973,59.40625003973643,17.500000476837158,19.560811445442866,13.505058560668354,-4.134102884928382,-1.9870018005370866,1022.0051497395833,-4.996327638626099,199.53236346443495,580.9014012018839,10.371240234375023,-0.41538085937497726,4.734246826171898,71.88819392522176,63.33333337306976,0.7916666632518172,22.234489528771356,15.267643858242614,-4.170495096842444,-0.06395187377927414,1021.57470703125,-6.07449787358443,159.72644147276878,560.4763398170471,9.893487548828148,-0.28671874999997726,4.679715728759788,68.78680531183879,62.5930552482605,1.9583332911133766,20.926335074900155,14.452504756199543,-4.10902379353837,-0.7578427632649323,1021.9058040364583,-4.501500686009725,170.47116968035698,538.1068029403687
2021-04-09,9.166680908203148,3.3825927734375227,6.044213867187523,83.66666507720947,98.89305591583252,16.531250178813934,15.97423697741237,11.726707654770996,-2.6055613199869754,3.3432098388672102,1014.1861946614583,-3.2099466025829315,96.61133545140426,556.3901030222574,11.110620117187523,2.6466003417968977,6.62046330769859,73.47986078262329,100.0,2.9062500074505806,13.177336617892088,10.48662336755624,-2.684123738606729,1.8391255696614621,1013.4481510416667,-9.037091980377832,156.86755527555943,602.1854400634766,9.127130126953148,3.5159545898437727,6.270689900716168,83.34235986073811,99.96944427490234,15.864583313465118,15.610593569318091,10.494112976025027,-2.395994567871071,3.5355150858561615,1014.1955533854167,-3.9709003816048303,90.6098068083326,535.9088865915934,11.143975830078148,2.6379638671875227,6.712014770507835,72.91458368301392,99.99374961853027,4.072916626930237,13.622804101889145,10.242716040277553,-2.6147127787272098,1.8439486185710052,1012.8858463541667,-9.810443699359894,157.95963698128858,600.4877452850342,8.451928710937523,3.5965820312500227,5.99170328776044,83.77986113230388,99.96736113230388,12.208333514630795,14.596873583972599,10.733314050703848,-2.4998115539550554,3.3510846455891965,1014.6143782552083,-3.58703205982844,92.74952806532383,475.47734514872235,10.013299560546898,3.2379394531250227,6.469495391845726,80.75902732213338,100.0,14.208333484828472,16.146622475312466,11.28216108509495,-2.7011105855305573,3.1970687866211165,1013.1698014322917,-6.268702516953151,120.15441702554624,579.6249001820883,9.179956054687523,3.6455932617187727,6.38415934244794,82.60208320617676,99.92152786254883,11.135416768491268,14.723606140206696,10.4252583243237,-2.386387888590491,3.521084086100302,1014.3968880208333,-5.374067390958468,103.79125055174033,500.24894587198895,10.077264404296898,3.2379394531250227,6.311504618326846,81.29166746139526,99.99791717529297,14.312499970197678,15.777979903136087,11.670840578951925,-2.7649495442707916,3.151424662272177,1013.57615234375,-5.560666610797246,116.24863849828641,580.0183722178141
2021-04-10,5.824029541015648,2.2666870117187727,4.271343485514346,84.63611125946045,100.0,54.69791626930237,21.635030279346736,16.872222724760054,-5.0034558614094635,1.7954447428385834,1015.2556380208333,17.749920179446537,56.17250042532881,704.4215189615885,6.432183837890648,1.8342224121093977,4.110735829671246,75.58194303512573,99.8125,83.19791555404663,24.308159601818232,19.11084686531811,-5.926691436767555,-0.22083638509110415,1015.11744140625,11.927703003088633,130.77008370682597,936.248176574707,5.331781005859398,2.6751647949218977,4.478584543863955,89.19236183166504,100.0,63.21875011920929,21.442623631543842,15.958295143952682,-4.347911580403604,2.8169189453125227,1014.4565950520832,18.681132341424625,39.47883267328143,650.0334720611572,4.656304931640648,1.8696533203125227,3.0161961873372625,90.7006934483846,100.0,208.03125143051147,25.36154569408297,21.079620228523538,-5.3574902852375885,1.5541905721028684,1014.1179166666667,22.981909905870754,65.75419160040717,823.5187034606934,5.898736572265648,2.3280578613281477,4.148069000244163,93.93402894337972,100.0,88.02083396911621,22.80894111789842,17.217916021831122,-3.9782063802082916,3.238637542724632,1013.4975911458333,21.874648928642273,17.130750007927418,682.721539815267,4.795098876953148,1.7554870605468977,3.732986704508486,89.92916679382324,100.0,89.45833349227905,25.560516921763167,18.89648497992571,-4.897721354166663,2.1769144694010834,1014.7433203125,18.201334847758215,54.527193397283554,782.0362631479899,5.966729736328148,2.2186218261718977,4.112538909912132,95.32430458068848,100.0,45.510416597127914,23.493728403720223,17.694128326470825,-3.702172342936194,3.4203722635905365,1013.0443977864583,22.40163580576579,17.629777746275067,666.446938832601,5.516656494140648,2.1859069824218977,3.9760630289713768,90.56527837117513,100.0,116.63541650772095,24.61412431125246,17.983153413332634,-4.845058186848917,2.522627766927087,1014.8094791666667,19.306658903757732,45.182139337062836,733.4996687571207
2021-04-11,8.293878173828148,1.4601989746093977,4.450713094075543,66.56874974568684,95.88958326975505,76.54166674613953,24.204000658804162,18.6084301991126,-6.6616284688313385,-1.6565333048502566,1018.1133984375,1.2425711452960968,187.61952485144138,1093.7615362803142,7.497064208984398,-0.36212768554685226,3.453659311930361,64.45486164093018,53.68055588503679,81.97916603088379,26.81618472337495,18.6055251326294,-6.99018834431962,-3.0121953328450104,1019.526669921875,10.038231064875921,209.1348341604074,977.1418568293253,8.794671630859398,1.1376892089843977,4.730603790283226,63.02499977747599,94.34444427490234,25.08333295583725,22.30600064471931,16.437758460886663,-6.148435974121071,-2.2063189188639285,1018.3227669270833,1.8413624266783397,205.88014004627863,1023.454168955485,7.615106201171898,0.5690246582031477,3.9011258443196843,63.99375025431315,82.01249966025352,100.0937511920929,29.805381159664247,20.67350001581985,-6.654215240478493,-2.6038205464680573,1018.602197265625,8.06578454375267,193.06558427214622,1064.4505008061726,8.812799072265648,-0.44351806640622726,3.8638715108235906,68.07222191492717,66.10902730623881,15.572916686534882,20.64428875996297,14.899930990872202,-6.369515482584632,-2.0644121805826785,1018.789716796875,5.687818507353465,221.5833572347959,885.418091138204,7.953271484375023,0.49782714843752274,3.857264455159528,70.19583336512248,92.75347216924031,155.78125,26.933534439850916,19.373069994802865,-6.692589823404944,-1.4304946899413835,1017.8658951822918,4.6780101756254835,202.37558435897031,1050.962231318156,8.802850341796898,-0.8178771972656023,3.497635142008486,69.56874863306682,49.857639153798424,6.791666582226753,19.828533124802924,14.354474831170926,-6.596685791015602,-2.1468821207682254,1018.6977180989583,7.400640467802684,232.9400845170021,827.7889998753866,8.510583496093773,1.3252502441406477,4.211062367757184,68.65347051620483,92.81041653951009,103.70833253860474,24.450135353785036,19.2267072835394,-6.548497263590491,-1.6383740743000885,1017.8561881510417,1.9574153224627178,208.75583673020205,1098.289602279663
2021-04-12,8.548699951171898,-1.0833496093749773,3.8383295694987205,68.06666564941406,69.59930737813313,36.82291626930237,13.684318611816579,9.480483806070575,-7.263152821858682,-2.1905832926432254,1028.407275390625,3.215756038824717,212.6276666522026,736.036123752594,8.451287841796898,-0.24613037109372726,4.19647623697919,75.63610967000325,70.784028450648,92.34375143051147,22.89889147971007,13.979298886629143,-6.537065887451149,-0.05272776285806913,1027.5736848958334,6.3434740935141845,164.86658478776613,723.4579833348593,8.735955810546898,-1.0333312988281023,3.8879257202148665,67.01041603088379,52.959028631448746,35.75000059604645,14.686460737954153,9.777514063443943,-7.13363367716471,-2.4303357442219635,1028.2495963541667,3.1823519269625344,217.68550271789232,775.093418041865,8.679376220703148,1.0115600585937727,4.14703776041669,80.20833317438762,87.61041768391927,60.71874976158142,16.694150386561375,11.6004063849213,-6.649680836995401,0.5847895304362396,1028.1040201822916,5.485583384831746,183.87527514000735,756.6637808481852,8.419335937500023,-1.0582031249999773,3.8207285563151268,66.11041673024495,63.4090283314387,22.85416692495346,12.961568199306106,8.953301321412495,-7.263913218180335,-2.517863972981729,1028.3620572916668,5.0798027242223425,189.59758191307387,746.3270134925842,7.700006103515648,-0.5130065917968523,3.422686513264997,76.345139503479,62.10833299160004,36.24999976158142,15.266059495449937,9.98780511195776,-6.534295145670569,-0.5729253133137604,1028.3371126302084,9.852023924390474,151.80477928121886,505.7068521976471,8.519647216796898,-0.7166809082031023,3.7174494425455955,66.1180550257365,61.932638923327126,9.010416820645332,13.642842388699464,9.361074444673955,-7.30480041503904,-2.610173288981116,1028.2467838541668,5.899365146954854,196.44695334633192,753.3856843312582,7.065423583984398,-0.12177124023435226,3.118445332845075,75.11874898274739,69.3763901789983,38.78124988079071,9.905854984717289,6.5006697553144575,-7.208675130208292,-1.1142906188964616,1028.3594205729166,9.826977491378784,151.4760593275229,463.2399107615153
2021-04-13,9.491082763671898,0.9166809082031477,5.124046579996768,66.03888877232869,63.92847261826197,12.635416746139526,6.989005934004623,4.597179971810573,-5.87948074340818,-0.997624460856116,1032.707880859375,-5.386711865663528,168.2600246667862,515.0613239208857,8.926293945312523,0.5508056640625227,4.920278167724632,69.78611103693645,49.66597173611323,40.510417342185974,10.717470158174311,6.2015934962379475,-5.794724527994788,-0.41946640014646164,1033.1314322916667,2.464974688210835,147.56939126054445,500.19979588190716,9.627221679687523,0.38298950195314774,5.067404683431012,64.95903015136719,48.352777342001595,36.41666650772095,8.401669636263739,5.287634386637677,-5.722978973388649,-1.232023620605446,1032.55060546875,-1.2653884689013164,173.87669196724892,547.0430745681127,9.518365478515648,0.7617736816406477,5.292797342936221,66.8472220102946,50.81944477558136,40.947916746139526,7.985457091630351,4.803201099790067,-5.6500012715657135,-0.661405944824196,1032.9748111979168,-0.8545725246270498,163.7604470551014,495.21921793619794,9.955987548828148,0.19872436523439774,5.007512664794945,61.64514001210531,34.45763932665189,20.3125,9.031404375471803,5.852180480471987,-6.00548146565751,-2.0782251993815066,1032.833798828125,-1.6303300708532333,204.73021524151167,595.3596310218176,10.053430175781273,0.7333312988281477,5.3094548543294495,65.87916628519694,64.86874977250893,26.614583253860474,7.826450662944745,4.984867084078597,-5.884113057454385,-0.9613505045572879,1032.9127018229167,-7.113502070307732,201.5036102036635,564.6925326188406,10.002282714843773,0.25039062500002274,5.114692942301455,62.867360750834145,36.97638883193334,2.1875000074505806,9.415988709802857,5.383561652064188,-5.979718271891272,-1.7555552164713504,1032.742587890625,-2.210106355448564,203.8604167600473,597.0707420905431,10.483453369140648,0.22158203125002274,5.229248301188174,60.25972080230713,31.18750062584877,14.489583551883698,7.620521756988526,5.370199095394327,-5.813982391357399,-2.360081736246741,1032.81259765625,-7.074734916289647,249.975442558527,599.1869937578837
2021-04-14,9.097589111328148,1.4549194335937727,4.731890614827496,69.80208349227905,63.51180668671926,8.312499821186066,20.009991948984275,10.679443621032576,-5.662350718180335,-0.7129692077636491,1032.6457063802084,4.30896211663882,180.5751062532266,677.3122718334198,9.933374023437523,0.9692932128906477,5.185180918375674,61.675694942474365,51.05972226460775,16.593750178813934,15.980202541005124,9.933084491811757,-5.681705220540323,-2.0117757161457916,1032.563330078125,0.6571655670801798,236.89822098612785,687.3413635094961,9.092065429687523,1.4576965332031477,4.766055043538434,73.15694570541382,56.443055272102356,32.34374952316284,19.834932891637965,10.207544718031405,-5.562315368652321,-0.025555674235022252,1032.711884765625,4.627491186062495,172.83030383785567,651.9764029979706,9.538232421875023,1.0193420410156477,4.944675699869815,65.1458330154419,40.883333464463554,43.76041626930237,15.12164770206507,8.812862214185706,-5.476171874999977,-1.4382207234700104,1032.623505859375,3.6123916506767273,191.71180270115534,615.0623069604238,9.232720947265648,1.4000183105468977,4.674982961018903,70.95416752497356,61.02777703603109,25.8229159116745,18.571645829196843,9.699292724893006,-5.570050303141272,-0.5554883321125885,1032.83798828125,4.399243938426177,181.52366134524345,643.1764661868414,9.888238525390648,1.2703491210937727,5.095274861653668,65.54374980926514,48.72847294807434,27.385416507720947,15.882569393660745,8.278351682446656,-5.42967834472654,-1.1643038431803348,1033.0706640625,-0.2524767021338145,217.4793320695559,617.3381698528925,8.916589355468773,1.3309265136718977,4.570639546712262,67.86180480321248,60.81875065962473,2.2500000186264515,16.2842243500307,8.65200967301319,-5.690729522705055,-1.1390441894531023,1032.9256282552083,5.115721782048543,162.26216491063437,603.8183636665344,9.427484130859398,1.3274169921875227,4.94559249877932,66.57569408416748,49.974999417861305,8.687499970197678,18.79851101720454,9.446961073870781,-5.449062093098917,-1.1162857055663835,1032.971591796875,2.8686837355295816,199.80072148640951,664.4544735749563
2021-04-15,9.113153076171898,-0.33176269531247726,4.074908192952496,74.8270829518636,32.334722677866615,13.427083276212215,20.434349494161175,13.772618014454517,-6.05427525838212,-0.2973795572916629,1032.7104850260416,6.850439488887787,208.25186524788538,692.1991713841757,9.136895751953148,-0.23218383789060226,4.072826639811221,71.93333196640015,29.35763868689537,13.854166477918625,22.882301671986777,15.509079978856443,-6.44265213012693,-0.9838584899902116,1032.323115234375,7.1692096789677935,206.5759720802307,821.581865310669,8.334527587890648,-0.40180053710935226,3.8795104980468977,77.4368052482605,33.423611422379814,17.49999974668026,18.84981464637064,12.275012914972848,-5.970105234781897,0.08535792032881773,1032.858544921875,10.710100342830023,186.96633289257684,579.734658241272,8.852349853515648,-0.20264282226560226,4.045505777994815,71.23888842264812,32.40138918161392,37.864582538604736,24.456256799093044,16.085514661975473,-6.4434710184733035,-1.1615165710448991,1032.5326725260418,7.22613404194514,218.16683185100555,850.8999001185099,8.535089111328148,-0.41904296874997726,3.8596308390299705,78.33194621404012,39.68958375851313,18.69791668653488,19.51084443868282,12.274073481544468,-6.086478932698526,0.22155659993489962,1032.9844694010417,11.158212969700495,185.88475185632706,575.5855058034261,9.103570556640648,-0.48276367187497726,4.032226816813174,72.69861189524333,36.11736214160919,33.74999988079071,23.93483365084939,15.250053004892253,-6.231720987955725,-0.8276250203450104,1032.778076171875,7.900287479162216,209.5692221323649,779.0950056711832,8.495263671875023,-0.36548461914060226,3.8467651367187727,78.47430674235027,39.23333283265432,15.239583484828472,19.29185831405811,12.344368620873292,-6.162111663818337,0.23059361775716525,1033.0290234375,11.159305115540823,184.31458218892416,577.7322050730387,9.153009033203148,-0.49942626953122726,3.966723378499372,73.97361087799072,33.87569465239843,12.020833298563957,22.200971773627504,14.44983169294673,-6.166888936360635,-0.6076187133788835,1032.9574739583334,6.646203537782033,212.61844692627588,744.5201505025228
2021-04-16,10.030297851562523,-0.23010864257810226,4.639946238199893,74.09305604298909,30.079861044883728,46.94791626930237,14.50543695459237,10.574318601425068,-5.165688578287757,-0.1468338012695085,1031.225234375,-3.803259789943695,254.90550184249878,611.933051109314,10.357598876953148,0.09743652343752274,4.9489913940429915,72.33263953526814,13.359027981758118,28.010417103767395,15.762237426335254,11.93525346219708,-5.055137379964151,-0.2525492350260379,1031.2869954427083,-4.724776118993759,262.1488034725189,669.3303731282552,10.079949951171898,-0.25836791992185226,4.63413263956708,73.68819443384807,30.638194004694622,45.98958373069763,13.96870544967643,10.385548638718374,-5.248533630371071,-0.2489519755045535,1031.2842805989583,-4.1060794194539385,259.5485834678014,611.4016723632812,10.234887695312523,0.05275878906252274,4.81531677246096,72.14652824401855,20.52708367506663,42.91666626930237,16.56482438569503,12.125022382951244,-5.234362030029274,-0.3685401916503679,1031.0332259114582,-4.502648234367371,260.470974167188,679.0182094573975,10.113061523437523,-0.24967041015622726,4.579460398356143,72.15416653951009,32.39513856172562,33.77083396911621,13.751824369988269,9.799629163591815,-5.364879353841104,-0.5888008117675554,1031.40869140625,-3.6841057936350503,251.51674648125967,606.986823717753,10.052545166015648,-0.38214721679685226,4.514037068684918,72.31805483500163,25.993749797344208,49.114583253860474,14.748578419599271,11.012524444482203,-5.271604919433571,-0.6005767822265398,1031.043369140625,-2.7261224587758384,259.98544249931973,621.834329922994,10.156488037109398,-0.26495971679685226,4.569431559244815,72.09236176808675,32.90972125530243,0.36458334419876337,14.336739714541059,9.885733272821783,-5.422234598795569,-0.6220509847004791,1031.2020768229168,-3.3273886839548745,252.89002841711044,616.0879734357198,9.983331298828148,-0.30274047851560226,4.570883687337262,73.12777821222942,25.979166269302368,42.916667222976685,14.442554566779945,10.67008734587313,-5.2740069071451785,-0.3961789449055573,1031.0793391927082,-3.494164745012919,260.286976536115,613.1546792984009
2021-04-17,10.946923828125023,-0.20191040039060226,5.28162536621096,66.84027830759685,37.77638854955634,0.75,12.417395088179665,9.005113285773694,-3.6212003072102448,-0.9416170756022098,1029.0494791666667,-3.809849997361501,258.15200034777325,553.9510620435079,11.386865234375023,0.12188110351564774,5.510792032877627,69.00486103693645,4.191666637857755,47.499999046325684,11.555698389421753,8.904896499661625,-2.9758565266926666,-0.22844161987302414,1028.8472428385417,-5.318517704804738,267.8623260656993,535.2546408971151,11.142510986328148,-0.28018798828122726,5.305351511637393,65.10833326975505,30.961805334935587,0.5000000149011612,12.455468500771095,9.03358065142544,-3.6831548055012604,-1.2648084004719635,1029.130205078125,-4.11578764518102,264.43544286489487,553.431934038798,11.271569824218773,0.15285644531252274,5.492149607340518,68.72986141840617,5.288888776830087,46.250000953674316,11.27447018357386,8.733060624253532,-3.2016688028971316,-0.35235188802079165,1028.7951953125,-4.9889630873998,267.92352531353635,538.4673926035563,11.064721679687523,-0.5284179687499773,5.1321884155273665,65.77013810475667,24.765277666350205,0.2500000074505806,13.652490572772638,9.62722779603519,-3.7390464782714616,-1.2177528381347429,1029.1243717447917,-3.274720549583435,266.5275329550107,566.9266384442648,11.157067871093773,-0.011175537109352263,5.3757288614909085,67.851389726003,29.03333320344488,34.250000953674316,12.223960204511803,9.092133354959769,-3.6029800415038835,-0.6080790201822879,1028.937275390625,-4.815245429674785,265.4227739373843,553.5541051228842,11.114129638671898,-0.41831054687497726,5.169361368815127,66.8874986966451,29.086111325770617,0.0,13.908025231838325,9.760733372744513,-3.6235565185546648,-0.9702425638834598,1028.902646484375,-3.413470904032389,264.0487782359123,570.2229537963867,10.578790283203148,-0.21857299804685226,5.266530609130882,65.89583396911621,48.23680569976568,0.5000000149011612,11.88997334586368,8.5503134204465,-3.902446492512979,-1.1231483459472429,1028.7377115885417,-3.5915393431981406,240.65944953759512,550.7905240058899
2021-04-18,11.617913818359398,0.8281188964843977,6.355867004394554,63.162500063578285,88.77986240386963,0.0,7.030280618822246,5.155662954202043,-1.7538831075032135,-0.8027074178059479,1025.0403385416666,-7.650704582532247,229.15341303745905,472.5732070207596,11.862359619140648,1.4533935546875227,6.444045003255231,66.83055559794109,84.79930464426677,0.75,9.52616980473199,4.359312984621551,-1.7606745402018191,0.22649917602541336,1024.8103483072916,-8.800731837749481,210.55455523729324,454.9315659205119,12.148919677734398,1.2716613769531477,6.663973744710309,62.92013851801554,91.77222204208374,0.0,7.639400776233171,5.493755965301765,-1.770805104573526,-0.5406606038411041,1025.0031998697916,-10.087351928154627,245.06616735458374,491.07924183209735,11.578088378906273,1.2731872558593977,6.4435897827148665,64.47638813654582,97.51527881622314,0.5000000149011612,7.70242438574361,4.806756806170379,-1.9619901021321198,-0.4098406473795535,1024.80392578125,-8.287788525223732,214.0921146273613,467.85463265577954,12.106195068359398,1.4191833496093977,6.672437286376976,63.26319440205892,90.14097213745117,0.0,8.331522810258468,5.842555494179105,-1.5156628926594635,-0.4518074035644304,1025.3367317708332,-9.969730146850148,241.91880136728287,492.6429486274719,11.548516845703148,1.2166687011718977,6.2191024780273665,63.36736011505127,92.00416660308838,0.2500000074505806,6.702666004511095,4.989181710785677,-1.945866648356116,-0.9009727478027116,1024.9742122395833,-6.713347180436055,220.6672196984291,459.0571488936742,12.215386962890648,1.1034484863281477,6.66807072957359,63.88749933242798,79.05416647593181,0.0,8.526681565016665,5.9115116526999225,-1.2406461079914948,-0.3277521769205691,1025.3517252604167,-10.193650245666504,248.2374776403109,481.9348924954732,11.852532958984398,1.0202575683593977,6.567815399169945,63.5138889948527,97.60347016652425,0.0,7.672536378629771,5.777578495824045,-1.942228698730446,-0.4504938761393191,1024.5994954427083,-10.49715538819631,237.49577522277832,501.0209586620331
2021-04-19,14.666986083984398,2.8852783203125227,8.63797785441083,70.20347277323405,28.25902854030331,0.6250000167638063,6.527002044604765,4.71127276535309,0.21210505167647398,3.154158528645837,1021.6389811197918,-20.291561007499695,240.57488617300987,436.87221705913544,13.445092773437523,2.6722961425781477,8.108122762044294,71.29305537541707,34.818749924500786,0.9375000009313226,9.779844423933609,5.705563502072284,-0.4521176656086823,2.9952738444010834,1021.4757649739582,-12.100957751274109,209.98230135440826,404.94252943992615,14.514276123046898,2.8670288085937727,8.529826100667341,70.30902735392253,33.6729164205802,0.5937499944120646,8.595096569988057,5.778947010551366,0.2190973917643646,3.115224456787132,1021.7046126302083,-17.37669638792674,236.13958464066187,444.65721968809765,13.216302490234398,3.0333190917968977,8.258627827962263,72.74583260218303,46.07499990860621,1.645833320915699,6.153619891829376,4.691531500216506,-0.6497227986653229,3.4302612304687727,1021.2226139322917,-9.532746394475302,163.90978036324182,375.4813829263051,14.704156494140648,2.9170166015625227,8.639772033691429,69.78541580835979,23.311805551250774,0.31250000931322575,9.136104091972353,5.510439189112873,0.2522725423177121,3.0445355733235715,1021.9436002604167,-18.547200838724773,255.17105023066202,472.1582336823146,14.416680908203148,2.8915039062500227,8.48672765096031,71.4666649500529,37.145833472410835,0.4791666679084301,6.077439743239941,4.662844164428704,-0.23926010131833664,3.3302424112956146,1021.23673828125,-18.553686221440632,217.7348279853662,406.80253454049426,14.445092773437523,3.0064636230468977,8.577961222330751,70.81180493036906,20.907638125121593,0.25000000186264515,9.674912842492713,6.016206312044361,0.3165120442708371,3.196028645833337,1021.8838216145833,-16.535881479581196,251.9946649869283,465.8139412005742,14.817071533203148,2.9279113769531477,8.759612019856794,69.23680448532104,29.90902762922148,0.32291667629033327,5.411592769293422,4.398608701625268,0.05887502034505587,3.069893137613974,1021.576357421875,-21.625344157218933,245.34116462866464,451.2487841447194
2021-04-20,14.752709960937523,4.606927490234398,9.805973307291689,71.27083285649617,47.740277429421745,3.187499973922968,5.68180256945687,3.8954606378692476,0.3517992655436615,4.510485585530603,1018.74142578125,-12.303582906723022,202.76510459184647,469.6262463728587,14.150567626953148,4.914270019531273,9.920837656656923,75.56180588404338,49.66388843456904,18.812500156462193,7.583648537026943,4.556714571714359,0.5638837178548215,5.558011627197288,1018.5063606770833,-10.55105952421824,192.8351119607687,422.2145676612854,14.666650390625023,4.483422851562523,9.66159337361656,72.50486024220784,43.85694434245428,15.927083410322666,7.313064158604129,5.0621845302608275,0.4710594177246321,4.719659423828148,1018.565234375,-11.67375155289968,219.26955568790436,430.8557976086934,14.864251708984398,4.678704833984398,9.807152048746767,75.76111157735188,48.188889821370445,8.72916666418314,6.616808219921423,5.310640257216647,0.6256932576497434,5.439125315348349,1019.1558561197917,-12.868040005366007,192.53561145067215,418.06096804142,14.725152587890648,4.366693115234398,9.580930328369163,72.26041603088379,44.14791635672251,17.572916828095913,8.231216157550396,5.625172209411898,0.471596018473349,4.585034942626976,1018.4326106770833,-12.239495356877645,236.00011293093362,432.72292335828143,15.150323486328148,4.774804687500023,9.970227813720726,74.05763753255208,45.52014032999674,8.510416515171528,8.90523965890584,5.914904668709256,0.6719464619954465,5.255297597249353,1019.0873795572917,-11.179903825124105,205.62166435519853,458.1883390744527,14.806207275390648,4.458520507812523,9.622061665852888,72.93263991673787,47.41180509328842,18.13541653007269,8.031267012304644,5.687716714164431,0.5449132283528684,4.751011149088583,1018.24771484375,-11.017260750134787,238.71847154696783,435.3898220062256,14.515374755859398,4.423272705078148,9.705589548746767,73.51736116409302,43.382637898127236,13.166666701436043,7.236726905125581,4.973694268333183,0.5543584187825559,4.911623891194665,1019.3276106770833,-9.868595361709595,196.78958692153296,427.022926568985
2021-04-21,11.216668701171898,3.1510559082031477,8.018212890625023,74.54583374659221,75.52847230434418,37.00000023841858,23.776581129013266,15.478452639164338,-0.3128061930338504,3.6375124613444427,1021.4359505208333,6.7368353754282,151.5749173089474,640.0493622620901,11.178399658203148,3.2557617187500227,8.342307027181013,73.84791723887126,72.97986173629761,10.64583334326744,23.033741983411772,14.457599616659735,-0.6546183268229129,3.770234680175804,1021.9062630208333,4.323278148969014,177.33666672739977,617.3345459302267,10.633325195312523,3.1950012207031477,7.71683273315432,76.04722293217976,73.04374947150548,33.86458396911621,23.840963388249524,15.661399660534515,-0.38727416992185226,3.5930890401204465,1021.178486328125,8.810347159703573,147.02697402297053,640.079941034317,11.034967041015648,3.1483703613281477,7.915288543701195,74.14236195882161,64.04444487889607,44.96875011920929,24.180060734609068,15.128858843381657,-0.9562222798664948,3.372878011067712,1021.9229720052083,6.521666308244069,175.92358807780934,654.3647952079773,11.482476806640648,3.3349548339843977,7.859977976481143,75.8534722328186,78.51250060399373,19.28124988079071,23.26620403523211,15.415872521030549,-0.23874003092447538,3.6947723388672102,1021.218779296875,8.30308894223223,155.83988805670137,630.6572256882986,11.419549560546898,3.1704040527343977,8.201379394531273,73.8145842552185,72.3006940682729,49.2395840883255,22.570586282588526,14.373176367468815,-0.8578793843586823,3.6787417093913177,1021.2682356770833,5.576430638631185,155.24047286556257,610.9355741341909,11.886163330078148,3.3650451660156477,8.00389124552411,74.90902884801228,75.59236160914104,1.9583333116024733,23.151518027742448,15.19573346848879,-0.397178395589151,3.660071309407556,1020.9998958333333,7.686229574183623,163.46624787706727,638.6960057417551,11.129968261718773,3.0196166992187727,7.974389648437523,74.82361110051473,74.70555627346039,57.104167461395264,23.64532264134862,15.252170756781538,-0.4541419982909929,3.6278294881184934,1021.4319661458333,5.605683376391728,161.13916663387013,636.3482328255972
2021-04-22,11.666680908203148,0.8012329101562727,5.961835479736351,70.47847159703572,13.7291668454806,3.2500001192092896,17.150214270514837,13.269027601263659,1.0415791829427121,0.4907076517741302,1027.7809765625,4.832469602425893,282.26299970705685,535.0683975219727,11.520684814453148,0.7147155761718977,5.815930938720726,70.99305454889934,29.363194624582928,38.750000953674316,17.181852863942648,13.392067259160328,0.3648518880208371,0.5305089314778684,1027.593759765625,3.8988291323184967,279.76571658610675,573.6990954081217,11.578424072265648,0.8400207519531477,5.931239064534528,70.8743044535319,9.660416742165884,1.7499999403953552,17.298590404366255,13.416885916125837,1.1878766377766965,0.5513193766276459,1027.7241731770832,5.222609142462413,282.3176678554155,524.3423728942871,11.818017578125023,0.5983520507812727,5.900523122151715,70.66458304723103,32.12847216924032,35.000000953674316,17.65179976889619,13.302491320962877,0.25146891276045835,0.49213943481447586,1027.36134765625,2.988954166571299,281.07785825105384,565.5839824676514,11.382257080078148,0.6650329589843977,5.768474833170596,70.2256948153178,10.488888889551163,0.2500000074505806,17.129508038257683,13.560159556579466,1.3908554077148665,0.26339111328127274,1027.5937825520832,6.4736377994219465,283.31441807110485,507.49810727437335,11.444299316406273,0.6715942382812727,5.805666859944684,70.33472188313802,23.945138971010845,20.25,17.360581799018416,13.456683009789879,0.6136311848958371,0.3599296569824446,1027.860322265625,4.3739915291468305,281.48970230591175,558.7407808303833,11.287530517578148,0.6366210937500227,5.717132822672549,69.81041733423869,13.187500362594923,0.0,17.056657708089535,13.508427698562853,1.4340326944987396,0.1170466105143646,1027.5219368489584,6.918428560098012,283.54472616671893,498.8278611501058,11.665338134765648,0.7150207519531477,5.894233957926455,70.12847105662028,13.311111132303873,3.4999998807907104,17.31740022714638,13.263219863493456,0.794038391113304,0.35783793131514585,1027.8160481770833,4.408616205056508,282.3938295460927,537.2811606725057
2021-04-23,12.400781250000023,1.4767395019531477,6.493230438232445,69.61180543899536,4.390277759482463,0.0,20.96653354851223,14.07761645702721,3.0968630472819427,0.790779368082724,1029.0821061197917,-0.8681065241495768,289.438447065341,425.70742829640704,12.628045654296898,1.7091308593750227,6.711738840738955,68.06944592793782,3.2284721955657005,3.2500001192092896,19.084945741437977,12.924490637959565,2.6641848246256927,0.5008140563965071,1030.179482421875,-0.9681558211644491,290.8700354369357,420.8406518300374,12.662133789062523,1.4980407714843977,6.636588033040387,69.48402690887451,10.037500020427009,0.0,20.708243935712673,13.933034118600581,3.0817721048991302,0.8935396830241302,1029.092158203125,-1.4096994002660115,289.39485647995025,420.52078406016034,12.546075439453148,1.6208740234375227,6.659530893961612,68.78541660308838,1.19027774532636,1.7499999403953552,19.3346657809293,13.167574224467765,2.8659403483073334,0.6749257405598996,1029.8409993489583,-0.853800098101298,290.6504651180779,418.9998067220052,12.645135498046898,1.4627319335937727,6.6107752482096585,69.09236192703247,10.00902783870697,0.0,20.89647950823815,13.82047746784847,3.0527931213379134,0.7542587280273665,1028.9864095052083,-1.4318404992421467,289.82866774716723,416.51054922739667,12.417138671875023,1.7751403808593977,6.617999013264996,69.64166577657063,2.652083322405815,0.2500000074505806,21.423817412745066,14.487957345849715,3.238155619303427,0.8623774210612396,1029.249912109375,-1.0681554079055786,290.54397212186205,420.84572378794354,12.646508789062523,1.4480224609375227,6.649030303955101,68.93055470784505,10.167361098031202,0.0,21.484039219400817,13.971140529269121,3.0714469909668196,0.7547457377116302,1028.83677734375,-1.6719892024993896,290.2500251006956,418.16813977559406,12.384606933593773,1.5499816894531477,6.522033945719424,69.40069516499837,3.3159721146027246,0.0,20.68259270281486,14.080416271752421,3.0469235738118527,0.7687583923340071,1029.1727311197917,-0.907644788424174,289.8271062246834,423.12540435791016
2021-04-24,12.492944335937523,3.6229797363281477,7.5535547892252835,71.32291587193806,68.47083413600922,0.0,23.90505056456638,17.410464101808927,2.350637054443382,2.323299662272177,1027.991259765625,-4.340233524640401,278.4088556099062,584.0336411794027,12.033349609375023,2.9114013671875227,7.18396911621096,74.01249996821086,87.26041650772095,0.0,24.8591216938436,17.66994680471022,2.722845967610681,2.5451268513997434,1027.7387955729166,-3.0991857846577964,254.24305593656996,544.724853515625,12.559686279296898,3.2961669921875227,7.593989308675153,71.40694348017375,49.98194432258606,0.0,23.39858971870393,17.178454983175886,2.3437070210774777,2.3772572835286496,1028.1306705729166,-5.350893656412761,284.1881320135047,577.8877035776774,12.200616455078148,3.1428466796875227,7.288938140869163,73.23125060399373,92.95694494247437,0.0,24.524178023774294,17.244727392048308,2.5597345987956146,2.504115041097009,1027.8363346354167,-3.050294796625773,259.60272448540974,543.594539642334,12.638909912109398,3.5065246582031477,7.70242843627932,71.71666638056438,59.74722170829773,0.0,22.587726106812333,16.90345372254902,2.3482337951660384,2.548542277018271,1028.1737890625,-5.5894544919331866,279.528480598703,580.4832452138265,12.190850830078148,3.3073059082031477,7.291055297851585,71.62708377838135,78.00347224871318,0.0,24.65962729840885,17.520226287795293,2.4730328877766965,2.1544840494792084,1028.0691048177082,-3.3298168182373047,266.0128617969652,573.5824947357178,12.738946533203148,3.6062561035156477,7.753287251790387,70.95763699213664,57.94236143430074,0.0,22.267572166633258,16.559267623031076,2.421362813313806,2.431677754720056,1028.100107421875,-5.916910966237386,282.20613736845553,575.6243991851807,12.243432617187523,3.3947692871093977,7.351534779866559,72.379860719045,80.61874882380168,0.0,24.305288273477966,17.444784069632586,2.3170461018880246,2.3722778320312727,1028.0118098958333,-3.432540853818258,265.4229418961331,584.069683710734
2021-04-25,11.331597900390648,2.5951171875000227,6.647519683837913,73.76180489857991,21.762500006860744,0.0,25.021376440035795,19.506231217792763,1.6840034484863509,1.9210334777832259,1028.345400390625,1.61407466729482,285.6621921180437,727.5603637695312,11.153283691406273,2.4062744140625227,6.359520212809268,74.28402773539226,17.170833100875218,0.0,23.82297651074268,19.497634809688908,2.193844095865927,1.7247596740722884,1028.0508919270833,2.961789277692636,289.3866189240168,679.4205652872721,11.486627197265648,2.5942932128906477,6.687572733561221,74.0124986966451,15.113888891569028,0.0,24.67672678106386,19.25039699180409,1.6744908650716184,1.994941965738974,1028.394814453125,1.2535119354724884,285.4649479308476,727.7573890686035,11.065057373046898,2.3430114746093977,6.356172180175804,74.09930610656738,21.51319448153178,0.0,23.794510784850253,19.458389403233415,2.0344889322917084,1.682258860270224,1028.2431217447918,3.2095527350902557,288.7796356597294,698.7783317565918,11.261773681640648,2.6254821777343977,6.650769805908226,74.50347248713176,26.36041704029776,0.0,25.0275756337675,19.38558378579854,1.3878570556640852,2.083619689941429,1028.4870475260418,1.4709002176920574,283.7013953924179,744.2062136332194,11.074884033203148,2.3935791015625227,6.445696767171246,72.98055521647136,33.497917314370476,0.0,24.71062343549922,19.541936842486844,1.6820515950520871,1.5821637471516965,1028.5695149739583,2.618442157904307,281.8196056603144,734.6542523701986,11.216607666015648,2.6673522949218977,6.678887939453148,74.21319357554118,24.942360841824364,0.0,25.625626276802496,19.566760511028885,1.4440450032552121,2.059035237630212,1028.3118033854166,1.4777159293492634,283.98849200395244,756.9626401265463,11.494989013671898,2.6229187011718977,6.711118316650413,73.82847388585408,25.067361364296328,0.0,25.864843618864587,19.543351202911126,1.5403928120931027,1.9913841247558821,1028.5535091145832,1.5683317184448242,285.67027595825493,734.127197265625
2021-04-26,11.724847412109398,0.43654785156252274,5.866101837158226,71.49722242355347,51.215972344080605,0.0,18.24868491094633,13.827378921131498,1.6845769246419309,0.5329376220703352,1021.9779622395832,2.3794378340244293,282.1427234361569,534.5703032811483,11.420587158203148,0.9002624511718977,6.024591064453148,71.98750034968059,41.04027795791626,0.0,21.986040731286863,16.252339107375573,1.6199343363444427,0.8454249064128021,1021.9978483072917,2.101702411969503,290.793186293294,587.9851582845052,11.253839111328148,0.44619140625002274,5.824720001220726,72.06250031789143,54.06527837117513,0.0,19.43455932523352,14.403010914972484,1.4874562581380246,0.6600077311198334,1022.1919010416667,2.9959359566370645,273.84435578559834,549.9052391052246,11.436822509765648,1.0410705566406477,6.040387725830101,72.95624828338623,51.095831920703255,0.0,21.841269892810928,16.17467320682519,1.4275883992513059,1.0504025777181027,1021.738662109375,2.212693832193812,285.2556967921555,564.5293356577555,11.260614013671898,0.6039062500000227,5.755344645182315,71.27569516499837,58.834721763928734,0.0,19.24874822574886,14.407833181282525,1.289680735270224,0.40541483561202085,1022.2319563802083,2.8422414859135947,281.5419645011425,563.1749380429586,11.265313720703148,0.9203430175781477,5.912204996744815,72.04444456100464,43.979860762755074,0.0,20.34003006015173,15.078983069852564,1.384943898518884,0.7136105855306027,1022.3663444010417,2.604281817873319,287.98683144524693,555.4121507008871,10.924401855468773,0.5754943847656477,5.595613098144554,71.25972270965576,57.9513885974884,0.0,19.75472833040104,14.974764196028792,1.2094576517741302,0.270088450113974,1022.0780631510418,3.9329151809215546,277.75621939077973,577.8476336797079,11.350640869140648,0.7842041015625227,5.909853871663434,71.3402779897054,46.28055568536123,0.0,20.114266092950327,14.52092180645195,1.618806457519554,0.5608281453450559,1022.1182486979167,2.833281069993973,282.69726174945635,544.3001098632812
2021-04-27,14.379144287109398,1.5559326171875227,7.889192199707054,68.71249945958455,62.804861545562744,0.5729166697710752,6.831575685043108,4.2681380148369845,0.434486643473349,1.7880378723144759,1011.30984375,-14.142847220102945,264.9778915743033,530.3340484698614,13.112786865234398,1.4946838378906477,7.111760711669945,68.90000009536743,68.81874974568684,2.0104166520759463,12.696047898955761,6.719105714279061,-0.21987635294595975,1.2834754943847884,1010.9906315104167,-7.428306579589844,227.46975066140294,503.9889118671417,13.873162841796898,1.0070129394531477,7.395323689778668,67.61319319407146,67.49722188711166,0.2604166632518172,10.081187988453065,4.381041484447503,0.13968683878584898,1.0657147725423215,1011.2409798177083,-10.435024738311768,250.41405554985008,525.9664299885432,13.055871582031273,1.2492919921875227,7.239619191487653,68.34097290039062,84.42152833938599,3.5208332519978285,11.069585865723687,5.856806957953492,-0.03263956705728788,1.2452433268229584,1011.0919694010418,-5.913892428080241,215.35891762375832,444.67851889133453,14.070031738281273,0.7999816894531477,7.254343922932965,67.84583266576131,63.78333234786987,0.12500000279396772,12.462132082234653,5.6535242262938175,0.31790568033858335,0.9958778381347884,1011.13447265625,-11.215342203776041,274.57729932665825,529.1464410622915,12.532128906250023,1.3321472167968977,7.062043762207054,68.81111145019531,85.04791752497356,4.3750000055879354,11.45103393710526,4.726577628197815,0.013578033447288362,1.3509562174479584,1010.955791015625,-6.1546348333358765,190.7523849159479,375.24911228815716,13.944207763671898,0.8425231933593977,7.255036926269554,69.89444382985432,70.67777601877849,0.22916667349636555,13.649975184730854,5.9834350212613,0.4625348409016965,1.4582954406738509,1011.0114388020833,-10.928389390309652,263.80969338243204,503.91317081451416,14.007592773437523,1.1327453613281477,7.465177154541038,66.70833253860474,69.96458236376445,0.3854166707023978,12.449304376882457,4.718033095994802,0.06726862589522398,0.9745142618815521,1011.340400390625,-10.35880963007609,256.2310324745874,538.9915658632914
2021-04-28,10.795953369140648,2.6509338378906477,6.864347076416038,76.63264083862305,83.82291634877522,56.312499426305294,21.642281928368014,15.254906343525287,-0.9477511088053348,2.8165336608886946,1006.17869140625,7.624083121617635,125.22183644399047,664.5918467839559,11.784478759765648,4.974206542968773,8.140701548258486,72.31666612625122,97.48402818044026,41.92708346247673,21.088265365643334,15.146401145328616,-1.0250712076822879,3.2178194681803802,1006.8479296875,1.7752214918533962,157.86824610705176,678.0451463063558,11.225091552734398,3.3579650878906477,7.3103907267252835,74.13958342870076,93.83333396911621,30.95833344012499,25.17240413341895,16.21979055493218,-0.5228942871093523,2.7463381449381927,1005.898349609375,4.566507915655772,142.39433588211736,652.2187980016073,11.377130126953148,4.690667724609398,7.767013804117862,73.77360916137695,93.55000146230061,66.71874997019768,24.177964164415755,16.152792535287155,-1.4790659586588504,3.107837931315146,1007.3123958333333,1.3800599972407024,175.8261093298594,681.0803489685059,10.916986083984398,3.4667907714843977,6.9072840372721585,76.88611221313477,94.89791679382324,58.062500197440386,22.64778556584249,15.594650963163836,-0.893827819824196,2.949898020426474,1005.8276790364583,8.55393415192763,122.80630589152376,664.750519434611,11.077142333984398,3.5411621093750227,7.434801991780621,71.6604167620341,95.09097290039062,13.7291667945683,21.48611897533232,14.772551674935642,-1.2789011637369754,2.378925577799521,1006.75548828125,2.0405129889647164,147.4980818989376,723.5600414276123,10.368768310546898,3.3481384277343977,6.835665639241559,76.63263877232869,94.65416685740153,44.447917161509395,22.97299682648314,16.24305702833925,-1.0783790588378679,2.832739766438806,1005.8859049479167,7.972958813110988,119.22816907366116,678.6544672648112,9.726922607421898,2.8421569824218977,6.5835637410481995,78.05972321828206,90.62986119588216,48.187500063329935,17.937937810789094,13.12848205222794,-1.4807914733886491,2.886725362141931,1006.5254850260417,9.498934189478556,106.88294433057308,645.3377100626627
2021-04-29,10.144097900390648,2.3120666503906477,6.298087056477887,69.87361081441243,77.21249945958455,226.12500143051147,21.19160347334349,15.880634406355915,-3.9471814473469635,0.7401545206706146,1010.5803385416667,1.2006242151061695,223.5219411936899,929.9145711263021,9.948785400390648,3.2520080566406477,6.496519978841168,71.29166507720947,70.47847330570221,320.4479160308838,23.388516109371142,17.254149482152872,-3.8648996988932254,1.349000549316429,1010.4242154947917,4.9289791733026505,200.12191226457557,956.2001506487528,10.081323242187523,2.4156433105468977,6.15414962768557,71.11250066757202,72.81875014305115,225.53125047683716,22.313349597800023,15.966265363242394,-4.087182108561194,0.8359733581543196,1010.2989225260417,2.9194900492827096,210.08872352913022,942.3397289911906,10.549981689453148,3.6178222656250227,6.46237970987958,74.51805543899536,86.48958365122478,342.5937509536743,24.30750670701226,17.541072022122364,-3.742601776123024,1.8419827779134152,1009.7683951822917,4.670948848128319,219.08971934579313,953.2418899536133,10.066674804687523,2.2918029785156477,6.399607594807965,64.45486116409302,63.66041628519694,33.87499988079071,20.935436655294577,15.900302185816955,-3.8415791829426666,-0.1478713989257585,1010.5946061197917,3.103716790676117,202.47166539976993,896.9743162790934,10.139642333984398,3.0294738769531477,6.295229848225934,74.65069548288982,75.03055612246196,326.3750009536743,21.271013898668812,15.993281070124235,-4.092082722981729,1.7340840657552121,1010.5057877604168,3.957652668158213,224.92883413036665,887.2589654922485,10.778375244140648,2.2666564941406477,6.616516367594424,67.40972185134888,67.44791734218597,11.520833238959312,20.26793968305773,14.943441568991608,-3.7284200032551666,0.6398292541504134,1010.7713671875,1.4194998542467754,219.53228158752123,870.0595188140869,10.688806152343773,1.5179382324218977,6.257081604003929,69.587499777476,68.03680560986201,136.67708492279053,20.258842560756438,15.542044877480691,-3.8434636433918854,0.6214780171712277,1010.7551399739583,0.32988786697387695,248.64844804257154,883.5681158701578
2021-04-30,11.383325195312523,0.9852844238281477,6.432750956217471,67.98472293217976,53.71805600325266,20.770833253860474,10.448808644592399,5.797131707371801,-3.342705790201819,0.3828585306803802,1014.951171875,-0.6391750077406565,247.5646705130736,652.6575719912847,11.416070556640648,1.3152404785156477,6.4355127970377835,66.19305531183879,48.413888136545815,239.23958492279053,8.676090774912327,5.638171657437504,-3.632030232747354,0.05234425862630587,1015.1444856770833,-3.069511810938517,251.51885976394018,704.3212382396063,11.700006103515648,0.8166442871093977,6.427571868896507,67.81111129124959,55.69652811686198,23.593750298023224,9.505127949592131,5.919312004161448,-3.244834645589151,0.251832580566429,1014.7828548177083,-2.9568604826927185,262.84991703430813,693.657812277476,11.333306884765648,1.0115905761718977,6.4187484741211165,65.66389020284016,45.84791696071625,240.85416316986084,9.394453656569624,6.818069066941368,-3.760562642415323,-0.080784861246741,1014.9544270833333,-3.4664708177248635,242.5609455704689,699.9654354254404,11.571527099609398,0.7850891113281477,6.260186767578148,69.07708358764648,57.3006933927536,23.593750178813934,10.13011017273251,6.5582447893426155,-3.4047518412272098,0.326271311442099,1014.77333984375,-1.728655735651652,264.5116397465269,682.8120903174082,11.462823486328148,0.9985595703125227,6.443439737955752,67.10694440205891,48.39652808507284,42.99999964237213,8.351502312282816,5.704193798898118,-3.5378008524576785,0.24031855265303648,1015.2055859375,-3.05950927734375,246.56295155237117,638.551587899526,11.533502197265648,0.7278381347656477,6.211689249674502,69.2972224553426,54.139583230018616,8.895833477377892,9.61905764851224,6.021371095912052,-3.4703519185383698,0.30933914184572586,1014.7574869791667,-1.932372808456421,274.9646706581116,678.6195942560831,11.575891113281273,0.9666687011718977,6.478424326578799,67.29583358764648,47.61111092567444,26.54166668653488,9.877738151242564,5.63036869736857,-3.4074831644693973,0.24117813110353836,1015.1387565104167,-2.4953483939170837,255.78132969141006,667.0762751102448
2021-05-01,12.038659667968773,1.7343383789062727,6.919581349690778,70.49722210566203,40.88402769962946,27.75000035762787,10.143755706708978,7.1637378517915495,-2.8708620707193973,1.3604128519694427,1016.1733268229167,-1.104896605014801,241.10588627060255,661.4749534924825,12.117669677734398,2.6154418945312727,7.406414286295596,74.16805601119995,51.14305567741394,75.58333396911621,7.058251506090987,4.323896606558406,-2.4444094340006473,2.814443206787132,1015.265830078125,-1.9483837286631267,260.66172991941374,492.90646000703174,11.925531005859398,1.7611022949218977,6.9044764200846585,70.9187502861023,39.05347204208374,36.145832538604736,11.285490242454525,7.489763333163622,-2.8416656494140398,1.439241027832054,1016.1744401041667,-1.0904698967933655,240.5928299923738,674.3393301963806,11.862359619140648,2.2166687011718977,6.920374806722028,74.14444382985432,40.94652771949768,63.416667461395264,10.651896695056243,6.843430356211886,-2.6808659871418854,2.2870346069336165,1015.8110123697917,1.31545486052831,245.55044519901276,549.7407350937525,12.049981689453148,1.5833374023437727,6.6362777709961165,72.03611246744792,35.78472197055817,29.343749821186066,14.164938161977462,8.267430202890191,-3.079943084716774,1.3984008789062727,1016.0774869791667,-0.2914440631866455,254.63541809717813,683.5396176973978,11.601007080078148,1.9409118652343977,6.632759348551455,74.9909717241923,47.19861137866974,62.05208468437195,10.01438317358424,7.279436720505562,-2.9889854431152116,2.156898752848349,1016.348017578125,2.3019431432088218,249.53902033219734,552.4751689831415,12.173638916015648,1.5166564941406477,6.6038579305013245,72.19583447774251,37.89652729034424,12.958333283662796,13.455510557489902,7.923515264375531,-3.2043594360351335,1.3581087748210052,1016.1780826822917,-1.1670514543851216,270.8217217226823,690.6963599125544,11.741326904296898,1.7921386718750227,6.740478769938174,72.00833288828532,35.324998795986176,37.62499976158142,10.408600911335691,7.258676122550732,-2.8773457845051666,1.5859619140625227,1016.258115234375,0.9963146845499674,243.04569670557976,612.1745485067368
2021-05-02,12.433343505859398,1.9640136718750227,7.396817779541038,73.77222283681233,36.98402810096741,62.96875,11.36921827291437,6.2072753437994335,-2.6681121826171648,2.407331085205101,1019.843916015625,-6.94166346391042,273.289171765248,623.6685469547907,13.252008056640648,2.1153198242187727,7.7254908243815335,70.1402775446574,36.256250063578285,53.56250047683716,7.642856258191079,5.272377199399034,-2.502836608886696,1.9358319600423215,1019.7975227864583,-8.96518083413442,286.7709972585241,656.7336111068726,12.467675781250023,1.8944335937500227,7.350225067138695,74.36458492279053,37.64444514115652,88.1770830154419,11.502898011929927,6.192451977658208,-2.6094866434733035,2.530141448974632,1019.5740494791667,-7.258934855461121,282.5655800725023,594.5210982163748,13.330316162109398,2.0548645019531477,7.682139333089215,71.36111227671306,40.60208257039388,62.531249046325684,10.95806758426835,5.696058766122301,-2.597715759277321,2.0783261617024777,1020.038740234375,-9.876094897588095,281.94436557839316,682.7919116814932,12.384942626953148,1.6484313964843977,7.206079101562523,72.55555645624797,35.644444704055786,62.604166984558105,13.269101831374703,6.920614240866539,-2.8654604593912723,1.9566678365071652,1019.9497330729167,-6.735756357510884,281.89908556143445,645.8533239761988,12.935235595703148,1.9150939941406477,7.530103302001976,72.36736122767131,37.83124919732412,60.666666746139526,12.40207964711223,6.195452347608204,-2.735009256998694,2.1533536275227902,1020.1430696614583,-7.137608647346497,273.3994147852063,665.901316245397,12.193872070312523,1.4642272949218977,7.048137919108096,72.38263877232869,37.61805522441864,18.104166612029076,11.517286479918958,7.129919872744108,-3.1704238891601335,1.795315043131552,1019.9819303385417,-5.888717134793599,273.75660791744787,639.9656293392181,12.859155273437523,1.9863220214843977,7.467028554280621,72.87708218892415,31.53888875246048,43.41666626930237,12.239643639643575,6.321125610939745,-2.6972234090168854,2.2140492757161496,1020.042998046875,-7.321827054023743,284.1318594987194,648.1658875544866
2021-05-03,11.230340576171898,4.453942871093773,8.011591847737654,76.10902786254883,98.19791666666667,58.93749928474426,49.224623619642095,25.42496299002569,-1.682988230387366,3.8376645406087277,1013.577587890625,-1.5196313261985779,177.69960938145718,1030.9993750254314,12.158807373046898,4.152032470703148,8.057875569661482,77.76111062367757,98.2006934483846,108.85416507720947,47.59359797937639,26.529100805858864,-1.5253242492675554,4.12720642089846,1012.1830533854168,1.4074965218702953,185.56894442190728,1099.9007097880046,11.473321533203148,4.528222656250023,8.039638773600283,77.06874879201253,97.89861106872559,78.11458444595337,48.69997327728064,25.340803886928345,-1.6423032124836823,4.048744455973349,1013.922431640625,-1.5792059699694316,175.1309959217906,1018.0589173634847,11.166680908203148,4.527612304687523,7.856590525309268,79.8430569966634,98.6506945292155,153.3854169845581,48.89209636747968,26.43561055072306,-1.584110005696573,4.4120956420898665,1012.155048828125,3.7219821140170097,156.960474225382,1064.7177047729492,11.353204345703148,4.134698486328148,7.827685292561871,76.36111164093018,98.34097258249919,52.833333134651184,48.4773497654914,25.64709334200998,-1.6572479248046648,3.6754814147949446,1013.4943880208333,-0.5045622885227203,157.1704989771048,1025.4601189295452,12.395013427734398,4.496545410156273,8.175016021728538,76.381250222524,98.42083326975505,99.25000023841858,49.41866415834107,26.326752899981315,-1.5771697998046648,4.004054005940759,1013.4589615885417,-0.6312677611907324,184.87632938226065,1118.5693823496501,11.560662841796898,4.046868896484398,7.828708902994815,75.48611259460449,97.151389280955,17.645833231508732,48.729378991433926,25.904905733903444,-1.670108540852823,3.4834533691406477,1013.1547005208333,-1.3302540977795918,162.5098059028387,1044.5189797083538,12.005975341796898,4.368920898437523,8.050714111328148,75.55763912200928,98.41875012715657,53.43749928474426,48.74625564409975,25.41323908174026,-1.7350715637206804,3.716199493408226,1013.5758561197918,0.12994171182314554,158.5914455205202,1086.0629927317302
2021-05-04,10.750268554687523,4.612420654296898,8.038412984212263,76.2152779897054,87.41111135482788,228.1145830154419,42.665979986937046,32.09545301932547,-2.148259226481116,3.9854179382324446,998.9701171875,-0.44345324983199436,182.10886150846878,1436.0124753316243,10.841821289062523,4.732720947265648,7.843442535400413,79.62222305933635,91.75069522857666,239.40625,45.50681556245554,29.478437888852657,-1.9578804016113054,4.3998822530110715,999.606982421875,3.1435022155443826,159.20172235990563,1299.7620995839436,10.764642333984398,4.642388916015648,7.869702911376976,77.588889280955,90.14166593551636,234.1875,43.18775598831856,31.256411316367302,-2.1530301411946198,4.076740519205771,999.0636848958333,0.40910756091276806,175.06627976646027,1375.4973271687825,11.319757080078148,4.938836669921898,8.21894480387372,77.17986154556274,83.6354169845581,249.1666660308838,45.0046740903023,30.313003384661346,-1.7144645690917741,4.291342671712243,999.85677734375,0.5444084020952383,177.95411325494447,1316.425215403239,11.082055664062523,4.594140625000023,8.109980519612654,74.41250069936116,84.9902777671814,198.69791793823242,44.071711413754265,32.67774589200295,-2.2240496317545535,3.6974349975586165,999.4007845052083,0.6366247783104578,195.86686381946006,1453.0269050598145,11.100701904296898,4.419732666015648,8.220328267415388,76.81458298365276,83.17152833938599,251.46875190734863,41.81823527234485,31.476187589003427,-1.8591801961262604,4.266534423828148,999.6895149739582,0.953205369412899,185.48794588198265,1420.0455652872722,11.108148193359398,4.303887939453148,8.205311075846376,74.56250015894572,74.32777627309163,196.37500095367432,44.134500399030294,32.71541659202624,-2.225333913167276,3.8002677917480696,999.4726204427083,-0.15263049801190695,224.3448874031504,1468.4612986246746,10.939721679687523,3.8220764160156477,7.923444366455101,77.68680493036906,88.01875082651775,220.7083330154419,43.139309252601336,31.956282602464615,-2.1563476562499773,4.128004964192712,999.070478515625,0.38901808857917786,192.7875827321162,1420.344955444336
2021-05-05,10.210687255859398,1.6823059082031477,5.751891072591168,74.89861122767131,69.44930537541707,56.16666638851166,14.902326991875563,11.262481587166638,-4.063543701171852,1.1279769897461165,1007.93958984375,5.603155553340912,239.1338546226422,819.4399541219076,10.883111572265648,2.8626647949218977,6.014292653401715,77.0749994913737,84.24374945958455,272.6041669845581,21.182647914857835,13.656622333370095,-3.987235768636026,1.9518562316894759,1007.623583984375,6.353899071613948,192.04197047402462,900.1690502166748,10.544824218750023,2.0004211425781477,5.971746063232445,73.51874939600627,66.34097075462341,54.010416746139526,18.379847185949007,12.884369235344005,-3.9823491414387604,1.1627619425456146,1007.8030729166667,6.501077756285667,236.6993570973476,866.7590077718099,8.899957275390648,1.8408142089843977,5.464163716634137,82.65069500605266,72.29027783870697,329.666672706604,18.117383152746,12.478800907302203,-3.9082422892252566,2.5339052836100677,1007.5354850260417,9.719947616259256,212.6582784305016,663.9871864318848,11.680505371093773,1.8498779296875227,6.288903808593773,70.37083260218303,62.570831974347435,38.89583349227905,19.613677987174338,13.392140541038225,-3.8387664794921648,0.6470619201660384,1007.930458984375,1.8500832716623943,272.2361957083146,954.4716960589091,10.932244873046898,1.3500305175781477,5.566939290364606,77.48750082651775,53.10208304723104,255.14583110809326,23.727166530283935,15.904703076043011,-3.813853963216104,1.5312553405761946,1007.3411458333333,5.648007561763127,251.64396979908148,851.1670538584391,11.598748779296898,1.6411376953125227,5.985832468668643,72.60069513320923,57.625694831212364,17.69791640341282,19.29924213222684,13.761206757987827,-3.794488016764319,0.8100830078125227,1007.8972884114582,3.977072228988012,270.30474855999154,895.1226827303568,9.560723876953148,1.2855163574218977,5.311919148763043,80.01111268997192,68.9138883749644,255.18750095367432,19.41403266222982,13.866561426254842,-3.917191569010413,1.8969449361165402,1007.4968294270833,10.236893653869629,221.09149777889252,738.1218751271566
2021-05-06,8.733331298828148,1.4647155761718977,5.284879302978538,77.04027700424194,86.60833350817363,105.12500023841858,13.029816713374023,10.115397329560217,-3.8302304585774323,1.3573801676432709,1007.0768782552083,7.160499945282936,163.68319468200207,575.0125296910604,11.002923583984398,2.0572448730468977,6.136123911539737,68.700692653656,94.06944561004639,101.06249856948853,17.083525021509406,10.683184578324875,-3.7848940531412723,-0.015674336751260398,1007.8366145833332,0.1039093832174937,250.91719375550747,823.4562466939291,8.699639892578148,1.7918334960937727,5.353536224365257,78.45347134272258,85.8979156812032,105.27083420753479,14.09167004041816,10.084561039079768,-3.6487513224283816,1.6985031127929915,1006.5401529947917,6.957506249348323,145.3193883250157,537.0657164255778,9.454644775390648,1.7777648925781477,5.06427917480471,78.88541730244954,83.76736084620158,134.08333492279053,12.72421178283942,7.759674789284412,-3.838830057779944,1.3679926554362396,1006.92984375,5.0640660127003985,182.20574696858725,492.48191261291504,9.154931640625023,1.8635803222656477,5.523646291097028,74.92222213745117,83.89097158114116,103.63541507720947,17.867257878931717,10.882037676127913,-3.862389628092444,1.1285746256510834,1006.6940755208333,6.046332774062951,196.94196992615858,612.6153618494669,9.639703369140648,2.0503173828125227,5.668035125732445,74.00624910990398,87.38888816038768,89.62499952316284,15.644825661647081,10.211036522999828,-3.7405888875325104,0.9845520019531477,1006.6617740885417,4.343706294273336,206.44028446575007,631.9107453028361,9.748590087890648,1.7980590820312727,5.819793955485049,71.63888867696126,84.07916680971782,18.81250023841858,19.09465158042351,11.014292385154532,-3.7783086140950104,0.6770746866862396,1006.7465592447917,3.3889120519161224,227.9715021699667,697.1939314206442,9.352960205078148,1.7254882812500227,5.294970448811871,76.3902775446574,78.25416735808055,67.64583349227905,13.467567995007997,9.25315323058046,-3.8149932861327898,1.155116017659509,1007.2275130208333,6.557206337961058,180.66719866295657,551.8340911865234
2021-05-07,12.313378906250023,1.6016479492187727,7.137618001302106,70.77708387374878,46.62638975183169,23.166666746139526,17.258274648676736,13.967051429217067,-2.6143262227375885,1.6078328450520871,1014.6235514322917,-5.015334129333496,260.97160525619984,878.3394864400228,13.283319091796898,1.8228698730468977,7.21048507690432,66.14652633666992,33.066666642824806,122.62499809265137,17.426139867261238,13.595588954330195,-2.497562154134073,0.7069272359212277,1013.6231640625,-9.529551068941752,305.3496683239937,915.8847913742065,12.134332275390648,2.1666809082031477,7.27994817097984,68.51597150166829,47.488194872935615,31.041666507720947,19.491202583967787,14.639424155975655,-2.5698684692382585,1.407258605957054,1014.8755533854168,-5.030985792477925,244.44844650725523,891.1234035491943,12.740869140625023,1.4699035644531477,6.975436147054059,68.16041707992554,37.8861107279857,132.34375095367432,18.321864287295977,12.923416097240404,-2.8061838785807254,1.030159250895224,1013.7796061197918,-7.4538282950719195,279.3239452640216,793.264999071757,12.258782958984398,1.6837707519531477,7.153476969401065,68.65763839085896,49.290972431500755,18.197916507720947,20.809585099467412,15.202296172171819,-2.6469546000162723,1.3272135416667084,1015.1193326822918,-4.965537925561269,267.58191624780494,889.3372050921122,12.497979736328148,1.3833251953125227,7.025752003987653,67.25069427490234,39.406943559646606,123.94791460037231,17.005420186812636,13.437350413168275,-2.7943074544270416,0.7882273356120209,1014.62103515625,-7.046120961507161,280.7091835985581,880.6626380284628,12.074517822265648,1.8027893066406477,7.086431121826195,69.05833466847737,46.704167107741036,6.427083268761635,20.219435697592232,14.883936881516961,-2.541521453857399,1.3865422566731809,1015.1140071614583,-3.2233939170837402,253.04061125218868,833.3994862238566,12.819696044921898,1.3500305175781477,7.22193298339846,71.02222220102946,39.07847277323405,31.260417103767395,17.029524967000466,12.796038208310705,-2.5391983032226335,1.6595308939616302,1014.7179361979167,-6.670247495174408,280.4680719822645,877.3551603953043
2021-05-08,16.286370849609398,3.3870483398437727,10.045682525634788,83.89027786254883,81.47916654373209,166.29166942834854,34.52986488305589,24.37297325369973,4.683466847737634,7.334429677327478,1005.9929850260418,-12.908856550852457,50.92894510241846,738.3855206171671,14.650811767578148,4.107385253906273,9.297715759277366,88.72708384195964,91.60625020662944,200.3541647195816,33.70246550626048,23.645229922733126,4.09101511637374,7.497135416666708,1006.3133235677083,-8.694101452827454,24.363166955610115,693.758274714152,17.179376220703148,3.8516174316406477,10.574505106608095,81.78402837117513,82.27152717113495,146.79166686534882,33.78954458490402,24.407310313644114,4.755227661132835,7.455187733968103,1006.0035286458333,-17.146764934062958,99.97977955577274,761.1222953796387,16.108148193359398,4.115380859375023,9.97067794799807,85.4638884862264,82.24861079206069,205.94791519641876,36.90009835273439,25.74435456097633,4.380410766601585,7.557051595052087,1005.9111197916667,-12.983327935139338,51.34466698889931,764.7587896982828,16.738214111328148,4.256280517578148,10.480643208821638,82.50763861338298,83.9402783314387,148.09374964237213,32.7815276620337,23.92705032633354,4.704688008626306,7.4998578389485715,1006.3155729166667,-16.380189498265583,89.10791616638501,745.5776991844177,16.583367919921898,3.2882019042968977,10.085956827799501,84.2687505086263,79.15069510197888,165.83333206176758,36.5559353681242,24.926740044407634,4.6211957295735715,7.452522532145224,1006.3233756510417,-13.64568410317103,73.43372267112136,753.635159333547,16.630883789062523,4.792230224609398,10.678568776448591,82.74236170450847,82.92638933161895,157.53124856948853,33.60271100315409,24.18477112225978,4.74472579956057,7.727014160156273,1006.1912239583332,-17.88502683242162,101.44385968148708,767.1172850926718,16.774835205078148,3.2026000976562727,10.151910400390648,83.88402652740479,78.65416622161865,169.87499994039536,35.42358868524539,24.693538902102574,4.682160949707054,7.438624318440759,1006.0690755208333,-15.175892293453217,83.0108060905089,751.6094772020975
2021-05-09,18.578424072265648,9.949395751953148,14.28274815877281,74.77013889948527,59.52638900279999,239.0729112625122,28.678609321854168,17.87688087149638,7.45880025227865,9.68595911661788,997.9656966145833,-27.002216743615765,272.60283861557645,721.5929209391276,18.701318359375023,9.919244384765648,14.470586395263695,77.43610922495525,66.45138822620113,262.0833387374878,25.360335847098316,18.44473920572696,7.993569946289085,10.393933868408226,997.3800455729167,-30.15479876069973,257.2362513244152,713.9534149169922,18.191186523437523,9.879296875000023,14.194642639160179,76.41736173629761,58.113889088233314,146.19791841506958,29.678292371904067,18.881176021281828,7.32282663981124,9.98417434692385,997.95806640625,-25.47886322190364,258.99536041418713,769.8767306009928,18.956109619140648,9.770623779296898,14.527374521891298,74.23888842264812,53.059723357359566,220.0520839691162,24.208002524146497,16.840277561529156,7.7524276733398665,9.781063334147177,997.32208984375,-28.82560204466184,275.1035823027293,681.1631240844727,18.133325195312523,9.985894775390648,14.268968200683616,76.41111167271931,53.19374989469846,3.260416693985462,29.153191746597173,19.587515884313593,7.346541341145837,10.053252156575525,998.2135970052083,-25.286013312637806,261.0436362326145,786.2777805328369,18.813104248046898,9.699517822265648,14.561467742919945,74.14583349227905,58.61111131310463,221.10416793823242,25.0351982579484,16.683788014865925,7.984755452473962,9.801239267985068,997.8606412760417,-29.15912245027721,271.35400445262593,650.3730446497599,18.487969970703148,9.969262695312523,14.432706451416038,76.378471215566,49.029860886124276,1.052083346992731,27.639036719636383,19.184907390898353,7.419424947102868,10.194617207845056,998.1255240885417,-26.086328469216824,256.577726016442,772.1281878153483,18.700006103515648,9.666680908203148,14.448714192708357,74.492360273997,52.04652784268061,237.0520782470703,23.866615340183,16.511979675671057,7.76913731892904,9.7520741780599,997.6880924479167,-28.296866190930206,262.5491727689902,643.6211516062418
2021-05-10,15.102868652343773,7.628442382812523,11.632596588134788,77.1777769724528,65.4229165116946,37.73958358168602,35.46129105482717,22.90229935472259,2.6087381998698334,7.5042892456054915,1000.9631380208333,-0.6353080073992411,250.12719875077406,999.7692095438639,14.833337402343773,7.660089111328148,11.786682383219423,72.27708307902019,65.8902777036031,246.05208492279053,35.11348324541693,21.868632381435464,2.187209065755212,6.737023925781273,1001.211162109375,-1.7734118066728115,242.91665928562483,1004.0237560272217,15.007745361328148,7.749871826171898,11.56885681152346,78.02986160914104,68.90347156922023,79.07291531562805,34.57636249376517,22.290311234494954,2.514002736409509,7.609356180826865,1000.8543359375,-0.2603672544161479,244.144755144914,982.9514255523682,15.074517822265648,7.543450927734398,11.838627115885439,72.90833473205566,68.9604168732961,155.64583158493042,36.21204225655325,22.282838193729106,2.3424736022949446,6.934181467692099,1000.8715787760417,-2.3830471268544593,241.3400778224071,1004.7758928934733,15.016687011718773,7.746514892578148,11.636941528320335,77.92916647593181,63.18958304325739,65.81249976158142,35.18862155850877,22.28232804051287,2.4710924784342865,7.6425033569336165,1001.0534537760417,0.034680704275767006,253.9912504752477,994.1335582733154,15.095605468750023,7.655694580078148,11.772752380371116,74.85208288828532,79.24513932069142,21.333332985639572,35.42801102409039,21.801330743465694,2.407997385660849,7.260006205240927,1001.195029296875,-2.1769184917211533,250.99083552757898,965.1924393971761,14.953363037109398,7.728417968750023,11.590618387858095,78.74375025431316,63.42916695276896,80.60416674613953,35.29040609130041,22.155024243027047,2.5668197631836165,7.76325632731124,1000.6859928385417,-0.1082036296526591,254.01438140372434,967.8522008260092,15.066278076171898,7.805718994140648,11.69492365519208,75.02986065546672,74.46875023841858,15.750000149011612,34.513142290422614,21.79117161756838,2.4624979654948334,7.189099884033226,1001.1957161458333,-1.290374979376793,247.6464697420597,972.4782657623291
2021-05-11,15.612634277343773,6.142877197265648,10.337017313639345,77.84513982137044,62.33194541931152,45.10416638851166,25.061527408561297,15.589600426953131,1.8088750203450559,6.426897939046228,1007.6478287760417,0.4248276352882385,212.78483801086745,693.8698657751083,14.590203857421898,6.036584472656273,10.669829305013044,74.62499952316284,59.53750038146973,52.79166650772095,25.967628055374476,16.483671817436473,1.7308784484863509,6.096213277180993,1007.4263151041667,-3.3895631631215415,253.9838027258714,757.2545709212621,15.400018310546898,6.433312988281273,10.445256805419945,77.39861154556274,71.60763748486836,40.947917461395264,24.301484177275,15.128728687740255,1.8969512939453352,6.456051127115927,1007.2103385416667,-0.9521207412083944,252.93467116355896,666.9214140574137,15.391076660156273,6.107537841796898,10.56565119425458,75.05763975779216,64.69027773539226,94.87499952316284,25.922348040541404,15.293027751823345,1.9037503560384152,6.082692718505882,1007.4087923177083,-3.808890223503113,264.9272529184818,698.5761260191599,14.354913330078148,6.424859619140648,10.480325317382835,75.70486275355022,65.56458365917206,9.166666716337204,27.42149126294039,17.549032104840652,1.3958577473958371,6.143490091959677,1007.6614029947917,-0.9719017744064331,256.88657862941426,841.6608376502991,15.991357421875023,6.056512451171898,10.907476043701195,73.82291587193806,66.08680391311646,81.19791579246521,25.13506050283647,14.953450005735938,2.024976348876976,6.13394444783529,1007.7536686197917,-5.499620874722798,285.5216940641403,715.3857321739197,14.374353027343773,6.515039062500023,10.616497294108095,75.32916561762492,55.58402752876282,8.15625003632158,25.456341784293716,17.10668670817641,1.4741505940755246,6.176736450195335,1007.3650911458333,-1.2521439790725708,267.24880571166676,860.1322993040085,15.922967529296898,6.180993652343773,10.930085754394554,74.59236160914104,50.30763852596283,94.52083325386047,27.921648476855193,16.35900629113635,1.8670631408691634,6.2940600077311615,1007.5400260416667,-4.856804331143697,281.1480226814747,791.7178897857666
2021-05-12,14.909356689453148,6.728509521484398,10.943860626220726,71.38749853769939,54.806944320599236,35.552083134651184,23.32305639433466,15.075848584948858,0.8589683532715071,5.5897143046061615,1009.8836686197917,-6.744639277458191,266.50053521990776,889.1424363454183,14.507043457031273,6.211358642578148,10.743286387125673,73.51388994852702,59.22638734181722,61.56250023841858,18.841848631425837,13.39652978566481,0.6848617553711165,5.784271494547568,1010.253486328125,-8.541403830051422,263.0414767762025,825.1894257863363,14.549829101562523,7.466668701171898,11.044339752197288,71.48402690887451,70.2819447517395,47.52083241939545,21.469548747401678,16.17687229305787,0.8760734558105696,5.76386667887374,1009.1410709635417,-7.347366432348887,251.04394932587942,941.4701601664225,14.544244384765648,5.672601318359398,10.606281534830751,72.89861297607422,46.781249433755875,59.593750953674316,18.845362249777697,14.486694947714192,0.8327486673991302,5.500271097819052,1009.536826171875,-7.0497163236141205,261.7767812013626,860.0837071736654,14.566339111328148,6.857781982421898,10.969890848795595,70.71388912200928,63.588194171587624,14.260416626930237,24.243853696742367,16.530970672393305,0.8967007954915402,5.52341232299807,1008.9007942708333,-7.563401877880096,263.68802893161774,949.9956436157227,14.675195312500023,6.604028320312523,10.965717569987001,70.25902652740479,50.06041649977366,19.750000178813934,22.996053349219267,14.03077968875656,0.7073824564616302,5.358060455322288,1010.4808919270832,-7.038796504338582,263.35105815529823,854.4963328043619,14.778131103515648,6.892022705078148,11.090015665690126,71.1125005086263,66.29166738192241,3.218749933876097,24.212104693806854,15.880032384342847,0.9360277811686615,5.712982432047568,1008.91521484375,-7.158521850903829,258.81477694710094,930.4093704223633,14.933526611328148,7.651055908203148,11.006314849853538,70.42847077051799,61.29652724663416,23.36458307504654,20.568097435426182,14.646549834774419,0.6445963541667084,5.428938802083337,1009.8674576822917,-5.787317335605621,271.560080776612,893.978546778361
2021-05-13,13.826348876953148,7.202020263671898,10.085652923584007,79.17569462458293,83.64652860164642,31.062500029802322,15.830339873499236,13.107633558995202,0.920838928222679,6.363006846110068,1006.3710807291667,-0.3043639014164607,182.30869167794785,684.9677365620931,11.633325195312523,7.109124755859398,9.375993347167991,85.46458435058594,83.99027681350708,67.47916674613953,13.798317527292141,9.805438348010732,1.266633605957054,6.967877960205101,1007.2253776041667,2.692716732621193,136.37233293056488,402.3897581100464,13.331323242187523,7.498254394531273,10.13461583455406,78.53125,80.4111111164093,23.322916567325592,16.195570402354623,13.475167852198604,0.9126729329427121,6.364105478922568,1006.22962890625,0.8562320272127787,163.13105460256338,692.282252629598,14.162377929687523,7.197442626953148,10.127323404947939,81.00694354375203,77.64375054836273,90.76041626930237,16.497186213403097,11.712343713527867,1.2243375142415402,6.800311024983728,1006.8963997395833,-1.3290305013457935,195.08161031703153,599.2721010843912,11.849176025390648,6.340814208984398,9.31876907348635,86.75416628519694,89.27013913790385,45.63541693985462,14.819261920268566,11.49157518401781,1.0537963867187727,7.139045969645224,1006.6432845052083,6.347878883282344,105.85227874542277,483.1779028574626,14.252313232421898,8.409356689453148,10.424478149414085,80.16736173629761,91.31458346048991,50.24999964237213,15.917713958873623,12.483908470830729,1.0144643147786496,6.92050704956057,1006.6820345052083,-2.766903191804886,205.2136415305237,663.6096979777018,11.704888916015648,7.028710937500023,9.477834320068382,85.30555534362793,86.2451384862264,20.583333279937506,14.049676974906118,11.536553194845032,1.0585024515788177,7.029726918538415,1006.468134765625,5.081569557388623,119.86452720314264,492.36116949717206,14.415704345703148,8.253961181640648,10.472038523356142,81.15694268544515,88.02361186345418,48.92708358168602,19.352012058512226,14.55608922341552,1.0744911193847884,7.15253601074221,1006.1556640625,0.2679879466692607,203.07441198080778,720.3581186930338
2021-05-14,12.722985839843773,7.139916992187523,9.643899536132835,84.34861056009929,88.28333346048991,97.02083349227905,15.592470658350612,11.122481841904145,0.7979611714681027,7.019226328531943,1008.02169921875,-4.141690158595641,161.03272422154745,484.85854657491046,12.983392333984398,6.805169677734398,9.673916117350283,82.14791790644328,89.46319357554118,76.42708349227905,16.96779323925757,11.133872950780756,0.5413185119629134,6.602644856770837,1008.3787174479168,-0.07261493305365245,154.8093314319849,525.3797044754028,13.139520263671898,5.872277832031273,9.210026041666689,87.01249917348225,75.71041615804036,136.03124904632568,16.54716450787429,9.666342667524388,1.0230575561523665,7.030578867594443,1008.1346419270833,-3.3642695347468057,157.7228328784307,425.19059054056805,12.824426269531273,6.887200927734398,9.64157638549807,82.74236234029134,87.1236120859782,87.4166669845581,15.843104891298129,10.529098212894622,0.6734596252441634,6.7048329671224,1008.0458626302083,-0.24242953459421793,162.86475125948587,513.3878622055054,11.857965087890648,6.319390869140648,8.891141510009788,89.70555559794109,86.15833322207133,58.44791662693024,17.419600862039093,9.68359096212914,0.9252766927083371,7.22384923299154,1008.194267578125,1.2481403946876526,125.84539152681828,359.15167872111004,13.710626220703148,6.109643554687523,9.61753107706708,82.8909724553426,84.27430446942647,100.9479169845581,15.748550243816469,9.451508401911642,0.8286542256673215,6.615866597493493,1008.1384212239583,-7.177903393904368,194.72421777248383,440.98404693603516,11.702569580078148,6.504022216796898,8.904641723632835,89.82569630940755,87.82986164093018,23.09375013411045,16.19598068550578,10.917654839125605,0.7779276529948334,7.259612019856775,1008.382705078125,0.5548850099245707,112.4045836776495,393.32012303670246,13.113305664062523,6.962487792968773,9.609783426920595,84.35763931274414,89.2881949742635,102.91666769981384,15.656099916746133,9.565549299578608,0.8166061401367415,6.930350240071618,1008.0958040364583,-2.4128972589969635,147.16897411147752,494.12628714243573
2021-05-15,12.408349609375023,7.346948242187523,9.134250895182314,91.25416723887126,95.31111113230388,121.635418176651,14.445194573460324,10.086180463968242,0.9301696777343977,7.740933990478538,1001.7242122395833,-1.4170989791552226,123.4085287253062,410.98024622599286,12.047418212890648,7.313653564453148,9.009112294514997,91.95000076293945,86.31597185134888,181.03125,14.301365108217999,9.565986280040326,1.1835024515788177,7.738037363688193,1002.7510611979167,1.4376628672083218,111.72647208968799,384.5704069137573,11.910363769531273,7.017572021484398,8.818687693278017,92.32569313049316,94.74930540720622,97.56250023841858,13.162436954809815,8.754030729182114,0.818489329020224,7.604047393798851,1001.8349446614583,0.7288740140696367,83.4909718632698,383.4965413411458,12.137048339843773,6.930444335937523,8.995217895507835,89.6999994913737,89.53541692097981,208.07291746139526,12.368802862277372,8.62495621599119,1.0081484476725677,7.327305094401083,1002.9615885416667,1.222298373778661,115.66405329108238,358.16323947906494,12.762231445312523,6.902459716796898,9.091865793863954,91.54513835906982,91.74652862548828,77.75000035762787,17.404974512606852,11.881084236899767,0.8866986592610715,7.737658437093103,1001.8606380208333,-2.385842941701412,146.51272548238435,495.6758330663045,12.725030517578148,6.733331298828148,9.088684336344423,91.12291622161865,90.21805556615193,174.88541650772095,20.660477412888167,12.431032476096732,1.1213801066081146,7.661587015787802,1002.0691276041667,-2.02641993885239,149.60955652594566,509.67939313252765,12.158380126953148,6.740350341796898,8.765870666503929,91.26250108083089,92.0652772585551,45.59375013411045,13.940050312547584,9.932634632072658,0.7196314493815521,7.369611358642601,1002.0808821614582,-0.3032817989587784,102.57927911976974,421.6625878016154,12.373773193359398,7.150079345703148,9.157470957438173,91.43472131093343,97.1979169845581,111.95833396911621,13.476180803362254,9.663654163653202,0.8760492960612396,7.79001388549807,1001.5674674479167,-2.31710863361756,110.71133354306221,402.59327538808185
2021-05-16,13.188714599609398,5.505456542968773,9.506247456868513,88.08819532394409,85.97638845443726,227.56249904632568,20.889102962119487,12.923194849662329,1.519691721598349,7.492364501953148,998.550927734375,-2.650259792804718,193.69035546978316,560.9862577120463,12.244989013671898,6.079370117187523,9.440634663899763,92.11319351196289,90.16666634877522,297.0729150772095,21.839480639489103,15.430368468371654,1.7103998819987396,8.177999114990257,998.62583984375,-0.8440926571687063,136.61969609061876,572.6146608988444,12.810296630859398,5.481713867187523,9.532916005452497,89.63263734181722,92.02013969421387,199.90624856948853,20.71139871382086,13.285294247167926,1.4955574035644759,7.824157969156943,998.4068326822917,-3.7909745375315347,182.42447313666344,568.2352476119995,11.551904296875023,6.297967529296898,9.416982269287132,92.98333358764648,98.99861113230388,315.4583349227905,21.786553500064226,15.570714740021117,1.5188512166341184,8.31516036987307,998.2624674479167,-2.8192990720272064,123.31275110443433,606.2768987019857,12.830041503906273,5.256707763671898,9.27738723754885,89.62500127156575,87.21597401301067,105.67708373069763,21.150461959645625,14.020067659081251,1.4358586629231809,7.558772023518884,998.666611328125,-3.263030454516411,199.8338037530581,585.8827145894369,12.263818359375023,5.856805419921898,9.55570246378583,90.3638900121053,94.21805604298909,232.84375143051147,21.439711563400614,15.338448356248426,1.5125251770019759,7.981239573160849,998.6161686197917,-2.8638802667458854,179.24524554610252,642.8462231953939,12.249017333984398,5.437127685546898,9.316552734375023,89.59722232818604,93.79583231608073,73.6041669845581,21.614678207598793,13.77731229416871,1.5320958455403684,7.60580724080404,998.413447265625,-3.9630566214521727,183.73458631833395,554.8128906885782,13.141290283203148,5.582971191406273,9.807004547119163,88.01250171661377,77.39236068725586,176.89583444595337,21.412431032120473,14.077102434781688,1.4975308736165402,7.779117838541708,998.6339322916667,-6.416411677996318,224.67905859152475,636.7999318440756
2021-05-17,14.161492919921898,6.845605468750023,10.857448832194033,87.43263912200928,81.60416642824809,178.36458444595337,15.778959760402191,12.698356411113538,2.3341066996256927,8.737317657470726,1003.381435546875,-10.313113113244375,224.08194416761398,539.4524059295654,14.462731933593773,6.128228759765648,10.223895009358747,88.095139503479,92.47916666666667,351.5624990463257,15.28335429498864,10.718003719251135,2.4182919820149777,8.24228185017904,1003.26619140625,-6.681411777933438,219.2669474085172,445.22100766499835,14.744134521484398,6.819635009765648,10.888333892822288,86.60277811686198,76.01597253481548,189.73958492279053,16.167568766050668,12.481283657503136,2.2808954874674896,8.598881022135458,1003.6709016927083,-10.571086923281351,278.10552885135013,554.9635271231333,14.000360107421898,6.276635742187523,10.423991139729841,87.24097061157227,89.13333352406819,345.8645830154419,14.878449070395824,11.909316656866821,2.0851188659668196,8.279934183756552,1003.0040690104167,-7.932559569676717,210.0755017797152,522.4169534047445,13.944329833984398,6.356011962890648,10.61166661580406,87.42638842264812,76.74375033378601,183.84374809265137,15.020386178303465,12.119945803823958,2.2114590962727902,8.499711608886741,1003.8114290364583,-8.687309583028158,222.89891608556113,504.9656670888265,14.369683837890648,6.414208984375023,10.790611521403017,86.19860935211182,77.44722207387288,212.85416746139526,16.364089075491158,12.518500139245077,2.358327484130882,8.436025238037132,1003.2151790364583,-9.954436282316843,254.14730260769525,529.4179746309916,14.261773681640648,6.867425537109398,10.712831115722679,86.99305534362793,75.27152832349141,116.26041567325592,15.749420984964885,12.83986325899921,1.963985697428427,8.506398773193382,1003.8118326822918,-8.769785761833191,261.1031150321166,546.9036162694296,15.074578857421898,6.972344970703148,11.096899922688825,85.99027792612712,80.90763926506042,172.73958349227905,15.248462811374417,12.39889044624982,2.4889134724934934,8.693502044677757,1003.60400390625,-11.936402718226114,259.02944749593735,530.1433060963949
2021-05-18,13.806054687500023,5.051934814453148,9.530080413818382,84.6979169845581,67.03333401679993,226.6770830154419,18.345018289168298,13.058961111208282,0.6744819641113509,6.908516184488974,1013.272431640625,0.02613369623819987,209.69135771195093,591.0084931055704,15.233331298828148,5.609674072265648,9.952719624837263,82.77638785044353,87.24305534362793,338.06249713897705,20.689933335951235,14.773458517432331,0.7679636637370209,6.860646820068382,1013.3388899739583,-2.996907671292623,249.00194185972214,700.4222119649252,13.934197998046898,5.066644287109398,9.761201477050804,84.50625165303548,73.1326395670573,242.47916316986084,19.045469156569443,13.213034104087322,0.7460800170898665,7.137072499593103,1013.12095703125,-0.05871235330899557,239.641412516435,582.2306448618571,15.212823486328148,5.214288330078148,9.926910654703798,83.8250002861023,75.66111167271931,372.46874618530273,18.855683222041936,13.390922653509392,0.919838205973349,7.095825449625693,1012.3666829427083,-0.39141368865966797,250.29191678762436,623.363151550293,13.588861083984398,5.264459228515648,9.731294250488304,85.09652932484944,70.40902741750081,204.01041555404663,19.252269766879447,12.532197687983556,0.7719207763672102,7.219809468587243,1013.2132975260417,-0.6343700289726257,247.15952648719153,544.2322152455648,14.607110595703148,5.222711181640648,9.979700978597029,83.79444567362468,79.28958543141682,358.8333282470703,19.916446252553563,13.403680419013375,0.9839403788249115,7.169534301757835,1012.538603515625,-3.8617216385900974,268.6795841058095,599.2604611714681,13.534661865234398,5.156182861328148,9.691496785481794,84.6541674931844,66.86735987663269,66.26041626930237,19.218459922757336,12.265927396410257,0.7574821472168196,7.10322214762374,1013.1509049479167,-0.6645146807034811,251.1534393032392,550.2012987136841,13.983789062500023,5.045922851562523,9.617762502034529,85.28125063578288,64.88680585225423,288.13541316986084,17.4910983642156,12.89411028042071,0.9002967834472884,7.13428649902346,1012.7039908854167,0.9542760650316874,228.16958703597388,538.665810585022
2021-05-19,14.946405029296898,7.164178466796898,10.07372945149742,84.82638772328694,75.37361013392608,192.81250047683716,18.347519151379508,13.16941905345521,0.4300654093424896,7.3945302327474,1017.279697265625,-2.081343561410904,212.7723359465599,623.6385815938314,15.224298095703148,6.995416259765648,10.418806966145857,83.66388861338298,78.9354157447815,339.3333330154419,16.68970591162324,11.588925302499163,0.7689707438151459,7.541125233968103,1018.22384765625,-6.387934943040212,251.21152866880098,599.5491615931193,15.110955810546898,7.212518310546898,9.986028289794945,86.73819430669148,75.80833299954732,212.64583587646484,18.326586136467597,11.741161171078963,0.5601402282715071,7.6772565205891965,1016.9930826822917,-3.6014379213253656,219.9456670259436,504.30719470977783,14.688775634765648,6.314324951171898,10.344078318278017,84.96388832728069,78.77083190282185,383.0625057220459,15.92450402928925,10.82375510783659,0.8604586283366302,7.73228480021163,1017.4872298177083,-4.514413774013519,230.1138651072979,549.3359123865763,15.292535400390648,7.307763671875023,9.969033813476585,85.5243051846822,78.75347232818604,157.375,20.504877407387173,12.526301501979516,0.5064623514811615,7.40628331502279,1016.9620768229167,-4.1409977326790495,219.87202616035938,553.558469136556,14.699639892578148,6.920281982421898,10.187624867757185,84.59513886769612,89.18958266576131,357.23957920074463,17.096796545593083,11.727628815430847,0.6279731750488509,7.502992248535179,1017.5350748697917,-4.561463048060735,245.77886373798052,576.1086495717367,15.691064453125023,7.563745117187523,10.149392700195335,85.03194506963094,82.46249961853027,81.54166638851166,18.187096626552066,11.94981246529356,0.4855705261230696,7.390437062581384,1016.7587044270833,-5.273273915052414,209.56800318012634,603.4334061940511,14.550042724609398,6.182122802734398,9.988037363688173,83.65763870875041,78.78125201662381,185.81250047683716,17.857186036011232,12.255279722415443,0.5244105021159271,7.118482208251976,1017.685390625,-2.9962852597236633,225.44731053709984,589.2921565373739
2021-05-20,12.388665771484398,5.464166259765648,9.497638956705751,83.44305610656738,88.40416638056438,129.67708253860474,35.435295159162806,21.500881268057636,1.1593744913737396,6.7458358764648665,1015.6373600260417,2.9195335606733956,101.57597404718399,836.2306381861368,12.979302978515648,5.235589599609398,9.260891215006533,84.15347321828206,77.77638840923707,266.3645820617676,34.15292918697016,20.967211655038493,1.4225606282552121,6.619888559977255,1017.6259049479168,3.6529525816440582,121.22891753911972,770.4476273854574,12.338891601562523,5.672723388671898,9.62509943644208,82.4229170481364,89.32777746518452,77.36458349227905,37.97324610525958,22.102055043480224,1.2241671244303802,6.67471593221029,1015.1924772135417,2.3379172583421073,104.03260896603267,858.2805930773417,13.477593994140648,5.230981445312523,9.717459615071638,81.17916647593181,77.19027778754632,313.3541679382324,34.99604094501364,21.343552043034816,1.2900749206543196,6.5146283467610715,1016.9150520833333,-0.026508053143819172,142.0595536828041,829.1044664382935,12.902825927734398,5.691949462890648,9.635654703776064,82.52291679382324,80.8069440126419,68.85416674613953,39.46079446471926,23.49311889060367,1.1828793843587277,6.7027450561523665,1014.44666015625,1.4834982057412465,114.54927482207616,909.2834448814392,12.544549560546898,5.344415283203148,9.504509226481142,82.59930515289307,81.2534721493721,245.51041412353516,37.097538886813815,22.051714214857004,1.1089365641276459,6.59311192830404,1016.058515625,2.3428961783647537,105.99377928177516,862.2684175173441,13.067010498046898,5.951837158203148,9.606931304931663,83.33680438995361,84.51805488268535,30.18750011920929,40.68347031939056,23.38366872371974,1.2080106099446652,6.840375518798851,1014.2742122395833,2.1077632953723273,105.81055601437886,902.9150131543478,12.102532958984398,5.155450439453148,9.406863149007185,82.76041762034099,76.21527748306592,147.01041507720947,34.44141560007307,20.928389136480252,1.1424906412760834,6.53128585815432,1016.443408203125,1.9262331525484722,97.92591991027196,821.5090390841166
2021-05-21,11.319573974609398,8.891351318359398,10.10205739339195,80.74791558583577,95.25972255071004,30.531249940395355,45.683698905040714,38.6658036783297,0.8629445393880246,6.892139689127646,997.41279296875,-1.0194915862133105,73.4412211527427,1518.0540924072266,11.611383056640648,9.024804687500023,10.085445658365908,82.66458320617676,98.44999980926514,170.95833349227905,42.573978923405505,36.42180891337847,0.9613141377766965,7.196683502197288,998.8269759114582,0.25368204216162366,58.638083363572754,1463.5292231241863,11.093103027343773,8.920800781250023,10.106338755289736,80.74999968210857,95.06319506963094,27.85416689515114,45.65706688937224,38.76421324229948,0.9250706990559934,6.896075185139978,996.9889029947917,-0.26282212138175964,64.87158195177715,1515.6131210327148,11.726312255859398,9.096826171875023,10.256186421712263,80.85138924916585,97.63263861338298,115.91666650772095,42.797816352158584,37.50222529078973,0.8057698567708371,7.042319234212243,998.6540462239583,-0.5642340828975042,86.44447220365207,1530.9030202229817,11.111383056640648,9.324975585937523,9.997613525390648,79.10694440205891,94.08680597941081,22.97916677594185,44.808192716056794,38.88992344381134,0.7495628356933821,6.4997726440429915,997.2280794270832,0.1748701905210813,67.12177777290344,1538.6422271728516,11.773583984375023,9.297784423828148,10.350769297281923,79.10278002421062,94.5194444656372,94.17708277702332,44.675257006635974,38.04957466840303,0.8357546488444427,6.835019683837913,998.2966536458333,-1.343901239335537,87.4995004683733,1526.7899424235027,11.696038818359398,9.314691162109398,10.149954732259138,78.43541717529297,89.74722194671631,18.229166701436043,44.5223169160821,38.97575047020457,0.8687327067057709,6.54465255737307,997.1783138020833,-1.1330798147246242,90.96847139795621,1542.6983083089192,11.642114257812523,8.901361083984398,10.136609649658226,80.3020830154419,93.27361138661702,58.47916615009308,45.728061787099435,38.05865096047905,0.8761586507161496,6.846562957763695,997.6057454427083,-0.3876054286956787,86.17416623731454,1530.0782470703125
2021-05-22,10.977349853515648,7.216638183593773,8.57899119059247,91.62083435058594,98.75069491068523,136.41666734218597,30.980206502630683,15.344937728676229,0.551844533284509,7.241181945800804,1001.863544921875,4.640001319348812,54.26258428146442,595.1107190450033,12.359185791015648,6.459222412109398,9.092726643880232,85.64027913411458,98.0805565516154,111.69791626930237,24.38820448247533,14.491770361192637,-0.221715037027991,6.677172597249353,1003.7776953125,-0.9061223119497299,149.39908073594174,751.0320440928141,11.448785400390648,7.038079833984398,8.627456919352236,91.77569548288982,98.63194433848064,173.05208253860474,29.781599014882122,14.56042129356188,0.5031016031901459,7.336012776692712,1001.716845703125,4.44446246450146,59.6408611908555,563.6082108815511,12.116662597656273,6.666680908203148,8.958670552571638,86.64027818044026,92.90486097335815,108.89583349227905,25.362981208744763,14.428821733011304,-0.08610509236649477,6.717891947428427,1003.1108723958333,-1.6256060252587001,162.9666934038202,668.4962984720866,11.805444335937523,6.536950683593773,8.958460744222029,91.02291742960612,97.2173620859782,212.97916734218597,30.6510536829558,13.786560764943196,0.5402681986491302,7.535034434000693,1002.1916015625,-0.6688181857268015,121.29744406665365,562.8136399586996,11.749993896484398,6.242181396484398,8.680579121907575,88.43611081441243,98.7020845413208,111.37499928474426,27.765964573290823,15.182280434171872,-0.08256505330399477,6.813161468505882,1002.4995703125,1.1877395709355671,123.79258267208934,677.7236283620199,12.111352539062523,6.993951416015648,9.483890787760439,88.44722207387288,93.42291688919067,137.01041546463966,30.207599760846573,15.524153643250761,0.5863446553548215,7.616445159912132,1002.260009765625,0.9093733752767245,120.96847195799153,642.0461139678955,9.250573730468773,7.276208496093773,8.027842458089216,93.70069408416748,99.08263969421387,156.22916531562805,30.535251077211495,15.210037409636316,0.15845642089846024,7.063466644287132,1001.7324088541667,8.794625885784626,27.099750990668934,566.8976351420084
2021-05-23,11.806054687500023,3.5241027832031477,8.600236511230491,81.33263842264812,96.41874980926514,190.7187523841858,34.427987760068234,21.503754130128215,-0.9815162658691179,5.472029622395837,1008.6101236979167,-0.09810143709182739,185.8376661936442,988.484593073527,12.063653564453148,3.6766296386718977,8.808733876546247,82.2180569966634,92.43055725097656,244.1666669845581,37.129335190817166,22.34540140014957,-0.8419898986816179,5.782172139485681,1008.6103385416667,-2.4040548304716745,196.18161143859228,1019.8270931243896,11.816674804687523,3.1174255371093977,8.324909464518251,83.20902887980144,85.69444529215495,105.20833349227905,38.48965589871517,22.543837570350604,-0.8411582946777116,5.5360211690266965,1008.0758203125,4.338601807753245,173.79388829072317,995.2039896647135,12.268365478515648,3.1964355468750227,8.51260910034182,82.42847220102946,85.04513867696126,269.34374618530273,33.81499445925355,22.278501061090868,-0.8887415568033816,5.529508209228538,1008.1872786458333,-0.007477367917696635,182.76502896348634,980.5002797444662,11.866815185546898,2.7599731445312727,8.464968617757185,81.07986132303874,86.85138940811157,106.98958277702332,38.886328513157785,22.67834381835611,-0.9592130025227448,5.26572189331057,1008.2922200520833,2.1592192923029265,192.041111210982,1014.5993951161703,11.799981689453148,2.8908020019531477,8.284295654296898,82.99444611867268,82.79930472373962,329.56249809265137,32.34576877679175,21.618163555608124,-0.9303141276041629,5.418098704020224,1008.5657682291667,-0.027952467401822407,193.6861088871956,969.624350865682,11.801019287109398,3.4191833496093977,8.637748972574892,81.17847283681233,93.41874980926514,36.92708367109299,36.55885975468594,22.05892665255185,-0.8253374735514285,5.457012430826865,1008.5219205729168,0.6701192781329155,182.63214129209518,977.3139610290527,11.450006103515648,3.5333496093750227,8.589126841227236,82.47708352406819,92.81041685740153,256.0208339691162,36.64894482241985,22.470666527016075,-0.9966618855793854,5.654822285970056,1008.0626595052083,1.0351620664199193,172.4314670562744,993.4486961364746
2021-05-24,11.810479736328148,5.799981689453148,9.261899566650413,84.86041641235352,74.69236135482788,218.07291746139526,33.28776811073904,15.981700740007659,-0.14242782592771164,6.724011993408226,1003.8946223958333,-1.7872928579648335,260.0594744682312,780.8402582804362,11.523309326171898,6.407403564453148,9.261506652832054,85.73055521647136,76.01388921340306,358.7812490463257,37.65249588840235,17.754394007335424,-0.06687266031900663,6.92441075642904,1002.924736328125,-1.0892810424168904,217.06014249722162,832.1652936935425,11.481744384765648,6.322259521484398,9.148076629638695,86.54722118377686,74.29861056804657,230.8958330154419,26.19404158115731,16.910261161047785,-0.12178014119461977,6.92070032755538,1003.1355598958332,-2.137659172217051,261.90891488393146,774.1758518218994,11.274530029296898,6.007043457031273,8.868522898356142,87.6472225189209,65.98958337306976,321.67708110809326,35.30744375941213,18.382624220547555,-0.06779708862302414,6.880579884847009,1002.9269563802083,-0.6612676382064819,225.83680502573648,816.138599395752,11.713067626953148,6.808465576171898,9.33580042521161,84.46319389343262,69.84722244739532,246.0520830154419,32.674434248671865,16.639255184245282,-0.11789805094400663,6.723036702473962,1003.189130859375,-3.263593296209971,265.27347216010094,815.805300394694,11.963311767578148,6.474847412109398,8.920007324218773,86.48402818044026,63.10000014305115,297.60417079925537,31.453868368034275,20.02125028504389,-0.28019434611002225,6.689472452799521,1003.6232552083333,-1.612359603246053,255.172279159228,902.3219261169434,11.663446044921898,6.654779052734398,9.33063913981122,85.37777805328369,73.40416583418846,244.35416746139526,37.674252468640425,17.106984723532683,-0.03591766357419601,6.873969014485681,1003.1626041666667,-2.8014524777730307,250.6826087832451,804.085496266683,12.189324951171898,5.930596923828148,9.086406962076845,86.17430464426677,65.80277804533641,235.80208492279053,33.14440623346268,17.70272247950062,0.010640716552757112,6.785537974039755,1003.8624576822917,0.7872679730256399,238.91116642951965,804.3615640004476
2021-05-25,13.233300781250023,4.914575195312523,9.358019765218122,82.17638858159383,64.10972026983897,193.60416746139526,28.311972514607927,20.419935536345935,-0.15997416178385038,6.255020395914755,1013.0017415364583,-2.7071630557378135,258.7522220810254,884.7774531046549,12.672235107421898,6.168267822265648,8.944693501790388,88.90208276112874,85.17708333333333,375.5,28.04046076008403,20.806994481824876,-0.09187037150064725,7.150286610921228,1012.3123470052083,2.081730073938767,152.6934684291482,850.8982652028402,13.364068603515648,5.331781005859398,9.411191558837913,80.4541687965393,71.51805567741394,188.770836353302,26.703907487421247,20.393638220026876,-0.3037869771321198,5.9750228881836165,1012.7284016927083,-2.1522783652568855,223.04680742820105,916.2903582255045,13.473413085937523,4.658471679687523,9.055410003662132,85.1631948153178,66.5708327293396,377.22916412353516,24.187486588987653,17.25360590235751,0.04797388712569273,6.544324493408226,1012.0642903645833,-3.814475784699122,269.3739398320516,666.850908279419,13.142205810546898,5.288171386718773,9.320451354980491,80.08402808507283,66.85069517294566,126.30208539962769,26.134267452817863,20.235839025077826,-0.449589792887366,5.807829793294275,1012.7406282552083,-2.177503307660421,220.84733297427496,906.242369333903,13.825555419921898,4.895104980468773,8.788382466634138,86.01597309112549,63.137500603993736,356.3333339691162,28.174424481615247,18.772680497458698,-0.23346684773758852,6.386504109700525,1012.2176497395833,-1.3476060399164755,210.37772043546042,818.9399789174398,13.286218261718773,5.074273681640648,9.385200754801454,80.22291707992554,68.33888812859853,70.3125,25.721955983783722,19.31235443638516,-0.37252400716141665,5.909363047281943,1012.9717643229167,-2.2220460971196494,215.06191446383795,897.9044284820557,13.374444580078148,5.220086669921898,9.251976267496767,81.66319513320923,67.54374965031941,352.18750190734863,28.16213415488239,20.726763781784673,-0.3389826456705691,6.068441009521507,1012.73814453125,-3.4559887250264487,239.58833026885986,889.6391792297363
2021-05-26,15.741021728515648,4.557550048828148,10.027290598551454,79.10694440205891,38.695833802223206,49.614583134651184,19.714103153488214,13.483643789400924,0.759187316894554,6.162530517578148,1013.6939518229167,-8.547387450933456,290.7939632733663,738.7398416201273,14.389184570312523,4.550347900390648,9.640901184082054,80.74583466847737,53.443054954210915,243.26041889190674,22.780159981317894,15.12413129350054,0.6725936889648665,6.165980275472009,1014.15048828125,-5.750244127586484,241.07036566734314,776.8662907282511,14.531365966796898,4.848931884765648,9.45536066691083,83.29027811686198,57.9256956577301,62.979167222976685,25.14238863503775,14.782601669818222,0.5939511617024777,6.506987508138025,1013.7766341145833,-3.7309201757113137,239.12891536951065,654.5370736122131,15.803979492187523,4.808221435546898,10.349112447102888,77.58750009536743,39.49791502952576,211.0625057220459,22.38425317314685,14.27928335222471,0.8966473897298215,6.2048812866211165,1014.4514192708333,-9.150470614433289,288.23795113960904,765.0518182118734,13.017388916015648,4.666680908203148,8.927982584635439,85.53541612625122,64.1965278784434,51.572917342185974,23.415184360114782,14.354000007617648,0.5841003417968977,6.500608062744163,1013.9921028645833,0.930154154698054,154.12830736239752,542.8916813532511,14.945886230468773,4.549981689453148,9.686849212646507,80.26458326975505,42.168056190013885,145.21875190734863,23.732935636311023,13.628185416901095,0.8202695210774777,6.147681172688806,1014.8671354166668,-4.261530344684918,220.19866261879602,621.2098633448282,12.671960449218773,4.590386962890648,9.164912160237654,84.14583396911621,73.84444459279378,32.5,21.49580904195403,13.596605448849227,0.44944534301760086,6.484344736735068,1014.382119140625,-2.802994820599755,160.78316489855447,542.1994934082031,14.249993896484398,4.749993896484398,9.736419932047548,79.76805528004964,39.234028259913124,92.14583396911621,17.546916819574744,12.80419423029823,0.5375000000000227,6.155220286051474,1014.0284537760417,-4.098218401273091,204.79214676221213,658.9145290851593
2021-05-27,16.955621337890648,6.483331298828148,11.898782348632835,80.2215272585551,44.16319508353869,11.489583164453506,12.194954721968116,8.839258655765361,2.6002848307292084,8.2996815999349,1020.7730501302083,-16.455344289541245,231.7814420660337,484.6634292602539,16.217279052734398,7.261590576171898,12.127516682942732,78.86875120798747,63.764584382375084,59.072916746139526,7.430865242359392,4.910341698256206,2.574672953287802,8.304968770345056,1020.1006380208332,-13.994069834550222,204.66146866480508,489.37545530001324,17.316644287109398,6.631982421875023,12.044133758544945,79.68888839085896,38.45000022649765,14.864583611488342,8.906020305178465,6.14387063522106,2.9050931294759152,8.31361796061202,1020.6614095052083,-18.251698116461437,236.16005061070123,463.0678157011668,17.752496337890648,7.131463623046898,12.690708414713564,76.74930508931477,59.647916654745735,73.96875023841858,8.741670759942991,6.972936640436132,3.1461107889811615,8.4146718343099,1020.0777473958333,-21.003574073314667,245.9787753423055,488.88665771484375,17.950006103515648,6.682244873046898,12.257265981038435,78.26805559794109,39.680554846922554,8.812499970197678,9.660524218056368,7.1608246155903075,3.0429384867350677,8.230769093831384,1020.2622200520833,-19.90350312491258,273.6842169562976,495.17966119448346,17.988763427734398,6.784967041015648,12.51640090942385,78.92361068725586,40.40138847629229,62.572917461395264,9.110945809524768,6.012303322199172,3.143726603190146,8.604603068033896,1020.5516829427083,-22.595749855041504,262.25796896219254,476.5967706839244,17.799981689453148,6.734368896484398,12.361255900065126,77.73611084620158,44.815972770253815,2.6041666604578495,8.778119747174827,6.239563825998549,3.037854766845726,8.257450358072958,1020.356953125,-19.500374495983124,258.01152380307514,480.1959461371104,17.498895263671898,6.649987792968773,12.382419840494814,78.7645812034607,46.76458281775316,39.14583384990692,9.310111941701338,6.5121680349468685,2.9943824768066634,8.483270263671898,1020.4879231770833,-20.356499888002872,238.3366364041964,465.34388001759845
2021-05-28,17.621575927734398,8.986627197265648,13.454551951090517,73.8152772585551,95.41736189524333,14.614583432674408,12.58595188386264,9.138646494452948,3.9433837890625227,8.683829243977868,1023.5050260416667,-13.725599249204,258.7322242141915,535.5793286164602,16.658349609375023,7.458856201171898,11.987763977050804,74.82152668635051,65.20555631319682,20.749999523162842,14.211023356233117,10.020874960754666,3.7653734842936615,7.253195699055993,1025.9913671875,-9.599972526232401,311.4722801348835,497.5016571680705,17.991235351562523,8.841363525390648,13.565426127115908,74.50555483500163,96.75277805328369,15.46875011920929,11.405173884511065,7.903647277386059,3.9365084330241302,8.897593434651696,1023.290810546875,-14.625043265521526,263.754711598284,521.6964987913767,17.046136474609398,8.836328125000023,12.972310638427757,75.30972258249919,96.40972169240315,27.541667222976685,11.994679762546884,8.778201889053884,3.6024693806966184,8.53452072143557,1024.3668131510417,-11.750373403231302,232.58602405600445,481.3336687882741,17.238946533203148,8.576409912109398,13.113154347737654,77.98055680592854,97.092360496521,18.968749701976776,11.403779696939347,8.166345111133475,3.8209256490071652,9.164547220865927,1023.474873046875,-13.125675904254118,227.85462972534393,467.92772277196246,16.416375732421898,9.184625244140648,13.004543558756533,78.74652576446533,98.32847118377686,25.781250417232513,13.44611176780015,8.271139489182596,3.715948994954431,9.28320973714193,1023.0601334635417,-9.550194963812828,173.0762777129809,399.61896816889447,17.388909912109398,9.125726318359398,13.166444396972679,77.68541638056438,96.71041711171468,4.000000029802322,11.816876151778603,8.799270361496625,3.941512044270837,9.121536509196005,1023.5406966145833,-13.624417046705881,245.72186768861138,468.46134932835895,17.631402587890648,9.022637939453148,13.088588968912783,74.63888883590698,99.23888937632243,10.81249988079071,13.475470079462356,9.717874136901981,3.6786844889323334,8.495496368408226,1023.609619140625,-12.500591198603312,266.4251411159833,514.2625296910604
2021-05-29,17.488305664062523,9.010736083984398,13.128545379638695,68.5777777036031,96.32638867696126,4.812500059604645,13.478180794487608,9.232234673777766,4.493177032470726,7.322185770670615,1027.218359375,-11.310801108678183,262.30361003114376,435.22134772936505,15.979241943359398,9.664575195312523,12.801212565104189,74.49930508931477,96.40416558583577,18.229166448116302,13.987930495429623,9.018971860281518,4.311287180582724,8.308501180013025,1027.0283040364584,-3.163830151160558,142.1716947319413,283.9608858426412,17.714654541015648,8.031732177734398,12.877757008870466,69.47430578867595,74.4402768611908,2.843750037252903,16.581675721817444,11.03773162443328,4.456503804524743,7.193776702880882,1026.909765625,-10.436131437619528,315.4874388877458,503.12720358371735,17.725152587890648,9.919549560546898,13.583931223551454,70.31736103693645,91.25902811686198,21.31250023841858,14.032496579918432,8.431888703507697,3.9123779296875227,8.124344126383505,1027.1990852864583,-9.283020913600922,222.26647099665328,401.2923089663188,17.915643310546898,8.534967041015648,12.931110636393251,71.33541456858318,53.39930611848831,3.854166716337204,16.9977572219134,11.379388456719752,4.618951416015648,7.642302449544275,1026.8830045572918,-10.822302420934042,320.78644266763393,514.6884658336639,17.078729248046898,9.353204345703148,13.25473302205406,71.36249955495198,91.3145842552185,28.9375,13.740428358563051,8.673723802092786,3.4042653401692746,8.039360300699911,1027.14390625,-8.556533137957254,217.19147320401194,374.82893443107605,17.870385742187523,7.890374755859398,12.835664367675804,71.86875089009602,44.956944704055786,0.32291667629033327,16.86124628624141,11.46221021010443,4.638537343343103,7.639808909098349,1026.656962890625,-9.92709485689799,314.5192487680276,496.71844601631165,18.537286376953148,10.032952880859398,13.940480804443382,66.6173620223999,61.2708332935969,11.437500089406967,12.988975929417938,8.491409008092615,4.452876027425134,7.603156026204431,1027.499873046875,-13.593684415022532,305.52764002912835,489.61161216100055
2021-05-30,17.547387695312523,6.879083251953148,12.114724731445335,74.9388879140218,1.2708333175008495,0.2500000074505806,17.330233964531452,12.691547229094398,5.243559773763025,7.3216110229492415,1028.4026529947917,-6.891878763834636,343.8543313549987,504.2409127553304,17.887261962890648,7.371972656250023,12.509020741780622,72.74027713139851,7.763889208436012,4.9999998807907104,18.298678639247992,12.248235537888462,5.396099344889365,7.336927032470726,1028.951611328125,-7.277829607327779,343.554198512109,494.26183525721234,17.433343505859398,6.547296142578148,12.037745412190779,75.24861097335815,4.118055462837219,0.0,16.80707980217761,12.756441391768334,5.370156860351585,7.281438446044945,1028.21435546875,-6.085252245267232,343.8638903902999,499.4984238942464,17.870812988281273,6.699975585937523,12.219314829508486,73.3819448153178,0.1381944474608948,3.0,17.542982503070384,12.649152650496243,5.109928385416708,7.090432739257835,1029.042900390625,-6.305994550387065,344.05349700517644,507.7955010732015,17.244348144531273,6.174340820312523,11.782275136311872,75.53750006357829,3.257638846834501,0.0,17.309236191055405,12.880167699035951,5.5500719706217865,7.111221567789755,1028.079169921875,-5.061883529027303,344.8398596254022,484.99262555440265,17.752587890625023,6.891503906250023,12.220881398518904,73.59027830759685,0.0,4.0000001192092896,17.562588111297917,12.537493413976245,5.113696034749353,7.17691319783529,1028.6234765625,-6.2640626430511475,343.67489097585593,510.2131042480469,17.244775390625023,6.184075927734398,11.781926727294945,75.8645846048991,3.33333333581686,0.0,17.978080499499047,13.08085922148937,5.700809733072958,7.179569498697958,1027.7744010416668,-4.777626673380534,345.56380635569803,488.91119289398193,17.812066650390648,6.883355712890648,12.201098378499372,74.02638959884644,0.025000000139698386,0.5000000149011612,16.865906453154828,12.304930237898395,5.247104899088583,7.220890299479208,1028.3344205729168,-6.418213566144307,344.14963565339957,513.6490713755289
2021-05-31,20.099145507812523,8.458001708984398,14.536915079752626,76.3993050257365,0.1569444409882029,0.0,18.05229653374371,12.366541804297897,6.631316121419275,10.058109537760458,1022.3556282552083,-17.21856751044591,340.4546413531061,479.78735160827637,19.860101318359398,8.017175292968773,14.118997192382835,77.5819452603658,3.5812499871632704,0.2500000074505806,19.618411175056767,13.118677880093935,6.780952707926474,9.96175028483077,1022.9369791666667,-15.34517665207386,339.78147058786516,504.113689104716,19.899591064453148,8.429345703125023,14.401546732584658,77.10902849833171,0.2666666687776645,0.0,18.116313139580065,12.441396175553507,6.770753479003929,10.089270528157556,1022.3898307291668,-17.102135101954143,340.3128350287831,476.2233594258626,19.809106445312523,8.237298583984398,14.111646270751976,76.28680388132732,1.6152777597308159,0.0,20.098408651563282,13.282339681018009,6.62110544840499,9.669458007812523,1023.022626953125,-14.9764437576135,340.01172448298894,511.1216500600179,19.712823486328148,8.201928710937523,14.198106384277366,77.23680639266968,0.2736111097037792,0.0,18.36085587283685,12.830582147751732,6.62680587768557,9.927781677246116,1022.2353678385417,-16.59559766451518,340.5843035489476,478.4930844306946,19.880670166015648,8.233453369140648,14.261933898925804,75.938889503479,2.0298610481744013,0.0,18.34189593597784,12.876215710956652,6.652988688151083,9.717956797281943,1022.8802604166667,-16.259778772791226,340.76580819588463,506.80192216237384,20.107965087890648,8.009118652343773,14.35362269083661,77.91875092188518,0.2861111043021083,0.0,17.6245134141327,12.665413435828368,6.965254720052087,10.229493713378929,1021.65412109375,-17.312481686472893,340.0948042581634,463.7731765111287,19.989373779296898,8.263970947265648,14.386041259765648,76.3881934483846,1.9055555611848831,0.0,18.56371243717634,12.59228899473929,6.587293243408226,9.916802978515648,1022.5593684895833,-17.071669574826956,340.70708824298345,490.28404903411865
2021-06-01,20.767388916015648,10.494073486328148,15.754900868733747,73.25138839085896,39.32986085613569,0.0,21.225561679127566,13.72750186153842,7.622115071614587,10.607649739583337,1015.7712760416667,-17.01559591293335,336.2463924107142,503.1474846204122,20.565484619140648,10.547662353515648,15.678010559082054,73.17847220102946,59.25763777643442,0.0,20.339701370417348,13.4807740691069,8.057158406575525,10.411991373697958,1016.8579459635417,-15.366701453924179,318.02163659657043,491.49684079488117,20.513085937500023,10.334375000000023,15.755595143636091,72.15694348017375,20.677083127899095,0.0,21.83628965056646,14.376852546273293,7.829788462321005,10.37687454223635,1015.7180110677083,-17.045663098494213,343.1693068362462,506.9423262278239,20.651177978515648,10.400994873046898,15.717219289143904,73.02291758855183,32.34166690707207,0.0,21.352619614370095,14.30740694363181,7.774564361572288,10.471963500976585,1016.8248111979167,-16.42596219976743,341.55700114493567,521.1405851046244,20.625390625000023,10.337030029296898,15.605647023518904,72.19861125946045,10.48750015348196,0.0,21.829873665374038,14.112903196078278,7.948467508951865,10.18344395955404,1015.8981803385417,-16.50853290160497,346.3650574701217,497.0213317871094,20.512506103515648,10.353356933593773,15.553584035237654,72.71736033757527,27.845832982410986,0.0,20.831019180920897,14.139058326609103,7.489719645182333,10.239467875162802,1016.5466471354167,-16.35015590985616,342.6951069451558,524.0726316769918,21.016717529296898,10.278497314453148,15.770223236084007,71.67152659098308,14.531944350106642,0.0,21.05610596025081,13.725762018698239,8.131702677408896,10.287419891357445,1015.68037109375,-17.33521896104018,345.50386731000617,497.41985591252643,20.495843505859398,10.463677978515648,15.72443796793622,72.22499895095825,51.656249870856605,0.0,21.31255810726193,13.677692848957838,7.883484141031943,10.315979258219443,1015.904951171875,-16.268155465523403,329.58071410826716,496.85166724522907
2021-06-02,21.618554687500023,11.442437744140648,16.929708099365257,73.96458355585735,54.98888909816742,0.0,20.10192183156662,13.738830509827173,10.400960540771507,11.918548838297568,1013.8569856770832,-16.82484608888626,306.109470876089,382.36209297180176,22.053582763671898,11.725335693359398,16.991000111897808,77.3159720102946,83.50763813654582,2.1354166343808174,19.62956624150291,12.788265560101744,9.790771738688193,12.641784922281943,1012.2243912760417,-18.35383449991544,300.1470027288112,393.4920786221822,21.883325195312523,11.450006103515648,16.888209279378277,73.32569440205891,53.21458395322164,0.1770833320915699,20.19297987595237,13.615805338745512,10.159546152750693,11.7172841389974,1014.123349609375,-15.702476183573404,320.16760547164205,401.6572281519572,21.595727539062523,11.766320800781273,16.696079508463566,78.69027884801228,91.45069440205891,2.3750000279396772,20.352095417359887,12.96408655118928,10.139217631022177,12.644439951578818,1012.117802734375,-17.764123593767483,275.26649816039327,375.6792866388957,22.674401855468773,11.376092529296898,17.17032394409182,74.99236106872559,53.062499483426414,1.8020833088085055,19.076328451380125,13.149055213709715,10.530296579996786,12.39638163248702,1013.572216796875,-17.56119203567505,325.085630607636,396.9681437810262,22.001885986328148,11.469659423828148,17.022819773356144,75.94166660308838,80.33472235997517,3.2395833069458604,20.638785325955382,13.218797468727345,10.496326700846396,12.42348124186202,1013.0231282552082,-19.740090082089107,299.152639579804,400.2069598038991,22.287072753906273,11.416650390625023,17.165402984619163,78.00902875264485,67.6222224632899,23.5208332343027,17.715738421140827,12.022124645111143,11.003814951578818,13.080444590250693,1013.0063541666667,-17.268329984198015,303.4999802033417,352.046852350235,21.886895751953148,11.672296142578148,17.080742136637394,75.94861078262329,81.78263886769612,4.8958334140479565,20.13524521452541,12.817129682982056,10.6065663655599,12.481300608317099,1013.4758072916667,-17.922893305619557,284.9504722277634,376.10611446698505
2021-06-03,23.116693115234398,13.872186279296898,18.229197438557964,75.48680369059245,36.79791655143102,59.375,16.288298075821718,10.393449698481854,10.067385609944665,13.300736999511741,1018.05453125,-17.890048404534657,321.04517493505654,536.9749684333801,23.638726806640648,13.471063232421898,18.20700607299807,73.47083377838135,34.95833339293798,0.4062500074505806,18.00552294446472,9.681619643066151,10.557256317138695,12.985269165039085,1019.2111458333333,-20.791637619336445,318.32207829427597,532.1441175937653,23.316674804687523,14.032769775390648,18.34912261962893,75.1034722328186,38.53749932659169,33.15625,14.981578512121786,10.567032106457921,10.037452952067099,13.298309580485068,1017.919013671875,-17.583708590827882,326.3140530373591,565.6942890485128,24.195458984375023,12.641931152343773,18.499622599283878,74.10486125946045,34.127083818117775,7.593750059604645,15.483448139028559,8.612879154809322,10.473301188151083,13.308929697672568,1019.1963671875,-22.27917654067278,326.35772675136104,587.43372519811,23.300317382812523,13.605187988281273,17.789895629882835,78.44374958674113,40.56944417953491,51.40625047683716,13.68732464539452,10.243765682050684,10.400957997639978,13.484531656901083,1017.7297688802083,-16.60084104537964,323.67369975506637,540.0643893877665,23.778771972656273,13.708123779296898,18.64051971435549,74.32013909022014,31.033333718776703,9.593749791383743,13.791470998744519,9.106336666919788,10.377200063069665,13.38168614705404,1019.0953548177083,-22.013389964898426,330.75244731378433,565.9439245462418,23.357324218750023,13.769342041015648,18.12680587768557,77.62361017862956,55.72638980547587,40.614582538604736,13.429930394517973,9.974334685350323,10.22830734252932,13.61060740152999,1017.5668912760417,-17.473759673535824,308.302921015614,566.2392036914825,23.037622070312523,13.416528320312523,17.88229395548505,76.3902777036031,37.11805599927902,83.29166531562805,14.3982320683904,10.187988438135571,9.86812235514327,13.217036183675134,1018.7117643229167,-18.131816333780687,318.0338572051066,520.3943460782369
2021-06-04,14.475366210937523,10.030816650390648,12.045153554280622,86.65763823191325,92.05000019073486,57.39583320915699,13.927416494260282,9.802004572659945,7.070767974853538,9.81290969848635,1022.8859928385417,19.060207774241764,46.50916662098219,232.58594119548798,20.297784423828148,12.167779541015648,15.232175445556663,75.58055480321248,67.33680562178294,77.86458444595337,10.617061454272301,8.140340055406648,6.920048014322958,10.514788564046228,1023.1783365885417,-2.8415988882382712,211.01041939971037,477.2864077091217,14.344720458984398,10.556176757812523,12.567353820800804,85.76944541931152,92.8576389948527,38.093749752268195,11.658013792420558,7.133484155537616,6.75175501505538,10.193682607014978,1023.1630078125,17.48831934730212,40.62394391512498,183.0281757513682,19.234399414062523,11.874261474609398,14.86356124877932,74.84375015894572,78.03333315253258,41.66666626930237,12.010694725844232,8.180825548475651,7.339704132080101,10.134701029459677,1022.8177311197917,2.3922423919041953,154.37461224299236,402.5732264518738,13.966668701171898,10.908746337890648,12.111646270751976,84.54305585225423,85.46736129124959,22.489583425223827,10.86449010266809,6.525865311681257,6.7939074198405365,9.530244445800804,1023.4749609375,18.024218300978344,32.904860952558614,157.10494164625803,14.321954345703148,11.840875244140648,12.89682540893557,92.66111183166504,97.14791711171468,127.98958420753479,12.815408772270333,8.40577136745202,7.748493448893271,11.714298502604208,1022.8582389322917,15.263253604372343,31.858360920567065,191.29237333933511,14.361352539062523,11.866662597656273,12.781546529134138,89.80972290039062,86.61875041325887,31.416666623204947,10.97549828621315,8.791359417804488,7.328216807047568,11.08875427246096,1022.991865234375,15.45508204276363,40.59847280289978,206.32547076543173,14.649957275390648,11.437554931640648,12.799653625488304,89.2284746170044,91.97916634877522,94.86458230018616,10.627474695645182,7.251978320234518,7.51748936971029,11.02577616373702,1022.764267578125,16.490879714488983,43.41422158759087,176.6696781317393
2021-06-05,20.683312988281273,12.357598876953148,15.24719899495445,81.5819452603658,74.81249964237213,114.97916746139526,13.298670625030159,9.41833599336375,6.3341295878092865,11.681190745035849,1024.0740104166666,-16.650560677051544,205.39357812951008,570.379644870758,20.890008544921898,8.625543212890648,14.823088582356794,71.37708266576131,13.936110996020338,105.5520830154419,10.789349696949746,8.41322921851368,4.98734054565432,9.145645395914755,1026.0789713541667,-20.03846376389265,322.81282748747617,607.96664249897,19.350000000000023,11.697503662109398,14.92858784993492,80.93819348017375,79.78611016273499,208.04166412353516,11.08146559860993,8.423238882079074,5.846860504150413,11.3511787414551,1024.4368782552083,-14.095250387986502,170.02291521181664,510.6909827391307,20.952996826171898,8.861260986328148,15.183249409993513,71.46250073115031,19.152777856836718,76.53124904632568,12.685859212772707,7.651755976374328,5.339393870035849,9.48732401529952,1025.9830859375,-20.98428972562154,328.19844251840067,633.6299444834391,20.484307861328148,11.386163330078148,15.66581751505536,75.38611062367757,44.40902807315191,106.48958492279053,11.535262348952552,8.653017944914879,5.65805333455404,10.76054407755538,1024.5007389322918,-21.28241111834844,330.88949604068574,696.2740335067114,21.123345947265648,10.042169189453148,15.880850728352888,67.08124923706055,42.437499701976776,42.145833253860474,8.625158213793599,6.529444219063623,5.791688537597679,9.212580617268884,1025.3023079427082,-24.985665728648502,338.0583556322381,658.5854739348093,20.508386230468773,11.615289306640648,15.639026896158876,77.0604157447815,70.5499993065993,3.0625000167638063,9.315735324415405,6.603690036688902,5.642948404947958,11.233914947509788,1024.37318359375,-18.97141060233116,241.1994457951902,594.7787863413492,20.610833740234398,11.370843505859398,15.654117838541689,73.65277783075969,53.133333506683506,91.15625095367432,12.7390789603658,8.882995201960203,5.908208465576195,10.30567321777346,1024.5819759114584,-19.945948431889217,306.3818059414625,669.9761101404825
2021-06-06,20.886102294921898,11.595788574218773,16.067351277669292,78.93194325764973,67.74166671435039,21.208333373069763,12.124353478039993,7.682437438584991,6.2758893330891965,12.12049255371096,1024.0903190104168,-13.360537946224213,277.8795861201361,513.1870712041855,21.324212646484398,11.277703857421898,16.110167439778667,78.05555454889934,47.2597222328186,127.36458587646484,9.038707455417494,6.886456679457507,6.669478352864587,11.961523946126306,1025.2959114583332,-10.85128116607666,245.1052467143163,492.20295763015747,21.170861816406273,11.495782470703148,16.068423207600933,79.47569545110066,85.39097213745117,27.656249850988388,10.027565573500695,6.428299718112921,6.253191884358728,12.18775329589846,1024.1792838541667,-13.445867021878561,261.9903056817129,495.33185148239136,20.924218750000023,11.314141845703148,16.100339508056663,79.11944405237834,51.51319420337677,224.26041793823242,7.70576625763036,5.033064090615245,6.487795766194665,12.180299377441429,1025.2733040364583,-14.302023768424988,260.90141678228974,454.4620768229167,19.555169677734398,11.599969482421898,15.769568379720075,81.48888905843098,67.15347059567769,24.166666597127914,12.844335756288373,8.287238500483353,6.587946828206384,12.408414459228538,1024.2134765625,-9.481571312993765,234.17061217594892,462.35548476378125,20.473168945312523,11.549981689453148,16.134292856852237,78.71736303965251,51.953471859296165,125.8854169845581,10.929154355553587,5.328169188959907,6.2543807983398665,12.223738606770837,1024.8215201822918,-9.35817583401998,236.79515768246105,452.44383390744525,20.538873291015648,11.663720703125023,16.08546346028648,80.64235973358154,63.98611052831014,26.677083380520344,11.68711349556868,7.405263007789699,6.589789326985681,12.490916188557946,1024.1157975260417,-12.959242439828813,270.1749730423714,454.4293905893962,20.518090820312523,11.461663818359398,15.79260915120445,78.28958400090535,72.13611094156902,18.843750059604645,11.621320892558767,6.363854705064097,6.107053375244163,11.756588236490927,1024.63505859375,-10.504431088765463,255.17033419168243,486.0366784334183
2021-06-07,20.993981933593773,12.038323974609398,16.620154317220074,79.7083322207133,56.114583452542625,113.10416889190674,14.680771011604469,9.046193404760828,7.595793660481775,12.814908599853538,1023.3896223958333,-10.538261473178864,259.77647463946295,534.0228222211202,20.772637939453148,11.214776611328148,15.78470128377281,77.6527779897054,84.46666765213013,63.34375023841858,14.283410796613325,9.158212314245416,6.538537597656273,11.480771636962913,1022.8724967447918,-10.359950443108877,269.17108478179824,585.8578936258951,20.872430419921898,12.050897216796898,16.510422007242862,82.42361211776733,59.37916620572408,106.27083396911621,12.905968666902027,8.167508370741704,7.4861554463704465,13.295170084635458,1023.5043326822918,-9.29035339752833,253.0526090823114,480.17154057820636,20.969995117187523,11.072198486328148,15.70423533121747,78.30972321828206,94.17708333333333,86.01041579246521,14.923137495446145,9.469322927644418,6.765105183919275,11.557818349202478,1022.7335026041667,-8.90925786892573,259.23013821120065,598.3056030273438,20.820672607421898,11.554742431640648,15.97653986612958,84.35555601119995,56.279860734939575,93.54166626930237,11.627008381145629,7.766990617665901,7.29202804565432,13.14771169026693,1023.603515625,-6.375965242584546,215.2388046629106,429.41903416315716,21.455194091796898,11.348107910156273,16.136743164062523,78.04027700424194,82.47222248713176,75.35416746139526,15.96756771660554,9.842468090477693,6.956398264567099,11.86854960123702,1023.2047102864583,-11.515526801347733,280.8784800975894,633.179272810618,21.348260498046898,11.749993896484398,16.259206390380882,83.62499968210857,52.22638865311941,74.3020830154419,12.163670683927228,7.924234179443211,7.439206695556663,13.261867777506552,1023.4698893229167,-8.070796837409338,243.05330781607577,443.09162561098736,21.243524169921898,11.749047851562523,16.281748708089214,81.57916625340779,64.43125033378601,112.11458349227905,14.844960439763831,8.359097891918369,7.283756510416708,12.835776265462243,1023.3601920572917,-11.873206178347269,284.31591924497235,517.7534596125284
2021-06-08,20.916680908203148,11.164727783203148,16.317171986897808,72.28194363911946,65.3916670481364,30.249999046325684,10.909882477246477,7.277325899939284,7.46304601033529,10.689454650878929,1023.3169563802082,-10.602836420138678,323.63922445476055,572.6971804300944,20.758691406250023,10.216668701171898,15.779377237955751,65.83680582046509,57.83055488268534,134.00000381469727,9.769216383471694,7.944358484597518,7.6204823811849,8.55411300659182,1023.68982421875,-8.446805198987326,332.8086905606712,544.3377164999644,21.600000000000023,11.205468750000023,16.535142517089866,73.45694351196289,46.284026543299355,32.000000953674316,9.975692739390984,6.634630007093906,7.326088205973349,11.178178405761741,1023.325615234375,-13.512584884961447,339.78914578414214,593.9791810909907,20.791619873046898,10.700006103515648,15.977988179524763,68.36458285649617,53.261805852254234,150.75,9.506350633574767,6.972926704291846,7.514552052815759,9.442783610026083,1023.5801139322917,-9.856442004442215,333.6131926824649,528.6770871082941,21.086572265625023,11.458001708984398,16.496416982014996,73.629860719045,60.03125023841858,10.5,9.794567790841798,6.032823362453207,7.5606615702311615,11.187286631266318,1023.3594694010417,-11.363535533348719,314.2604153044522,578.3708279132843,21.165429687500023,10.455804443359398,15.856572723388695,71.44583336512248,52.65555522839228,140.00000381469727,8.128246106436611,6.2374889496270045,7.370870208740257,10.051417287190759,1023.291376953125,-10.878375259538492,331.68391526242095,539.802342971166,21.428338623046898,11.645379638671898,16.747061665852886,74.22430515289307,71.49444460868835,2.3854166343808174,9.172998310033753,6.102512667480895,7.5278729756673215,11.593681589762411,1023.3476920572917,-12.919263750314713,319.9853904135525,596.3145145177841,21.083306884765648,10.804986572265648,16.09440892537437,72.40208355585735,57.21527771155039,123.50000381469727,9.877557645480893,6.774165766423068,7.399176534016931,10.5021962483724,1023.2324479166667,-11.257914672295252,338.55386957029503,552.873567700386
2021-06-09,22.430474853515648,11.622674560546898,17.2739565531413,65.59444379806519,39.40347218513489,0.552083345130086,14.06232503086369,9.645140834146643,9.05731099446615,10.090127563476585,1021.8003450520832,-12.394019742806753,345.6729775226365,556.5471485455831,22.292291259765648,11.733331298828148,17.232127126057964,65.8986104329427,21.600001047054928,30.249999046325684,14.408445661253925,8.764450890063271,8.770565287272177,9.99748255411788,1021.8329654947917,-14.419354299704233,349.0384517367929,564.7083249489466,22.484918212890648,11.254876708984398,17.2608950297038,66.16250069936116,36.713193933169045,1.0625000149011612,13.952420113993156,9.663481746930017,9.073209381103538,10.161477661132835,1021.820849609375,-12.966681975871325,346.79607820076245,577.6779770851135,22.660913085937523,11.897821044921898,17.461846923828148,67.72152757644653,35.21805582443873,32.15625083446503,14.117988288305673,8.995623112349342,8.968752797444665,10.73206736246749,1022.1573014322917,-14.702260012893626,344.08828217349946,555.716455022494,22.184930419921898,10.914666748046898,17.037252044677757,65.76111030578613,32.23333458105723,0.0,15.74769631676081,10.681889336153041,9.236698404947958,9.66287511189779,1021.8847298177083,-11.638749902447065,349.72861402792233,563.5081111590067,22.458856201171898,11.676416015625023,17.2857490539551,67.24999984105428,32.543055852254234,10.593750029802322,14.02465252022779,8.756186234128686,8.960046386718773,10.397430674235068,1022.3538997395833,-13.94150196822981,345.2986091133207,553.9249113400778,22.300378417968773,10.816644287109398,17.088642374674503,66.23472197850545,39.342360178629555,0.08333333395421505,15.639337465945648,10.966465063044602,9.42127634684249,9.844951883951865,1021.747216796875,-11.923007532954216,349.8245198285828,576.2930256525675,22.625604248046898,11.997827148437523,17.596836344401066,67.4118054707845,41.82500024636587,2.6562499701976776,12.752578758885393,8.262089674221096,8.888965861002646,10.749650573730491,1022.3137727864582,-14.85928017894427,341.2269781883806,557.2723672389984
2021-06-10,22.180108642578148,13.759912109375023,18.097851053873722,80.74097283681233,38.62013840675354,3.958333314396441,18.502954685288643,12.246236809082658,9.66802876790365,14.480513509114587,1020.261923828125,-14.028714823226133,272.753917587921,607.9825601577759,22.368280029296898,13.352685546875023,17.692062632242862,79.85763835906982,45.42222241560618,2.010416656732559,14.78563009467275,9.499614038400596,9.48529713948568,13.951128896077478,1021.141748046875,-10.372572809457779,195.36935772684714,546.3593196868896,22.833795166015648,13.520379638671898,18.114458974202496,80.02985986073811,37.890278001626335,7.906250067055225,18.337569029069982,11.973319638066949,9.423852539062523,14.335586802164755,1020.093603515625,-13.278961054980755,257.26336079152924,622.8669261932373,23.132135009765648,13.382104492187523,18.396352386474632,78.33333365122478,37.249306201934814,3.6458332613110542,15.096776860876547,9.957520582974192,9.575270589192712,14.221021270751976,1020.817626953125,-16.109486083189648,253.56869639270008,628.1612199147543,22.854913330078148,13.791314697265648,18.153278605143253,80.12013943990071,48.77986150979996,5.291666609235108,17.94148652938622,11.64973448840376,9.436372375488304,14.414378102620446,1020.0714973958333,-13.549718340237936,241.33875024784356,605.062801361084,21.950006103515648,13.516625976562523,18.067220306396507,81.1979185740153,39.972221891085304,10.687500062398612,17.97964447936652,11.6887695485525,9.497527058919275,14.584677632649743,1020.6967024739583,-12.748917450507482,230.29180559826395,583.9865245819092,23.231683349609398,13.484582519531273,18.503124491373722,78.70416736602783,29.864584267139435,7.624999956227839,18.458040388161155,11.997169635634473,9.484117126464866,14.429797108968103,1020.0452018229167,-15.303300435344378,289.1943402023365,646.1114250818888,22.256097412109398,13.794702148437523,18.03623224894208,81.56944465637207,47.99722282091776,12.27083320170641,17.236202682696106,11.269501192771036,9.348161315917991,14.608823394775413,1020.5541243489583,-11.926468382279078,223.5720837879926,585.6899104118347
2021-06-11,24.467034912109398,14.203668212890648,19.06039199829104,76.82499996821086,57.27500009536743,11.375000059604645,21.953112919901194,15.706257721402286,10.314094797770224,14.371057128906273,1018.760576171875,-16.321290483077366,310.19850206996006,777.2678457895914,23.299981689453148,13.861352539062523,18.59938710530601,78.40694379806519,63.69722078243891,11.84375,20.52346236069957,14.414884126519688,9.961297607421898,14.376836395263695,1019.19859375,-14.693745429317156,267.9289722982794,697.7014102935791,24.071527099609398,14.538873291015648,19.108661905924503,77.2041670481364,55.521527886390686,12.854166328907013,22.439968006591116,15.634090432397066,10.348776753743493,14.550026194254599,1018.95083984375,-17.496582527955372,308.1465017932157,777.0900681813558,22.365045166015648,13.995019531250023,18.401250457763695,78.87569586435954,57.08402743935585,20.76041680574417,20.709140013184744,15.16513527553911,10.023586527506552,14.357631937662802,1018.700966796875,-12.80879607796669,257.44241758808494,713.5142752329508,24.031335449218773,14.516656494140648,19.009481048584007,77.58888864517212,61.23333271344503,9.39583334326744,22.02790145999959,15.179493039540704,10.29328053792318,14.549014027913415,1019.1103190104167,-16.52796032031377,298.99889393833774,743.2752056121826,24.065057373046898,14.137811279296898,18.81459706624351,76.63541650772095,56.988194704055786,13.114583134651184,21.14869977757812,15.05018739994079,10.076895650227868,14.115808105468773,1018.6600520833333,-15.824589721858501,314.40261694416404,745.2309080759684,23.775140380859398,14.451043701171898,18.921816762288433,78.22291580835979,70.87361168861389,0.7395833283662796,22.03334859955813,14.681229279311447,10.201928710937523,14.613126373291038,1019.2898893229167,-16.679886053005855,291.0435882943372,728.8720569610596,24.199884033203148,14.125512695312523,18.97131500244143,75.7048610051473,50.54861207803091,18.86458295583725,21.32920828231006,15.263686647616778,9.974449412028036,14.061138407389365,1018.627939453125,-15.306782101591429,319.2298255028824,760.9035847981771
2021-06-12,22.007012939453148,12.880364990234398,17.28439356486005,71.26111189524333,59.245138704776764,1.5,13.574035997503692,10.39533321574176,9.053496297200525,11.541467285156273,1023.0376171875,-7.3306161826476455,331.352360819156,729.3061518669128,22.728021240234398,11.812402343750023,17.43912277221682,68.51249933242798,40.631944139798485,11.750000238418579,13.964930982806827,10.19431350314071,9.126482899983728,10.937544759114587,1023.039013671875,-7.916792273521423,341.062550900504,703.230515797933,22.049981689453148,12.164239501953148,17.102154032389347,71.66319465637207,57.243055045604706,2.541666626930237,13.538675503801846,10.716783920017022,9.05512135823568,11.39987462361654,1022.9389778645833,-7.90181169907252,334.6672847413768,713.4189615249634,22.658166503906273,11.891809082031273,17.498615519205753,70.5402782758077,37.11944490671158,14.25,12.78156045608243,9.353315490779808,9.389035797119163,11.487236277262411,1022.892578125,-8.950338423252106,339.16716952932376,680.2863538265228,22.155633544921898,12.817956542968773,17.540561930338566,69.44861062367757,59.81874952713648,2.583333283662796,13.178893794123713,10.788711047762341,9.061710611979208,11.425809478759788,1022.85689453125,-9.577411140004793,335.657927122588,748.2630114555359,22.266656494140648,11.864556884765648,17.213484700520855,71.41388845443726,53.13472247123718,10.385416775941849,14.73568718129028,10.150983196195106,8.785881296793661,11.4542060852051,1022.8406184895833,-7.53176153327028,329.4530754784743,707.3013076782227,22.535333251953148,13.166009521484398,17.720220184326195,71.43819459279378,66.3027771115303,1.0000000298023224,13.098874339470823,10.348571527352755,9.075925445556663,11.966723378499353,1022.8196516927082,-10.576166530450186,332.42911211463314,722.5569095611572,22.211450195312523,12.302667236328148,17.410574849446636,71.63819487889607,58.20486064751943,2.729166716337204,13.842148906717615,10.485986526323286,8.536819712321005,11.691078440348349,1022.9535481770832,-8.492643161366383,334.37347438186407,727.0435449282328
2021-06-13,24.742303466796898,12.020623779296898,18.46846669514976,68.46458260218303,6.9465278287728625,0.2916666753590107,9.722367806164531,4.6710259897847495,11.160000101725302,11.960740661621116,1026.336884765625,-17.267011125882465,342.74625437892973,496.0834736029307,23.878472900390648,11.766656494140648,17.727769470214866,69.32986132303874,8.181944447259108,1.5,11.998573597249624,5.089739752208963,10.860962168375693,11.49116923014327,1026.70236328125,-14.418653766314188,344.98780248003703,482.76059846083325,24.525567626953148,11.713494873046898,18.22926483154299,69.1520832379659,5.18055551374952,0.0,9.795885495911651,4.628388020693092,11.21902745564779,11.90265808105471,1026.5680924479168,-16.966769178708393,343.27802250223857,491.80682762463886,24.116693115234398,11.891503906250023,17.908909098307316,69.59722185134888,7.2722223332772655,2.833333373069763,10.428712452110132,5.386854423664222,10.864128367106161,11.742829895019554,1026.5602799479168,-15.387913624445597,343.790993982926,482.54293100039166,24.272760009765648,11.933343505859398,18.287805175781273,71.63611030578613,13.656944612661997,0.0,10.084610418891767,4.576987257533535,11.20636901855471,12.601166025797568,1026.3463671875,-17.757593890031178,327.1115523719539,512.862476348877,24.349969482421898,12.028405761718773,18.09488449096682,70.26874907811482,7.59652774532636,3.0,10.531986165773684,5.344705446249527,11.125784810384118,12.087161000569665,1026.491064453125,-16.238324463367462,341.37385898269713,468.26019318898517,24.231347656250023,12.395074462890648,18.604802703857445,72.08194430669148,26.47986094156901,0.0,9.958805001197131,5.030385874085328,11.26105651855471,13.057641601562523,1026.0561881510416,-19.21638774375121,311.610133384044,529.6962328751882,24.857080078125023,12.129846191406273,18.57415924072268,70.31944417953491,9.096527685721716,1.0416666865348816,10.153266823834088,4.815116858225945,11.168668365478538,12.56242141723635,1026.1598828125,-18.000260670979817,341.1337508900712,494.88137833277386
2021-06-14,25.283319091796898,14.234185791015648,19.55648066202802,71.26944510142009,37.96944406752785,1.2187499906867743,14.18904509871747,10.724218146050333,11.367052968343103,13.864088948567712,1021.292939453125,-13.205263058344523,294.3844093227138,595.4583005905151,25.883355712890648,14.416650390625023,20.036889648437523,70.77847337722778,42.213194608688354,1.208333346992731,12.290533452432562,9.961770921005042,11.42683054606124,14.055081939697288,1021.605927734375,-15.834997614224752,322.52425068058074,633.7274707158407,25.321923828125023,14.021051025390648,19.374856567382835,69.06666707992554,40.272223035494484,0.7708333348855376,15.8405669146418,11.098344645424854,11.14482142130538,13.19352747599288,1021.137265625,-11.574782927831015,287.18188446201384,624.5491083463033,25.783624267578148,14.396752929687523,19.92336171468101,71.33263842264812,29.370139588912327,1.468750019557774,12.450794711115433,9.72429493540532,11.419677988688193,14.10159835815432,1021.708486328125,-16.340354800224304,319.38832824863493,597.7802823384603,25.403375244140648,14.034143066406273,19.6224672953288,68.80763737360637,44.73194435983896,0.4687499990686774,14.013890187023947,10.612200599494557,11.377239481608115,13.353772735595726,1020.8,-13.406295855840048,296.52036049216986,618.2944472630819,25.316644287109398,14.365411376953148,19.743423716227237,71.23263788223267,34.0583333671093,1.3750000139698386,12.936903508150298,9.731182699849915,11.356528218587243,13.95102462768557,1021.8452571614583,-15.234822491804758,296.64013379253447,565.2113448778788,26.081872558593773,14.217492675781273,19.904615020751976,67.963889280955,41.020138651132584,0.3749999990686774,15.907555926575368,10.572123922807807,11.678620910644554,13.406926727294945,1020.6809114583333,-14.522679766019186,314.15466831376153,637.6400369008383,25.289788818359398,14.396173095703148,19.73488006591799,71.72291771570842,43.534721891085304,1.9687499878928065,12.886477059945275,10.033618131527414,11.29069290161135,14.141048685709677,1021.688369140625,-13.599234680334726,279.66238909401,568.8126436869303
2021-06-15,22.420220947265648,13.717645263671898,17.53540954589846,65.20138883590698,72.43263880411784,1.2812499776482582,13.376206383014486,9.581905802551674,8.029172515869163,10.568803405761741,1020.581787109375,-4.407783756653468,312.687378203962,670.3425671259562,22.179071044921898,13.337548828125023,17.24861043294273,68.59305540720622,86.50902764002483,6.906249910593033,11.661312234350513,8.83323563340157,8.222287750244163,11.02203267415365,1020.99521484375,-4.67166668176651,308.64374536881223,636.8020496368408,22.256494140625023,12.808007812500023,17.13303654988609,65.49513785044353,72.5770841439565,3.0,12.835662238392217,9.123191306474167,7.8258466084798215,10.23066101074221,1020.7699934895833,-4.980745395024617,317.26033299105865,651.540558497111,21.911462402343773,11.364068603515648,16.58576863606773,64.37291685740153,98.01666641235352,3.0,13.453169931364213,8.034625972732663,8.15192820231124,9.32551981608077,1021.121748046875,-3.1756089528401694,317.33246651664376,623.5306809743246,22.047631835937523,12.416680908203148,17.001292165120464,64.30277760823567,70.65972216924031,3.0,14.631472728356291,9.24909334391102,7.91288782755538,9.800842539469443,1020.681181640625,-4.1174234847227735,327.6697255934899,664.8708543777466,22.594781494140648,13.066644287109398,17.394111887613956,62.727082093556724,72.56319371859233,2.4999999403953552,14.835177489560717,9.447553709813068,8.058281199137411,9.824912007649743,1020.7358984375,-5.926148280501366,334.39138904120773,678.1640892028809,21.590081787109398,13.460351562500023,16.949449157714866,72.60208463668823,82.58333285649617,14.552083492279053,13.964793289269918,11.36975304768289,8.698988850911462,11.68294169108077,1020.4003678385417,-0.9773047566413879,280.302255328279,583.9404058456421,22.486383056640648,13.530145263671898,17.487447357177757,62.69097296396891,91.81875069936116,1.604166679084301,14.278436778899094,9.693216640330471,8.162224070231161,9.916237131754599,1020.4657747395833,-3.9447699189186096,302.77686027421925,645.8380527496338
2021-06-16,26.249688720703148,12.872216796875023,19.721917724609398,66.55347108840942,46.32291686783234,4.114583238959312,13.25030014185838,7.005016458176793,12.303843434651696,12.613651529947958,1012.7391015625,-19.863652126708377,337.4765524299194,554.1831181049347,25.978082275390648,12.540429687500023,19.42688649495445,69.15833282470703,28.909027493248384,2.374999985098839,14.531956291372222,9.021527057920284,12.197007751464866,13.14838307698568,1013.2071321614583,-16.23277027408282,343.7408637038122,586.1295955181122,26.442193603515648,12.985101318359398,19.934500630696636,69.28541660308838,34.337499116314575,2.062500001862645,14.021782691094323,7.845676586085087,12.711213684082054,13.475513712565146,1012.40876953125,-19.155239949623745,331.8458320920666,564.5974986553192,25.469903564453148,12.317041015625023,18.97392044067385,71.55902735392253,29.725694209337234,11.802083104848862,17.136016655714382,9.564691834387096,11.989553070068382,13.337642923990927,1012.825205078125,-15.271771808465322,341.94496573507786,564.3518362840017,26.678887939453148,12.897973632812523,20.142769114176456,69.67986059188843,36.00208265101537,1.1979166558012366,14.501952833915958,8.438306162751026,12.830681101481161,13.814806874593103,1012.3075455729168,-20.51765986904502,335.4982815651844,604.8636419773102,25.446435546875023,12.003259277343773,18.815752919514996,70.41180483500163,25.89097245534261,3.177083343267441,14.91812375915078,8.885016567251293,11.702495829264365,12.873780822753929,1013.35685546875,-14.925712446371714,343.98825097767013,568.349224448204,26.454858398437523,12.617913818359398,19.957092539469425,69.45208279291789,35.995833344447114,1.593750017695129,14.736014803046407,8.310168440919716,12.798713938395224,13.597304280598962,1012.3393815104167,-20.3605354030927,339.41536277035874,603.2805453141531,25.979211425781273,12.426019287109398,19.31796798706057,66.37361192703247,31.527777097187936,15.250000476837158,11.437868153286304,6.372734045236534,11.980882263183616,12.277628835042321,1012.9750455729168,-19.183079078793526,338.90946317402023,542.7673639456431
2021-06-17,18.396020507812523,14.408502197265648,16.79662602742515,92.85069465637207,99.71875031789143,150.26041531562805,16.727842712244943,8.821612281797691,10.7277821858724,15.607989247639978,1010.479892578125,10.451533099015554,52.5384175919462,308.53561147054035,18.714532470703148,14.133325195312523,16.797795867919945,91.89027722676595,99.64722283681233,228.354168176651,19.2079540990583,9.651823688336576,11.299564615885458,15.45133997599288,1010.9431184895833,8.932427927851677,58.518695371225476,297.2822764317195,20.142266845703148,13.570916748046898,16.690685526529972,94.3277775446574,99.9909725189209,163.6666660308838,15.479390925115485,9.005973171595292,10.690419769287132,15.754237111409509,1010.6914778645832,10.65256671110789,65.8943318867435,293.525594552358,17.994683837890648,14.286004638671898,15.969968414306663,91.6673599878947,95.26180521647136,188.24999964237213,18.382412656941597,10.534949226182905,10.91873448689779,14.600667572021507,1011.3824837239583,13.806706011295319,43.39183420750002,342.70743227005005,19.807214355468773,14.495111083984398,17.318514760335308,95.11944389343262,97.74861240386963,265.4895830154419,14.882098605363682,6.53438407277383,11.197914377848349,16.51286087036135,1010.3195052083333,6.918921142816544,65.88241697661579,253.7089549700419,18.903192138671898,14.757257080078148,17.286424255371116,89.22638893127441,99.37916660308838,78.64583313465118,14.660253977961382,10.049042997007344,11.028816477457724,15.457446034749353,1010.668662109375,7.818515757719676,59.777444592832275,334.6686319510142,20.894860839843773,14.970147705078148,18.021096801757835,91.92430369059245,98.81180477142334,259.4895830154419,14.867490903444454,7.621403324074446,11.394431050618493,16.6481707255046,1010.2962044270832,4.190401529272397,119.20616469532251,317.18622907002765,18.394769287109398,14.266595458984398,16.782826995849632,91.21041806538899,99.52708339691162,64.85416650772095,16.278356210590733,9.044369017256306,10.69104919433596,15.305326080322288,1010.8415787760417,10.599732128282389,52.44008350605145,300.9639306863149
2021-06-18,14.585443115234398,11.883325195312523,12.893741861979189,97.56458282470703,100.0,232.26041555404663,20.337732067282612,17.51364937700419,9.93030446370443,12.506640370686853,1013.4509928385418,21.169055938720703,9.940527878662882,443.4097429911296,15.623345947265648,11.906488037109398,13.82708638509117,84.01388867696126,99.91319433848064,184.76041746139526,18.94868109961723,14.977986186229918,8.227334594726585,11.098128255208337,1015.6432942708333,9.284663227697214,60.01113878842443,523.5809084574381,15.167169189453148,11.817864990234398,13.235108947753929,97.69305483500163,100.0,659.4375,23.58612067916353,18.481170532890204,9.972798919677757,12.870420074462913,1012.3643489583333,21.077772696812946,10.901638750568964,497.770699818929,16.130517578125023,12.635614013671898,13.780665334065779,88.4159730275472,99.95208326975505,243.71874904632568,20.326696413932343,16.27205654813177,8.119732157389365,11.822188313802087,1015.7694173177083,9.005911201238632,93.8526964081296,550.4153938293457,15.687280273437523,11.492517089843773,13.420973714192732,97.2854175567627,100.0,501.47916650772095,28.814543887822758,21.262027915813913,10.092471059163415,12.991713460286462,1011.8790690104167,20.713053901990254,17.067722178365027,553.0979029337565,14.169305419921898,11.879754638671898,12.80029958089195,96.56666692097981,100.0,497.87500190734863,22.697662614400198,18.893627689005896,9.357704416910849,12.256522115071618,1014.2181575520833,19.114718596140545,15.348444968442587,490.17164357503253,15.872491455078148,11.786462402343773,13.584766642252626,97.6152769724528,100.0,436.36457854509354,23.096366080879204,18.69615521960886,10.269242858886741,13.21220423380538,1012.28751953125,19.59083839257558,14.956139088288182,502.3560600280762,14.604516601562523,12.021875000000023,12.8067082722982,97.06805610656738,100.0,544.9270868301392,23.672623040051043,18.180086617110437,9.586741383870446,12.34992370605471,1013.9042936197917,21.70983938376109,12.29405561950989,462.8339093526204
2021-06-19,16.521905517578148,10.882226562500023,13.20773595174156,86.04722181955974,99.43194484710693,751.3020896911621,22.10735176485562,14.51143047603442,9.251936848958337,10.847361501057946,1013.9212239583333,2.04832028845946,137.63039090422293,610.7159639994303,16.787408447265648,11.611749267578148,13.5701360066732,89.6951395670573,99.97291723887126,374.2395839691162,20.655064986690945,12.316918019075821,8.794471995035849,11.85469462076827,1015.03939453125,-1.0261638570130647,91.89802796510048,443.4142710367839,16.145440673828148,10.533685302734398,12.953591918945335,86.37638886769612,99.93055566151936,251.18749904632568,20.26124801104106,14.771815450551722,9.2127510070801,10.639527893066429,1014.381123046875,3.6326580494642258,127.82583566910277,598.2931798299154,16.050500488281273,11.231347656250023,13.355064646403017,89.56597169240315,99.75763861338298,1316.3020973205566,20.003117166518834,12.547600986903694,8.26310501098635,11.63334681193038,1014.7172819010417,2.4242461659014225,103.24986156076193,477.2264092763265,15.330377197265648,10.590692138671898,12.875937398274763,88.88333352406819,98.84236081441243,201.92708539962769,18.403397475393838,13.936369213710165,9.243946329752646,11.003475443522177,1014.3807942708332,4.259091208378474,105.01594422012568,554.8339894612631,18.443170166015648,10.883325195312523,13.627725219726585,83.30694548288982,98.69999980926514,1080.281234741211,21.694749828418182,13.69734603386915,8.275380706787132,10.703967030843103,1014.2965885416667,-3.529393228391806,224.8793380074203,605.1674296061198,16.118218994140648,10.906365966796898,13.18064905802411,89.77569516499837,99.9791669845581,81.91666650772095,16.945781042327095,12.36007709836447,9.334477996826195,11.464878336588583,1013.9605143229168,2.672106762727102,105.05733437696472,517.055362701416,15.889031982421898,11.038995361328148,13.25001169840497,87.69097232818604,99.58124923706055,876.9270820617676,19.37256275524076,12.724347045426311,9.29041697184249,11.174867248535179,1014.3451790364583,2.3744710658987365,116.58005624885361,552.4756787618002
2021-06-20,19.855645751953148,12.683343505859398,15.672827657063825,89.24722226460774,92.10208320617676,102.91666793823242,15.485437767267413,10.84114627186266,8.058707173665368,13.751777903238974,1008.1346354166667,-13.087722261746725,208.1141085642545,503.1564458211263,15.027154541015648,11.052514648437523,12.620918528238954,92.98472118377686,98.48541641235352,1019.6145820617676,25.84725325551969,13.240320299195401,8.195732371012411,11.479875183105491,1007.09947265625,5.388790090878804,85.57872246516247,487.1717020670573,17.726007080078148,12.383325195312523,14.427723185221376,92.83124987284343,98.32638931274414,173.38541734218597,18.860908929959933,11.102306504158149,8.108473714192712,13.238565063476585,1007.9422330729167,-6.844771246115367,117.19980262895115,453.24739837646484,18.603204345703148,11.351464843750023,14.222097015380882,89.21944395701091,89.78958320617676,947.010425567627,19.906972243965694,12.550124790063974,7.989005025227868,12.308399454752646,1006.1530859375,-6.703832079966863,185.31414063150683,521.029832204183,16.490502929687523,12.174615478515648,14.122331237792991,93.71527735392253,99.4826389948527,98.52083170413971,18.472278430705906,11.711949543882382,7.8333844502766965,13.091715749104821,1008.1452994791667,-3.34227945903937,106.92700052880294,458.2133102416992,17.535058593750023,11.833642578125023,14.26352462768557,90.83194414774577,99.5402774810791,397.4270887374878,18.506499614716738,9.909157388332426,8.06186447143557,12.722170766194665,1007.837841796875,-6.1604354331890745,109.60136291617528,420.9124399820964,17.512811279296898,12.184594726562523,14.569996134440126,92.23194630940755,98.49097156524658,139.17708283662796,17.660434830546034,10.369351140149337,7.9065172831217865,13.257043457031273,1008.1529361979167,-7.794680178165436,139.48847403747882,463.2179807027181,19.164727783203148,12.308526611328148,14.801274871826195,89.77708339691162,97.08611138661702,293.68750286102295,17.02856859291362,9.725561735532482,7.876532491048181,13.006997680664085,1007.9957975260418,-7.680878192186356,168.2469760196594,467.70142873128253
2021-06-21,12.520074462890648,10.132867431640648,11.013869222005232,94.29375012715657,99.99375025431316,342.2708339691162,22.473223765154184,19.362991392928105,5.678681945800804,10.123234049479208,1012.3216536458333,15.970014095306396,15.713583638813967,639.34357325236,13.255059814453148,11.242272949218773,11.939656829834007,95.81041781107585,97.82361094156902,372.55208349227905,24.6869309898952,21.354871236514217,7.874586995442712,11.281414286295615,1009.8138899739583,18.14567196369171,15.081055632947633,623.8632545471191,12.066278076171898,10.388482666015648,11.050262705485048,94.9222224553426,99.96458339691162,125.37500095367432,25.061668606659502,20.923170283539545,5.9758405049641965,10.254055277506552,1011.6336490885417,16.505927681922913,17.378805437901367,669.3928756713867,13.861260986328148,10.940484619140648,12.38424962361656,89.69305610656738,99.97708352406819,228.87499904632568,22.20280528523232,19.34453061630815,5.666950480143271,10.69831492106124,1011.5533854166667,10.59030564626058,64.3102509197779,687.676815032959,11.925012207031273,10.633691406250023,11.214412943522158,94.57083352406819,99.9409720102946,135.42708206176758,24.41564017727171,21.67952105667278,6.426250712076865,10.36140085856124,1011.7607845052083,15.304280122121176,27.735138988743227,678.7144966125488,14.266687011718773,11.543084716796898,12.756557718912783,85.53819274902344,99.9854170481364,137.8541669845581,21.494309382296453,19.308612590447936,5.574975585937523,10.336915588378929,1012.121220703125,7.057076868290703,80.08488812902942,723.5866012573242,12.199334716796898,10.070977783203148,11.14836146036786,92.28125,99.50486119588216,43.29166617617011,24.35726830109301,20.537405521772104,5.601809438069665,9.91646219889327,1012.47794921875,15.367674549420675,29.473000059835613,713.1678949991862,13.093011474609398,10.817071533203148,11.749637858072939,94.29444408416748,99.94999980926514,257.43749713897705,25.877328109113236,21.672145781396114,6.466408030192099,10.859475708007835,1012.1822981770833,16.84037987391154,21.86388905889665,673.3972371419271
2021-06-22,14.905206298828148,9.104852294921898,12.130339558919294,79.0958325068156,97.70486036936443,161.7291669845581,24.23397837444936,19.101820922237575,3.209986623128259,8.448695119222009,1020.2043619791667,-2.7925157248973846,138.7449152095554,858.1764933268229,15.867913818359398,9.049981689453148,12.600039418538435,75.46458371480306,83.60555545488994,464.8333339691162,24.507387220297314,19.089954097134886,2.394556935628259,8.07279993693038,1020.066455078125,-8.119246224562326,265.54965715513873,949.1638949712118,15.433709716796898,9.215051269531273,12.314797973632835,77.97708352406819,97.36875057220459,203.73958444595337,24.900210244871978,19.471494034632332,3.0926236470540402,8.367210642496786,1019.9154524739583,-3.1306729055941105,170.58885932139432,875.9780915578207,15.306085205078148,9.328424072265648,12.083245849609398,84.67777919769287,99.4881944656372,365.5104179382324,24.260140390937575,20.907516041231297,3.7890780131022552,9.43750915527346,1018.93064453125,-3.7649739334980645,123.89202815907386,849.52734375,14.729669189453148,9.066674804687523,11.7094551086426,80.80347124735515,94.65208339691162,133.57291758060455,23.57223767413971,17.78580606595214,2.805861409505212,8.346528625488304,1020.1125748697917,1.1389045069615047,108.63608629997664,769.4899082183838,14.353082275390648,9.608483886718773,11.454715983072939,86.19444306691487,99.23125108083089,370.2604150772095,25.514821333969692,22.268853208000536,3.9554166158040402,9.131931559244833,1019.1297819010417,1.6618028283119202,101.89230784393537,839.3764381408691,14.378228759765648,9.068414306640648,11.561425781250023,80.94861125946045,97.79166603088379,102.39583265781403,23.425250820580235,17.97466084351916,2.427412923177087,8.2643867492676,1019.993583984375,3.5662143025547266,89.59444327272165,761.0967292785645,14.211724853515648,9.485131835937523,11.663919067382835,82.58263778686523,98.69166660308838,207.98958349227905,26.585677046147858,20.70705474194457,3.3650438944499115,8.668606058756552,1020.1365397135418,0.36132365216811496,105.41766869020648,858.9140561421713
2021-06-23,18.243646240234398,7.353265380859398,12.853534952799501,72.13888867696126,83.13680458068848,11.25,12.034552742183003,9.72128432583189,4.51443761189779,7.48087081909182,1023.418603515625,-8.217592721184095,316.98383277033764,645.0666638215383,18.468804931640648,6.703607177734398,12.758749898274763,74.52083269755046,34.047916332880654,166.25000381469727,16.05454369319763,11.97020194723787,5.320822652180993,7.942177073160849,1023.1998860677082,-9.82885029911995,335.43975219565135,621.4732322692871,18.576562500000023,6.860009765625023,12.874223327636741,72.41666714350383,38.02777739365896,4.0000001192092896,11.913406709139482,9.888391290504083,4.53275070190432,7.509732818603538,1023.4880013020833,-9.459744652112326,346.1906980661054,658.5063753922781,17.851434326171898,7.492364501953148,12.633540089925154,74.53124968210857,71.97708229223888,210.25000762939453,16.21320822841874,12.361475156269924,6.359455362955771,7.862170155843103,1023.4131282552083,-6.02423299352328,281.9817767627537,556.9588101704916,18.323632812500023,6.431695556640648,12.711727396647158,70.95347213745117,49.284027218818665,1.0000000298023224,12.392635102186269,10.012404792354609,4.252903238932333,7.018621063232445,1023.2210807291667,-9.315838317076365,345.222334669282,657.9432137807211,18.704522705078148,6.628472900390648,12.782481129964216,72.67916742960612,41.88819422324499,169.5,12.966185373792582,10.215720986163516,5.340400950113974,7.528568522135458,1023.6568977864583,-11.361453801393509,342.8490198670576,597.526731967926,18.597650146484398,6.790643310546898,12.847629801432314,70.10833326975505,35.534027963876724,0.5000000149011612,11.458393416047514,9.553122812517906,4.1697619120280365,6.944451904296898,1023.4462858072917,-9.891256074110666,353.25253066048026,670.7662936846415,18.075067138671898,6.388208007812523,12.556778208414736,72.49861017862956,72.91249990463257,139.5,12.29022345482286,9.980887773663891,4.572913106282556,7.2407330830891965,1023.46560546875,-10.017720381418863,319.79293891415,610.400277932485
2021-06-24,17.900018310546898,9.246179199218773,14.453989919026716,78.56874926884969,55.64444416761398,1.2395833181217313,13.983760640859323,7.975096556165044,6.101686096191429,10.607668813069665,1022.1513248697917,-8.497948070367178,202.9584175478667,410.2927711407344,20.825677490234398,8.828729248046898,15.038636779785179,65.7465279897054,32.69166692097982,11.437500029802322,8.354199480866612,5.139289940181681,5.98731638590499,7.951759592692099,1022.2635319010417,-16.05731349190076,345.37899666341644,576.542876402537,20.633172607421898,9.179162597656273,15.198598480224632,74.00625101725261,61.23541728655497,0.9479166632518172,15.050590681853567,6.850249637516678,5.775509134928427,10.235072072347009,1021.9595963541667,-17.36779221892357,319.1957184604059,602.7989727258682,21.460137939453148,9.012841796875023,15.39982376098635,69.56527757644653,28.552083681027096,4.677083402872086,6.627506392590876,4.606329627029541,5.8119064331054915,9.306484476725302,1022.092509765625,-18.6030607894063,337.98947514407337,643.1252916256586,19.936151123046898,9.186425781250023,14.650636291503929,77.15347369511922,70.31041674812634,0.9791666846722364,15.65819471617741,7.125596664722764,5.84892298380538,10.403249359130882,1021.935322265625,-11.688094645738602,258.03763792229194,517.2179098924001,21.528497314453148,9.032464599609398,15.43006032307945,69.97569370269775,10.644444620236754,1.5833333656191826,11.853654115339962,5.695041093832728,5.958636220296228,9.451189931233728,1022.130263671875,-19.80404308438301,346.75699650930864,650.686038573583,19.984307861328148,9.425836181640648,15.245786285400413,76.53402757644653,64.75902909537156,1.843750024214387,14.401519279104907,8.205811262922795,6.199536895751976,10.921876525878929,1021.6161848958333,-13.502000714341799,244.90816940180957,524.538096944491,19.440301513671898,9.323724365234398,14.551892852783226,76.03402853012085,48.94027781486511,1.8541667014360428,16.758034358149793,7.903303672565361,5.384016927083337,10.122006988525413,1022.0722591145833,-11.596857647101084,259.05972160212696,500.3138227860133
2021-06-25,15.724908447265648,13.305444335937523,14.21201349894208,94.04583358764648,97.35138988494873,83.86458353698254,11.523854151009317,6.441250600069942,6.9995590209961165,13.238032277425134,1016.9284537760417,2.078879122932752,50.35483300123209,285.4041926066081,15.807733154296898,11.682489013671898,14.272168731689476,90.86736106872559,84.85069410006206,60.39583373069763,14.421627622312506,8.136481271862413,6.759077962239587,12.770317331949911,1017.17158203125,2.3761261858356497,77.44449959811755,327.04998207092285,16.706811523437523,12.128381347656273,14.599966939290388,91.75138696034749,83.53333353996277,125.04166650772095,11.954130434322936,6.680720824562168,6.824154154459677,13.228715515136741,1016.469482421875,-0.4360341628392537,96.38419498561416,318.59838247299194,15.615045166015648,13.334985351562523,14.556640879313173,92.86041831970215,98.83333428700765,40.10416681319475,10.262320662826468,8.369739760632223,6.850176747639978,13.392751312255882,1018.0670638020833,3.0881572167078652,64.87511067767628,308.8157278696696,16.200891113281273,12.492120361328148,14.294805145263695,89.0166654586792,84.58263957500458,181.96875035762787,12.939562505569162,8.435162801712638,6.53293380737307,12.420254007975302,1016.3221321614583,3.1680662830670676,99.56299945681046,366.5093232790629,15.535943603515648,12.849389648437523,14.196511840820335,93.38124910990398,94.39305528004964,131.90624982118607,11.881095695244696,7.631168973820768,6.900762176513695,13.10986989339193,1016.969892578125,-0.5878973305225372,85.29563887766562,308.9598325093587,16.675653076171898,12.391168212890648,14.300251261393251,91.0111099878947,84.1756940682729,154.0104182958603,13.878261302201548,7.92749400293242,6.793495432535849,12.792974090576195,1016.2021940104167,3.6023435095945993,81.7196369515732,317.58472537994385,18.085260009765648,12.434594726562523,14.885792032877626,86.4569452603658,88.54027779897054,118.37500059604645,12.294289846438275,7.855905171742933,6.576604461669945,12.430207824707054,1016.47244140625,-3.4849537760019302,132.74027780233882,463.83337450027466
2021-06-26,19.863092041015648,10.079461669921898,15.0800237019857,76.48749923706055,43.60902721683184,275.95832920074463,11.691011362157392,7.557734137013966,5.597341156005882,10.541172281901083,1017.2979069010418,-12.220006982485453,316.89608444428694,574.352611621221,19.929284667968773,11.379754638671898,15.708914693196638,82.20277833938599,79.29236141840617,193.08333349227905,11.101966510746943,6.407994035029397,6.487365976969443,12.424269612630212,1017.107060546875,-16.309454704324406,269.29561325752485,467.54130538304645,20.783349609375023,10.046624755859398,15.374566650390648,75.94652779897054,42.64513900876045,148.7291660308838,13.026052423995068,7.130255817614192,6.054806009928427,10.639685567220056,1017.4446940104167,-12.539024909337362,318.557301192234,609.9645659128824,18.969232177734398,9.943841552734398,14.72326558430992,79.05624914169312,31.40416693019991,230.27083778381348,10.876767246047361,5.46980221952579,6.13719202677413,10.83594919840499,1016.9913151041667,-8.179845730463663,237.038024811695,438.2676227092743,20.983300781250023,10.053521728515648,15.516477203369163,76.27916638056438,49.28055685261885,78.7187488079071,13.957760609743895,7.497888938432086,6.275830841064476,10.880937194824241,1017.4686783854168,-12.842227518558502,311.6468056725959,573.3063042958578,20.183343505859398,9.837518310546898,15.44925715128583,72.87916723887126,63.0840269724528,298.33333683013916,13.248286128246084,7.811552338156521,5.503004964192712,10.32166697184249,1017.23115234375,-14.63066271940867,289.80236843104166,588.682374795278,20.083306884765648,9.998956298828148,15.07383753458661,79.40555556615193,56.90763906637827,12.229166686534882,14.58070951199861,8.075464589366332,6.416033681233728,11.196068064371786,1017.7077018229168,-8.884135464827219,273.47805660218,542.5021663506826,20.199975585937523,10.366662597656273,15.420447285970075,76.52639118830363,64.92986210187276,277.8020820617676,11.264803024749295,6.73796256700506,5.919288889567099,10.925026194254599,1017.6752701822917,-14.98871890703837,291.6734994140764,552.9763230482737
2021-06-27,20.814141845703148,12.049981689453148,16.0555981953939,89.25277741750081,95.32777881622314,40.49999979138374,22.02110191077179,14.297748354598141,9.182291920979821,14.165203348795615,1015.876259765625,-8.473883271217346,212.20592054445297,447.99925422668457,21.278802490234398,12.071191406250023,16.47021636962893,84.83124891916911,95.57222239176433,292.66666316986084,21.289219795388803,15.376145671378117,9.309615071614587,13.780074055989587,1015.715634765625,-14.03156578540802,247.26169574974725,528.8741041819254,20.991937255859398,12.355706787109398,15.980908966064476,90.31111017862956,96.26319535573323,50.62499964237213,24.988856975495466,15.393264149371143,9.230320231119833,14.275952911376976,1015.3272135416668,-8.674296617507935,210.3309707514321,459.5851815541585,20.764123535156273,12.577630615234398,16.214654541015648,87.86805597941081,99.32430521647136,171.0104160308838,22.80535569494834,16.357559096410174,9.142313893636071,14.078410085042321,1015.7177734375,-8.658563931783041,210.00808260434619,518.944439570109,20.721551513671898,12.621942138671898,16.250323232014996,89.93055693308513,94.79097366333008,55.104166746139526,22.25188009667947,15.59520914395028,9.042200978597009,14.463165537516318,1015.41384765625,-10.793770134449005,189.55252758522207,501.5419527689616,21.351678466796898,12.475335693359398,16.498255666097027,87.54097270965576,95.2687505086263,106.69791603088379,22.797399881417984,14.66544016038795,9.449016825358115,14.284521993001306,1015.73162109375,-10.88635148604711,228.38946643626937,467.256783803304,19.543634033203148,12.702661132812523,15.911279296875023,90.72916762034099,94.00694433848064,31.61458334326744,23.088177654600617,16.23703998049965,8.777234649658226,14.305190022786462,1015.3221907552083,-8.339361384510994,173.93152391770855,486.1248086293538,20.958825683593773,12.445306396484398,16.05915222167971,90.51389058430989,95.21458498636882,54.59374976158142,21.572690421735324,13.788242532402696,9.176844533284509,14.408826446533226,1015.6166861979167,-8.068664828936258,199.50225042831153,406.18267854054767
2021-06-28,18.966668701171898,14.239495849609398,15.871909077962263,94.58541742960612,93.05833466847737,200.05208373069763,8.90820793205408,5.488672637719362,9.253995513916038,14.96405944824221,1014.454169921875,-5.263255859414737,59.800528241787106,236.46661007404327,19.987329101562523,13.685296630859398,16.198131815592472,90.24791685740153,91.08333365122478,131.78125047683716,9.525322044692365,6.245267114874999,9.26143290201827,14.515274302164755,1014.8300455729167,-9.205421676238378,132.1274998031246,322.9837622642517,20.413507080078148,14.275506591796898,16.340767161051456,91.55486170450847,81.73402792215347,165.875,11.279262065425353,6.1806257716031405,9.394395446777366,14.880579884847009,1014.211923828125,-10.253972495595614,152.51422227166282,334.33157745997113,17.922052001953148,12.870965576171898,15.485075887044294,92.85902722676595,88.06597232818604,145.41666793823242,7.562412096800198,4.247961818476081,8.756013488769554,14.298457082112634,1015.1137434895833,-3.998026708761851,96.48449843283743,210.04954306284586,19.411889648437523,14.304711914062523,16.216032918294292,91.90069389343262,92.59236160914104,270.1875,12.33693068108557,5.0088663690728925,8.834385172526083,14.835438028971396,1014.385546875,-9.161950518687567,111.70250055434492,306.0240797996521,19.635369873046898,14.213677978515648,16.425038909912132,91.4736115137736,91.14236195882161,186.16666650772095,11.288875188269879,6.150940153100947,8.978590901692712,14.972094472249353,1015.0369856770833,-12.356393496195475,183.30664216276878,299.24171566963196,18.930902099609398,14.119165039062523,15.867793019612654,94.30277665456136,95.29861132303874,167.47916650772095,14.964242195033547,8.284422275269936,9.00177663167318,14.919947560628259,1014.4926204427082,-4.101475636164348,85.08899963705335,332.772723197937,18.651544189453148,14.154901123046898,15.788296000162783,94.84791660308838,86.88402700424194,296.42708683013916,8.850260811690566,6.129243942606085,8.889916992187523,14.922583516438806,1014.5630533854168,-7.055019333958626,96.68758311852191,267.3296408255895
2021-06-29,16.900018310546898,13.047296142578148,15.122721608479841,91.04722340901692,99.60763994852702,100.59375095367432,13.165626082686396,10.412582613946215,8.39383468627932,13.634865061442099,1014.96904296875,1.6890542432665825,65.12758397551563,409.6852442423503,19.135736083984398,12.996728515625023,15.89646937052411,89.88680680592854,92.41180562973022,372.1770830154419,16.760523284583225,9.821927117790095,8.603692626953148,14.186425781250023,1014.805673828125,-6.073070486386617,165.78947287332267,406.4173576434453,17.164361572265648,12.468927001953148,14.827690378824892,89.8791659673055,98.18472226460774,137.10416746139526,17.134953185966857,12.073884132530674,8.424385325113974,13.147822316487634,1014.8532682291667,3.258751153945923,105.86583428597078,489.54432678222656,19.241448974609398,13.146752929687523,15.819254811604841,90.05277665456136,83.12430560588837,325.27083015441895,17.74029111806391,11.518148671260308,8.753513590494833,14.147375996907556,1014.9904231770832,-4.113254070281982,176.33046967505166,418.44190096855164,16.597711181640648,12.049188232421898,14.768969472249372,89.51041825612386,95.99722321828206,144.06250143051147,15.596491651090533,12.292680522150194,8.523829396565759,13.019013977050804,1014.8846549479167,3.068445528546969,100.16052884142846,494.81116739908856,18.395745849609398,13.652093505859398,15.637682851155622,92.01111062367757,95.65624936421712,396.9791650772095,18.155451462413783,11.735037384521398,8.343555704752646,14.308992004394554,1014.6418229166667,-1.546955982844035,134.21349844072634,424.5833427111308,16.098443603515648,12.209008789062523,14.000852203369163,92.19166692097981,98.59305636088054,67.94791686534882,13.793652829310185,11.8506243381742,8.412819163004599,12.725049591064476,1015.180810546875,9.847020944580436,63.972138442564756,433.6330318450928,17.281030273437523,13.597680664062523,15.18606847127281,90.69305515289307,96.27986081441243,246.35416507720947,13.020867086843795,9.972765670594454,8.436934407552087,13.626512145996116,1015.3422395833333,-1.8304777443408966,65.99222043148863,378.5518995920817
2021-06-30,15.592034912109398,10.450006103515648,13.187191263834658,82.01458263397217,99.60972213745117,75.67708325386047,15.908808160517315,12.271810234026004,7.43271153767904,10.086063639322958,1017.70498046875,1.4632700209816296,99.82375006486352,572.8577412764231,17.490594482421898,11.543725585937523,14.519033050537132,78.5763889948527,99.23124980926514,120.35416841506958,17.373547928081027,11.831342118186887,7.776274617513025,10.721093750000023,1016.5293033854167,-5.340330918629964,232.43549978096658,572.052261432012,16.225366210937523,10.580682373046898,13.320325469970726,82.54999923706055,98.87708282470703,56.28124952316284,15.878594626073403,11.811899411349449,6.818633015950525,10.317119852701865,1017.2223828125,1.6538267011443775,99.22310991453317,535.0851499239603,16.055413818359398,11.216363525390648,13.647754923502626,82.22847207387288,99.93333276112874,178.03125,17.584267483682137,11.517652409307331,7.587027486165368,10.602161661783896,1016.8265266927083,0.8654604057470957,136.73455619175607,532.4346048037211,16.084130859375023,10.927301025390648,13.531619008382185,82.2006934483846,98.09444395701091,18.624999940395355,15.393818436267525,12.19764499872617,6.944520568847679,10.455364481608115,1017.0201790364583,0.026928323010603588,124.97577636743274,572.8592614332835,15.787957763671898,10.698815917968773,13.394385274251325,82.40555508931477,99.98263867696126,166.59374809265137,17.351729489774065,12.85370928858034,7.917498524983728,10.378617858886741,1016.9181315104167,3.034553110599518,116.28244572738186,617.0832404295603,16.472009277343773,10.428125000000023,13.547987874348982,82.12916692097981,99.842360496521,2.385416641831398,15.491180390321833,12.022787990530253,7.403237915039085,10.460769907633505,1016.9357747395833,-0.6058287719885508,120.56002689385787,557.2931824525198,16.186029052734398,10.309197998046898,13.180444335937523,84.80416742960612,97.94375069936116,115.75000047683716,16.362605452283255,11.179361259851438,7.629524485270224,10.582215881347679,1017.366025390625,1.3167091856400173,111.1504985676147,534.0986663500468
2021-07-01,20.008538818359398,9.401544189453148,14.795458730061872,71.15416669845581,61.781944354375206,5.281250014901161,13.518123191390139,9.690769870107799,7.155974324544275,9.028288777669275,1017.9036328125,-12.568858285744986,323.1082747403222,545.2564636866251,20.021020507812523,9.346429443359398,14.842668151855491,73.15763902664185,32.997916559378304,77.40624976158142,14.509882979144813,10.581007618307352,7.426372782389365,9.565731302897177,1019.1021647135417,-15.717557986577352,342.3363099518853,580.1484171946844,19.088616943359398,9.433312988281273,14.739359792073591,71.42014042536418,78.3791659673055,5.25,13.657507510998332,9.317312960774796,7.281191762288415,9.146221415201865,1017.8416666666667,-10.485911721984545,295.9067220791864,509.2385226885478,20.003961181640648,9.314019775390648,14.770511881510439,72.1201376914978,28.895138919353485,61.41666603088379,14.220438249531536,10.22244900749495,6.5983507792155365,9.215528106689476,1018.2476399739583,-14.19370049238205,346.0034335160938,600.7416870196661,19.797265625000023,9.799981689453148,15.365054066975935,68.43194500605266,74.15416653951009,2.8333334028720856,14.679583451151299,9.643663679036509,7.20395431518557,9.144654846191429,1017.8367220052082,-13.613053123156229,323.625023661647,545.9399015903473,20.336816406250023,10.183343505859398,15.124042765299501,72.19444417953491,90.7548615137736,22.249999523162842,13.752539551537263,9.568571577529305,7.012771860758505,9.62809524536135,1018.948759765625,-16.060312410195667,323.5374704026617,557.8066735665003,18.748712158203148,10.023370361328148,14.981074269612654,69.99236170450847,81.40625079472859,0.2500000074505806,13.587435434520245,8.669301941581184,7.494910176595056,9.129051462809286,1017.8946223958333,-10.226437111695608,280.12211054423824,452.3043067852656,21.185357666015648,9.783349609375023,15.683379109700544,70.23194408416748,40.6701383193334,5.39583332836628,12.240618368072512,8.780471759801445,6.794569905598962,9.783559417724632,1018.2462662760418,-18.708714882532757,343.3848772550312,590.2798669338226
2021-07-02,21.219171142578148,12.366998291015648,16.93750406901044,74.71736240386963,88.9173599878947,24.10416664555669,13.0670979681427,7.155727492948208,8.0852040608724,12.250206247965536,1016.4143196614583,-12.803985029459,258.99691687570885,437.9424686829249,21.150018310546898,11.916925048828148,15.997392272949241,79.34861183166504,75.71250033378601,23.48958331346512,10.975852154294802,4.847738268980202,7.501374816894554,12.17145690917971,1016.0679036458333,-16.40568669637044,256.97805821631727,404.3387490113576,21.406976318359398,12.193170166015648,16.973020172119163,75.2277774810791,89.85486141840617,24.22916677221656,12.898168324839615,7.713034673173894,7.828092193603538,12.392030334472679,1016.3967350260417,-14.850241939226786,261.48432872863486,437.0136150916417,21.448510742187523,12.516656494140648,16.83762130737307,75.12152608235677,81.76249965031941,15.40625,9.261652740665376,5.150460757227644,7.489190673828148,12.112607574462913,1015.9833430989582,-20.06493887801965,279.2503550660331,472.59629960854846,21.086175537109398,12.985253906250023,17.064739481608097,76.81388982137044,87.8659709294637,41.499999433755875,13.04246305668453,7.416049112505618,7.80816548665365,12.828762308756552,1016.137685546875,-11.817243576049805,249.39236283038431,434.8147937456767,22.795190429687523,13.658807373046898,17.670307413737003,71.6701382001241,88.94652779897054,21.27083334326744,12.004393043159965,6.571158894599868,8.245552317301474,12.222525533040368,1015.5201236979167,-20.052162433664005,272.2282761738558,541.9505647818247,22.466424560546898,12.838250732421898,17.532984670003277,74.74861160914104,85.81041717529297,18.645833276212215,14.172187382651146,7.251294329310557,8.224160766601585,12.738970692952478,1015.9183430989583,-18.737317005793255,266.21991623798385,506.7632442712784,21.628503417968773,12.533685302734398,17.038903808593773,74.19722255071004,86.4020832379659,23.197916919365525,13.36554506214355,7.29763014939856,8.13770446777346,12.214922841389978,1015.9435123697917,-17.402536988258362,289.10110642248765,475.948607524236
2021-07-03,21.816644287109398,14.509057617187523,17.397187805175804,79.77361122767131,80.3381945391496,77.46875,17.710700045201527,11.184708401339128,9.27618306477865,13.723377482096396,1013.025791015625,-11.14476744333903,244.0149680065418,448.00769956906635,21.149163818359398,14.272119140625023,16.649687703450542,85.59444459279378,76.39027654131253,88.54166746139526,16.356433333384295,8.952528907307249,9.042274729410849,14.13374735514327,1013.51396484375,-10.863044089715308,195.5673605563546,351.48110644022626,21.333306884765648,14.516809082031273,17.246274566650413,82.88402779897054,76.40555608272552,73.90624856948853,17.72488711796294,10.085370894994144,9.302952067057333,14.235887145996116,1012.3819270833333,-5.056492358446121,208.34711025158563,446.4613831837972,20.508477783203148,14.088800048828148,16.384434000651066,87.42916711171468,77.24305645624797,105.08333325386047,13.32926580760058,7.1345368596272225,8.814822133382165,14.228430684407556,1013.60646484375,-8.114844708393017,181.0479239448517,274.1773624420166,21.062097167968773,14.560723876953148,17.193187967936222,83.09861024220784,80.07291583220164,27.031250059604645,19.740719261964202,10.622140676947518,9.430958048502646,14.177774047851585,1012.3263509114582,-7.799321571985881,182.17103203137717,454.651357571284,21.467034912109398,14.264733886718773,17.003254191080753,81.6222227414449,72.73958321412404,143.19791460037231,18.33871850309545,10.240997800155535,8.813428497314476,13.651231384277366,1013.0557975260417,-12.389313866694769,231.3699729690949,438.05998309453327,20.536126708984398,14.274041748046898,17.328886922200542,83.34930388132732,82.89166700839996,61.31250125542283,20.08782126758661,11.113524708599101,9.633528645833337,14.378518676757835,1012.2434537760417,-7.20288868745168,177.1062199062823,497.9209922154744,21.887872314453148,14.333367919921898,17.263940429687523,80.212499777476,73.65624978144963,65.7916659116745,17.689819219210232,10.045359811203067,9.038517252604208,13.70777537027999,1013.0612662760417,-13.019545565048853,245.9231133957704,475.3388940493266
2021-07-04,18.549554443359398,13.150079345703148,15.432364400227888,89.69444433848064,84.34027894337972,136.71874904632568,18.655355258502055,11.924764585326486,8.132825469970726,13.67879130045577,1008.3713151041667,4.202894185980161,165.55341717096357,442.44950008392334,17.976800537109398,12.966851806640648,15.117777760823591,90.90277862548828,79.59652813275655,223.42708492279053,17.314193421338025,11.44820552181465,8.211502329508505,13.598706817626976,1008.6259342447917,6.501521204908689,130.66061293760626,391.03563197453815,19.290887451171898,13.122308349609398,15.825771586100283,85.3472204208374,85.0027798016866,67.21875011920929,21.445934025607702,14.146088893505807,7.985393778483115,13.275978342692099,1008.2017317708332,0.1963750123977661,207.860439198014,569.0760672887167,17.989190673828148,13.225793457031273,15.278137461344423,89.56597264607747,82.44444338480632,184.57291507720947,19.333530783881272,12.730053961355397,8.051456705729208,13.511379496256552,1007.797548828125,5.465648978948593,140.0459123774975,453.9538828531901,18.004937744140648,12.716180419921898,15.288425699869814,88.28750038146973,77.23194531599681,90.59374928474426,20.148493285655242,13.695415648092984,7.71811447143557,13.318059539794945,1008.1255859375,4.804900997007887,168.53502493406026,523.6739260355631,17.260675048828148,13.063714599609398,14.907071685791038,91.81180477142334,89.31805404027303,97.37500095367432,19.01166017557341,12.79764346935602,7.941261545817099,13.5578603108724,1008.3284635416667,5.927324011921883,123.19863799889572,421.622872988383,18.370599365234398,12.915612792968773,15.404748535156273,87.03541660308838,79.84791600704193,68.14583339728415,21.74115506433959,14.859142838023152,7.5798876444499115,13.185291544596396,1007.8916080729167,4.082562391956647,175.88496787217446,587.1884225209554,18.839807128906273,12.907830810546898,15.408680216471376,89.05902608235677,83.79791855812073,150.0416669845581,18.438024224558202,11.641647856913016,8.202996826171898,13.551918284098349,1008.1146875,2.6806309868892035,177.51388400102346,434.68697770436603
2021-07-05,20.554071044921898,12.449975585937523,15.807049051920595,77.30555534362793,83.40416590372722,189.73958444595337,20.371807260996647,17.29498180596832,6.525367991129599,11.350574747721396,1005.7166080729168,-9.369639078776041,304.56130569424323,904.5867538452148,20.014428710937523,12.615411376953148,15.920612589518251,76.43333292007446,81.81666628519694,240.3541669845581,20.933936978786093,18.15341046064729,6.609100596110068,11.341212209065759,1006.689423828125,-9.913862884044647,293.13596865779255,940.2368583679199,20.525567626953148,12.591363525390648,15.885156250000023,78.15208435058594,80.64583365122478,157.78124904632568,21.936850597781792,17.307525455216396,6.592702484130882,11.629076894124353,1005.3343717447917,-8.715507427851358,289.8009425724158,890.436092376709,20.600701904296898,12.468682861328148,16.09852498372398,76.1611099243164,77.27222232023875,144.2395839691162,21.900368317072544,17.349658810925856,6.420248921712243,11.43585866292318,1006.328828125,-9.081745107968649,301.7202004895468,935.4688606262207,19.204980468750023,12.446069335937523,15.495469665527366,80.49583180745442,89.82083320617676,98.08333468437195,22.365660900859297,17.134308219085128,6.521680450439476,11.868713633219443,1005.2293489583333,-2.8472795883814492,232.57096751589174,839.7309277852377,19.832177734375023,12.616143798828148,15.762045796712263,77.10416634877522,75.86666675408681,197.93750047683716,20.72532626887099,17.387355237480364,6.445105489095056,11.361566162109398,1005.9690397135417,-9.388275265693665,264.4626373611197,891.4590861002604,19.354272460937523,12.984307861328148,15.780305480957054,77.84305477142334,84.8013874689738,14.020833559334278,19.83375333062545,16.557086587159592,6.339737192789755,11.646449025472009,1005.3458658854167,-7.837873578071594,262.13985879467026,856.8218752543131,20.221917724609398,13.008752441406273,15.777639007568382,78.65208466847737,87.19166644414265,195.78124952316284,23.174348818755092,18.411520735633065,6.563174184163415,11.679460144042991,1005.63671875,-7.7800179322560625,286.87955318888027,891.2423947652181
2021-07-06,16.855859375000023,12.470849609375023,14.736260986328148,85.82916673024495,91.73125171661377,159.7291669845581,38.13663910848802,30.22347443505049,6.1897509256999115,12.353398895263695,999.2387369791667,3.4877141068379083,207.4330004695415,1114.7466405232747,16.850762939453148,13.044458007812523,14.719907379150413,85.40138912200928,92.25625006357829,373.45833683013916,45.24096005266388,33.6554807657551,6.3999738057454465,12.26315841674807,999.677099609375,4.5158466299374895,147.48758631944656,1139.8013585408528,16.816674804687523,12.287530517578148,14.488628641764345,85.80069478352864,91.29930528004964,172.06250095367432,37.75452905777998,30.36349333645839,6.1766461690266965,12.100522613525413,999.3370703125,7.57758687933286,165.12063901060415,1099.2256876627605,17.471215820312523,12.487634277343773,14.904904937744163,86.24375057220459,82.94583304723103,384.1041650772095,41.16914247133535,31.047267946161686,6.490655517578148,12.60129318237307,999.7513899739583,2.66347270210584,203.8171962723136,1085.615125020345,16.727227783203148,12.253045654296898,14.41141026814781,85.44583320617676,86.51458406448364,173.7083342075348,39.3653988636756,29.736686177373226,5.967505391438806,11.94595870971682,999.50775390625,4.9412819147109985,193.1545552853107,1100.2865498860676,17.184625244140648,12.649957275390648,14.890566762288435,84.34930642445882,85.33472235997517,355.4062509536743,39.392876281430404,30.109489697401997,6.35962829589846,12.21502583821615,1000.0111848958333,4.892519099016984,185.6006674245,1100.86536916097,17.087152099609398,12.272698974609398,14.562537129720075,84.76458390553792,73.80763916174571,181.82291626930237,36.06506423390652,27.927222167086523,5.934106445312523,11.943741099039755,999.7787109375,4.70696107049783,187.3424472225015,1072.7916844685872,17.600335693359398,12.731683349609398,14.914606984456404,84.28263823191325,74.48263851801555,231.30208349227905,41.784926901935265,30.33368894661181,6.248885091145837,12.21973826090499,999.9673958333333,1.3817786648869514,252.04733248982424,1140.2055842081706
2021-07-07,19.290460205078148,11.887597656250023,15.369404093424501,83.15486145019531,61.861804674069084,155.62499904632568,26.349146987588238,19.697145857650643,7.0044418334961165,12.367601013183616,1011.31607421875,-8.7162005007267,205.41430857590362,781.381778717041,19.127252197265648,12.602288818359398,15.647425587972029,80.7986110051473,79.07222171624501,232.81249809265137,25.659358819959486,19.72196680530189,6.847721354166708,12.222230529785179,1012.2226920572917,-10.823903858661652,226.52308056564652,800.026782989502,19.180413818359398,12.201684570312523,15.595243072509788,82.59861278533936,73.48749955495198,110.9166669845581,24.37473295061394,18.985392265233255,7.084881083170615,12.524079895019554,1011.4931380208333,-11.038404822349548,221.47694135208926,761.8378849029541,19.093988037109398,12.854150390625023,15.73074874877932,81.33194573720296,79.62847265601158,239.52083587646484,24.119359797879557,20.233604002935877,6.964138285319052,12.438677724202478,1011.3025651041667,-10.135832538207373,169.33719422419867,860.4100023905436,18.755059814453148,11.749993896484398,15.269326782226585,83.8201379776001,68.98888830343883,84.71874952316284,26.303681353288848,19.222697273613207,7.099328613281273,12.429504648844443,1011.2605696614582,-9.580969154834747,214.94199973654273,751.8982257843018,18.667199707031273,12.402581787109398,15.474345143636091,82.78472169240315,85.26458390553792,246.86458110809326,26.788747540584602,20.238644074501895,6.882465616862021,12.444729105631552,1011.4155305989583,-9.858981013298035,204.49475847681364,800.7297941843668,18.514581298828148,11.831231689453148,15.262469228108747,83.98541641235352,67.77916582425435,20.229166582226753,26.230994481166093,18.957740479258224,7.12220408121749,12.458793894449911,1011.4252994791667,-9.267597933610281,216.78147638650262,745.029109954834,18.830743408203148,11.993157958984398,15.324390665690126,82.6111110051473,59.35416634877523,255.8125,26.298819768101875,19.923608419017338,6.791955566406273,12.24964548746749,1011.3170475260417,-8.827394664287567,223.31969152700427,776.9605929056803
2021-07-08,21.083337402343773,11.718652343750023,16.646587626139347,79.10347318649292,41.45763941357533,32.45833349227905,13.316782424308743,10.54935116100078,7.701773579915368,12.708516693115257,1018.5414127604167,-15.160004576047262,255.99886216719946,588.5883992513021,20.394555664062523,12.009027099609398,16.186650848388695,82.87291685740153,54.98888878027598,181.11458206176758,11.282721210805361,8.908328795553905,7.802810923258505,13.058623250325525,1018.3145247395832,-15.464796334505081,218.91294821103415,495.486732562383,20.196832275390648,11.781365966796898,16.34944305419924,80.69236056009929,53.53749944766363,27.864583015441895,13.519775633163546,10.854703453726883,7.525427754720056,12.789824422200525,1018.4411881510417,-12.222631961107254,225.4248330394427,573.9423758188883,20.402093505859398,11.885675048828148,16.415853118896507,81.4305550257365,38.736111422379814,136.6458339691162,12.081911328197771,9.249912023742057,7.69998448689779,13.044423675537132,1018.787216796875,-11.507295896609625,224.96366761128107,513.9413987795512,20.665795898437523,11.934625244140648,16.426166788737003,80.24166536331177,57.10486151278019,17.729166567325592,13.270354010287303,11.122295083166323,7.417007700602255,12.759796396891318,1018.6225618489583,-10.755219688018164,226.01883198817572,587.7103932698568,20.683343505859398,11.702081298828148,16.4609199523926,80.37430540720622,49.735416650772095,110.99999809265137,13.59588392000283,10.363228430356521,7.802223459879599,12.848427073160849,1018.4220442708333,-15.14984381198883,244.90752545992532,574.1064068476359,20.270471191406273,11.751245117187523,16.193523661295597,80.08749961853027,62.96250023444494,10.156249970197678,14.608101880901867,11.382519901872094,7.048956807454431,12.487378692626976,1018.7076920572918,-10.276323397954306,221.95444281895956,604.7336562474569,20.404138183593773,11.570672607421898,16.440010325113956,81.25347137451172,39.875000044703484,58.30208373069763,14.262258919458112,10.8101071310945,7.8247301737467865,13.019724782307946,1018.6303645833333,-12.781579400102297,247.75430766741434,563.9735094706217
2021-07-09,22.223199462890648,13.061212158203148,17.515718078613304,74.72083314259847,55.08194446563721,26.99999976158142,18.007784454884103,10.57496125700852,7.8093429565429915,12.632361348470056,1020.0329427083333,-15.704533189535141,278.1691999435425,611.0053540070852,21.280786132812523,13.228173828125023,17.328066762288433,77.07499917348225,59.454166968663536,40.23958337306976,16.343333671944464,10.587403618941085,8.264521535237634,13.022410329182946,1019.9080305989582,-10.470045778900385,223.52808608611426,544.0132862726847,21.566644287109398,12.853997802734398,17.13802235921226,76.72569433848064,52.79999907811483,69.71874928474426,17.82585420548482,11.316366508008779,7.700685119628929,12.73270187377932,1020.0779296875,-12.169305860996246,253.20874895652136,588.3969377676646,21.771691894531273,12.797387695312523,17.161876932779972,76.32083257039388,63.25416684150696,55.614581823349,17.570124096762292,12.089362251971751,7.979787445068382,12.663963572184286,1019.8319108072917,-12.203697045644125,255.8658569852511,624.2557916641235,21.342218017578148,12.343316650390648,16.825799560546898,77.68402687708537,59.310415824254356,50.40624976158142,15.678068864604139,10.888673073715376,7.619209543863974,12.654625193278036,1020.446982421875,-12.260312534868717,249.37977766990662,563.3776950041453,21.208856201171898,12.902734375000023,16.974017079671246,76.67708269755046,65.50069411595662,39.75000035762787,17.014537710450526,11.733278692229808,7.973451232910179,12.58894755045577,1020.3358203125,-13.484823902448019,279.88758192459744,593.8236192067465,21.730004882812523,12.468530273437523,16.962767537434917,77.45000012715657,55.44236067930857,12.999999970197678,15.762429961471536,10.30626207699242,7.592874145507835,12.715409851074241,1020.3233984375,-14.654439926147461,288.73650548855466,561.3465541203817,21.220971679687523,12.805596923828148,17.202153778076195,76.43819506963094,64.32847181955974,24.416666448116302,16.894173925012133,11.268035139828095,7.888555145263695,12.749954477946005,1020.0800227864582,-13.15046422680219,250.78193900982538,611.9820550282797
2021-07-10,14.383752441406273,12.950006103515648,13.529707845052107,88.42638842264812,99.82291666666667,78.47916638851166,8.452304928001826,4.351683928479884,6.510067240397177,11.6164375305176,1016.1091536458333,16.216099205116432,44.203527837991714,181.8328153292338,15.830010986328148,13.296136474609398,14.612119293212913,82.55347315470378,99.20624923706055,37.28125,9.192189623888458,7.739419865310641,6.87800242106124,11.625854746500693,1016.3810970052083,9.898670017719269,75.96158308784167,302.47784996032715,14.366662597656273,12.671563720703148,13.591725921630882,87.62638918558757,100.0,76.06249928474426,8.760875199454267,5.467040645662665,6.535832977294945,11.5342842102051,1015.8671354166668,15.108694141109785,55.40066635608673,216.0159829457601,16.321557617187523,12.734979248046898,14.304996744791689,85.06736087799072,93.7652777036031,88.72916793823242,9.972420970260346,7.472511837299166,6.5362958272298215,11.788340504964196,1016.168681640625,8.678464651107788,83.29797179996967,306.38035186131793,14.345117187500023,12.715264892578148,13.327738698323591,90.68611113230388,99.3243055343628,96.6770828962326,8.451367024655717,4.292505638863182,6.5000778198242415,11.798268890380882,1016.069140625,14.847413639227549,45.54674846927325,162.41449689865112,14.593041992187523,12.114617919921898,13.453772481282575,89.34930610656738,95.55694405237834,123.3437488079071,8.298963640670879,4.690846359640252,6.236604309082054,11.701376851399743,1015.8801171875,15.425789571056763,42.66277833779653,181.89322686195374,13.972955322265648,12.749993896484398,13.347773488362654,91.4013884862264,99.96041679382324,95.7291673719883,8.926954673986463,4.41342864775375,6.497493998209677,11.948584493001306,1016.3922005208333,15.955857995897532,38.08769449591637,158.8805763721466,14.172784423828148,12.838983154296898,13.360316212972029,89.03402741750081,97.95277786254883,84.07291793823242,8.724888134224326,4.266983511778604,6.36683298746749,11.558648681640648,1015.58087890625,17.284207907815773,40.34874906142553,169.5604588985443
2021-07-11,19.575799560546898,11.158502197265648,15.535390472412132,80.64027802149455,72.85833323001862,129.22916507720947,14.802557084972587,9.332809200870052,7.244397735595726,12.001238759358728,1014.6366145833333,-11.820508559544882,195.810362915198,517.6178796688715,19.640161132812523,11.333734130859398,15.453823343912783,83.3527774810791,80.85277700424194,137.2291669845581,19.311665245829793,12.126767219626487,7.357617950439476,12.415409342447958,1013.8301822916667,-13.30354376633962,214.9650249282519,569.4785749117533,20.221337890625023,11.278375244140648,15.922685241699241,80.32430632909139,77.97638988494873,116.8125,14.528118524433047,9.115407285831472,7.379719034830771,12.281265513102255,1014.5800423177083,-13.663751065731049,208.29677804311117,527.1131538550059,20.395745849609398,11.154901123046898,15.886613464355491,79.99652767181396,77.96597286065419,113.5208330154419,18.427905960019736,11.613987427505878,7.5210128784179915,12.187581634521507,1013.837548828125,-15.33076878885428,213.28597158193588,570.4695302645365,19.995172119140648,11.258172607421898,15.88190867106122,80.35763915379842,72.02222235997517,5.5416666604578495,13.089872367700774,8.226893973642346,7.351724243164085,12.286304728190146,1014.9440690104167,-13.414010246594747,199.41560731331506,500.4605903625488,19.854272460937523,11.850946044921898,15.881814575195335,80.72777795791626,90.40069421132405,151.90625,16.617719635905914,9.5938141355904,7.554152425130212,12.370159403483115,1014.1764485677082,-17.844962040583294,208.5350259343783,530.2178405125936,19.879388427734398,11.661401367187523,16.098138427734398,79.94791634877522,71.7118063767751,7.208333365619183,14.235010361207461,8.21439675446017,7.4970565795898665,12.434873199462913,1015.0231868489583,-15.722087363402048,221.30573159456253,501.0269074837367,19.560540771484398,11.245019531250023,15.604346211751325,81.81805801391602,88.18541590372722,170.07291793823242,14.88483956324779,9.014643911446031,7.16327819824221,12.306319173177087,1014.339931640625,-13.905916690826416,186.05469648043314,513.9066995382309
2021-07-12,17.455804443359398,13.863916015625023,15.281406656901064,92.94097328186035,98.82430458068848,199.11458373069763,10.36244208558524,7.094533055500977,8.103102620442712,14.125980631510458,1011.03384765625,0.1394773150483767,83.8102466960748,236.55621449152628,17.862725830078148,13.830102539062523,15.299198404947939,93.3548599878947,98.57361221313477,379.6979179382324,12.625287957165305,8.831387643797884,8.083193715413415,14.206470743815146,1010.0716373697917,-1.8135871415336926,104.43391713003318,286.15363454818726,16.303216552734398,14.192010498046898,14.976511891682966,94.79652722676595,99.55138905843098,281.2708325982094,9.166898221497052,6.5018486763086605,8.121238962809286,14.12909851074221,1010.8176985677082,3.494078952819109,41.63777775814136,190.65384165445963,17.033319091796898,13.816674804687523,15.58810704549156,92.19444529215495,99.23680432637532,252.5208330154419,9.720126588244229,6.928199925956894,8.494265492757165,14.310750579834007,1010.3573177083333,-0.9402691970268885,86.76039004325867,228.37736630439758,16.923638916015648,13.463037109375023,15.149505869547548,92.0812505086263,99.18333339691162,146.34375005960464,10.694630622988372,6.842984788441359,7.7714706420898665,13.838452911376976,1011.2607421875,1.06941091020902,87.947833776474,246.30995345115662,20.051263427734398,14.093927001953148,16.461101786295597,87.35069402058919,93.0201400121053,151.7812495827675,13.094453994818448,8.144922899322026,8.752356465657556,14.290527598063193,1010.7152115885417,-7.820700123906136,180.32533119122186,309.3997456232707,17.316644287109398,13.594964599609398,15.076428985595726,92.62361081441243,98.88611157735188,122.27083337306976,7.891909925866694,5.316274352131203,7.552234903971396,13.86097361246749,1011.4036067708333,1.5473499596118927,79.52291830380757,210.83196250597635,18.500909423828148,14.215570068359398,16.109878794352237,89.6576379140218,98.22847239176433,261.97917234897614,11.120078988146934,7.5999873508191795,8.533315277099632,14.37779261271163,1010.9001334635417,-4.030100221435229,138.14441394557556,260.159241994222
2021-07-13,19.389459228515648,13.812463378906273,16.02294565836591,89.26180617014568,99.57708422342937,211.09375095367432,15.117110485536928,11.022067568295325,7.94153747558596,14.169121042887411,1013.97162109375,-8.522993333637714,113.00180387993653,463.7671359380086,20.486718750000023,13.127435302734398,16.93304595947268,85.53889052073161,83.04513692855835,369.9583339691162,16.197854145730002,9.49130994242396,8.444411214192712,14.347231801350915,1014.3852311197917,-15.459289153416952,205.54141970475516,432.63831706841785,20.474298095703148,14.153955078125023,16.62677917480471,86.80902703603108,94.84375031789143,173.30208158493042,15.151140482365872,11.26125694224144,8.428690846761071,14.287260945638025,1013.99974609375,-13.384682347377142,174.25583099077144,483.5951878229777,20.578332519531273,14.431695556640648,16.66833902994794,86.60416634877522,89.44374942779541,554.1562461853027,18.14996660571774,12.434364033846842,8.446956888834677,14.265191650390648,1014.4123404947917,-14.920211444298426,161.34544410804907,512.9246444702148,20.298516845703148,13.435327148437523,16.897742207845074,83.59305636088054,86.51874987284343,213.47916507720947,15.846867390982993,11.397750361526406,8.423546091715536,13.93476003011068,1014.1055598958333,-12.710909654696783,206.79872332016626,517.5676492055258,21.586663818359398,13.496209716796898,16.961907958984398,85.52847385406494,88.66388893127441,243.12500095367432,12.97658425515645,7.873777809896782,8.344337717692099,14.331886545817099,1013.9250423177083,-18.105676035086315,230.4649180173874,431.6619113286336,20.602105712890648,13.427362060546898,17.068500773112003,83.11875120798747,87.12638870875041,60.25000071525574,15.890036316502835,11.53265548920299,8.425126647949241,13.982188161214196,1014.3050911458333,-14.3996422290802,212.82319962978363,535.0592646598816,20.574334716796898,13.684503173828148,16.74084625244143,85.24999968210857,93.11805470784505,260.2083339691162,16.593236541645453,11.550192304273425,8.146719868977868,14.091889953613304,1014.1363444010417,-16.21459088722865,192.44613567988077,523.5720389684042
2021-07-14,22.148980712890648,13.267938232421898,17.876037851969425,78.49791717529297,25.45208330700795,27.343750476837158,24.344603601390755,16.435016396415943,9.13730392456057,13.780254618326865,1017.0968033854167,-15.46523450811704,278.35105578104657,748.2089684804281,21.627832031250023,13.585473632812523,17.514160410563175,82.88958390553792,65.98611119389534,240.41666889190674,20.490577729553806,15.207713922862979,9.18610534667971,14.405277506510458,1018.0508626302083,-16.844363616158564,216.66672076781592,681.3576113382975,22.052545166015648,13.107659912109398,17.739958699544292,77.879860719045,37.75624981274208,27.697916746139526,22.312958266607765,16.40173089463879,8.898851013183616,13.582903798421228,1017.18064453125,-14.55313374598821,248.86002898216248,744.8619499206543,20.383325195312523,13.150018310546898,16.795983886718773,85.07013988494873,77.30069462458293,200.04166507720947,20.421630517650033,15.128187517356272,9.203565216064476,14.167563374837243,1018.2567057291667,-9.428456927339235,176.49755730231604,579.954823811849,21.496453857421898,13.334161376953148,17.528728739420597,79.38749901453654,56.008333380023636,23.94791680574417,21.09347019803201,14.71233246319961,8.634544626871786,13.742158508300804,1017.560166015625,-11.504151408871016,197.5228377779325,662.910148302714,20.784783935546898,12.969659423828148,17.199614461263042,81.33888753255208,36.23888922506012,222.84374618530273,20.832959964098496,15.1876413431413,9.06599070231124,13.802351888020837,1017.9251106770832,-11.57757634917895,218.00444934765497,633.9843182563782,21.069451904296898,13.403802490234398,17.598741149902366,79.03125095367432,54.25277855992317,3.3020833507180214,21.667649399496273,15.209741214898434,8.829239145914755,13.728632863362634,1017.565419921875,-11.399061734477678,198.73205969731012,680.8616962432861,21.545190429687523,13.213769531250023,17.528415934244816,79.84861087799072,34.86944426596165,67.02083468437195,24.44913805806418,16.95998779285208,9.480630493164085,13.793092346191429,1017.4230013020833,-15.234442775448164,295.2384086251259,687.1435661315918
2021-07-15,21.805963134765648,13.182061767578148,17.67833989461265,77.68750063578288,44.675694386164345,6.937499850988388,20.547907663764303,16.632484995146573,10.009414927164755,13.573150889078818,1021.0794986979167,-8.31465956568718,196.85450234015784,650.8099136352539,22.450616455078148,13.656854248046898,18.289250946044945,77.1097224553426,43.94236147403717,29.395833015441895,22.16918021903964,17.46979599017452,10.864973958333337,14.03072001139327,1020.2222330729168,-10.177691121896109,206.3140538930893,690.3942756652832,21.494378662109398,13.178918457031273,17.766839599609398,77.98194630940755,39.97361087799072,5.66666667163372,20.684548367160943,16.80352283801493,10.239280954996786,13.730791982014978,1021.076865234375,-11.799185117085775,220.79897473255792,668.3171634674072,22.183343505859398,13.407586669921898,18.002369181315128,77.4743054707845,35.554860244194664,30.19791615009308,21.371928204762778,17.15471710564147,10.412356313069665,13.825331624348962,1020.2654069010417,-9.421502659718195,206.46580531199774,683.287249247233,21.316674804687523,13.035424804687523,17.47595876057945,78.14097150166829,54.9145835240682,5.468749985098839,22.3808233757035,17.157341958100346,10.69550476074221,13.507484690348349,1021.529521484375,-9.87080910305182,213.93080606063208,671.4061063130697,21.256616210937523,13.432336425781273,17.64139582316083,78.6472225189209,61.07499806086222,30.71875011920929,21.72766200630794,16.73865515130701,9.980364735921228,13.764858500162802,1021.219638671875,-9.55806815624237,211.65310939153036,664.3925590515137,22.301446533203148,12.862695312500023,17.52200851440432,76.74097299575806,64.15069524447124,4.510416775941849,21.961607739962716,17.108138973951814,10.665971374511741,13.228242492675804,1021.6473470052083,-10.512609581152597,247.47982968886694,690.0061728159586,21.067132568359398,13.467919921875023,17.706088002522808,78.62986119588216,49.02222233017286,6.8125,20.3819608041469,16.04788632761525,10.368497467041038,13.794211324055993,1021.5566796875,-9.699878017107645,201.1002552906672,657.4288546244303
2021-07-16,24.394342041015648,10.650109863281273,17.854754384358746,71.54999987284343,2.0368056098620095,1.5416666567325592,17.197757828214943,12.962393241633514,11.566069539388025,12.11222610473635,1026.1231184895832,-18.069558600584667,328.9455831249555,600.5533204078674,23.764276123046898,10.689477539062523,17.421604410807316,71.99166536331177,1.7951389079292615,8.499999761581421,23.248972085733723,16.607826228997226,11.58883946736654,11.832142130533896,1025.996015625,-13.573382755120596,330.8210289478302,654.3349545796713,24.853936767578148,10.854455566406273,18.15414454142255,69.88194417953491,2.7305555194616318,1.5,17.768250524095016,13.164714341586654,11.427079772949241,11.98174947102865,1026.1422526041667,-19.029881914456684,329.72572046518326,631.4385471343994,24.020867919921898,11.045159912109398,17.831623331705753,73.49652687708537,4.2701388746500015,7.250000238418579,21.419989708928448,16.056776971461105,11.358941650390648,12.667681630452478,1026.0077115885417,-15.78994752963384,326.2509591976802,676.9619630177816,24.437493896484398,10.483087158203148,17.716753896077496,70.01944541931152,2.915277898311615,1.5,17.8577526809349,13.078717158456326,11.70082499186202,11.549175516764365,1026.2665755208334,-18.358414448797703,330.221919298172,599.7615242004395,24.635308837890648,11.109002685546898,18.05656204223635,73.35486141840617,3.8770833561817803,6.999999761581421,17.468718790854314,13.770362984871257,11.170304870605491,12.829666392008505,1026.216748046875,-19.08857167015473,324.0204702417056,642.6041787465414,24.413842773437523,10.437921142578148,17.627825673421246,68.16527700424194,2.304166726768017,0.0,18.193002131247198,13.233113041594223,12.067952728271507,10.957617696126306,1026.3937239583333,-17.66973606745402,332.9308257897695,582.2183094024658,24.550744628906273,10.927606201171898,18.010713195800804,72.52291663487752,1.6833333273728688,5.562500059604645,17.199109181528062,13.140166835160136,11.133245086669945,12.574656422932946,1026.2238834635418,-18.190522166589897,327.2313660780589,632.9960832595825
2021-07-17,26.173944091796898,13.708489990234398,20.002648925781273,69.29444376627605,0.0798611097658674,0.0,13.502028419385239,9.904652058227198,13.475123341878259,13.743592834472679,1027.6141861979168,-23.600163519382477,326.94969350099564,544.674022992452,25.416650390625023,14.016961669921898,19.694622294108097,70.63472318649292,0.21111110737547278,1.7499999403953552,14.951662735630247,10.587372093193324,12.704934692382835,13.757398223876976,1027.5435123697916,-20.31661816438039,327.3974672953288,559.8364822864532,25.363916015625023,13.558648681640648,19.450250244140648,70.88402700424194,0.0,0.0,13.85926437714891,10.158029098179215,13.688392893473349,13.572357432047568,1027.649423828125,-21.42821079492569,327.2460013826688,530.0709511439005,25.981500244140648,14.195581054687523,20.110425567626976,68.59513918558757,0.5979166738688946,1.5,14.570977582374994,10.28301165901078,12.579187011718773,13.666656748453818,1027.3087825520834,-21.30438161889712,327.2079626719157,580.4450552463531,25.544732666015648,13.231500244140648,19.39972076416018,69.53124968210857,0.0,0.0,13.210123519713882,9.858694370837261,13.637933349609398,13.22691370646163,1027.686044921875,-21.54771354297797,327.91813945770264,519.7792520523071,26.292474365234398,14.074395751953148,20.26452280680341,68.84166733423869,0.19583333485449353,1.5,14.918365608507646,10.365411475315975,12.633233642578148,13.885086313883505,1027.3115234375,-23.83857975403468,326.3641372521718,581.1337858835856,25.739801025390648,13.195062255859398,19.406732177734398,68.78958304723103,0.0,0.0,12.925813820697664,9.808824854831206,14.098385111490927,13.044852193196618,1027.6861100260417,-21.272101156413555,328.6490013400714,502.39726146062213,26.108819580078148,13.894677734375023,20.040736134847027,68.99652942021687,0.0,0.0,14.314673289361984,9.932171086590927,13.262036895751976,13.71637878417971,1027.5697265625,-23.52003248532613,327.09080364306766,539.9024648666382
2021-07-18,27.979058837890648,15.854699707031273,21.622875467936222,67.03333218892415,5.640972426782052,0.1562500037252903,13.480430506124307,6.769824813161084,12.848500823974632,14.82890345255538,1024.1891666666668,-27.55303506553173,320.38405525684357,625.8455333312353,27.492578125000023,16.575433349609398,21.64627609252932,67.36111068725586,2.2569444480662546,0.0,14.375459220257166,8.584122735822328,12.32877883911135,14.855312601725302,1024.3938313802082,-24.14628730714321,321.6793050169945,680.1581036647161,28.268334960937523,15.620782470703148,21.593474324544292,65.77916653951009,4.216666628063346,0.09375000279396772,13.140727785952341,6.393041594686548,13.005371348063193,14.503195699055993,1024.4026790364583,-27.39936012029648,319.5334140261014,613.7451604604721,27.450006103515648,16.202539062500023,21.42127380371096,67.82916657129924,4.880555620416999,0.0833333358168602,13.819160041799131,8.018209155491897,12.27435201009115,14.813291168212913,1024.3319889322918,-25.52613079547882,320.00008078416187,671.2995282808939,28.645501708984398,15.904046630859398,21.96051432291669,65.5618052482605,4.617361205319564,0.0416666679084301,12.413938595348823,6.3396255148870715,13.26050974527999,14.7571846008301,1024.5814192708333,-28.668322483698528,319.3232770562172,616.4114771684011,27.484643554687523,16.229058837890648,21.524419403076195,66.8743052482605,3.600694489587719,0.07291666883975267,13.37318335545709,8.112126211894397,12.484986877441429,14.694150543212913,1024.2412825520832,-26.078437929352123,321.085725526015,654.4675445159277,28.760064697265648,15.976495361328148,22.02346572875979,65.1062502861023,4.461805407733967,0.0,11.499388966835088,6.248087260392686,13.503374989827478,14.733921305338583,1024.6942057291667,-28.738395233949024,320.17256168524426,607.4156471093496,27.829675292968773,15.974542236328148,21.64559071858726,66.06874895095825,8.278472165266672,0.3437500074505806,12.315581223151577,6.890556112726003,12.778555806477868,14.655168151855491,1023.9661393229167,-27.886494835217793,318.0154427091281,645.6191347042719
2021-07-19,25.000024414062523,15.863031005859398,20.767063395182316,73.35208320617676,29.986111424320068,31.76041692495346,15.855798238309609,7.1792747273138025,11.882897949218773,15.613791402180993,1021.6789713541667,-6.338234901428223,300.9553648531437,486.654798746109,22.814874267578148,14.631829833984398,18.60465265909833,71.92916536331177,31.811110358762864,1.1041666716337204,12.023182363616872,10.147310197657106,9.66730397542318,13.085134124755882,1023.1316438802082,0.4035330613454183,258.35744007428485,543.5129311879476,25.401788330078148,15.711907958984398,20.811223602294945,73.89097118377686,29.89583264857841,39.83333291858435,15.419166130384154,8.445523190674207,11.930505371093773,15.795228576660179,1021.48521484375,-7.08322803179423,300.91480506459874,478.6606681744258,22.385125732421898,14.814874267578148,18.634834543863956,72.33125034968059,40.043055303394794,0.8333333302289248,13.789175286686918,10.322691817414373,10.100150044759118,13.254858907063806,1023.2368717447918,2.5405433575312295,234.2870533068975,513.1413319905599,26.832147216796898,17.194055175781273,21.850508626302105,69.73541609446208,24.304166567201417,28.510416448116302,12.887533195791624,7.645992742009914,12.36567077636721,15.765323893229208,1021.2971516927083,-14.055618206659952,311.7645840545495,579.1299385229746,24.125756835937523,14.875634765625023,19.1816713968913,74.662500222524,37.723610358933605,1.6041666362434626,15.88766019443756,9.656861819739111,10.884451802571618,14.366452789306663,1022.8417740885417,2.211869557698568,217.25255843003592,462.1223719914754,27.666040039062523,17.511346435546898,22.094406382242862,67.94097296396892,31.868750127653282,23.35416649468243,10.667807015835818,6.770654786423189,12.82062683105471,15.61798756917318,1021.121650390625,-17.66940991083781,303.37911507487297,554.8518474896749,25.723046875000023,15.233911132812523,20.04008255004885,72.97916682561238,29.867361545562744,10.135416600853205,16.41064133886091,8.086698245928217,11.340191141764365,14.767803446451865,1022.2229427083333,-6.267571846644084,279.83700332045555,505.93317619959515
2021-07-20,27.111810302734398,16.625390625000023,21.09605687459312,74.57430569330852,35.99791626135508,92.03125,9.431574040282115,6.169007864589678,12.580579376220726,16.064204152425134,1020.0298665364583,-14.652141054471334,281.81402710080147,462.56238349278766,24.330499267578148,14.083367919921898,19.15418395996096,70.97639036178589,17.5166668544213,76.68749928474426,12.210123195066581,8.849111986302656,10.451477305094443,13.380480702718103,1021.9278938802083,-8.583484729131063,293.4574440419674,526.8866575558981,27.947625732421898,16.544732666015648,21.203483835856144,73.28472169240315,26.02847229813536,105.26041722297668,9.277931406994115,5.8720572270861995,12.765415445963583,15.817488606770837,1019.9561653645833,-17.786665042241413,289.1975007553895,496.53431447347003,24.163262939453148,14.145074462890648,19.051492309570335,70.7993057568868,15.776388791156933,80.8437488079071,11.724231505756459,8.82117730587599,10.327942148844443,13.243789927164755,1021.57611328125,-8.16514245669047,298.23527097702026,525.3397919336954,27.697045898437523,16.696435546875023,21.205659484863304,73.02916622161865,30.2409722742935,65.28124964237213,9.29978149802766,6.369521930381211,12.909073130289755,15.77982101440432,1020.2527115885417,-16.735769510269165,291.3535833756129,488.2573537826538,26.060479736328148,15.415032958984398,20.284351603190128,74.11249955495198,18.543749652802944,80.06250023841858,9.439987515578906,6.363599410646924,11.48109079996749,15.171140289306663,1020.7151790364583,-13.837522506713867,293.34561170140904,467.86917384465534,27.250939941406273,17.029168701171898,20.865642801920597,73.99722210566203,32.0861112177372,49.88541704416275,11.358536817559106,7.210049632659222,12.950081125895224,15.719876861572288,1020.3680631510417,-11.40237800280253,288.41163987914723,446.32631063461304,26.427606201171898,16.098046875000023,20.5654604593913,75.0006955464681,32.425000170866646,86.21875047683716,9.542579636856747,6.836132153595876,12.117655690511071,15.706365203857445,1020.296640625,-9.464471022288004,272.6632556120555,439.548743724823
2021-07-21,27.072229003906273,16.569055175781273,21.484752909342472,74.98749987284343,16.00347227634241,271.84374618530273,10.950288736187376,5.413614135987205,12.558123524983728,16.461988067626976,1022.4761458333332,-22.9416561126709,306.62936373551685,472.96356614430744,26.848809814453148,16.633355712890648,21.177266693115257,72.43541558583577,25.20902813288073,156.42708206176758,14.086182336915707,8.106060433362932,11.931938425699911,15.559458669026696,1022.5979036458333,-16.465991179148357,303.74469388524693,532.2754538853964,26.807550048828148,16.399987792968773,21.142318979899112,75.18472242355347,13.29097237631989,232.6875,13.57204658362821,6.667929405111049,12.595363871256552,16.184201812744163,1022.37650390625,-18.20278286933899,312.7423099378745,481.3462937275569,27.047601318359398,16.776055908203148,21.40253092447919,69.97847207387288,20.374305715163548,146.34375143051147,14.682458277257544,9.117718483418626,12.181549326578818,15.206825510660849,1022.4312760416667,-15.427292903264364,308.2828028202057,559.7871482372284,26.765008544921898,16.585748291015648,21.163769022623722,74.63125006357829,16.398611080367118,180.10416841506958,14.203977741156363,7.552924554497095,12.584071095784509,16.086714680989587,1022.290986328125,-16.28224794069926,313.5163616836071,494.12361160914105,27.530938720703148,17.485742187500023,21.71232884724937,72.19097296396892,31.792361239592235,155.28125143051147,12.83902900918339,7.684345385954363,12.469846343994163,16.027121480305993,1022.428779296875,-19.245433568954468,304.6325580775738,542.2449505726496,26.500970458984398,16.466668701171898,21.00009689331057,74.23611259460449,15.154860764741898,78.58333325386047,14.291276978104996,7.953588442516491,12.599966939290368,15.839868164062523,1022.338662109375,-15.795502026875814,313.3936678469181,474.52547184626263,27.516656494140648,16.661523437500023,21.416777547200542,75.22222296396892,10.356249960837886,214.59374809265137,9.783776672470506,5.260975476937724,12.555305735270224,16.413245137532556,1022.2604296875,-21.721506118774414,302.1293852329254,475.73702279726666
2021-07-22,24.985284423828148,15.366082763671898,19.68123524983726,71.47499863306682,5.9937500183780985,6.302083194255829,15.919560016281544,10.357580522155223,11.741226450602255,14.001899973551474,1023.0110677083333,-7.007536888122559,315.7962761223316,501.6659876505534,25.235986328125023,15.943963623046898,20.18044179280601,70.6944449742635,28.57916690967977,292.00000762939453,15.077933748051182,10.217962389235685,11.466457621256552,14.374295806884788,1022.8043619791667,-5.8867669105529785,305.9113604625066,502.66332721710205,25.146600341796898,15.249383544921898,19.81349080403648,70.89513889948527,1.720833307908227,28.250000953674316,15.516841691155703,10.115026870685712,11.945133463541708,14.010282135009788,1023.0012532552083,-6.26072371006012,319.3045308291912,511.7887992858887,25.385980224609398,15.893945312500023,20.258569335937523,70.19444433848064,10.365277537455162,240.75,15.107582618285152,9.94131885927335,11.511781311035179,14.336666361490927,1022.7474479166667,-8.580375512441,313.1905052959919,512.7526942888895,25.429986572265648,15.695458984375023,20.020410156250023,71.46180566151936,3.616666678494463,20.416666626930237,16.084845691185134,9.828440324242552,11.844380950927757,14.355102793375693,1022.9518489583332,-8.245357116063436,314.08796576658887,498.50717067718506,25.197381591796898,15.748223876953148,20.027864074707054,68.52361138661702,5.640972130000591,183.99999618530273,14.467224004416975,10.076152408056428,11.844363149007165,13.73611729939779,1022.7952571614583,-7.461400588353475,320.13641520341235,510.59428517023724,25.579949951171898,15.750115966796898,20.128049468994163,69.44305578867595,6.489583288319409,3.593749925494194,14.899127439682598,9.759905564801754,11.762690480550134,13.979792531331384,1022.8988997395833,-8.426300684611002,313.9259170293808,511.0246418317159,25.157983398437523,15.649438476562523,19.944057718912784,68.79027668635051,0.5048611192032695,82.75000190734863,14.670475312886941,9.805370721234112,11.746584828694665,13.711478169759118,1022.9314322916667,-7.814384539922078,319.6032735109329,511.5108366012573
2021-07-23,22.253167724609398,13.346124267578148,17.790579732259136,70.75555562973022,66.6284722884496,0.0,25.672494796386225,16.532039178383787,12.477592722574911,12.085661824544275,1017.134072265625,3.225100020567576,297.3487568298976,511.5814275741577,21.972253417968773,13.680963134765648,17.6187199910482,75.33680661519368,63.26041595141093,6.510416895151138,25.384937059811634,17.313843757174013,12.552864329020224,12.954804992675804,1016.9545930989583,2.4629919131596885,294.45036457975704,521.3441143035889,21.340570068359398,13.448663330078148,17.358669535319034,75.28055588404338,59.46111178398132,1.2499999701976776,24.102095803623904,16.765922891211137,12.58045094807943,12.72010447184249,1017.3228678385417,4.909348028401534,294.45352534453076,515.396495183309,22.130059814453148,13.321832275390648,17.614998118082706,73.3784720102946,58.491666197776794,28.250000953674316,26.214669951340213,17.61583898921768,12.649619038899743,12.56387608846029,1017.006591796875,3.122658054033915,303.3745257457097,522.2588780721029,21.844659423828148,13.654656982421898,17.578321075439476,74.99444389343262,50.41805521647135,2.4999999403953552,23.020958555077495,15.99003815546078,12.513368225097679,12.883050537109398,1017.6589615885417,4.366438706715901,301.4320607980092,505.12223593393963,22.116662597656273,13.263696289062523,17.637373860677105,71.95763937632243,59.96874990065893,20.749999523162842,25.143748009561705,17.228275647682576,12.533547973632835,12.218476867675804,1017.117021484375,3.676789939403534,301.31447704633075,518.6085923512777,21.868646240234398,13.737207031250023,17.64306284586591,74.82430585225423,58.92986197272936,0.0,22.877919536935792,15.841656235775694,12.54798533121749,12.912625885009788,1017.6560807291667,4.350699106852214,301.99941685795784,510.6636260350545,22.041589355468773,13.610894775390648,17.720179494222027,73.3736120859782,55.96597218513489,3.75,24.710576309198583,16.80894078635429,12.348602549235068,12.670953369140648,1017.00859375,3.213551680246989,306.17553242047626,516.5194896062216
2021-07-24,18.198358154296898,14.758233642578148,16.503675079345726,90.14444478352864,95.33263874053955,192.37499858811498,21.440122284453622,15.17629794491294,11.10877380371096,14.848986562093103,1008.8508854166668,9.406569838523865,118.35394374529521,430.4328845342,22.450311279296898,15.169763183593773,18.215913391113304,80.10972261428833,87.90763711929321,120.14583262056112,19.8838331484754,11.933787780573901,11.57902297973635,14.530913289388025,1007.830166015625,-7.515485147635142,197.424608896176,584.0574405988058,18.134332275390648,14.946618652343773,16.406634267171246,90.83472124735515,95.56041685740153,166.9374995753169,21.486964768516543,15.732032308243424,11.201626078287802,14.882793680826865,1009.205048828125,11.810153797268867,85.31922102967899,434.30040168762207,20.767480468750023,15.108148193359398,17.310940043131534,86.29305585225423,95.99999936421712,140.0416672118008,20.513073977045607,12.335500609268038,11.521232859293661,14.926822916666708,1007.9047526041667,2.9106318230430284,123.04024701317151,489.71437040964764,21.725762939453148,15.330163574218773,17.906405385335308,82.78402678171794,93.41944599151611,71.4583332343027,21.236359057716516,15.091218267660189,11.577284749348962,14.808344777425134,1009.1120052083332,0.38024353981018066,187.38936466972032,555.5617564519247,18.732446289062523,14.654412841796898,16.661902364095074,89.2722225189209,91.1722224553426,182.9270840883255,19.909543322250528,14.669541584722728,11.063015238444052,14.857532755533896,1009.1068294270833,6.590115646521251,130.6041395564874,434.7839403152466,21.104180908203148,14.908502197265648,17.602908070882183,84.12569427490234,97.42083390553792,67.16666635870934,22.302719417692092,15.246894786690882,11.659516906738304,14.796259816487634,1008.9297005208333,2.24897101521492,148.5476108690103,546.758289972941,18.228936767578148,14.632806396484398,16.387974039713566,90.46180280049641,93.97430578867595,276.8749983711168,20.605696657408863,15.350229097645702,11.191926574707054,14.797813669840536,1008.9914420572917,11.126296383639177,112.22091619670391,438.9263391494751
2021-07-25,19.205712890625023,15.571862792968773,16.842336273193382,90.35972150166829,96.91458352406819,200.2395842075348,11.941026929183694,7.969450098860566,9.373359934488974,15.19635925292971,1007.370615234375,6.44274424513181,73.85152583072583,293.0727655887604,19.550347900390648,14.022302246093773,16.6318667093913,87.20069630940755,97.67986106872559,423.5520820617676,18.990407543760494,11.568503148656694,9.403586324055993,14.409790293375693,1008.2578385416667,-2.6453671356042228,141.9732214162747,445.30211448669434,17.389276123046898,15.100946044921898,16.01843414306643,94.30069573720296,97.58263842264812,271.8854159116745,13.128537938043102,9.500993120404097,9.405033365885458,15.085548655192099,1007.019560546875,13.299409524848064,31.323611090580624,265.0386193593343,18.834741210937523,13.848687744140648,16.2061108907064,88.23194440205891,88.32708287239075,366.2812490463257,17.188024374284613,12.105300424633535,8.911433156331384,14.175544993082724,1008.50720703125,0.10982741912206014,127.5885559419791,422.9412619272868,19.703027343750023,14.566644287109398,16.607876078287784,90.57777818044026,94.08263874053955,167.4166669845581,12.187439102653638,7.677230726107941,9.169119771321618,15.000054931640648,1006.9081282552083,5.326527182012796,119.10302319129308,306.6730718612671,20.407464599609398,14.700250244140648,16.70815175374351,89.50138759613037,98.69027773539226,286.0625009536743,10.50275119071703,7.253862003258038,9.109277343750023,14.877983347574911,1007.8912467447917,5.524948199590047,116.7213582098484,350.5156928698222,19.381799316406273,14.321313476562523,16.47981160481773,91.4847224553426,91.1750005086263,148.9479171037674,14.01432542923267,8.511838265525773,9.533956146240257,15.0417470296224,1007.4770670572917,6.170047365749876,90.12447081506252,284.77227274576825,20.734124755859398,15.360467529296898,17.314026133219425,88.61944675445557,94.4805555343628,248.66666841506958,15.728868784541456,10.952768350884133,9.623165384928427,15.31662267049154,1007.5546028645833,-1.333791454633077,188.48902525752783,438.4727662404378
2021-07-26,23.606286621093773,13.673394775390648,18.09051666259768,80.00763702392578,74.27291615804036,455.3229217529297,15.008855348550766,9.95068567878128,9.910143788655603,14.275376892089866,1009.481884765625,-14.687364220619202,240.82494633396468,478.3920882542928,24.041131591796898,14.852410888671898,19.339774068196636,74.22361199061076,79.9194442431132,398.6979160308838,16.645867005463447,10.283527931981816,9.713077799479208,14.119351959228538,1009.6615885416667,-19.931731522083282,234.41228001068035,630.6202369530996,23.782983398437523,14.005548095703148,18.313996887207054,79.92222166061401,61.7506939570109,342.98957920074463,13.620224769258334,9.519002799290964,10.049635823567712,14.404711659749353,1009.1560774739582,-16.17237726847331,269.0758528808753,511.5464220046997,23.756097412109398,14.038323974609398,18.437024688720726,78.58888673782349,89.08194541931152,674.2083396911621,15.201427578744632,9.326666095416863,9.623209889729821,14.245146687825525,1009.6003287760417,-20.988009072840214,225.1660846968492,512.7388023138046,23.324853515625023,13.851434326171898,18.2497014363607,79.1999994913737,64.19097240765889,270.09374713897705,12.64278503793255,9.499843385224878,9.69075419108077,14.217078145345056,1009.5174772135417,-16.258394082387287,233.92769050598145,509.18451595306396,23.553826904296898,14.428887939453148,18.521335856119816,79.11319557825725,88.74305629730225,408.1875,16.735058175146282,9.870468489127171,9.806892649332724,14.43533859252932,1009.140517578125,-17.694855550924938,233.09325300653776,533.0846258799235,22.903070068359398,14.588677978515648,18.24899826049807,79.71111154556274,68.74861240386963,72.89583349227905,12.866133321521692,8.06938223030124,9.346854146321618,14.36454798380538,1009.4754036458332,-17.259955485661823,218.9089721441269,453.15391333897907,23.833306884765648,13.926934814453148,18.476037597656273,78.90347099304199,78.95208470026652,469.89582443237305,13.507762705328215,9.214293883430921,9.872804260253929,14.397763824462913,1009.61935546875,-18.337923149267834,269.77872374653816,493.4549485842387
2021-07-27,18.524804687500023,15.197259521484398,16.838840738932316,83.37916533152263,88.74513904253642,59.37500047683716,21.44933389703283,15.733516645457415,8.6558827718099,13.955244954427087,1008.2578938802083,6.589033792416255,143.47555119544268,567.5407670338949,21.265374755859398,14.999993896484398,17.72609736124677,77.92500003178914,85.74652783075969,548.7499980926514,23.98444983369901,15.47672308028323,8.37138137817385,13.614427185058616,1008.5980110677083,-0.5612356066703796,225.2546970769763,744.9854925473531,19.205865478515648,14.876824951171898,17.015393829345726,82.12916787465413,94.66458400090535,70.46875047683716,22.8945702821896,14.05270986572527,8.953193918863974,13.860162353515648,1008.2280305989583,6.314376577734947,124.52405455211799,527.4100017547607,21.397302246093773,15.265008544921898,17.80227432250979,77.81874926884969,87.29166714350383,472.7604160308838,24.048882533104464,16.13385149140472,8.486610666910849,13.739898935953818,1008.4189908854167,2.6465280055999756,219.55902824550867,715.3067019780477,19.549981689453148,14.642755126953148,17.206716156005882,81.02708530426025,92.20069281260173,68.15625023841858,23.083680455021764,13.752253669245817,8.809926605224632,13.803367869059286,1008.272666015625,6.588107254356146,131.70964040855566,540.065146446228,19.444360351562523,14.451593017578148,16.424485778808616,84.38958358764648,81.34722244739532,328.4166650772095,22.28213989564884,14.508769710960303,8.192781066894554,13.684779103597009,1008.7872395833333,10.780915876229605,98.24572364240885,569.3104057312012,20.283349609375023,14.581384277343773,17.206161753336612,82.41597239176433,90.53611167271931,53.906249701976776,20.286900229825736,13.34164961979135,9.018061574300134,14.054034169514978,1008.4797981770832,4.268591950337092,157.94508484502634,520.2494347890218,19.297479248046898,14.464624023437523,17.143697357177757,82.82013893127441,87.02152800559998,109.04166650772095,21.81575883375864,14.935294044856695,9.300111389160179,14.112915293375693,1008.247333984375,4.747952262560527,140.25594431658587,495.3138306935628
2021-07-28,19.932000732421898,13.204492187500023,16.06625137329104,79.89583237965901,48.64722170432409,90.375,33.53863891161769,21.266674536599584,6.8354291280110715,12.356842295328818,1006.7746419270833,3.2161405185858407,277.4187210649252,914.2071965535482,20.211724853515648,13.006890869140648,16.280859883626324,77.96110916137695,48.554165760676064,130.80208158493042,31.1065597047779,22.05416556060885,6.887097930908226,12.19331003824874,1006.6499544270832,0.6714122295379639,275.73874674737453,923.6519915262858,19.973260498046898,13.333367919921898,16.42533391316734,77.98750019073486,38.31041739384333,90.43750071525574,33.039006629350666,21.56368243342335,7.0071820576985715,12.329933420817099,1006.82546875,-0.44096046686172485,297.4313593705495,933.457218170166,19.786614990234398,12.652368164062523,16.197817738850933,78.31111001968384,64.4763883749644,125.84375095367432,32.94372679930892,23.095812289314477,6.751889801025413,12.218479410807333,1006.4373990885417,2.427711248397827,271.02082677930593,985.7290407816569,19.694177246093773,13.531335449218773,16.4419253031413,78.15416701634724,53.45763756831487,85.28125071525574,31.968385544026802,22.667676834335584,7.090722656250023,12.424815114339196,1006.8139908854167,-1.7986854761838913,279.3471667567889,939.1482632954916,19.766717529296898,13.037286376953148,16.010054524739605,79.20138883590698,50.917360643545784,138.9583339691162,32.89373394292598,22.724524972576116,6.666121419270837,12.181382751464866,1007.1981510416667,4.6873763998349505,281.66280582050484,962.6127344767252,19.709283447265648,13.677758789062523,16.55291900634768,78.69791571299235,49.99375042319298,42.895833149552345,31.44057693783376,22.01919275445375,7.098508453369163,12.639304097493493,1006.69654296875,-1.178009072939555,289.51674850285053,918.4975090026855,19.404962158203148,13.042413330078148,16.0191958109538,79.25069427490234,41.60624943176905,113.08333349227905,33.031397786233136,22.562657769345844,6.783415730794275,12.23828786214193,1006.9173274739583,3.019166807333628,287.29647466043633,946.9873301188151
2021-07-29,20.574029541015648,11.637506103515648,15.83117574055992,67.16249974568684,29.61388936142127,82.5,27.120727800894205,20.37703770638117,5.497928873697958,9.244512176513695,1009.9162337239583,-4.273393948872884,301.72691713273525,1092.9007409413655,18.898553466796898,11.422479248046898,15.208824412028017,72.11666679382324,38.9263899885118,142.12500190734863,28.537911587969393,22.70138712119822,5.537454223632835,10.027996317545615,1008.8355891927083,1.3050728278855483,211.98408154646555,1053.8117904663086,20.368310546875023,11.673394775390648,15.833399709065779,66.79652690887451,37.361805664375424,83.33333420753479,25.43091983824123,20.435429599392226,5.469565327962243,9.153873697916708,1009.5549381510417,-3.9164544691642127,290.8348004867633,1101.6969248453777,19.437310791015648,11.431329345703148,15.328898366292341,69.04305489857991,38.58194376598112,143.11458539962769,28.612354491431503,22.03002612945683,5.28840026855471,9.386043802897177,1008.9272005208333,1.0680074443419774,232.04283138116202,1079.3949292500813,20.965020751953148,11.635736083984398,15.951641337076845,66.81666692097981,38.65347288052241,59.875000953674316,25.254154660870142,20.22504571774524,5.614678955078148,9.283364868164085,1009.69552734375,-5.313427060842514,302.59727782507736,1098.816930135091,19.973687744140648,11.700006103515648,15.548713938395204,67.78263854980469,40.395139475663505,134.90625,26.458437385619433,21.437937906925118,5.223657226562523,9.25540440877279,1009.296396484375,3.717235043644905,211.22755494217077,1120.4237480163574,20.898339843750023,11.503656005859398,15.953782653808616,67.34583361943562,39.684723138809204,10.54166653752327,25.577410225253878,20.598790634706205,5.627320861816429,9.394087727864587,1009.5974088541667,-5.118015254537265,302.0727496892214,1102.3236147562664,20.048028564453148,11.749993896484398,15.60898615519208,67.21111138661702,44.54583305120468,94.62499976158142,25.499527308629197,21.180673441441073,5.248686726888025,9.141137695312523,1009.2571126302083,4.6864041319737835,212.87294449905554,1113.9139149983723
2021-07-30,17.462579345703148,13.365106201171898,15.129296875000023,83.64652856190999,86.61944421132405,152.83333314210176,36.291693054873036,21.95451004005754,7.088225301106775,12.314989980061853,1003.5847623697917,7.138185421625773,176.5798054623107,818.0851993560791,16.543084716796898,13.442498779296898,14.339590962727888,82.89166863759358,85.61875041325887,164.23958253860474,36.122364821132386,22.500951250531866,6.053715006510458,11.422017669677757,1005.15326171875,15.150955299536387,147.7103586445252,853.3045984903971,17.700250244140648,13.283349609375023,15.1855293273926,82.16319465637207,75.14722267786662,102.0520845130086,38.66485584152892,24.327998167138805,6.853637949625693,12.095328267415368,1003.4953190104167,7.827816257874171,212.61760956887156,921.1216011047363,15.908319091796898,13.438043212890648,14.195930735270204,84.84791628519694,89.95069440205891,140.13541769981384,31.685687865733506,21.548598434307806,6.29330724080404,11.646080271403036,1004.0572493489583,15.729951192935308,91.21260919980705,764.5279630025228,18.696771240234398,13.734277343750023,15.727979278564476,78.17708269755046,70.60347270965576,46.86458321288228,36.14654999497064,23.912583438067042,6.735035196940146,11.875352478027366,1003.546064453125,-0.24478238821029663,244.43614273021618,950.3557256062826,17.622827148437523,13.892510986328148,15.347183481852236,79.91458352406819,80.2055557568868,109.05208396911621,36.99562312493755,23.262249779875333,6.560439046223962,11.84962107340499,1003.6504361979167,4.499535242716472,215.61166420827308,914.6267255147299,18.804925537109398,13.184228515625023,15.67258224487307,77.61041641235352,62.40347282091776,39.468749821186066,37.00914016649991,24.293399985440875,6.647356923421228,11.674190775553427,1003.4343131510417,1.3729468482585314,232.49447356909513,969.6186485290527,18.002404785156273,13.711846923828148,15.296949005126976,80.57083257039388,82.70208279291789,63.57291725277901,35.25110196697126,22.31999620828042,6.75373229980471,11.927210744222009,1003.331640625,4.47971052924792,207.71447527905306,883.0093224843343
2021-07-31,20.233422851562523,12.317926025390648,16.048243459065777,78.9645832379659,82.41805569330852,152.15624952316284,18.253177423961688,12.832817110296787,7.312407430013025,12.211365000406943,1008.1687174479167,-1.3985310395558674,171.18547308444977,577.4220852851868,19.927117919921898,13.438531494140648,15.985733286539736,79.75138854980469,95.09722391764323,265.53124809265137,21.331678268272693,14.366333038161281,7.0672470092773665,12.359733835856161,1008.3318717447917,-5.9285851915677386,172.16544794663787,619.177516301473,19.695184326171898,12.506646728515648,16.03310928344729,79.1340290705363,80.90763727823894,99.3854169845581,17.21565216738486,13.560842031529825,7.071506754557333,12.237855529785179,1008.29076171875,-2.166652470206221,198.62727908293405,609.916999499003,20.311761474609398,12.054559326171898,16.109529113769554,78.19999996821086,86.79236189524333,179.59375095367432,18.665373333801778,13.171774331432248,7.242925262451195,12.12207946777346,1008.8361946614583,-9.223195592562357,212.20511186122894,613.6908095677694,19.381402587890648,11.853906250000023,15.859736378987654,79.38541634877522,87.26805464426677,70.77083396911621,18.067920196501902,12.886840771478552,7.176606750488304,12.107476806640648,1008.3521451822917,-3.3679693738619485,176.8451929142078,593.0128482182821,19.910455322265648,11.871240234375023,16.07920354207359,78.43611160914104,88.78819465637207,105.23958468437195,17.653395052489483,12.465823767878367,7.260129547119163,12.10474294026693,1008.5925846354168,-3.5658339262008667,167.66300014654794,595.0559283892313,19.711785888671898,12.774499511718773,15.954839324951195,80.15902821222942,83.91527652740479,25.947916643694043,18.649903139359903,13.38374836615229,7.168984985351585,12.377804056803427,1008.3570377604167,-2.0118419975042343,180.50566542396942,604.7024590174357,20.694757080078148,12.266656494140648,15.921584065755232,79.62013800938924,90.64930566151936,102.76041579246521,16.33294724036362,12.230206621877988,7.40647913614913,12.207610066731775,1008.7190169270833,-3.248598963022232,175.5303634578983,541.4784816106161
2021-08-01,19.293817138671898,12.582269287109398,15.723970031738304,82.56736214955647,72.98958253860474,128.07291746139526,11.860741205250308,9.556234879302197,7.119624074300134,12.60742848714193,1010.7985188802082,-3.640559713045756,185.58094384769598,437.0866533915202,18.651788330078148,12.809686279296898,15.60697199503583,82.33472220102946,63.20555567741394,261.6562509536743,10.886655029129878,8.933914408199206,6.925459798177087,12.47145487467452,1011.0784049479167,-1.3035224477450054,196.54394180079302,392.838045279185,18.637841796875023,12.223626708984398,15.340417480468773,81.82708485921223,71.23750058809917,74.27083325386047,9.61310387867526,8.244097717440104,6.854898071289085,12.102663930257165,1010.9378157552082,1.7782517770926158,127.44363768398762,375.32919279734296,17.772943115234398,12.736291503906273,15.192048645019554,83.61736075083415,81.95347023010254,209.08333015441895,11.51668240139381,9.054146305752678,6.758176422119163,12.329878743489587,1011.05853515625,3.2281466027100882,135.3920021702846,383.09077803293866,18.641717529296898,12.063226318359398,15.081625874837263,85.70277881622314,68.92291673024495,119.44791722297668,9.945866994650643,8.410335764948245,6.75831247965499,12.61237487792971,1010.9883756510417,-0.22636743386586508,168.23380724092326,356.2320499420166,18.747094726562523,12.798028564453148,15.427423095703148,81.55069414774577,68.59722169240315,138.67708158493042,13.51643984608057,10.502540147776823,7.067542012532556,12.154902394612634,1010.6921256510417,1.8453712066014607,152.4412231594324,432.5208085378011,18.895440673828148,11.947686767578148,14.980072275797548,85.10694281260173,70.09444459279378,35.0624997317791,9.770844522309128,8.360890979480487,6.596700286865257,12.37311706542971,1011.0384895833333,0.9377805267771085,146.7618628491958,364.73644638061523,19.540795898437523,12.631738281250023,15.65412546793622,83.10694487889607,78.78888845443726,115.89583325386047,12.392340789061812,8.029078087896352,7.03962351481124,12.62725728352865,1010.3909733072917,-4.543650309244792,173.78863929212093,394.8483085632324
2021-08-02,19.011773681640648,12.738214111328148,15.216060892740908,72.04305569330852,95.13888804117839,120.67708492279053,9.489127880359774,6.642819003706646,5.184309895833337,9.858852640787802,1014.7882779947918,-5.0940035457412405,172.76211228966713,489.5514663060506,16.490167236328148,12.669122314453148,14.362790679931663,75.76458168029785,97.75347232818604,224.84374809265137,10.717503820078079,6.846527821360481,5.33490905761721,9.914890543619833,1014.8079947916667,12.229628562927246,74.82886134677877,354.8424659570058,19.201623535156273,12.741754150390648,15.43859761555992,72.01944478352864,85.45902824401855,108.30208206176758,9.696456332003445,7.259700517108151,5.175327555338583,10.041374460856161,1014.8063802083333,-3.825329532225927,205.5719436543683,567.8295119603475,15.104882812500023,12.942041015625023,13.87710851033531,86.95347340901692,98.1638895670573,152.19791626930237,13.523843248564734,9.893344279136839,6.15916468302413,11.662517801920615,1014.0773600260417,13.564569463332495,59.656556335277855,374.109961827596,18.469110107421898,11.952416992187523,15.177273050944033,71.02847258249919,87.47430578867595,96.42708444595337,10.929066669951931,7.97480433956459,4.82197214762374,9.514833068847679,1014.595830078125,0.42602503299713135,150.50397161394358,606.2360224723816,15.606500244140648,13.177301025390648,14.259197489420595,83.63680458068848,98.91944376627605,228.1770830154419,14.797536721397329,11.474747920286006,6.134062703450525,11.434819793701195,1013.7013346354167,8.672648423661789,70.53302720189095,433.1220334370931,19.314935302734398,11.561395263671898,15.4859074910482,69.36874993642171,61.91111147403717,9.895833492279053,9.090723647753054,7.028707993922821,4.863682047526083,9.384904479980491,1014.7561263020833,-5.400605122248332,213.5064450254043,600.7980651855469,15.803155517578148,12.500817871093773,14.074558512369814,77.2881948153178,97.25208314259847,108.9479193687439,11.791343454516232,8.574930935816072,5.448515828450525,9.997548675537132,1014.1825618489582,9.109883489087224,79.45825150609016,377.6060258547465
2021-08-03,20.275476074218773,12.650689697265648,15.853040313720726,67.38472175598145,83.22083314259847,12.354166582226753,10.249638453186538,4.935661963787512,5.755476888020837,9.568957265218103,1013.6093196614582,-5.844058588147163,186.41391422599554,405.23520537217456,20.097558593750023,11.842401123046898,15.586619313557966,71.58402856190999,74.4416659673055,141.87499952316284,8.896890703387452,4.613705171594954,5.472812906901083,10.236543273925804,1013.7673567708333,-2.4359235564867654,181.49444259206453,391.48917583624524,19.319848632812523,12.806878662109398,15.564636484781923,71.38611062367757,96.65972359975179,14.166666351258755,12.811404819437348,8.167212404828,5.624881998697958,10.135034179687523,1012.95466796875,-4.749356309572856,185.66650461157164,529.873582204183,18.854577636718773,12.210687255859398,15.323969777425154,72.22430515289307,77.85277700424194,132.9895830154419,7.840008063643591,4.421973884529631,5.395669555664085,10.082051849365257,1014.2003352864583,-1.420224905014038,156.02505321552357,355.3200054168701,18.978021240234398,13.042169189453148,15.362563069661482,71.13958374659221,84.17985947926839,17.17708321660757,13.29514884094956,8.58834583645012,5.49518737792971,9.981846110026083,1012.95322265625,-5.580674807230632,193.5660236378511,481.48866017659503,20.304681396484398,11.040948486328148,15.557550048828148,66.95208374659221,57.44583294788996,98.34375286102295,10.963880683761772,6.322582922585664,5.022267913818382,8.995167032877646,1013.8186751302082,-10.677606264750162,246.47831182181835,598.513146519661,19.083001708984398,12.835748291015648,15.464674886067732,72.82847309112549,82.59861214955647,14.92708346247673,14.5487694203756,9.09369198204921,5.41250890096029,10.428495025634788,1013.0883821614583,-5.182011773188909,206.29541347424188,568.784298658371,19.126214599609398,11.953912353515648,15.51206232706708,71.14722156524658,75.57708199818929,39.18750047683716,8.958605674055669,4.367872950911551,5.477752939860068,10.086441294352255,1013.704453125,-0.5369083881378174,175.86377311249575,416.8600085179011
2021-08-04,20.985528564453148,11.605126953125023,16.186697896321636,71.83402856190999,70.22847191492717,61.114583253860474,7.5213924036963276,5.425918481016429,6.399836476643884,10.727272288004599,1012.2945670572917,-10.116169889767965,210.6225572253267,530.6071536540985,22.044824218750023,12.222192382812523,16.896643575032574,61.64097213745117,82.59097210566203,32.26041638851166,10.714804841318363,4.750351578810317,6.614367421468103,8.97015279134115,1013.5380110677083,-18.210420846939087,270.3497514203191,649.7921004692713,21.233331298828148,11.641717529296898,16.181386566162132,73.19097296396892,61.389582673708595,55.35416662693024,8.315284106671202,6.227932169031118,6.553138987223349,11.005045827229821,1012.6748274739583,-10.151202917098999,215.09405826032162,523.6964468161265,21.633325195312523,11.816644287109398,16.57204462687177,69.10624933242798,70.5347220102946,28.74999964237213,8.7242104517693,4.83143089781923,6.550775146484398,10.279293314615927,1012.2026953125,-19.39179031054179,263.67091312259436,635.3349959452947,20.939355468750023,11.519494628906273,16.05372517903648,71.0861104329427,61.08472235997518,23.802083015441895,9.408882240715132,6.347490195713505,6.38166198730471,10.417979176839196,1012.8229654947917,-9.44651754697164,219.8062256773313,549.4959572950999,21.388574218750023,11.699365234375023,16.299058532714866,69.50624958674113,78.30069470405579,38.06249952316284,10.246417938143274,5.624851550345869,6.483182525634788,10.18256276448568,1013.2677701822918,-18.124515136082966,254.24035717298588,600.7693591515223,21.406488037109398,11.600000000000023,16.223833974202496,70.63749901453654,66.9486111799876,7.052083224058151,12.025531792866047,6.863295157506346,6.60376892089846,10.494110361735068,1012.98236328125,-12.81535812218984,232.83094689249992,555.9962693850199,20.902642822265648,11.704492187500023,16.0703432718913,70.46319484710693,85.97152741750081,32.65625,10.151255164265367,6.649930536079207,6.4084093729655365,10.316210683186853,1012.8019498697918,-9.651188691457113,203.88160717238983,520.2499905427297
2021-08-05,20.416650390625023,12.695123291015648,16.146245574951195,76.97916666666667,60.57708398501078,27.291666746139526,25.503474334465665,15.606519897476183,7.611872609456384,11.861402130126976,1005.8784635416667,1.4058634638786316,182.64224337538084,695.6675268809,20.531152343750023,12.773187255859398,16.430361684163433,76.39236164093018,73.82152724266052,105.81249976158142,24.39658963527504,15.238465792779186,7.408692932128929,11.926845804850302,1007.1837662760418,-3.304020901521047,225.08225453148285,712.7420272827148,20.266687011718773,12.689202880859398,16.07702789306643,77.5979167620341,59.92847216129303,29.427083045244217,27.22054639110576,15.552174838460767,7.5554367065429915,11.9169911702474,1005.8763053385417,-1.26964936653773,202.72722316533327,691.7949991226196,20.367639160156273,12.528436279296898,16.348730977376324,77.64305591583252,84.21736160914104,92.375,26.588658936147066,16.43459827933762,7.578785196940146,12.148773447672568,1007.1569270833332,-3.013293206691742,212.10952751586834,766.3812545140585,20.291162109375023,12.446710205078148,15.938197072347029,78.48402881622314,76.07430585225423,41.78124988079071,25.566594832026066,15.498197611137305,7.4489303588867415,11.933258310953818,1005.9678938802083,1.9798651387294133,161.77380373328924,686.4856607119242,20.656488037109398,12.193902587890648,16.235524749755882,75.75416564941406,69.53263839085896,50.927082777023315,24.308573224260748,14.973238080159726,7.503021494547568,11.611657714843773,1007.108134765625,-2.011693298816681,217.35961215943098,713.1498098373413,20.833337402343773,12.698388671875023,16.301402028401714,77.03749974568684,74.94583368301392,16.677083507180214,26.751840467491416,15.627605725022809,7.586395517985068,11.96992136637374,1005.73134765625,-3.081957221031189,198.70669400443634,701.6631882985433,20.248040771484398,12.374505615234398,16.18143234252932,77.36944389343262,73.86944389343262,30.437499940395355,28.415813933339948,17.065485073940707,7.54783655802413,11.964613850911462,1006.158505859375,-4.05349604288737,218.54177000373602,736.690193494161
2021-08-06,19.703759765625023,14.030816650390648,16.549448903401714,81.16250006357829,75.33888892332713,95.77083325386047,32.36256732137864,24.18417207155083,7.586147562662802,13.196126556396507,998.9243587239583,-2.571954846382141,172.82257984640697,1012.2925033569336,20.416650390625023,14.251611328125023,16.88272883097333,77.55208237965901,68.50069324175517,113.13541650772095,32.64033347663187,23.94635125373104,7.792560831705771,12.712733205159509,1000.0102571614583,-5.165134109556675,209.74275133789828,1052.8428319295247,19.933282470703148,13.999993896484398,16.644957478841167,80.93750031789143,72.64583392937978,110.4062488079071,30.584084051330098,23.20629286202228,7.7326522827148665,13.207364654541038,998.9278157552083,-4.070526550213496,193.25897037548324,998.0780995686849,20.247552490234398,14.144769287109398,16.61006825764976,80.30555375417073,67.22430576880772,138.94791555404663,32.14717404483365,23.115161787659783,7.7490707397461165,13.053768412272177,999.844990234375,-5.209223973254363,191.68560648150742,970.2474034627279,20.189813232421898,13.966668701171898,16.639272308349632,80.10972197850545,70.47777736186981,130.7291660308838,30.848669576257276,23.874032883204908,7.640195465087913,13.046427663167321,999.0287272135417,-2.790008713801702,195.26119878639778,1013.9106470743815,19.975732421875023,13.808923339843773,16.372766113281273,81.9590269724528,79.97569485505421,219.6979169845581,32.80158488565357,23.874324089521675,7.626087443033896,13.147346750895224,999.4768196614583,-4.562522247433662,186.9247808093205,979.6385548909506,20.591027832031273,13.932519531250023,16.77404301961265,80.01735957463582,66.30277774731319,111.86458396911621,30.459584390815355,23.527167932910036,7.69581247965499,13.14686228434249,998.8571158854168,-5.386281738678615,222.99877686674395,1017.1260503133138,19.586206054687523,14.006463623046898,16.372374471028667,82.03750038146973,78.99583248297374,115.76041722297668,32.62506619575347,23.586523444256716,7.596219635009788,13.192032114664755,999.0704036458333,1.492924650510152,167.12133297262093,992.0256932576498
2021-08-07,19.011895751953148,13.069085693359398,15.730195617675804,79.70902744928996,51.123611479997635,103.2812488079071,28.66051830916969,21.899419148775166,6.89688390096029,12.080210622151696,999.0080826822917,1.1786298751831055,200.85613836596409,916.6730092366537,19.541619873046898,12.699182128906273,15.993243153889997,78.07847309112549,51.93194512526194,160.55208253860474,26.165758561203255,19.229058627882313,7.251730855305993,11.957398986816429,999.620791015625,-2.235668182373047,212.44661215196052,842.7072715759277,18.637506103515648,13.217858886718773,15.289055124918642,83.72708225250244,58.97777632872263,113.12500047683716,31.133344787018743,22.99486133480055,7.0062245686849,12.465739186604821,998.8750553385418,0.17270954449971518,209.2372801626722,891.3197123209635,19.971368408203148,12.799981689453148,16.14884465535484,76.60069465637207,49.71944463253021,172.4583296775818,26.374458870655886,19.25527043121495,7.300085957845056,11.772766367594443,999.4522102864582,-3.641425291697184,224.00756154209375,854.239943186442,19.175469970703148,13.419946289062523,15.481394704182966,82.5645825068156,74.15763833622138,82.93750011920929,33.986411059050596,23.58705998504851,7.063595072428427,12.4019765218099,998.3950716145832,1.071377952893575,207.93366367618242,921.9182840983073,18.902398681640648,13.034173583984398,16.102466837565128,76.98402897516887,49.881250442471355,184.46875047683716,27.393984309735213,21.6517963872148,6.922755177815759,11.87012379964193,999.2946907552083,-2.0977461338043213,210.03766676783562,944.0264892578125,18.747308349609398,13.383416748046898,15.219229634602888,84.42569382985432,76.67222177485625,70.87500052154064,28.549634101866463,22.276052166802884,7.014487202962243,12.52732874552413,998.24083984375,3.1278199553489685,181.69913899029294,863.6730677286783,19.266717529296898,13.026055908203148,16.037353769938175,76.90763839085896,59.9416676958402,172.14583444595337,28.34031695426323,21.350201600393238,6.954003906250023,11.79450124104818,999.2146549479168,-3.12993323802948,228.75830530375242,948.5872217814127
2021-08-08,18.030572509765648,13.485101318359398,15.233752187093122,81.49027760823567,84.32499867677689,236.13542079925537,26.81461877169524,23.4876883283497,6.550480143229208,12.038035329182946,1005.1977701822917,-0.35623349746068317,155.57408424591026,913.901304880778,19.698541259765648,13.333367919921898,15.992252604166689,75.20208358764648,76.88263738155365,176.6666669845581,27.99723047349499,23.81743912728149,6.361803944905603,11.338840738932333,1006.077548828125,-3.1117657820383706,217.23863691464067,1091.3024393717449,17.679681396484398,13.087426757812523,14.908890024820986,82.24930508931477,81.7805556456248,228.90625095367432,26.437018258607264,23.306171876210538,6.4668505350749115,11.849383290608728,1005.3185416666668,1.6839206616083782,140.5831349839767,873.3844299316406,19.584405517578148,12.505548095703148,15.469071960449241,77.72360960642497,66.13958311080933,188.78124904632568,27.37876014941263,23.771464492735387,6.538470204671228,11.331507619222009,1006.2213834635418,-6.934902747472127,196.56066411733627,1012.3591893513998,18.158624267578148,13.134698486328148,14.981037394205751,81.00000031789143,74.4034713904063,83.6770830154419,28.000809246368238,23.1821838944131,6.482294972737634,11.67360331217452,1005.3153450520833,-0.4523253469572713,156.74458253880343,868.7991498311361,19.068414306640648,13.324273681640648,15.313829040527366,80.50208234786987,66.94166805346806,203.34375047683716,26.742104441211,23.71879778746668,6.642755126953148,11.839638010660849,1005.5942578125,-3.984697679678599,188.73366402213773,939.8265609741211,18.171014404296898,12.506127929687523,14.760259246826195,82.34374904632568,65.4770831267039,40.86458373069763,27.799207362494077,22.811622701673258,6.515509541829431,11.71647669474288,1005.2398860677083,0.11009238163630168,158.65202744180957,839.1643829345703,18.218499755859398,13.610894775390648,15.27698923746747,80.81736024220784,78.49861029783885,193.42708158493042,25.964501955954912,23.61315334486724,6.505498504638695,11.911820983886741,1005.2406119791667,-1.8044860980783899,144.5674157626927,944.8898658752441
2021-08-09,19.432305908203148,12.347314453125023,15.282562510172548,85.4152774810791,84.79652825991313,176.33333206176758,27.40913083916791,17.761474200441597,6.773938751220726,12.705420430501306,1011.304892578125,-3.909838636716207,164.9710022608439,693.2454477945963,19.112908935546898,12.800897216796898,15.588059997558616,82.48402849833171,78.83055480321248,327.4062509536743,26.298486908161482,19.619492377165614,6.946967061360681,12.495731608072958,1011.2929817708333,-7.531197160482407,186.5693657634159,780.4100646972656,18.155786132812523,12.531243896484398,14.931451416015648,88.26458072662354,87.56805618604024,247.61458349227905,25.33885731964332,17.286575868756064,6.805273946126306,12.939653015136741,1011.2826432291668,-0.5671374400456747,143.4540539396306,629.3456217447916,18.506555175781273,13.210443115234398,15.771382904052757,83.72152741750081,81.98055688540141,323.61458015441895,27.16316321758462,20.234259544850616,7.29053649902346,12.9734931945801,1011.1891015625,-6.959379216035207,175.18797286475697,771.0148048400879,18.639031982421898,12.280908203125023,15.253672536214216,85.24930508931477,88.92013931274414,136.00000023841858,25.58406547996673,17.910709513783306,6.913251495361351,12.680168406168661,1011.6008528645833,-3.7995944718519845,147.55664138495922,686.4139912923177,19.484429931640648,12.662103271484398,15.810698445638044,82.91527684529622,78.13194545110066,194.65625047683716,26.472180311672446,18.141898381919255,7.015930430094443,12.7330146789551,1011.224833984375,-5.490957591372232,167.74272181900838,755.0004768371582,18.902734375000023,12.499993896484398,15.420027669270857,85.1944465637207,91.0,144.17708391323686,24.9832965408471,17.330973298219593,6.807302093505882,12.810508982340536,1011.3286197916667,-5.742479369044304,174.93469994701445,690.0801862080892,19.492242431640648,12.712152099609398,15.71860529581708,83.05833355585735,82.41319529215495,124.00000071525574,24.408247873270135,17.776212544767382,6.915771738688193,12.65913035074874,1011.0849934895833,-8.382004042466482,195.29500286653638,755.7897872924805
2021-08-10,19.801629638671898,11.902825927734398,16.226628875732445,78.34930610656738,54.58402771751086,227.9479112625122,18.437675016206992,13.429123377970933,7.169491068522177,12.207423146565759,1015.3000455729167,-9.028483420610428,198.04719834650555,593.2497046788534,19.455987548828148,11.559716796875023,15.695291137695335,82.48819224039714,58.67777748902639,322.28125,19.271293965576326,13.42094235998482,7.0775555928548215,12.560875193278036,1015.7461002604167,-9.396135916312536,163.26805162305632,535.5588013331095,19.909112548828148,11.858178710937523,15.8769355773926,80.30902846654256,55.37777805328369,135.31249856948853,18.316400577927034,13.513309023478458,7.22199656168624,12.30206960042318,1015.429716796875,-7.340262720982234,180.6976362777253,569.502732594808,19.550042724609398,11.591485595703148,15.594482676188173,83.58194510142009,64.71319393316905,410.1041603088379,17.663222897899566,13.23957317607156,7.1971844991048215,12.660990651448571,1015.4719010416667,-10.07827481875817,159.50219605738917,515.3304964701334,20.012750244140648,11.914239501953148,16.327479298909527,77.13124815622966,50.69305603702863,41.06249976158142,18.424644352155745,13.062164126603685,7.136431630452478,12.042619323730491,1015.2753287760418,-12.206250011920929,212.15930764997998,601.7734216054281,19.716088867187523,11.953759765625023,16.014084116617862,79.97360976537068,59.7729164759318,223.09375286102295,17.30988193719227,12.949223755998773,7.375553385416708,12.364869689941429,1015.153046875,-9.341570548092326,159.30635904396573,552.8076518376669,21.747003173828148,11.999993896484398,16.847683207194034,74.11597220102946,38.59583319723606,6.8125001192092896,16.800369800216714,12.444839945369871,7.118671671549521,11.757362620035849,1014.992783203125,-19.626465519269306,263.86179896568257,670.7124703725179,21.175500488281273,11.661431884765648,16.469407653808616,78.25833400090535,49.253471771876015,275.18750190734863,17.16297676622045,13.271772784935223,7.2056137084961165,12.34089304606124,1015.2804459635418,-12.826567550500235,203.00163884088397,646.577179590861
2021-08-11,22.577325439453148,12.984918212890648,17.574496205647808,70.99236122767131,73.90486081441243,1.7499999403953552,18.518222087171868,12.551145959098122,8.90726242065432,11.950785573323571,1018.1382291666667,-15.162807941436768,268.5415564899643,644.2267468770345,21.746240234375023,13.259149169921898,17.481596883138042,71.59583187103271,93.35000085830688,232.23957633972168,14.356618984640386,10.324675711060692,9.24692306518557,11.958291625976585,1018.2361588541667,-13.524819254875183,214.52642114584646,554.639892578125,22.400689697265648,13.259759521484398,17.691026306152366,70.74860954284668,84.04236094156902,2.0000000596046448,17.59664629902864,12.275120772137567,9.091540273030603,11.981633758544945,1018.2181315104167,-15.380294680595398,263.48157680407166,613.0289856592814,21.735070800781273,12.877435302734398,17.2474189758301,72.45486211776733,95.42639032999675,137.75000381469727,14.804858560046439,10.306093830346562,9.303090667724632,11.980350748697958,1018.4870833333333,-17.659265120824177,229.01313980047902,516.9150295257568,22.483666992187523,13.403985595703148,17.698153432210308,71.02986192703247,85.37361160914104,3.0,17.52390207969854,12.513924041930546,9.038969930013025,12.065424855550134,1018.1314225260417,-15.141989131768545,260.91163738196093,633.4231379826864,22.590692138671898,13.001275634765648,17.578687286376976,72.07083415985107,81.34930594762166,43.5,15.296166136694517,10.783319749656618,9.157898203531943,12.114010111490927,1018.3440592447918,-17.184972325960796,261.3061134368181,565.9700012207031,22.521112060546898,13.404901123046898,17.634289042154972,71.33402744928996,79.18055431048076,2.26041666418314,18.15873818626768,12.695762960425242,9.301361338297568,12.031470235188806,1018.0256966145832,-15.128109951814016,264.9351194699605,622.4975544611613,22.127770996093773,13.149987792968773,17.47401326497398,72.25694433848064,77.51180577278137,8.562500059604645,15.939925301627198,11.370822239484077,8.818865712483728,12.095251973470056,1018.07166015625,-11.901945948600769,238.97297914450368,605.4246161778768
2021-08-12,21.525201416015648,13.906182861328148,17.641890462239605,79.13680489857991,73.06458282470703,1.125000011175871,20.832050909207126,14.151976900991789,10.852998352050804,13.858487701416038,1018.5176725260417,-7.1714867154757185,168.2831067343553,634.9284464518229,22.780938720703148,14.103509521484398,18.319771067301456,76.14930566151936,67.8868059317271,2.8020832762122154,21.576268087670233,15.06213511361428,10.732720947265648,13.813200887044275,1018.611630859375,-10.001614570617676,195.15580644768974,690.5227578481039,21.808526611328148,13.843286132812523,17.635474141438824,78.11944389343262,71.92986063162486,1.083333358168602,20.888473393955426,13.994668369014477,10.924541727701865,13.641459401448571,1018.61916015625,-8.017950455347696,173.62380837090313,603.7193094889323,23.427270507812523,13.760125732421898,18.46370722452802,73.6319448153178,53.18125036855539,2.2187500074505806,20.14323351822173,13.931462727756333,10.804185485839866,13.356703694661462,1018.8998958333333,-14.801250457763672,245.24747246317565,666.7395470937093,22.147607421875023,14.181542968750023,17.968176778157574,78.34236113230388,85.93541590372722,1.3437500251457095,21.287507564414195,14.199244802411998,10.527679697672568,13.962017313639365,1018.334462890625,-7.994073073069255,148.1080833952874,661.8807500203451,22.608880615234398,13.966668701171898,18.15665969848635,76.76458279291789,75.80763880411784,3.333333343267441,20.890643686815917,13.572204199606837,10.879951731363974,13.763244883219443,1018.6723307291667,-11.80614161491394,204.54721754603088,617.6844501495361,21.907220458984398,14.203240966796898,17.864338175455753,78.44583241144817,86.90347123146057,1.2187499962747097,21.559286488021765,14.44108279099681,10.780859883626306,13.913910166422568,1018.1828157552083,-4.111366828282674,131.6902783854554,650.7740160624186,22.077508544921898,14.109674072265648,17.861575063069683,79.34305540720622,81.55902864535649,3.624999962747097,22.63705386808403,14.43613064207878,10.714715576171898,14.060150400797568,1018.3233170572917,-7.574152290821075,161.90383377671242,647.8946844736735
2021-08-13,21.611810302734398,13.508447265625023,17.396112060546898,74.55555597941081,79.17638770739238,6.468749895691872,24.066770038674953,16.54767453023858,8.387289937337243,12.54202804565432,1020.189892578125,-2.905457933743795,193.62566580685476,796.0884710947672,21.068627929687523,12.533135986328148,16.966091410319034,73.64166657129924,82.41666674613953,3.250000037252903,21.763039018170332,14.268544057561153,8.801836903889978,11.968887583414755,1021.069794921875,-2.8227778462072215,180.99424814370772,681.6742792129517,21.453668212890648,13.425042724609398,17.54302622477216,73.29236221313477,78.56527781486511,4.083333224058151,25.61275078313861,16.257287306626353,8.608820851643884,12.377985890706384,1020.1974088541667,-5.047892878452937,202.54727875751755,796.668327331543,22.559625244140648,12.522271728515648,17.45121027628583,71.44027900695801,84.83680566151936,2.0000000596046448,20.469747729783908,13.743388033222663,9.560515340169275,11.906255340576195,1021.003642578125,-11.749279022216797,247.55983338442942,673.382396697998,22.238122558593773,12.912591552734398,17.4154729207357,73.0048623085022,77.22291553020477,2.4166666865348816,23.924832767675728,15.849235062869724,8.534329986572288,12.16044387817385,1020.2208723958333,-7.175115625063579,218.3914151272426,784.1230443318685,20.968469238281273,13.416680908203148,17.30395151774091,75.88472239176433,83.79652690887451,4.593750014901161,22.895494779273385,15.376908283648755,8.688216145833337,12.751677449544275,1020.5763248697917,-2.7115817070007324,181.21900338679552,738.4390309651693,22.277032470703148,13.050103759765648,17.456140136718773,72.4777774810791,75.61736126740773,0.22916666883975267,23.999958077083637,15.934707769768428,8.506827290852868,12.049560801188193,1020.2745865885418,-7.675256411234538,225.7307010690371,801.7932478586832,21.589990234375023,13.300927734375023,17.41281661987307,75.57847293217976,84.43958234786987,4.802083313465118,22.91622607222392,16.12810978574654,8.47657165527346,12.771372731526696,1020.0923111979167,-6.47283570220073,193.66166854649782,782.7748832702637
2021-08-14,22.816644287109398,13.086907958984398,18.235189056396507,72.26735973358154,49.80763939023018,2.375000014901161,19.010784401848184,13.954132797817673,9.058343505859398,12.84686940511068,1020.1640462239583,-11.428414771954218,201.36238282732666,730.7362003326416,23.505517578125023,13.449975585937523,18.356846110026066,71.506250222524,60.66597270965576,10.59374988079071,18.9038771558662,13.96509859144853,8.473032887776696,12.70270436604818,1020.6637076822917,-16.843459566434223,243.50955095825097,772.5767974853516,22.900018310546898,13.231927490234398,18.1870679219564,73.94305483500163,53.220833003520966,2.510416641831398,17.59690295190609,13.342530375164179,9.22663014729818,13.181062316894554,1019.9274674479167,-13.556745280822119,201.92852588308355,669.4034131368002,23.299981689453148,13.499993896484398,18.28443806966148,71.47013854980469,67.32152740160625,6.364583313465118,18.313008716120933,13.536762165739809,8.776462809244833,12.623557027180993,1020.9132063802083,-13.893283347288767,227.34844544405738,741.684326171875,22.519219970703148,13.427941894531273,17.897896067301456,75.57222112019856,51.110417107741036,1.8645833432674408,17.659681847944896,13.488430605038724,9.38648630777999,13.2912587483724,1020.0046907552082,-13.044880449771881,210.1633348247657,615.8921871185303,24.337030029296898,13.242395019531273,18.505520121256534,71.09513823191325,51.48611104488373,3.4687500298023224,18.56300203986004,13.500337257338975,9.21967468261721,12.733223215738974,1020.281171875,-17.694311380386353,240.21822242066264,734.8993651072184,22.751275634765648,13.369958496093773,18.00429560343427,74.55208333333333,46.39652772744497,1.6770833507180214,17.853782294895996,13.159749434179133,9.49732106526693,13.135991668701195,1019.8474446614583,-14.992451151212057,214.50324785523117,647.1702556610107,23.425103759765648,12.978936767578148,18.21904271443687,70.66180515289307,52.01250012715658,1.7187500149011612,19.0259799195199,13.67633660305969,9.238102213541708,12.362941996256552,1020.13322265625,-14.472846686840057,252.90768891386688,692.3844718933105
2021-08-15,22.929742431640648,13.966668701171898,17.932224527994816,73.26111094156902,59.009722113609314,3.5416666492819786,25.565778376367575,16.32809321333036,9.52244593302413,12.728896077473962,1013.8615983072917,-11.527716279029846,249.18552564208707,799.2296250661215,23.473535156250023,14.666650390625023,18.820962524414085,71.02986097335815,64.01666673024495,6.906250044703484,26.321991543524607,16.52236395904843,9.706352488199911,13.028466796875023,1014.697529296875,-11.976951440175375,250.68686690709242,821.2997016906738,23.200646972656273,14.291070556640648,18.33895645141604,71.30555693308513,53.769444127877556,2.5729166716337204,25.97822428240005,16.93000920596806,9.823122914632165,12.564402516682946,1013.4885514322917,-11.60581370194753,258.30933243657154,860.9848206837972,23.716973876953148,14.584588623046898,18.721360778808616,71.75416660308838,67.96041750907898,5.854166775941849,26.949780466588837,16.4515760974425,9.900604502360068,13.093815104166708,1014.086484375,-13.499037106831869,240.6221640072763,795.7739505767822,23.032891845703148,13.947991943359398,18.232957458496116,70.23124933242798,48.52013918260733,1.2395833637565374,24.759829494630456,16.543706787275998,9.77007954915365,12.316023763020837,1013.591494140625,-11.600863734881083,256.7947205665211,809.0268707275391,23.022241210937523,14.066674804687523,18.192686971028667,72.99652910232544,55.14583358238451,4.374999977648258,25.67603439931442,16.37482034041884,9.547703043619833,12.913887278238974,1014.2752701822917,-13.119237383206686,252.14197039231658,783.5686054229736,22.886254882812523,14.000360107421898,18.017166392008487,72.02013937632243,51.94027713562051,2.312499975785613,25.318382412185017,16.369434791199154,9.749351755778036,12.519878641764365,1013.1519270833332,-10.316961407661438,245.3564719321827,781.5501461029053,22.797998046875023,14.029138183593773,17.994594828287784,74.20069519678752,55.79097205400467,5.072916612029076,26.30418299736606,16.645110852442823,9.55439147949221,12.940811411539755,1013.6286653645833,-11.572615583737692,254.77349711085358,788.3884080251058
2021-08-16,18.646844482421898,12.442987060546898,15.815539296468122,68.64652681350708,75.57013948758443,13.531250059604645,24.548313762480337,18.661249888893007,5.9452746073405365,9.840634918212913,1015.4225553385418,8.156750788291296,147.47416797373444,933.6906191507975,19.702691650390648,12.363336181640648,16.419524129231792,65.60625076293945,58.94444513320923,8.708333551883698,24.33844234090584,19.17765581366949,6.525209045410179,9.504094696044945,1016.50099609375,2.4586099783579507,237.3860280721759,941.5138384501139,18.451806640625023,12.359643554687523,15.77188390096031,68.89513826370239,78.01736068725586,12.958333313465118,25.666299381045114,18.598207726587997,5.920704142252646,9.853557840983115,1015.5206705729167,10.8384131838878,143.41072439247122,926.5747884114584,18.299981689453148,12.624627685546898,15.690329488118513,68.96805667877197,78.6666665871938,8.916666686534882,23.446524688980503,17.70521596992971,6.06602503458663,9.80391337076827,1015.7643489583332,12.175871277848879,124.03986069653183,887.1379152933756,17.944268798828148,12.521966552734398,15.673618570963564,68.31388807296753,83.57847158114116,7.791666582226753,25.53551541254827,19.34301853975185,5.711836751302087,9.646511332194052,1015.6863997395833,12.7578997934858,131.34222051594406,938.9020016988119,19.188989257812523,12.914849853515648,16.377407328287784,65.58055528004964,80.31250063578288,7.125,25.11568793818241,18.42049368982047,5.9749071756999115,9.556033070882165,1014.9378092447918,4.253753999869029,226.81491958194724,939.950366973877,17.521600341796898,12.620263671875023,15.511814371744814,67.99791685740153,84.30277729034424,6.510416686534882,25.712322723714593,19.459826702787495,5.399175262451195,9.449314371744833,1015.96134765625,14.430800010760626,130.34377695216486,927.7358093261719,18.462304687500023,12.276300048828148,15.692552185058616,67.48611084620158,76.05138897895813,13.760416686534882,25.41039138534394,19.005123110709285,5.905487314860068,9.381003316243493,1015.37798828125,6.141898840665817,190.87397566530854,922.5019518534342
2021-08-17,18.420526123046898,11.231622314453148,14.758342997233095,78.63472270965576,94.49444500605266,8.604166567325592,22.08634297853601,15.475245982456434,6.967327372233115,11.022457377115927,1019.234521484375,2.8595099772016206,63.43797418273365,624.0889733632406,15.344354248046898,11.551446533203148,13.75617624918622,84.52708530426025,94.85763788223267,45.86458319425583,15.918791573139702,13.635768014630157,6.5149767557780365,11.1630849202474,1018.8255013020832,15.729687485843897,23.758471825315308,504.3876304626465,17.986627197265648,11.486474609375023,14.920084889729841,76.97847239176433,92.9361120859782,8.322916686534882,21.84966815272785,15.63372793317121,6.936451212565146,10.868755594889365,1018.9724674479168,6.218946009408683,59.062305758241564,625.8454367319742,17.316217041015648,10.965753173828148,14.553540802001976,79.46735986073811,88.25833447774251,17.166666388511658,19.00564962976595,15.433906051928687,6.732971445719443,10.991906738281273,1019.2557356770833,6.76341687887907,57.68030583656704,605.5289866129557,18.493676757812523,11.918542480468773,15.071055348714216,77.04861132303874,96.71527735392253,6.03125,20.18494715606917,15.491766280913629,6.732214864095056,11.044149017334007,1019.053974609375,4.965745411813259,48.782528329563014,651.7942606608073,17.492120361328148,11.166680908203148,14.4407783508301,79.85486189524333,86.84930658340454,11.406250059604645,20.074304596496088,15.231523537176505,6.476401265462243,10.965416208903036,1019.151513671875,8.221836183220148,47.97563939277703,599.1181271870931,18.532556152343773,11.966668701171898,15.051445261637392,76.59444586435954,91.29999987284343,2.3541666995733976,19.534364385870195,14.695890312728883,6.528822835286462,10.925374603271507,1019.1740462239583,6.6014121522506075,42.36966571887024,632.2059574127197,17.710504150390648,10.950250244140648,14.67069269816083,78.66736125946045,90.11666647593181,11.03124988079071,20.848555774270217,15.600822939508967,6.5826952616374115,10.952701822916708,1019.4212923177083,2.40519288678964,90.86380467610434,616.1497713724772
2021-08-18,19.108453369140648,15.024804687500023,16.971785481770855,73.58194303512573,98.9305550257365,8.593749970197678,19.369742362107445,15.261575971010496,7.559173838297568,12.129093424479208,1016.543017578125,-9.370853789150715,81.57705817057285,806.7046979268392,19.394403076171898,12.637322998046898,16.602597808837913,73.69791666666667,78.66388909022014,11.46875,17.873220785431265,14.692118070449043,8.076428985595726,11.677713012695335,1016.398369140625,-11.25208854675293,114.03249910466063,800.3192100524902,19.533776855468773,13.457849121093773,16.87006022135419,74.10208336512248,90.55486170450847,12.031249850988388,19.301271682343913,15.453152774821538,7.779629007975302,12.075931803385458,1016.493017578125,-15.156360472242037,135.68374837430505,812.7625668843588,22.387933349609398,13.755731201171898,17.59428176879885,69.19583257039388,55.66041660308838,12.14583334326744,19.537480889046535,16.0564427500797,7.566576894124353,11.51661071777346,1015.62673828125,-21.347728391488392,227.68797245489745,869.9129231770834,19.577844238281273,15.022149658203148,17.00093866984052,74.43263896306355,99.84305604298909,4.468749932944775,20.113443955703254,15.56955812132429,7.7588732401530365,12.303642527262411,1016.4308951822917,-11.284781273454428,89.51355788608392,810.6924718221029,19.360620117187523,14.049981689453148,16.83936208089195,72.43541638056438,87.03611135482788,9.531249850988388,19.08991019257933,15.296682591396204,8.379991149902366,11.705255126953148,1016.5394986979168,-12.26822484532992,125.65383205372684,802.2220102945963,19.532342529296898,15.009210205078148,17.11924260457359,76.30208237965901,99.74236138661702,6.354166649281979,19.21069202857098,15.37509765111291,7.647134399414085,12.785845692952478,1016.6580859375,-10.725151048662761,79.93580418328445,782.7219085693359,19.764703369140648,14.498834228515648,17.13295771280927,71.94861014684041,92.74375089009602,6.125000089406967,19.90966486911693,15.589974069905196,8.09931081136068,11.885335540771507,1016.7166438802083,-13.069425086180368,140.7360584095974,829.4894841512045
2021-08-19,22.198815917968773,14.743402099609398,17.267434692382835,72.91041660308838,91.86388937632243,9.21874988079071,17.352609485384225,10.896480435866849,7.485321299235068,11.98251622517904,1013.8690559895833,-8.945800920327505,156.3799459884564,606.3742408752441,22.436303710937523,12.033319091796898,17.423753356933616,70.06874958674113,71.06319265564282,10.0,17.08683117020263,12.391395930263585,8.61191075642904,11.531873321533226,1014.3195377604167,-16.536440581083298,227.44169179346258,705.1991341908773,21.852227783203148,13.443963623046898,16.92404200236005,76.63750060399373,83.6645827293396,12.010416701436043,18.739630686477895,11.875771091708726,7.997998809814476,12.37602259318038,1013.5710091145833,-3.1046038568019867,164.19510514163025,591.5078824361166,22.174645996093773,12.872674560546898,17.479590352376324,71.18888743718465,72.44652791817983,14.322916626930237,16.365709035965242,11.89266762985968,8.094157155354821,11.876794433593773,1014.1207845052082,-16.21200981736183,227.44542179749502,679.8720099131266,20.841088867187523,12.537988281250023,16.685383097330753,77.52986145019531,74.11805462837219,9.187499888241291,19.27776737185654,12.943995897299322,8.278962707519554,12.46112721761068,1013.5181608072917,-3.4486178954442344,167.0668857022732,580.4221223195394,22.658105468750023,14.753320312500023,17.88889338175458,69.60138893127441,88.04097032546997,7.875000029802322,17.38878847493307,11.340480859334784,7.42759730021163,11.88483835856124,1014.1399609375,-16.789476389686268,199.589975665013,697.3358917236328,20.560693359375023,12.391351318359398,16.305771128336612,78.79236030578613,80.83958307902019,6.989583290182054,18.12867732386126,12.839778762479265,8.655592854817712,12.366848246256552,1013.721572265625,2.0993302762508392,134.53233213470472,534.5892976125082,21.751611328125023,15.038659667968773,17.66157684326174,70.74305613835652,96.95902792612712,12.708333402872086,16.253351071268398,11.321461439293685,7.34979146321615,11.978879547119163,1014.1696712239583,-13.179913977781931,158.2037808249394,686.4011287689209
2021-08-20,23.881768798828148,12.962701416015648,18.259556070963566,73.50138998031616,46.242361068725586,8.000000238418579,14.381989923710165,10.416357044613282,9.685142771403036,12.965385691324911,1014.733759765625,-21.24405586719513,244.77303036053976,582.8583714167277,24.207879638671898,13.409783935546898,18.637410736084007,72.3541653951009,54.8965279062589,15.88541692495346,12.053388580431458,9.85365379623289,9.389040883382165,13.020293172200525,1015.4161848958333,-21.370818336804707,241.9957815806071,614.5346215566,24.066644287109398,12.949975585937523,18.28517049153648,73.5118055343628,41.625694712003074,11.499999761581421,14.39794869800235,10.600449811295713,10.00260696411135,12.974361673990927,1014.7326334635417,-20.725827634334564,248.8001109957695,561.4123827616373,24.008477783203148,12.974481201171898,18.203197733561222,75.00138966242473,33.572221944729485,49.08333396911621,12.135572878452328,9.939474907577578,9.411860402425134,13.239516194661462,1015.1002994791667,-18.23894988497098,236.46013834079108,565.8154969215393,23.967675781250023,13.091180419921898,18.44013875325523,73.3548599878947,56.057639280954994,11.302083134651184,14.368028683277796,10.93065680638288,9.57208150227865,13.075477854410849,1014.9971907552083,-22.282036066055298,251.27874718109766,612.1010618209839,23.929345703125023,12.968621826171898,18.185151672363304,74.25972270965576,39.38680579264959,34.46875011920929,13.211595913014946,10.411952552220397,9.149926757812523,13.072774505615257,1015.042548828125,-18.78814301888148,248.19336501757303,592.2490860621134,23.566674804687523,13.305902099609398,18.48252131144208,74.09305651982625,66.97916515668233,15.583333551883698,14.284345455835313,10.93339645254658,9.066997782389365,13.324151611328148,1015.0088216145833,-22.216153557101887,234.35794643561044,633.3001489639282,23.525506591796898,12.857812500000023,17.90519485473635,74.73819494247437,53.631944398085274,32.708332896232605,14.179301597238874,10.6427600598281,9.438708241780603,12.913139597574911,1014.7615852864583,-16.66063040494919,221.9237759311994,562.0541659990946
2021-08-21,20.163995361328148,14.921319580078148,17.17216771443687,82.95763715108235,83.53194419542949,20.531250044703484,20.294767330424555,11.314616927316541,9.86972579956057,14.172621663411462,1014.6021484375,10.874501757323742,58.266333947579064,382.24224249521893,23.044610595703148,15.240899658203148,18.071993764241558,75.54722086588542,98.5659720102946,15.343750178813934,19.91206629553525,12.97630640083356,10.863472239176474,13.52498270670577,1013.4814485677083,1.8348753390212853,108.29502944151561,461.31387368837994,20.919488525390648,14.727868652343773,16.92089996337893,83.83263842264812,87.46875047683716,36.13541607558727,15.197829112704238,10.225093883425076,9.717069244384788,14.041246032714866,1014.8772428385417,11.677735308806101,66.98511243859927,329.7563505967458,22.979974365234398,14.605035400390648,17.858729298909527,76.90000025431316,95.56319522857666,17.124999791383743,21.762784406014312,13.01975100841175,10.926038360595726,13.517734781901083,1013.2036881510417,1.0229055682818096,120.39421958476305,461.5958397388458,22.544122314453148,14.556451416015648,16.975010172526066,81.14444335301717,86.98194360733032,57.302082817070186,20.959290693531127,11.13374108017903,9.191396331787132,13.525020853678427,1015.3004752604168,13.251642803351084,80.6771949628989,381.36917209625244,22.825372314453148,14.821984863281273,17.462344106038433,80.45902744928996,94.70902792612712,20.86458322405815,19.320332156140797,11.884140083904322,10.466334279378259,13.882686869303427,1014.2468489583333,8.047369738419851,79.5623867213726,412.0224733352661,21.849847412109398,14.042169189453148,16.809475199381534,80.63055562973022,86.6145846048991,36.62500001862645,18.697509074623063,10.464362853682104,8.855400339762411,13.305032348632835,1015.4962923177083,11.666304662823677,79.81852907935779,377.6619709332784,22.111260986328148,15.062799072265648,17.20040664672854,82.86875089009602,90.65069516499837,48.62500071525574,17.019256028035784,10.52921742913041,9.911594645182333,14.10255076090499,1014.5952473958333,12.288980980714163,66.77947167555492,385.2703932126363
2021-08-22,21.184503173828148,13.265222167968773,16.82428131103518,81.41666650772095,72.91805549462636,70.26041555404663,18.55795076853258,15.127876422115376,8.256565348307333,13.441796875000023,1018.0454622395832,-0.6815621769831827,113.28816549976666,636.9432493845621,20.734613037109398,12.978326416015648,16.90795542399091,80.84999974568684,72.88472151756287,91.52083349227905,19.041392009200106,14.497174158924977,8.011959330240927,13.305781300862634,1016.778076171875,-5.928226451079051,187.68335988124213,672.5910669962565,20.410089111328148,13.841729736328148,16.900707499186222,82.4229170481364,70.29930559794109,80.30208468437195,20.242192734727602,14.980878735262666,8.402015940348349,13.72780253092452,1017.7689973958333,-1.9158601462841034,138.82811296979585,598.1509590148926,19.197442626953148,13.116174316406273,15.93267720540367,86.21458180745442,67.29305628935496,103.3750011920929,19.581820173631712,15.247884192315334,8.333559926350915,13.53288040161135,1017.31001953125,0.5983646611372629,112.48761304219563,533.6807403564453,20.488519287109398,14.267846679687523,16.983782704671246,83.85555458068848,80.53611079851787,219.88541674613953,19.623851688091285,14.521477414936973,8.7637929280599,14.07606150309249,1017.8462141927083,-3.7088802233338356,148.2759439200163,589.4346853892008,19.003594970703148,13.371362304687523,16.26149139404299,86.60694376627605,80.88611125946045,198.67708349227905,19.673217806351385,14.598678112526757,8.137656148274743,13.938395436604821,1017.767021484375,-3.64117960135142,136.28796875476837,526.7363325754801,19.770440673828148,14.740869140625023,16.903137461344425,86.08611106872559,77.36041563749313,137.10416658967733,16.913059108471806,12.75920532292298,8.663699086507165,14.4549550374349,1017.7503776041667,1.118837058544159,109.57255464295547,504.8071638743083,21.327416992187523,12.738641357421898,17.21814626057945,79.98472197850545,72.5277777115504,119.86458253860474,16.998286777355258,12.53508278897977,8.106547292073571,13.510064697265648,1018.2653385416667,-10.496228317419687,164.60180568695068,586.8511400222778
2021-08-23,20.086541748046898,12.286340332031273,16.044157918294292,76.64930550257365,48.157638082901634,155.90625047683716,17.018341479595282,13.196842273554436,8.444969431559286,11.733146921793661,1026.8983365885417,7.144779185454051,139.82022408644357,557.6326128641764,21.828729248046898,12.434503173828148,16.89714330037437,72.33958355585735,23.90416657924652,82.35416555404663,17.62659471261887,13.412497952847673,8.177124277750693,11.465113576253259,1026.370634765625,-5.136142075061798,198.75733415285745,614.1190541585287,20.231500244140648,12.422387695312523,16.16784311930341,77.59027814865112,48.67152743538221,31.385416984558105,17.09578498520529,13.100484116483159,8.3380116780599,12.053244527180993,1026.8249967447916,6.820245802402496,139.0948929588,548.9193013509115,20.995050048828148,11.614373779296898,16.029687500000023,71.57430601119995,37.54930542052413,102.25000095367432,18.908907754559895,14.333930986473504,8.039422607421898,10.604945119222009,1026.479404296875,4.914938747882843,146.80486088991165,608.8670361836752,22.194726562500023,12.733026123046898,16.817127482096378,72.39444351196289,29.80486116806666,22.958333551883698,16.40946184499335,13.053689835174582,7.996419525146507,11.334951019287132,1026.749189453125,-5.9921732147534685,254.38693970441818,673.4496911366781,21.700463867187523,12.367059326171898,16.45727691650393,70.10833470026652,40.09444399674734,272.2187490463257,16.599646456105436,13.65339203710027,8.49700826009115,10.565251922607445,1026.8729036458333,-1.9817004402478535,218.99266755580902,649.1985193888346,22.237207031250023,13.039300537109398,16.9603833516439,72.60208257039388,27.881944318612415,5.124999940395355,18.290665206973532,13.901380940667918,8.169338480631552,11.37140553792318,1026.8649772135418,-6.2886413137118025,253.25394163529077,701.7442614237467,21.659692382812523,12.101007080078148,16.291076914469425,71.45486116409302,30.696527769168217,189.11458158493042,18.23080062811524,13.92032222701441,8.499363199869833,10.531847890218103,1027.0861197916668,-3.8579423427581787,245.0636651913325,657.7187074025472
2021-08-24,21.165460205078148,11.947625732421898,16.17536315917971,69.87013896306355,46.536804700891174,0.5000000149011612,20.636393708266557,16.902830456979476,7.786167399088583,10.130480702718103,1029.255751953125,0.750647763411204,249.57711082696915,722.488836924235,21.089837646484398,11.246453857421898,15.769067382812523,69.49722242355347,40.67222254847487,157.25000381469727,19.86404800972816,15.089466357105778,7.91513595581057,9.727891540527366,1028.551298828125,-3.8114763696988425,257.01582636435825,645.3783531188965,21.179193115234398,11.830377197265648,16.081568654378277,70.51250076293945,18.002083184818428,3.0,21.267290288488216,17.402795575874094,7.700407918294275,10.148999786376976,1029.1419270833333,-1.4065126379330952,255.91258211930594,730.6943728129069,20.897027587890648,11.431176757812523,15.739111836751325,70.34305461247762,39.870138466358185,32.750000953674316,20.72640934449277,15.971379336518877,7.703369394938193,9.86601282755538,1028.6015983072916,-1.9060275157292683,248.51157891750336,671.709836324056,21.147027587890648,11.694818115234398,16.003460184733097,70.90347226460774,25.17638871570428,1.5,21.056559190933314,17.074428891421956,7.607191975911462,10.127261098225915,1029.24482421875,-1.83733864625295,256.5895267526309,729.8365211486816,21.142602539062523,11.524560546875023,15.881758626302107,69.00555578867595,35.02847247322401,23.25,21.30647770727037,15.966869643519976,7.628212229410849,9.695649719238304,1028.8113053385416,0.7347458203633627,257.341411670049,680.8684043884277,21.027398681640648,12.007836914062523,16.139886474609398,72.39166673024495,25.1930557290713,0.0,21.794049408451066,17.77583191932703,7.667667643229208,10.617617543538415,1029.1686783854168,-2.7948639591534934,256.6469481388728,760.6046600341797,21.260736083984398,11.844079589843773,16.07255325317385,70.25555721918742,41.718054396410786,5.25,20.43604267615435,16.603793751526013,7.643975830078148,10.091051991780603,1029.03921875,0.7061483065287272,251.72622261444727,710.1115290323893
2021-08-25,21.431695556640648,12.123498535156273,16.287405904134136,73.89930534362793,63.37152647972107,0.0,16.832929124976264,15.075692997668495,10.769287363688193,11.197941080729208,1025.90337890625,-5.01180583735307,240.0838342110316,689.7788213094076,22.413995361328148,11.756494140625023,16.595145161946636,74.63749933242798,52.235416531562805,0.5000000149011612,18.22309287081946,14.905387582766132,10.659440612792991,11.516968027750693,1026.1489615885416,-7.08482293287913,243.80375345547995,635.6720759073893,21.810937500000023,13.002709960937523,16.651589965820335,71.87916660308838,59.970139602820076,0.2500000074505806,17.31487007801351,15.501873592701804,10.469706471761071,11.145338948567712,1025.7683430989582,-5.870060006777446,233.25247226158777,730.890993754069,22.226800537109398,11.749383544921898,16.41678644816083,74.40555636088054,49.381249676148094,3.0,18.52724219395843,15.058220537625338,10.553545888264978,11.28407694498702,1026.0486360677082,-6.191009898980458,246.3402208685875,627.7964223225912,21.413385009765648,12.580255126953148,16.504360453287784,72.77222267786662,47.62986161311468,0.0,16.913255655530325,14.625711269122595,10.642288462321005,11.073178863525413,1025.767314453125,-4.549270053704579,248.4390811920166,676.6825930277506,21.976495361328148,12.056878662109398,16.290970102945987,75.57708374659221,61.19097216924032,1.5,17.82024911893376,14.70862233394827,10.432454681396507,11.515774027506552,1026.1075944010418,-5.768875857194264,245.80691947539648,648.736385345459,20.669549560546898,12.722772216796898,16.22562179565432,75.41875060399373,54.509028335412346,0.0,17.67139965036487,14.500117841695745,10.669544474283896,11.466892496744833,1025.6795475260417,-3.0799959202607474,227.03069300452867,650.4842681884766,21.363397216796898,11.735772705078148,15.959244028727236,76.40486145019531,59.693055391311646,0.11458333674818277,17.156947347298,14.559877403629121,10.730457560221396,11.401656087239587,1026.03640625,-3.1050774653752646,232.8487210472425,639.720147450765
2021-08-26,18.818292236328148,11.761834716796898,15.318191782633486,67.8923602104187,27.719443775713444,0.0,26.579126001311653,20.854948884812405,9.340496317545615,9.052505747477255,1022.2336588541667,9.967710852622986,253.39080902934074,868.6390012105306,19.852593994140648,11.316674804687523,16.140945688883487,64.94722159703572,32.25208328229686,0.0,25.07895034243071,19.512211156711135,10.000302886962913,9.141893005371116,1022.5601041666667,4.15204976623257,251.71805797020593,830.6850204467773,18.785058593750023,12.152398681640648,15.371719614664736,67.6881947517395,33.561806224286556,0.39583334513008595,26.42933513317372,21.358235049265193,9.458435312906943,9.139061228434286,1022.2682747395833,9.30071489016215,253.11419745286307,911.8620681762695,19.655206298828148,12.342706298828148,15.943115488688173,63.92152865727743,31.57847243609528,0.4687500139698386,26.635040259984073,20.69763909557885,9.289741770426474,8.82113927205404,1022.0041080729167,6.478196561336517,253.7591685553392,930.8033905029297,18.907769775390648,12.271875000000023,15.411286926269554,68.60069433848064,41.05555587261915,0.18750000558793545,25.775737300279758,21.07322136175908,9.501287078857445,9.374150848388695,1022.1883984375,10.035024106502533,242.12802301843962,908.6822992960612,19.241815185546898,12.092706298828148,15.502008056640648,66.73194392522176,21.340972459021334,0.0,26.105355640143852,20.6759592331229,9.526648457845056,8.974963124593103,1022.3800390625,8.658282568057379,252.1209427615007,902.8027572631836,18.963403320312523,12.670098876953148,15.6073674519857,68.87361017862956,50.93888967235883,1.2500000018626451,26.047182658682697,21.290282449632045,9.668244934082054,9.65449930826827,1022.0516634114583,8.570630888144175,236.23672833045325,937.9237263997396,19.278527832031273,11.565850830078148,15.552145894368513,68.80000019073486,28.568749418171745,0.520833333954215,26.358460561533477,19.7533241984613,9.098067220052087,9.370785013834677,1022.1013671875,6.148371974627177,241.85691536962986,858.4119911193848
2021-08-27,19.167932128906273,11.116662597656273,14.908430989583357,67.2034724553426,63.28541668256124,0.9583333395421505,17.01977520218371,13.646393114665997,5.399198150634788,8.598035430908226,1023.2438899739583,5.2070474823315935,163.3136947453022,808.0870869954427,19.550012207031273,11.945184326171898,15.11079050699872,61.721527894337974,67.16666574465732,0.3958333395421505,17.992265461143333,15.692136527646431,5.77243321736654,7.62769724527999,1023.00388671875,4.9352275257309275,144.2284430017074,1072.6835645039876,18.930932617187523,12.448358154296898,15.067536926269554,64.78819386164348,72.2256941596667,0.5000000046566129,18.50999426221048,14.25433258948415,5.194292958577478,8.311494445800804,1023.233330078125,5.96156261364619,134.0649718840917,775.6237627665201,20.435723876953148,11.483300781250023,15.225471750895204,62.245834827423096,44.97500027219454,0.552083345130086,20.360618797751155,14.265514725425021,5.623171742757165,7.76697947184249,1023.5884602864583,-0.6157594521840414,212.6758322318395,941.0310694376627,19.600030517578148,12.804498291015648,15.494880930582704,63.06944338480631,72.55486118793488,0.3333333432674408,20.366207974376472,14.080320803676429,5.962561543782556,8.295920308430993,1023.1035123697917,0.8885116577148438,158.26277808348337,936.9157129923502,20.053887939453148,12.321252441406273,15.13677876790367,61.60347191492716,69.351389169693,0.5625000074505806,19.997222440997103,13.907464155155674,5.767264302571618,7.5961903889974,1023.22078125,0.2969099283218384,175.8896407932043,1002.7121264139811,19.307305908203148,12.559259033203148,15.512970225016298,64.5527795155843,80.45069575309753,0.625000006519258,19.232841341463363,13.584265967459283,5.512241617838583,8.685422515869163,1022.951884765625,3.840771565834681,108.97111190855503,869.6927121480306,20.235650634765648,12.354547119140648,15.262025451660179,63.374306201934814,65.07708271344502,1.739583358168602,20.63110896691037,14.16518729044342,5.774381256103538,8.091101582845056,1023.4002962239583,0.10412028431892395,189.65030423303446,961.9519335428873
2021-08-28,19.759912109375023,11.238824462890648,15.17936477661135,72.50624958674113,42.95208317041397,0.7395833320915699,22.6410326295036,15.93081474398209,5.936110432942712,9.824802652994833,1025.2485123697918,3.3269670009613037,137.69650100668272,779.1325750350952,21.055596923828148,11.006951904296898,15.469307200113954,70.86458253860474,27.363194306691486,1.645833320915699,23.26266686606605,18.200475163557602,5.803656514485681,9.687502797444665,1025.078544921875,-4.5932450493176775,222.8637227912744,865.1317443847656,19.451806640625023,11.166650390625023,14.76358566284182,75.53958288828532,45.43333218215654,1.0104166511446238,21.7709416082759,16.01738257757623,6.08326110839846,10.137167867024743,1025.235869140625,3.7309831380844116,120.53944521148999,702.3903738657633,20.693261718750023,10.892999267578148,15.258987681070986,70.52013921737671,34.661110838254295,1.010416653007269,23.05113096437231,17.684589081702363,5.714345550537132,9.406278228759788,1025.0904166666667,-2.1001946727434793,193.54755554596582,837.4120337168375,18.978967285156273,11.091485595703148,14.311908976237001,78.26111094156902,54.15555493036906,0.9895833432674408,19.478092871134013,15.162153769397534,6.024652099609398,10.299550628662132,1025.3057063802082,7.937685931722323,76.837360004584,670.653018951416,19.782922363281273,11.044458007812523,15.16870015462242,70.98055601119995,32.49444441776723,0.9687500074505806,20.916102274550695,16.221604049319414,5.789289093017601,9.479249572753929,1025.3937272135418,3.979178726673126,143.59261108438173,803.6601231892904,17.883294677734398,11.381097412109398,14.49822896321617,77.73055521647136,57.891666849454246,0.7291666492819786,21.42750469229388,15.56117927001351,5.946497853597009,10.3947743733724,1025.4362369791668,5.686631858348846,93.18138794104259,686.0712299346924,19.455499267578148,11.192529296875023,14.865323638916038,73.53194459279378,41.262499272823334,1.229166641831398,21.247770335133314,15.670012911869405,5.977048492431663,9.812835947672568,1025.3831477864583,4.730607092380524,123.1930842200915,714.6745510101318
2021-08-29,20.568658447265648,10.216058349609398,15.182057952880882,67.85694535573323,14.323610825153688,1.7499999403953552,19.703655923714194,14.38823297646051,6.167965189615927,8.7577949523926,1024.4879524739583,-8.290583789348602,242.72514114777246,679.441603978475,20.902947998046898,10.271905517578148,15.209587351481142,65.33819564183553,18.23749974866708,1.2499999701976776,20.714342438832098,14.4123724203958,6.258704121907556,8.305505371093773,1023.8742513020833,-4.894009252389272,241.40161869923273,685.5420093536377,20.972528076171898,10.414697265625023,15.540088907877626,66.31388902664185,32.28680549065272,14.25,19.85108917909844,15.150295609914243,6.102960205078148,8.684166208903036,1024.619638671875,-7.971472879250844,240.90577419598898,737.8700758616129,20.907861328125023,10.199975585937523,15.177660878499372,65.7409717241923,10.098611126343409,1.7499999403953552,18.98405973755074,13.93417254342618,6.3815717061360715,8.347292836507165,1024.39951171875,-6.454498449961345,242.0233635107676,660.0364163716634,20.770593261718773,10.318139648437523,15.2187324523926,66.62152846654256,13.979861150185267,8.25,20.041859935460618,14.750336649337171,5.991930898030603,8.418681081136071,1025.0274967447917,-4.946379025777181,241.58366972208023,706.390344619751,20.697076416015648,10.244989013671898,15.132146453857445,66.71597353617351,9.495138933261236,2.7500000596046448,18.530825271104938,13.76123935816986,6.421308135986351,8.453118896484398,1024.3907649739583,-7.83248237768809,242.7868612309297,644.2808907826742,20.901574707031273,10.766717529296898,15.53952306111656,67.2277782758077,15.95208332935969,0.5000000149011612,20.921564277555905,14.947950896973053,5.934784189860068,8.835157012939476,1024.7779850260417,-6.08764261007309,241.11796836058298,738.9841601053873,20.634301757812523,10.198663330078148,15.108389790852888,65.97499974568684,13.106249740424877,1.7499999403953552,18.992936719839182,14.213922584071307,6.507129923502646,8.26480382283529,1024.256044921875,-7.32541020711263,243.33185755213103,641.6209036509196
2021-08-30,21.984979248046898,11.184136962890648,15.693992869059267,71.60416618982951,23.13472240169843,0.0,23.02491165088982,19.13486404093503,9.359855906168661,10.073203023274743,1024.5464615885417,-2.0462326407432556,233.16855237881342,694.5058174133301,21.149957275390648,11.715844726562523,15.463958994547548,75.11527903874715,51.71944375832876,1.7499999403953552,22.303834825896864,18.79846958239268,8.285605367024743,10.699253336588583,1024.024970703125,-1.3338921169439952,146.02241680026054,669.7385851542155,22.004418945312523,11.298730468750023,15.72089792887372,72.26111237208049,28.57638865460952,0.0,22.934232303444013,19.267226118392475,9.481861368815146,10.284210459391318,1024.6774381510418,-1.7598946491877239,230.5075531899929,693.8014055887858,21.551263427734398,11.609399414062523,15.854600524902366,72.12152814865112,30.419443553934496,14.354166865348816,22.969017912195422,19.150237324544022,8.708069101969443,10.340474700927757,1024.3689778645833,-1.1915074388186138,201.57991487781206,725.9675687154134,21.633294677734398,11.175592041015648,15.529533640543642,71.40763870875041,22.826389054457348,0.0,24.20317839214769,20.06282577706843,9.678081766764365,9.943130747477255,1024.89078125,-1.478954056898753,233.82763968904814,689.8166427612305,21.774407958984398,11.109887695312523,15.498860931396507,70.00902859369914,9.649305612547323,8.25,22.80211300093708,19.005401746752742,8.858338928222679,9.430525716145837,1024.8119954427084,-2.359685222307841,233.14966768026352,707.0368804931641,21.673699951171898,12.358941650390648,16.11442337036135,71.15764077504475,49.17638912796974,0.0,24.164445141787375,20.60882113045759,9.541168467203818,10.475602722167991,1025.0006217447917,-4.347068938116233,222.7440493951241,725.805544535319,21.895166015625023,11.234796142578148,15.685514068603538,69.78958336512248,7.2118054847233,0.5000000149011612,22.967182365042127,19.144414977380713,9.120375569661462,9.614443715413415,1024.6943424479168,-2.121009866396586,235.7542468905449,695.2136319478353
2021-08-31,20.521295166015648,12.289208984375023,15.387464141845726,68.56041733423869,44.613889084508024,0.0,21.14394658910561,18.928181555255588,9.229871368408226,9.368789927164755,1028.1483365885417,1.5291939576466878,209.92244648436704,799.6628087361654,21.015985107421898,11.566644287109398,15.283595021565779,69.40694427490234,48.06250019992391,0.0,21.056041108952844,19.07568461255016,9.254641469319665,9.316631571451865,1027.567353515625,-0.02320873737335205,204.6246958076954,754.2826271057129,19.540795898437523,12.132135009765648,14.919119771321638,70.51180585225423,40.57569468021393,2.3749999701976776,21.734686215130555,18.56817138024172,9.363782501220726,9.399092610677087,1028.5804264322917,-0.9539172450701395,202.49471489091715,764.7503674825033,20.615991210937523,11.416680908203148,15.034122721354189,69.52430597941081,48.5111118623366,0.43750001303851604,21.282171182949195,19.058177004227378,9.421767171223962,9.063340759277366,1027.7434635416666,1.9506193697452545,209.1703315426906,756.0393498738607,19.836114501953148,11.761254882812523,14.961817677815779,68.62847216924031,53.610416700442634,0.0,21.336134168241852,18.784207196478793,9.258180236816429,9.024334208170615,1028.8628287760416,-2.391508102416992,209.77977302173773,803.1951764424642,20.387872314453148,11.556573486328148,14.834442392985048,68.85694408416748,49.637500581641994,0.0,21.161409196593716,19.064636705374852,9.470751698811853,8.769352213541708,1028.1191243489584,2.3287781725327172,212.02513813475767,751.4276084899902,18.841943359375023,12.029382324218773,14.986548360188825,70.20416673024495,65.99583305915196,0.0,21.65792233862712,18.84644027979061,9.396998341878259,9.466873423258505,1028.8999739583332,-1.6287377569824457,185.47519060224295,851.4944737752279,20.400262451171898,11.956536865234398,14.997621154785179,68.12569427490234,39.91805522392193,0.0,21.778790625325193,18.8769973926646,9.309988911946618,8.79355138142904,1028.3009016927083,2.724015568693479,220.55002811551094,755.5960604349772
2021-09-01,20.933374023437523,12.746057128906273,15.270874277750673,69.45416641235352,61.605556547641754,0.531250013038516,22.65815955499616,17.76338853089972,10.876465098063193,9.448889668782556,1029.9496321614583,-4.828486571709315,177.52572085460028,853.8517735799154,20.383355712890648,12.023004150390648,14.80716222127281,71.16388781865437,54.080555313266814,0.7500000223517418,20.64124361155992,18.293035875320342,10.950880940755212,9.358179982503259,1029.2132649739583,1.6147049280504386,188.14063880592585,789.2910575866699,19.785058593750023,12.010919189453148,14.533537801106794,72.10902690887451,64.05972341339414,3.5312499180436134,21.941296649568187,17.59845602774075,10.822244262695335,9.344879404703818,1030.112412109375,-3.8527045448621116,170.02335728456578,798.1239369710287,20.925683593750023,11.547357177734398,14.841427103678408,72.57569519678752,56.461111068725586,3.0416667088866234,23.848230019592105,19.224553332709526,10.871648406982445,9.601487731933616,1029.6438346354166,-1.677121713757515,182.7042187154293,813.5643170674642,18.800927734375023,11.124414062500023,14.341433461507185,72.45000123977661,65.36180678506692,1.6562500055879354,21.267625909231757,17.74729694253246,10.81007792154952,9.251845296223962,1030.5072819010418,-1.5913351972897847,168.44358485440412,781.6723416646322,20.754785156250023,10.976098632812523,14.46762619018557,73.2006934483846,55.16597123940786,1.04166666790843,23.73949831171981,18.113613275291222,11.25486780802413,9.2790351867676,1029.7384147135417,2.019279897212982,189.98380049814782,743.8480758666992,18.695153808593773,12.006372070312523,14.80537058512372,69.06874926884969,64.85763943195343,0.31250000931322575,21.169246451776857,18.214244515011902,10.599009450276696,9.058357493082724,1030.346435546875,-1.7519255727529526,184.7719400872787,857.8434092203776,20.597344970703148,11.172998046875023,14.518946584065779,72.6993055343628,59.695137778917946,0.48958333395421505,22.97585456731962,17.52873192918572,11.00421803792318,9.307649230957054,1029.8839453125,-2.798370063304901,184.30613618095717,762.3193244934082
2021-09-02,20.690118408203148,10.696832275390648,14.431315358479841,72.92361132303874,40.061110985154905,0.5000000149011612,21.310829410287845,16.20967009617132,12.19672800699874,9.209161376953148,1027.1470247395832,2.3365386724472046,203.0152839521567,626.1135794321696,21.008050537109398,12.619439697265648,15.960652923584007,69.20138994852702,48.627082638442516,1.6979166194796562,20.307391494092748,17.208324456018797,12.058522796630882,9.985423024495446,1027.1592708333333,-5.6554095180084305,214.97277827560902,718.0192483266195,20.719598388671898,11.709313964843773,15.313530222574892,67.3708340326945,45.954166887017585,0.4270833460614085,21.21924543824429,16.904691648965372,11.967942810058616,8.957610066731775,1027.1902669270833,-2.921040969590346,220.39297185093164,754.6561393737793,19.896661376953148,12.011773681640648,15.014140065511091,67.89860995610555,48.59166604784938,4.447916641831398,21.446668262392127,17.311030056109203,11.881701405843103,8.839803314209007,1027.22943359375,-2.5699414163827896,219.28742022812366,726.1181685129801,20.543206787109398,12.015039062500023,15.404629007975283,67.74097315470378,72.4138889114062,0.0,19.712665249475823,17.175100895606143,11.967822011311853,9.15513636271163,1027.3964908854168,-4.4200082421302795,213.42630121608576,763.5243263244629,20.283319091796898,9.993280029296898,14.152340189615908,73.79236078262329,43.236111379694194,2.3854166343808174,20.902510574920772,16.273949771320083,12.395157114664755,9.144554392496786,1027.5386328125,0.07342024644215901,198.0577527731657,610.0249773661295,20.820458984375023,12.869165039062523,15.95706710815432,67.46180486679077,59.962499141693115,1.3645833246409893,20.032502605564357,17.170104996041267,11.96078770955404,9.605851745605491,1027.4563802083333,-5.691937978068988,215.08866583804289,809.3709284464518,20.449975585937523,10.241845703125023,14.01289011637372,74.65277640024821,39.301389180123806,1.1562500055879354,19.112915287853323,15.88800136259809,12.262507375081384,9.1674629211426,1027.2004850260416,3.6366520722707114,203.22113428016505,587.9478543599447
2021-09-03,20.397119140625023,11.167626953125023,14.820012664794945,76.27361122767131,6.923611149191856,0.75,19.05127447075737,15.63141411323555,11.028611755371116,10.32511927286788,1022.4738151041668,1.846265395482381,229.00740881760916,517.9312960306803,21.092889404296898,10.582360839843773,14.577427164713564,77.58263969421387,14.265972235550484,0.5000000149011612,19.303727574864222,13.775470986050957,11.251854197184286,10.20182825724288,1022.1586263020832,-0.44730162620544434,230.03802434603372,461.48518498738605,20.577447509765648,10.933282470703148,14.609059906005882,78.66874980926514,16.847222077349823,0.2500000074505806,19.929902562488877,15.404574411336645,10.756169891357445,10.586396789550804,1022.1654720052082,1.3483518461386363,212.5845828553041,492.67038027445477,21.411309814453148,10.871240234375023,14.82642771402997,76.56736024220784,17.392360992729664,0.5000000149011612,18.52789440192388,13.946526045790277,10.972515360514365,10.250857289632165,1022.1373860677082,-0.4354543288548787,227.27472286423048,481.30313237508136,20.939202880859398,10.692651367187523,14.747178649902366,78.51041491826375,6.381250207622846,0.0,19.088484012079395,14.306489368120715,10.795102691650413,10.675581868489587,1022.0343196614583,-0.7707111040751139,228.98602776726088,479.8528060913086,19.986657714843773,10.796075439453148,14.353691355387392,76.43333276112874,22.351389080286026,0.0,19.467432277175156,15.286922708396249,11.110176340738974,9.809350585937523,1022.56515625,2.7436895171801248,226.2121704419454,498.9095764160156,20.794580078125023,10.854302978515648,14.807608540852888,77.55486249923706,4.941666641583045,0.0,19.385891646130126,14.346325352062777,11.225689188639365,10.559953308105491,1022.0610416666667,0.39221028486887616,229.5438259343306,487.83244196573895,19.931268310546898,10.912744140625023,14.944072977701845,72.62638966242473,21.328472677152604,1.5,18.738001348380998,16.135086424079077,11.091050720214866,9.737187957763695,1022.4925227864583,2.2687552173932395,229.9034118950367,572.3894055684408
2021-09-04,19.423883056640648,10.991723632812523,14.365862782796247,78.21041663487752,39.17152810096741,0.0,18.94077619754065,15.763228852030261,10.441260274251306,10.342451985677087,1019.2455859375,4.238189285000165,203.73355376720428,441.41243807474774,19.493768310546898,10.252282714843773,14.053463236490908,76.39930597941081,51.806249578793846,0.75,18.393072156458175,15.478203259508076,10.171267445882165,9.56610768636068,1019.673017578125,5.094876756270726,210.66488848129907,438.17125447591144,19.327416992187523,11.028741455078148,14.34012120564781,79.27291742960612,37.699305852254234,0.0,19.349527351169694,15.486111822754607,10.379797871907556,10.528866068522177,1019.0635774739583,4.83422393600146,197.81894708176455,435.8991692860921,19.261834716796898,10.261102294921898,13.929456329345726,75.77152840296428,55.18055635690689,0.2500000074505806,18.968705927145315,15.91272994016728,9.793634033203148,9.321852620442712,1019.78115234375,5.2588317940632505,212.58449846009412,454.02072779337567,19.374749755859398,11.166650390625023,14.348751322428408,79.71875143051147,35.22986037532488,0.0,18.486323547303897,15.030574087159996,9.879992421468103,10.631449635823571,1019.110888671875,5.308803329865138,196.51586424807707,440.9782479604085,19.188104248046898,10.434350585937523,13.968123372395857,76.50347248713176,51.32916673024496,0.0,19.200133344464604,16.228601971439655,10.10175476074221,9.570564524332724,1019.530029296875,4.9594069222609205,208.63492155075073,443.53517786661786,19.071466064453148,11.400018310546898,14.460125223795595,80.3881934483846,32.57222227255503,0.0,18.46062532570966,14.38080284328983,9.622739410400413,10.889518992106161,1019.08962890625,5.228597352902095,197.0268127322197,437.28187052408856,19.083367919921898,10.557824707031273,14.118278757731142,76.65416653951009,52.824304481347404,0.0,19.244140648618426,16.440483904078604,10.673430379231775,9.772620137532556,1019.1129752604168,3.7125012079874673,207.40441780289015,442.066109975179
2021-09-05,22.518121337890648,10.934930419921898,16.163803354899112,72.7937518755595,14.089583519846201,0.0,12.660782135847851,10.190969666843225,11.249304707845056,10.876021321614587,1020.508212890625,-10.11312355597814,219.85067098836103,361.40893777211505,22.306298828125023,11.263269042968773,16.123562113444034,70.76805591583252,43.86597257852554,0.0,14.673504938386413,11.188895664192819,11.331475830078148,10.332827504475915,1020.510849609375,-7.983264307181041,210.6903872291247,338.2816301981608,22.358911132812523,10.948388671875023,16.109918212890648,73.65763918558757,12.186805496613184,0.5000000149011612,12.880071381494545,10.418288335940979,11.068781789143884,10.994748687744163,1020.4743229166667,-12.788351157059273,219.23944553732872,376.61892795562744,21.957147216796898,11.158288574218773,15.900779978434267,71.11805582046509,34.70902889966965,0.0,14.245950259828183,11.11028043252521,11.5562733968099,10.207198079427087,1020.6842447916667,-6.828011319041252,216.29519073665142,344.9428593317668,22.648248291015648,11.402734375000023,16.365594482421898,71.83124939600627,10.359027852614721,0.0,13.926821668875677,10.55694466802226,11.451108551025413,10.797210947672568,1020.3844010416667,-12.87982706228892,220.08247462411722,350.2971897125244,21.926171875000023,11.049981689453148,15.80936203002932,72.30069478352864,17.479166254401207,0.0,14.32082272071929,10.964187496041623,10.84639383951827,10.394138590494833,1020.6076041666668,-6.704008301099141,220.54535770912966,358.7835474014282,22.619042968750023,11.760858154296898,16.527511850992862,72.92291752497356,10.745138774315516,0.0,13.306216634546145,10.282736145576832,11.596732076009118,11.17885233561202,1020.4775846354167,-13.304981291294098,220.19138726095358,345.87475363413495,22.224481201171898,10.830499267578148,15.957168833414736,73.12708266576131,10.26458321760098,0.0,12.949444770739914,10.2293301722351,10.937731679280603,10.740710194905603,1020.5408919270833,-7.909274528423945,220.9831658800443,360.0177345275879
2021-09-06,25.856195068359398,14.023736572265648,19.092736816406273,63.02708355585734,63.093055407206215,0.0,10.913768221045498,6.946006654233912,12.275809224446618,11.599918619791708,1022.876181640625,-20.207470158735912,193.7148599177599,331.23558100064594,25.557183837890648,13.861260986328148,18.77826843261721,55.709028561909996,64.94305483500163,0.0,10.52577803215472,6.230522612519356,12.839936828613304,9.275791422526083,1023.3052018229167,-19.180857251087826,203.59878182411194,298.7819664478302,25.751977539062523,14.154168701171898,19.149360911051456,61.600000858306885,69.99305542310078,0.0,10.804637613718908,7.082088347022048,12.363926188151083,11.28096415201827,1022.869951171875,-17.33892758687337,182.92844329277673,317.78734374046326,24.611688232421898,13.279656982421898,18.009306844075542,58.183333237965904,60.16041692097982,0.5000000149011612,11.295155727806739,7.718522145767731,12.215388234456384,9.228495534261071,1023.8271256510417,-14.268430759509405,202.80785729487738,310.6414298216502,26.138574218750023,14.745965576171898,19.86261901855471,64.4659727414449,65.78749775886536,0.0,8.274847449396072,6.208626782118347,12.744446055094443,12.526503499348962,1022.4440397135418,-17.22260061899821,174.00427722930908,336.2000660896301,25.014733886718773,13.539300537109398,18.411640421549503,57.58055512110392,70.08680550257365,0.0,11.012896000452354,7.239821126691744,12.385554250081384,9.501827494303427,1023.3910319010417,-15.964294950167337,194.99344808856645,294.94098711013794,26.227349853515648,14.766259765625023,19.96202367146812,67.29652849833171,63.9736111164093,0.0,8.5927683731521,6.12982107184597,12.86415506998702,13.228503163655603,1022.3138997395832,-18.21199679374695,175.04877282182375,367.64895768960315,24.754083251953148,13.624627685546898,18.348887379964214,59.83055512110392,77.74444397290547,0.0,9.8502739238335,6.689094923358845,12.23767751057943,10.138199106852255,1023.231064453125,-15.161324047793945,179.26658442119756,282.70844682057697
2021-09-07,27.444451904296898,16.749536132812523,21.157390848795597,57.420833905537926,36.431945438186325,0.0,15.516834574881093,9.65500769216513,14.046656545003259,11.715666707356775,1020.5133561197918,-16.02318040529887,216.72414312760034,385.6000694433848,26.130975341796898,15.865106201171898,20.044182078043644,57.60486173629761,23.0256940672795,0.0,16.18554830828301,10.455765205243637,13.941314951578818,10.86222610473635,1020.8953255208332,-12.195857564608255,216.58411331971487,352.61965386072796,27.277368164062523,16.889337158203148,21.103627777099632,62.070138454437256,14.894444707470635,0.0,14.957178853863923,9.375812983723433,14.214471435546898,13.033284759521507,1020.5889420572917,-15.784744183222452,215.43093739449978,388.97830561796826,26.283319091796898,15.579644775390648,19.929053243001324,57.163889249165855,19.891666491826374,0.0,18.146208465280928,11.361184880939613,13.944333648681663,10.661763763427757,1020.860478515625,-11.74320281545321,216.50683568914732,371.8647265434265,27.521417236328148,17.071343994140648,21.30872243245445,60.148610750834145,12.607638955116272,0.0,15.431992656614407,9.273440464645489,14.767461395263695,12.581215159098349,1020.7466764322917,-16.958884437878925,216.19014029204845,376.6125702857971,27.110253906250023,16.438562011718773,20.85819015502932,59.34236160914103,26.82013852397601,0.0,16.162288297199307,10.052657909554283,13.911307271321618,12.067867533365927,1020.5953971354168,-15.673402786254883,215.5882272372643,393.76763852437335,27.604180908203148,17.283990478515648,21.41719843546552,60.34513918558756,10.67916644612948,0.0,16.020360296500794,9.307086809456198,14.870634969075525,12.703005727132165,1020.67759765625,-17.282930652300518,216.3010307252407,378.56145679950714,27.003228759765648,16.424645996093773,20.719786580403667,56.74583355585734,11.85902768621842,0.0,16.968594027844965,10.439674630477143,14.2790517171224,11.127342478434286,1020.2611067708333,-13.507201194763184,217.12788919607797,370.7048718929291
2021-09-08,26.483331298828148,16.369622802734398,20.59936040242515,58.38541587193807,29.639582852522533,0.5520833432674408,20.634766919553915,13.321095270810575,14.853916422526083,11.628224945068382,1013.6239908854167,-6.578839123249054,212.03988631566367,388.94206349054974,26.725213623046898,16.230920410156273,20.674157714843773,56.500694592793785,59.38680485884348,0.22916666232049465,20.967338953949408,13.219999432816389,14.77237472534182,11.108818308512411,1013.1790234375,-9.430875927209854,210.93790834893784,397.6937642097473,26.197747802734398,16.419610595703148,20.41038029988609,58.64513953526815,52.47708274920782,0.0625,19.985221918260947,13.649548336756927,14.63449376424154,11.565742746988974,1013.4706868489583,-5.6380325357119245,208.36163711547852,395.67160447438556,26.033349609375023,16.044396972656273,20.167864735921246,58.29166650772095,46.85763863722483,0.0,18.853220154836517,13.076575979065339,14.709565734863304,11.210968271891318,1013.563623046875,-5.489507436752319,214.4821393241485,379.42863432566327,26.130242919921898,16.281365966796898,20.40771636962893,57.10277811686198,48.092361092567444,0.1145833320915699,20.593907967418737,13.876284690414181,14.891554768880212,11.136231994628929,1013.4704036458332,-5.900346318880717,211.63452325761318,386.7697337468465,26.563958740234398,16.458062744140648,20.622583007812523,58.21319421132406,59.45416673024496,0.75,20.702204754554966,13.213927470416218,14.947160339355491,11.548421478271507,1013.5516438802083,-9.073001742362976,211.69072265426317,389.70374123255414,26.317773437500023,16.293145751953148,20.501666005452496,57.84583282470703,30.87847246726354,0.0729166679084301,19.732298390590632,13.731544563926159,14.91827290852865,11.3990303039551,1013.2483235677083,-6.216300527254741,213.98883411784968,385.46650314331055,26.482110595703148,16.216119384765648,20.605625406901066,58.32083400090536,53.43819542725881,0.23958333861082792,19.97588432730245,13.105471582872182,15.053676859537802,11.597819264729821,1013.43029296875,-8.020199557145437,210.82097025712332,376.6672224998474
2021-09-09,23.072839355468773,16.060601806640648,19.05102183024091,75.51319376627605,77.40763819217682,3.5833333134651184,22.920336609189203,13.974872515460367,11.338529205322288,14.411276753743493,1007.731728515625,1.8134135206540425,152.22686422864595,575.6918268998464,24.040826416015648,16.301080322265648,19.592501576741558,74.89305528004964,78.89375042915344,35.427084028720856,22.157056209671584,12.477368361143704,12.123672739664755,14.745000457763695,1009.2924641927083,-4.504096249739329,184.55294977376857,536.0381596883138,22.491906738281273,16.277062988281273,19.075045522054058,77.18333228429158,91.37430540720622,4.87500012665987,21.492767918473092,12.804553349039525,11.548970794677757,14.803559875488304,1007.70912109375,3.1008734703063965,142.1581951479117,515.4009901682535,24.161065673828148,15.992211914062523,19.42960891723635,73.38888947168986,71.57986156145732,12.531249925494194,21.97675902517508,13.427935863624612,11.958070373535179,14.315765635172568,1008.2347786458333,-6.414434154828389,181.19989095131555,578.5454670588175,22.162652587890648,16.366021728515648,18.969415283203148,78.7430550257365,77.37291653951009,37.46874977648258,21.915249618533245,12.933760345139001,11.85475565592452,15.045574442545615,1008.0474869791667,4.835999210675557,149.5849985231956,473.8142954508464,22.884271240234398,15.724267578125023,18.92939910888674,75.80694468816121,78.7666654586792,13.385416608303785,21.770053846948056,13.43993651529478,11.628306325276696,14.357995605468773,1008.5211295572917,-0.5923898617426554,149.52375076711178,569.1409206390381,22.548822021484398,16.482843017578148,18.95334650675458,80.4020832379659,69.93541630109151,37.02083347737789,21.65291169196299,13.078605835629105,11.877988433837913,15.339493052164755,1008.1365559895833,4.432436312238376,153.2482215563456,481.1327993075053,22.834924316406273,15.930230712890648,19.1384953816732,74.24999984105428,72.54305573304494,4.854166712611914,22.641468384700694,13.84916063227881,11.816603597005212,14.258255259196005,1007.6415397135418,-3.0833905736605325,162.555136308074,596.144824663798
2021-09-10,22.278741455078148,15.466973876953148,18.494607543945335,78.07986307144165,83.37638743718465,37.21875011920929,21.060355752071157,15.489314524807313,10.034486389160179,14.450035349528036,1009.9462239583332,1.533351940413316,121.85283477852742,659.9320297241211,20.285546875000023,15.571343994140648,17.7561711629232,82.61458428700765,84.77569309870402,76.27083370089531,16.745260650021788,11.08827050288607,9.686687723795615,14.65699412027999,1009.2397005208333,6.870404431441178,89.33347170551617,446.553716023763,22.166650390625023,16.203240966796898,18.710387166341167,76.93680588404338,71.7916667276683,25.125000059604645,20.10848167589974,15.372620611055678,10.388132985432946,14.433955128987634,1009.7121419270833,-0.2446896235148112,140.89344339072704,678.0168329874674,20.008935546875023,15.781488037109398,17.57989908854169,86.85416730244954,93.28958288828532,159.07291740179062,22.14328803089874,13.313797103582841,10.089983876546228,15.299344635009788,1008.6339811197918,5.777661512295405,96.40150214234988,498.2706642150879,22.942651367187523,16.257592773437523,18.618976847330753,78.53680594762166,73.93680421511333,42.79166662693024,22.632033167151523,15.205597597776688,10.206380462646507,14.631571706136071,1009.798115234375,-0.01110115461051464,134.14980578174195,668.8574663798014,20.055108642578148,15.886743164062523,17.755737559000675,85.32916609446208,89.00486103693645,141.44791674613953,17.17745757230799,12.227349816176813,10.135689036051474,15.19337870279952,1009.211533203125,4.683391332626343,87.76986006895702,464.9051938851674,22.774926757812523,16.410882568359398,18.778731282552105,79.39305543899536,85.0319455464681,19.645833455957472,21.586319762197334,15.242857397100911,10.165823872884118,14.94010696411135,1009.780556640625,-3.004715383052826,140.85003062027195,673.8726762135824,21.454522705078148,15.727593994140648,18.363211568196636,80.41736189524333,70.47013898690541,65.98958325386047,19.23213191033617,13.512010164296926,9.942959086100302,14.816307322184286,1009.6577962239583,1.5973284244537354,143.5898313075304,579.0716400146484
2021-09-11,22.665856933593773,15.051873779296898,18.39713312784833,70.4118062655131,86.77916638056438,76.28125071525574,18.72644353091542,15.273526288109943,8.446734364827478,12.406827545166038,1014.77267578125,-2.8497811754544577,156.62878029296795,776.5635795593262,21.967065429687523,13.361566162109398,16.945933278401714,68.59791612625122,52.57708355784416,61.00000190734863,19.31183848767852,14.7984725482435,7.737402852376306,10.60267028808596,1015.2397395833333,0.9485456546147665,191.68941255658865,712.4250030517578,21.753289794921898,15.901269531250023,17.95759480794273,76.8979172706604,87.09236121177673,107.65625238418579,17.36388708942036,13.817384571180403,8.6365956624349,13.559901173909509,1014.7043326822917,1.9115917682647705,95.17227723201115,631.4872303009033,22.704919433593773,14.383325195312523,17.710862731933616,68.86180512110393,73.62847185134888,48.0,18.617651865668996,14.899213238816982,8.237021382649743,11.446670786539755,1015.0921256510417,-0.3265659809112549,154.4645010071496,743.5050570170084,22.332391357421898,15.102929687500023,18.083570098876976,72.55902910232544,87.22222185134888,17.875000059604645,18.829396588063258,14.618788720747693,8.69664026896163,12.602236684163415,1015.060556640625,-3.0860716799894967,147.6515282255908,719.4621156056722,22.216668701171898,14.446160888671898,17.267087554931663,74.92847235997517,84.86527872085571,60.21875,20.088754981645046,14.795398246728388,8.425468699137411,12.555799102783226,1014.8823014322917,2.0889602601528168,105.58794550349315,602.0807145436605,22.887597656250023,15.358819580078148,18.356116231282574,72.23264026641846,84.9798613389333,5.156249977648258,18.091783568837705,14.477027700995754,8.957788085937523,12.74489237467452,1015.1943782552083,-5.591874927282333,165.7755254196624,738.3553517659506,22.022882080078148,15.215020751953148,17.89403813680015,74.1576379140218,97.01388931274414,38.104166746139526,17.460324272387165,14.584849111602232,8.610149637858115,13.016688283284509,1014.8037174479167,-1.4395208681623142,116.26002776871125,619.0718517303467
2021-09-12,20.997064208984398,13.065728759765648,16.52575200398765,70.38402859369914,95.82083257039388,5.156249955296516,14.194264960614381,7.897104059392446,7.45860315958663,10.778904215494833,1017.9414811197917,2.4992576328416667,155.31444704408446,520.4566009839376,21.948052978515648,12.546289062500023,16.568545277913433,66.85277668635051,81.04166587193806,78.25000190734863,14.015858308997231,6.293172698417831,7.476373291015648,10.023198699951195,1016.9409407552083,-1.0103946328163147,188.91947035243115,503.2235568364461,20.560784912109398,13.284722900390648,16.43636220296226,70.89513842264812,94.28680483500163,4.916666641831398,14.277476125058728,8.427045808709815,6.967557525634788,10.821223195393884,1018.2176302083333,4.49422970165809,145.69503002427518,535.2951758702596,20.573480224609398,12.565423583984398,16.173623657226585,67.3993051846822,87.25486119588216,116.00000381469727,12.52668066359139,6.400669974437612,7.129720306396507,9.78895212809249,1017.5969010416667,1.412927195429802,171.58936067049703,488.1426686445872,19.660791015625023,12.842584228515648,16.080818430582706,71.13611094156902,98.39305591583252,0.9583333395421505,15.574078759855183,8.494180525812398,6.683039601643884,10.599624888102255,1018.3337727864583,8.982916057109833,106.56627956715722,497.70778783162433,21.531427001953148,12.722802734375023,16.571769968668644,68.97152773539226,74.23541609446208,21.0,12.379183253271282,6.592133541758817,7.49601771036788,10.463199869791708,1018.0431477864582,-2.5488705734411874,185.52708464612564,521.1471188863119,19.707696533203148,12.596307373046898,15.97614440917971,72.70277674992879,97.11180559794109,2.5937499925494194,14.137915118735464,8.104513895868267,6.8150866190592865,10.912614440917991,1018.336015625,10.152551283439001,100.7780583317702,431.0105740229289,21.277490234375023,12.872247314453148,16.477985636393253,68.97500069936116,88.12361192703247,7.5,13.818014354394519,7.674475371702047,7.315529123942099,10.4178291320801,1018.2020930989582,0.7193933377663294,175.8098641820252,527.7477604548136
2021-09-13,17.781365966796898,11.833001708984398,14.411154683431013,74.59027783075969,99.71805540720622,3.2604167759418488,16.548223746026167,12.998811005652291,6.906612650553427,9.821469879150413,1017.620791015625,14.670298586289087,120.79583178833127,475.2916889190674,13.907006835937523,11.238336181640648,12.416933949788435,83.01111189524333,100.0,11.489583402872086,16.368010646846983,11.645981097580204,7.547989145914755,9.577166493733728,1017.5977701822917,35.570302406946816,31.910277663497254,291.56478055318195,18.280786132812523,10.799310302734398,14.010493214925154,76.99722115198772,93.74791717529297,4.2499998807907104,16.346440556443433,12.964779616942968,7.383391316731775,9.79364929199221,1017.6330143229167,15.261547163128853,149.1495856065303,446.7051366170247,15.433343505859398,11.953851318359398,13.147484079996767,78.84791628519694,99.99652767181396,50.32291668653488,14.829621137173893,12.386784877453751,6.469763692220056,9.477037048339866,1018.0407356770833,28.71685180068016,51.5038599340866,422.0905075073242,17.950006103515648,10.841180419921898,13.866614278157575,75.9270830154419,98.04305585225423,0.75,16.72692312778953,13.607694503312208,7.4635546366374115,9.442449188232445,1018.016728515625,15.625146328568613,152.8148333610346,440.99381828308105,15.915002441406273,12.008172607421898,13.420386250813825,75.62777837117513,99.99722258249919,14.87500012665987,14.499237402906047,11.315243082906536,6.149976348876976,9.11458231608077,1018.6262467447917,21.534572740395863,74.30102766809675,419.4821262359619,17.872674560546898,11.545800781250023,14.238123830159529,76.7395830154419,98.29236094156902,0.0,17.25433791072356,14.053618033591883,7.24210128784182,9.996096547444665,1018.02052734375,16.25045119225979,144.21833376027644,467.203644434611,16.381707763671898,12.147760009765648,13.643758392334007,76.0583332379659,100.0,30.218749940395355,14.4808876385223,11.487900310568117,6.265028889973962,9.40262374877932,1018.41921875,18.129267811775208,93.98927842546254,448.10894266764325
2021-09-14,15.963739013671898,11.971551513671898,13.84207941691083,92.43958155314128,96.10902722676595,127.5208316706121,16.264887779595906,13.473068024074543,10.26315587361654,12.617014821370446,1010.44923828125,13.3828194886446,16.185027772871155,318.97156079610187,19.723535156250023,12.441522216796898,15.281922912597679,77.2888895670573,91.90347226460774,23.48958358168602,8.759740970405415,6.261713031004803,7.423720296223962,11.117874399821005,1015.045068359375,-3.696387400229772,129.91528094311556,379.8053092956543,16.739038085937523,12.602868652343773,14.696439361572288,93.34027735392253,97.80069510142009,119.52083376422524,15.630629218917335,10.680345334196454,10.311137135823571,13.622654215494833,1011.102265625,6.89053135116895,22.761056039948016,257.5871837933858,15.287408447265648,11.895074462890648,13.463707224528017,90.11944389343262,99.4465274810791,412.7812539190054,13.721554266660855,9.78984590036736,8.241225179036462,11.851419067382835,1013.5233951822917,14.609758565823237,43.99383367062546,343.00800291697186,17.821710205078148,13.673486328125023,14.921474711100283,90.2993065516154,94.76875114440918,159.62499868497252,16.586257350924953,8.997940451844798,10.167626953125023,13.319585418701195,1011.5606022135418,5.514301851391792,44.74122238143658,261.0356990496318,16.933312988281273,11.798272705078148,14.161674753824892,90.7444429397583,99.05625025431316,74.54166734591126,19.264896992701058,13.25141654979169,10.314973449707054,12.64705301920577,1010.8423470052082,8.93329474578301,48.241610461225115,318.0144856770833,16.241204833984398,13.516656494140648,14.583744303385439,90.53333441416423,99.41180610656738,64.30208348482847,14.25191936008567,10.554169047413025,9.935833231608115,13.045542653401696,1011.239580078125,11.260310033957163,18.336000113748014,293.16129938761395,15.536248779296898,11.741326904296898,13.601827239990257,91.79027652740479,99.40902805328369,137.0520832017064,17.615336112577122,12.453072466265139,10.105755106608115,12.251798248291038,1011.315966796875,15.030681093533834,11.290111018810421,277.6305071512858
2021-09-15,19.538690185546898,12.943109130859398,15.268094635009788,76.66458288828532,59.0916657547156,591.1249866485596,14.799276473222791,11.640887556578202,9.159654235839866,10.934500630696618,1014.1934993489583,-3.1214750856161118,164.90152533911169,573.0113507906595,15.974176025390648,13.169183349609398,14.228983815511091,86.36250019073486,96.48680686950684,268.27083587646484,16.015226862051584,12.79605696127887,8.476612345377646,11.934543863932333,1012.1836751302083,5.497722178697586,42.125555667094886,567.7414283752441,17.433251953125023,13.528497314453148,15.200957234700544,79.36249923706055,92.53888765970866,378.3020839691162,15.333976444145941,11.429951780469361,9.268050130208337,11.51425450642904,1013.912802734375,1.0540607174237568,99.39827970896538,537.5843760172526,15.900018310546898,13.227136230468773,14.588838195800804,84.18472290039062,93.7631950378418,244.4375,15.074154830142698,11.998844182576718,7.253987884521507,11.855570729573571,1013.376513671875,7.015963663657506,51.27052802685648,514.9422410329183,18.949395751953148,13.629418945312523,15.327439880371116,78.40694491068523,76.04166634877522,31.72916579246521,15.515119880783104,11.03198455139981,9.276531473795615,11.441201782226585,1013.9941178385417,-1.4253958985209465,143.37641902267933,521.1563520431519,18.121575927734398,12.856988525390648,15.159238433837913,77.62847153345744,74.7326389948527,272.18750286102295,14.24189979241748,10.229120213642418,7.988530731201195,11.059180196126306,1014.5168391927083,-0.6828858355681101,127.19661126037438,512.0230026245117,19.227471923828148,14.048028564453148,15.883496856689476,76.82499996821086,71.51180628935496,0.7187500195577741,15.922094250467966,10.903683924643659,8.914113616943382,11.64921340942385,1013.8604850260417,-2.269564981261889,135.62400143655637,557.897864540418,18.095239257812523,12.615014648437523,15.159321085612001,73.67708269755046,93.83055559794109,130.10416507720947,16.3746701533106,10.877394619331746,7.308221435546898,10.26736729939779,1013.9889192708333,0.2398243099451065,86.20471972118442,646.824888308843
2021-09-16,21.774224853515648,13.355859375000023,16.8750307718913,71.10138765970866,78.78958360354106,4.208333298563957,10.641729182495828,7.671006114357595,7.461433664957724,11.400282796223962,1016.96470703125,-9.79087945818901,129.25430415617302,362.07219239075977,21.774713134765648,12.894097900390648,16.9406079610189,70.62361081441243,81.01527865727742,592.3124980926514,11.355864543628899,8.799930484416178,7.62396138509115,11.292376454671228,1017.4263509114583,-12.769855787356695,152.60750066085407,492.2517608006795,21.793634033203148,13.032342529296898,16.902153269449894,73.32361157735188,61.147222916285195,8.968750059604645,10.913144356653778,6.9880221712259525,7.57159322102865,11.838970438639365,1017.0878841145833,-11.435190876324972,155.89680688773902,368.5428275664647,20.970819091796898,12.492181396484398,16.066060638427757,74.47916571299235,67.09999982515971,380.1875047683716,10.70924565807457,7.851966082390149,7.550977325439476,11.342398579915368,1017.49443359375,-10.617652634779612,130.68705338767418,324.71469203631085,21.952294921875023,13.099023437500023,16.933034515380882,71.99513959884644,64.22708439826965,5.437500074505806,10.645379054225772,7.498560460848201,7.399409230550134,11.61292165120443,1017.10802734375,-10.764098127683004,158.85774987051263,395.48823726177216,21.648400878906273,13.179437255859398,16.831287638346378,72.57638867696126,74.57430664698283,32.458332657814026,12.40212700719621,8.701710133703767,7.5579823811849,11.62287546793624,1016.7406022135417,-11.475894629955292,147.56875189230777,403.81136083602905,21.814416503906273,13.337243652343773,16.798875427246116,73.614586353302,72.19236127535503,2.8854166716337204,11.118354978626645,7.4807864459436315,7.393599446614587,11.857910410563193,1017.082783203125,-10.624588449796041,137.51502961517932,340.3967752456665,21.836297607421898,13.755914306640648,17.252818044026714,70.14305559794109,76.00763889153798,1.7083333730697632,12.216827629765575,8.62833825665925,7.568574523925804,11.441959635416708,1016.6527864583333,-12.539035439491272,148.30874776343504,453.65717911720276
2021-09-17,21.204705810546898,12.306756591796898,16.354035949707054,70.91666507720947,90.37708409627278,3.0,12.53225912562384,9.511261732203225,8.618218994140648,10.822930908203148,1014.0106868489582,-1.5176589091618855,170.63644054237133,439.36912775039673,22.053857421875023,12.667260742187523,16.780889129638695,71.07777786254883,71.53749962647755,5.593750029802322,18.13632582839529,10.922279754236342,8.312272644042991,11.164233144124353,1013.875166015625,-3.896971801916758,178.30491905317953,499.36895815531415,21.669122314453148,12.667291259765648,16.708454386393253,70.12569411595662,93.13819471995036,7.749999761581421,14.709997878722499,10.04588984715366,8.718499755859398,11.025420125325525,1014.2121061197918,-1.5866813659667969,165.68191516119987,445.18563683827716,21.352227783203148,12.403863525390648,16.549245452880882,70.95694255828857,87.72638861338298,12.0,13.594841581105742,9.676439782669405,8.608515675862634,10.976471201578818,1014.2588639322917,-1.882576326529185,175.39725262361267,417.98680273691815,21.391534423828148,12.471429443359398,16.498721059163433,70.88819599151611,97.11041736602783,3.0,13.673013705285443,9.777566072609195,8.651086425781273,10.895424143473349,1014.44923828125,-1.0843177437782288,171.71327460153648,446.48995240529376,21.220513916015648,12.127984619140648,16.413606262207054,70.85069370269775,91.76666736602783,6.833333253860474,14.084965376657422,10.09321332450678,8.569846089680993,10.802710469563806,1014.21560546875,-1.1432291269302368,171.83486350780973,443.06352043151855,21.114251708984398,12.496820068359398,16.287651316324894,72.57916847864787,95.47291469573975,0.0,15.101132724654782,10.329356969016978,8.470000203450525,11.071595764160179,1014.599111328125,0.5899063150087992,162.5121145841355,467.20784918467206,21.241571044921898,12.283929443359398,16.445019022623722,71.45972394943237,91.15208307902019,4.2499998807907104,12.83720162511648,9.525917576569583,8.59450174967452,10.947506205240927,1014.316044921875,-2.1251280903816223,171.24883230527243,431.00949986775714
2021-09-18,20.634332275390648,15.477288818359398,17.365093485514347,65.40763934453328,92.69861141840617,0.0,15.7260165386149,9.263714867974093,8.363215382893884,10.709615325927757,1013.3943880208333,-4.2438075778385,76.26225138905768,288.61453183492023,21.283288574218773,15.058007812500023,17.556144968668644,68.29513947168986,93.65138816833496,3.0,14.459372183521202,10.151133420191341,9.192728932698571,11.520956929524743,1013.1096712239582,-6.125339945157369,118.47369661652677,348.8040952682495,20.445428466796898,15.666680908203148,17.288035329182964,64.66180515289307,91.47569465637207,0.2500000074505806,13.747019087777902,9.096664788648711,8.137954966227255,10.475686645507835,1013.651708984375,-2.0208203742901483,63.21914009703323,276.27369451522827,22.969934082031273,14.876733398437523,18.204263305664085,67.23958428700765,83.15208148956299,9.208333164453506,14.832285363910986,9.425157797744161,9.345440165201865,11.815700785319052,1013.5027311197917,-11.501389920711517,160.78656008888115,444.6956793467204,20.728753662109398,16.037896728515648,17.601310984293644,62.7805544535319,99.41319402058919,1.7499999403953552,13.825597402801504,9.76035245507539,8.034607187906943,10.350147501627646,1013.9583235677082,-4.004277711113294,69.86830663277458,322.4606243769328,21.782739257812523,14.049401855468773,17.574656422932964,67.18402814865112,80.89861234029134,3.0,17.2456978852513,8.97175718991506,8.989306386311853,11.139429982503259,1014.2442122395832,-8.847966800133387,158.8078883427855,337.8080786863963,21.905938720703148,16.123651123046898,18.01415659586591,63.09791851043701,93.67361195882161,0.0,14.345924420462584,8.909601525453095,7.9164901733398665,10.760874684651696,1013.933798828125,-11.707725398242474,112.14186075159039,368.38718485832214,21.811059570312523,13.864862060546898,17.27933527628583,66.29583374659221,84.21597417195638,0.0,16.684726204545996,9.634209034880435,8.68619308471682,10.67774607340499,1013.739296875,-5.454044032841921,145.26069612588617,356.963214635849
2021-09-19,21.108514404296898,14.556085205078148,16.932420349121116,72.13194354375203,99.99930572509766,21.54166692495346,11.328529476886956,7.336232624151978,8.067191060384118,11.684500630696618,1013.8320865885418,0.7537832856178284,114.10272401881714,341.91662343343097,18.372094726562523,14.449456787109398,15.976238505045595,72.84305556615193,99.99375025431316,5.916666571050882,11.758865045883026,5.452403375634951,8.033644612630212,11.051702117919945,1012.6791764322917,7.851550664752722,72.22266573893528,200.41269779205322,19.425561523437523,14.097955322265648,16.797832743326847,72.5805557568868,95.2381944656372,21.8958330033347,8.437648960581473,6.9029663066244575,7.908731079101585,11.735148366292321,1013.5500130208333,8.815317004919052,59.472555281749614,219.4805204073588,18.749993896484398,13.608880615234398,16.079671478271507,69.69861014684041,99.85624980926514,2.95833333209157,13.483130954890926,7.490926465388173,7.992094930013025,10.4561592102051,1013.0554329427083,8.171862289309502,84.33816715888679,248.6344451904297,19.137872314453148,14.533654785156273,16.63505071004234,74.54722118377686,99.93888918558757,7.06250012293458,8.515750030185055,6.256407856956582,8.454282379150413,11.951777394612634,1014.0341438802083,2.8681518038113913,77.75988824603458,219.94098579883575,19.783349609375023,14.737847900390648,16.646090443929058,67.40347178777058,99.96874968210857,4.937499977648258,9.48059815099081,5.837567111872513,7.891113535563193,10.487007395426474,1013.610390625,0.8292392194271088,90.27130246907473,254.1829524834951,20.883355712890648,14.232049560546898,16.668701426188175,77.60486157735188,98.97430642445882,48.92708323709667,12.786680620402535,7.822482444411214,8.287947591145837,12.541432952880882,1013.8549609375,5.444314216574033,88.03586238436401,348.47643009821576,16.941156005859398,14.283319091796898,15.622964477539085,79.5361115137736,100.0,41.041666550561786,7.955728799466956,5.357516246620281,7.636048889160179,11.952593739827478,1014.2709147135417,16.761279078821342,19.10038852971047,149.46458141009012
2021-09-20,17.974908447265648,12.612695312500023,15.037489827473982,81.64722061157227,94.57361221313477,198.77083110809326,16.969899586786575,13.274259170207136,6.742222086588583,11.829949951171898,1022.1592447916668,6.4346412271261215,87.71663948940113,479.9971621831258,20.687860107421898,12.634637451171898,16.04915644327802,75.27499866485596,72.40625047683716,100.49999856948853,14.600031892827099,11.124066533648863,6.969450887044275,11.292832946777366,1021.3406608072917,2.4306373658279576,146.6356356155593,560.8261936505636,19.171197509765648,12.311059570312523,15.474717712402366,76.18819491068523,90.11388826370239,129.12500047683716,17.344969120002734,13.35322381362395,6.7109237670898665,11.141348775227868,1021.8273600260417,7.331518078843753,106.42111106077209,544.3545920054117,16.051446533203148,12.009027099609398,14.008215840657575,84.45138994852702,89.09583314259847,79.33333277702332,20.803952244247498,15.281295092628406,6.436488087972009,11.367606099446618,1020.522578125,14.871072406570116,79.94083488670488,482.16355355580646,18.604547119140648,12.177728271484398,15.499436950683616,74.91597239176433,91.74861288070679,73.02083325386047,18.529885071855258,13.05983680527821,6.8989056905110715,10.961624399821005,1021.6659635416668,10.007134834925333,89.27316572098061,517.5693963368734,19.471185302734398,13.997003173828148,16.14154205322268,79.33333349227905,84.47986189524333,54.40624988079071,16.673310634538645,12.748537865243804,6.9749618530273665,12.334313964843773,1022.5651236979168,-2.91745459040006,137.27136154690137,524.5342197418213,17.667321777343773,12.081475830078148,15.15899556477867,76.84027830759685,94.10763931274414,9.68749988079071,17.536501852581427,13.370647553515518,6.899530029296898,11.076538340250693,1021.7648665364583,11.193785260121027,76.85211162051807,486.70265165964764,19.687860107421898,11.848046875000023,15.362302398681663,78.28819449742635,74.61111164093018,318.88542079925537,15.932403124932549,12.073312137255948,6.8494799296061615,11.351481374104821,1022.0349153645833,8.998191243658463,127.33852814479421,524.1292613347372
2021-09-21,19.812493896484398,11.021020507812523,14.88904724121096,72.80763959884644,72.50138839085896,2.4999999403953552,6.415908056336436,3.929242826008854,7.738153076171898,9.625101979573571,1029.1012858072918,-4.943958143393199,175.07655584563813,346.49929094314575,18.969018554687523,10.823022460937523,14.761006927490257,72.53263886769612,89.60138924916585,200.25,6.937740997309391,5.009025592984854,7.842411295572958,9.64004796346029,1028.7402701822916,3.3538498481114707,150.90427570976317,312.15401057402295,20.001702880859398,11.000604248046898,15.261838531494163,68.76875098546346,75.19722239176433,4.604166716337204,6.141143809554102,3.2570738131147707,7.942380523681663,9.233439381917321,1029.690048828125,-6.757936507463455,172.22413485621414,363.2891851266225,19.354058837890648,10.675836181640648,14.586270904541038,68.09722153345744,80.05624961853027,130.74999618530273,6.777379730671264,3.9176851300257596,7.265158589680993,8.443153635660849,1029.1347428385418,1.5663404365380604,167.5493867850552,338.5000134706497,19.740838623046898,11.029168701171898,15.188250478108747,68.44375085830688,87.85416730244954,4.2499998807907104,6.5179308197407915,3.298084212783953,8.124439493815146,9.172390238444052,1029.41021484375,-2.4512211456894875,162.9312257344524,359.5973593393962,19.524926757812523,10.592034912109398,14.528091684977236,64.99236122767131,85.46597162882487,74.50000190734863,7.647408071675554,3.9990876020622785,7.459832763671898,7.814876810709677,1029.52716796875,0.21516889333724976,167.7430583294481,330.1280401945114,19.566674804687523,11.089898681640648,15.074319458007835,72.51874955495198,90.18472194671631,1.2499999701976776,6.862750324034088,4.286499216520556,7.957791900634788,9.8618153889974,1029.4129654947917,-2.45186959952116,157.94255792846283,339.9193416436513,19.366601562500023,10.450006103515648,14.310755666097029,65.56874958674113,88.2576395670573,12.499999523162842,7.647519591523752,3.9025976534931526,7.776829020182333,7.743873850504599,1029.8815397135418,0.3599354426066081,169.2864422375957,321.1773595015208
2021-09-22,21.713525390625023,11.816064453125023,16.08028945922854,70.0812497138977,50.20833317438761,0.5000000149011612,14.042791315017828,9.828736777095703,11.72870534261068,10.204217529296898,1026.7882259114583,-3.3251396380364895,182.53535478562117,395.4296913941701,21.183343505859398,11.483300781250023,15.687969462076845,69.99444611867268,34.15416671832403,2.4999999403953552,13.849178185694962,9.758984894978985,10.80098368326827,9.921182250976585,1025.60302734375,-2.148841544985771,180.7949984666581,400.6431001027425,21.906427001953148,12.026483154296898,16.322320556640648,68.88888804117839,50.800000747044884,0.75,13.338532875731913,9.638512922143635,11.449854787190759,10.187471008300804,1026.8457649739582,-4.470612902815144,181.86005796988806,398.73644765218097,22.003900146484398,11.998223876953148,16.309874471028667,69.3291654586792,53.0243054330349,4.7500001192092896,13.338900107075137,9.11705290256395,11.454070027669275,10.294169362386071,1027.3106966145833,-5.000694930553436,181.82525221134225,383.5922699769338,21.672357177734398,11.966668701171898,16.15670801798505,69.492360273997,56.052082896232605,0.0,15.545265551582276,10.471910119366177,11.784115091959677,10.183922068278036,1027.06466796875,-3.910054591794809,181.1128657621642,408.4290831883748,21.932153320312523,11.733331298828148,16.179273223876976,69.557639280955,48.37638762096564,4.2499998807907104,13.05512595828297,9.212524120112333,11.821534729003929,10.152131652832054,1027.1764388020833,-4.5869019118448096,182.8585284513732,374.15782638390857,21.576837158203148,12.175347900390648,16.25618769327802,69.8444447517395,65.49930541714032,0.0,14.314167035625864,9.609573608798994,11.68415476481124,10.35639597574874,1026.748896484375,-3.9755106560090403,178.82780058806142,397.9103436470032,21.949975585937523,11.966058349609398,16.31012369791669,69.05624993642171,47.5166660596927,1.2499999701976776,14.878644931579343,9.99619075285887,11.695046997070335,10.158914184570335,1026.6285807291667,-6.228110822538535,181.96389182036123,387.39911524454754
2021-09-23,20.944390869140648,10.977044677734398,15.660293833414736,75.74861081441243,64.22708268960317,0.0,22.405493723119672,14.008627044580253,11.253836568196618,11.177547709147177,1020.0649609375,5.441852569580078,130.5034175502757,475.46022669474286,21.105218505859398,11.152917480468773,15.989031728108747,79.73472197850545,70.17708293596904,1.8020833283662796,25.853238934823498,15.810328239800464,10.136431630452478,12.315269724528036,1019.4408365885417,-1.41354101896286,138.50852447624007,557.2057018280029,21.006829833984398,11.034814453125023,15.702151234944685,75.94861157735188,48.59999944766363,0.0,21.420403097345464,13.220971881033252,11.361751810709677,11.259356435139978,1020.38765625,3.7217779755592346,145.40411064121872,455.61652819315594,21.056237792968773,11.089440917968773,15.817397054036482,74.67222293217976,62.175000111262,0.854166679084301,23.026967472101358,13.982608985954071,10.33851267496749,11.115897115071618,1019.1092740885417,2.1559835275014243,140.79164017333338,478.81788476308185,20.508081054687523,10.943322753906273,15.590421295166038,74.7222228050232,70.37986024220784,0.0,23.01909972505811,13.71578654742172,10.711765543619833,10.820130920410179,1020.4470540364583,3.3238577842712402,141.8018057057634,484.75808453559875,20.715447998046898,11.119622802734398,15.716827646891298,74.03055413564046,55.672222048044205,0.0,24.943855036171392,14.922727075686794,10.501861826578818,10.808825429280603,1019.29025390625,3.2060103019078574,156.00332758699855,511.2113742828369,20.203973388671898,11.155236816406273,15.477836863199892,76.45763778686523,70.84097230434418,0.0,22.085129380421755,13.243131379865659,10.841114298502646,11.108744557698571,1020.453056640625,5.750562230745952,128.07702799886465,449.89199630419415,21.197625732421898,10.743524169921898,15.587153371175154,71.41389004389445,65.0201386610667,0.0,23.253816055900565,14.670175940305421,10.940765635172568,10.004701232910179,1019.0441666666667,3.1760370830694833,159.18957810693732,501.83788172403973
2021-09-24,22.279321289062523,12.118493652343773,16.49793395996096,65.93194325764973,5.132638999571403,0.5000000149011612,15.603304064586494,10.176891688651247,11.561544036865257,9.582597351074241,1016.4952115885417,-6.126553515593211,175.9153618432271,340.2346495787303,22.502801513671898,12.079644775390648,16.728536224365257,66.5263876914978,10.597916811704636,0.0,16.723897762625807,10.775939682207223,11.492093658447288,9.97432352701827,1015.9893717447917,-8.579634388287863,174.971608282843,382.15436363220215,22.139062500000023,12.455285644531273,16.569395955403667,69.6652774810791,3.761805680114776,0.0,16.03527368642426,10.695627183016226,11.740038808186853,10.440334574381552,1016.1535546875,-5.788115163644155,175.15061056784666,370.5252799987793,22.271997070312523,11.943109130859398,16.518413798014347,68.05277713139851,5.1305555938743055,0.0,16.47122296388666,10.72598951967619,11.576320902506552,10.156332906087243,1016.5146028645833,-6.402722537517548,175.81613536846513,366.82983469963074,22.183587646484398,12.493188476562523,16.81589279174807,70.73888985315959,7.2375000102911144,0.5000000149011612,16.107396281708123,10.888296228271175,11.911236063639365,10.854225413004599,1015.8978190104167,-7.938025792439778,175.42283451727903,386.8409897486369,22.325921630859398,11.992974853515648,16.606984710693382,67.52916733423869,10.756944328546524,0.0,16.125622060988736,10.681706592029377,11.40674489339193,10.11653544108077,1016.4336979166667,-7.360644658406575,175.53528098436072,369.728932539622,22.367791748046898,12.524224853515648,16.94906641642255,72.76736005147298,9.20138895853112,0.0,16.24392087622507,11.444029966783376,11.787778472900413,11.458506520589196,1015.745712890625,-8.483225544293722,174.66427831025794,408.16864681243896,22.168206787109398,11.736596679687523,16.4678042093913,65.68819379806519,5.597222290933132,0.0,16.77938894514193,10.532239771457162,11.348811086018884,9.60477218627932,1016.458984375,-7.831162552038829,175.76658706041053,355.978168408076
2021-09-25,21.141015625000023,15.155450439453148,17.731071726481144,75.38402732213338,72.48055569330852,2.427083371207118,9.968053954113982,6.47915998683546,10.433904266357445,13.113465881347679,1014.456572265625,-4.3170428077379865,88.62825133028673,282.197393099467,21.705041503906273,14.983087158203148,17.349874114990257,69.9861117998759,77.95555567741394,0.5937500093132257,11.103381183133592,6.293606558460699,9.775604502360068,11.565690612792991,1014.038359375,-6.493121698498726,99.5508347513581,293.7303358713786,21.256494140625023,15.291619873046898,17.566907501220726,76.97222169240315,72.7291655143102,1.0833333432674408,10.422179601735388,6.262148943418179,10.813652292887411,13.302192942301474,1014.3861165364583,-1.2421752909819286,82.32091692334507,278.4072906970978,20.578637695312523,14.790826416015648,16.92202021280927,77.29097127914429,83.54444328943889,0.37500000931322575,8.315608485043407,5.58243993808983,9.646916961669945,12.818449910481775,1014.1995670572917,-1.3845478668808937,72.8901408991369,234.82138013839722,21.292169189453148,14.691125488281273,17.627083079020206,77.88472334543864,54.766667775809765,0.6562499888241291,11.834272385954563,6.9187327517864645,11.011814371744833,13.532619730631552,1014.2801529947917,0.8381866415341696,87.87288718290317,321.6986454327901,20.290826416015648,15.212518310546898,17.404051717122417,79.20000044504802,89.22361024220784,1.41666666790843,9.118442889543486,6.34049830042925,9.780613199869833,13.687932586669945,1014.4601106770833,-2.990953395764033,61.834165374437966,265.67064158121747,21.288934326171898,14.662591552734398,17.493628438313824,79.29444519678752,69.15902853012085,1.8958333367481828,10.363906431682764,6.8663370522625575,10.87921040852865,13.675355529785179,1014.0033756510417,0.42760265866915387,76.80741598639482,287.6873142719269,20.268731689453148,14.973260498046898,17.501850382487003,77.17638842264812,90.63263924916585,0.5624999972060323,8.880361473093743,6.084823987155629,9.97370554606124,13.333716328938806,1014.4455501302083,-2.229143569866816,61.53619537376411,272.7216558456421
2021-09-26,22.466699218750023,13.500970458984398,16.987229919433616,67.12013785044353,34.92222225666046,3.2500001192092896,21.450748180295236,11.498600965334612,9.877872721354208,10.583050028483115,1011.5523763020833,-2.5434875885645547,165.33633965684567,454.8083784182866,22.565179443359398,14.426477050781273,17.63004328409833,65.03819449742635,70.90416673819225,6.583333492279053,22.292064192163256,13.349007593598932,10.328818257649743,10.848280843098962,1011.176494140625,-5.058488309383392,155.09941466649374,482.52476048469543,21.438470458984398,13.499993896484398,16.655725097656273,72.22916634877522,72.30972290039062,8.041666716337204,21.900918194398667,12.349693405730585,10.055303192138695,11.427556610107445,1011.4743815104167,0.12469029426574707,130.01691772971148,465.65925248463947,22.274468994140648,14.283319091796898,17.258608754475933,66.4645832379659,64.42847230037053,3.8437500819563866,24.83936143665075,12.189853727762875,10.083642578125023,10.7671943664551,1010.7758723958333,-5.875266949335734,142.89086423748327,446.3795086145401,20.883325195312523,14.150506591796898,16.859674072265648,72.69791603088379,79.7993057568868,8.968749940395355,19.575597353600475,11.962171276940671,9.638099924723349,11.769409434000693,1011.6770865885417,0.5608515540758768,103.0668616456096,464.18343353271484,22.419671630859398,14.678460693359398,17.440020497639996,67.25208282470703,71.85347231229146,2.02083333581686,22.84918998321022,12.706939277630866,9.802705383300804,11.15074183146163,1011.0565885416668,-4.416010757287343,149.90316805862435,516.9060758749644,22.249993896484398,13.975640869140648,17.21494572957359,72.3888889948527,77.36180520057678,4.843749929219484,19.287454580497933,12.158574985133079,9.979703521728538,12.003259277343773,1011.488427734375,-4.664264819274346,137.27552748532617,467.45717763900757,22.089379882812523,13.348046875000023,16.720370229085308,66.85208241144817,48.4291661499689,3.9166667461395264,22.325086221323744,11.32485054850242,9.992422993977868,10.2404609680176,1011.330146484375,-2.071568230787913,161.5529966596126,452.41169770558673
2021-09-27,15.775048828125023,10.475610351562523,13.651425933837913,78.41319386164348,72.23958295583725,104.81250029802322,35.90238815278338,20.315595869927378,5.385090128580771,9.752824401855491,1011.76291015625,21.626933574676514,91.97135864694913,808.6606432596842,17.912744140625023,11.616632080078148,14.794828033447288,69.87569427490234,55.01249986886978,104.89583283662796,27.031824964625553,19.674651500248967,5.462823486328148,8.886912282307946,1014.302626953125,14.853030900160471,153.70078148941198,930.4419314066569,16.441949462890648,10.674096679687523,14.036687469482445,76.12500047683716,68.23263887067635,89.30208373069763,36.739290584044056,21.181920097564518,5.5398180643717865,9.608853912353538,1011.5772135416668,17.253350913524628,109.39219249288242,878.2400449117025,17.929254150390648,11.283319091796898,14.593659973144554,72.8180570602417,62.245139330625534,86.78124922513962,25.029678753378153,19.25046327683741,5.406934356689476,9.352109527587913,1013.1891796875,14.049089034398397,126.16289110978444,882.2081438700358,16.733331298828148,10.875604248046898,14.181001281738304,75.8305549621582,64.53194427117705,51.875000566244125,37.44974430059646,22.006396651040316,5.508919016520224,9.629853820800804,1011.2553483072917,16.923190593719482,113.12869222958882,942.9961217244467,17.850030517578148,11.182733154296898,14.582096354166689,73.18333307902019,61.09236100812753,46.3749994635582,33.68705353978371,20.944349931638815,5.6512008666992415,9.473813629150413,1012.7252994791667,12.40488088130951,125.37097033858299,926.2009328206381,17.114953613281273,10.998193359375023,14.673097229003929,74.69097232818604,64.06527805468068,51.677083134651184,37.65691618129285,23.105259809524345,5.657416280110681,9.8614491780599,1011.146416015625,16.036106924215954,118.69277914365132,1008.7165273030599,16.281610107421898,10.566674804687523,13.803793843587263,77.6993047396342,70.10486095150311,75.2083331644535,35.40713093901563,20.37284851940242,5.328438059488974,9.741300201416038,1012.061796875,21.024817268053692,100.56621815264225,827.4117590586344
2021-09-28,16.727288818359398,9.530694580078148,12.861652628580751,73.88402795791626,64.75555650393169,127.34375333786011,27.425221783118378,18.804722187690196,3.5229774475097884,8.127945200602255,1018.3812174479167,12.419255637486154,127.02205920219421,726.7542978922526,16.282586669921898,9.193719482421898,12.587906138102236,73.8527790705363,67.6138880054156,173.37500286102295,28.485078529435018,18.688513673008785,3.622267659505212,7.87592468261721,1018.694794921875,10.624671538670858,115.76297314961751,691.2185331980387,16.724633789062523,9.664239501953148,12.926188405354841,74.80416663487752,70.0486122071743,87.552081823349,26.36126070482842,18.70409522132353,3.5484926859538177,8.345245615641318,1017.9353450520833,12.062785123785337,126.92013716697693,729.6821225484213,16.510614013671898,9.357110595703148,12.63193283081057,73.51111110051473,73.15138841668765,129.44791793823242,26.473110292257637,18.287965626453,3.394344584147177,7.866147613525413,1019.0881510416667,10.5036784162124,111.10930458704631,710.2399559020996,16.729974365234398,9.893731689453148,12.97387593587242,75.71249930063884,73.87986103693645,6.5625,27.585905250425583,18.894668547792055,3.5622599283854584,8.591626739501976,1017.52046875,12.727875379224619,116.38544082641602,747.0315933227539,16.768243408203148,9.266656494140648,12.687985992431663,73.94027853012085,59.66041644414266,83.44791793823242,28.289170665658265,19.1885029602815,3.5058151245117415,7.962525939941429,1018.5004427083333,11.43349007765452,133.34711480140686,736.2975934346517,16.610040283203148,10.304101562500023,13.096538798014345,76.72083441416423,73.52777859568596,7.708333421498537,26.87491424250366,19.39601510882883,3.6678571065266965,8.934592183430993,1016.9904459635417,13.979993544518948,105.70725083351135,779.7390187581381,16.305291748046898,9.333367919921898,12.62585347493492,75.10902865727742,71.1451386610667,82.6874988079071,27.312605648222156,18.73205693401828,3.5328422546386946,8.180385843912802,1018.5873860677083,12.43415853381157,110.20022368431091,707.0682818094889
2021-09-29,14.314691162109398,8.348809814453148,11.136858876546247,68.82500060399373,49.38749976456165,194.43749380111694,27.846119598649477,21.036016676674198,0.22466303507491148,5.1315475463867415,1019.3283561197917,26.139445429046948,162.54805596669516,1037.1019147237141,14.766656494140648,8.449975585937523,11.15875142415367,65.89791679382324,48.12083297967911,292.42708349227905,32.55327046252058,26.571181435662798,0.23473383585616148,4.550233459472679,1019.363828125,25.269387364387512,150.72147488594055,1279.4136772155762,14.499993896484398,8.399987792968773,11.338871256510439,68.4381955464681,47.29236143330733,196.78124856948853,28.399148957115973,20.697545044558385,0.5388084411621321,5.267294820149743,1018.9744759114583,24.427204718192417,158.7107801437378,974.7414588928223,13.969598388671898,8.543908691406273,10.826404825846376,69.7319450378418,57.98125043604523,245.45833158493042,40.280507196407335,31.24407458459835,0.12879842122396212,5.209053293863974,1016.74181640625,25.586656888326008,131.1498078505198,1360.6104075113933,14.210443115234398,8.200006103515648,11.277248636881533,69.22430515289307,44.36180457224449,239.0208387374878,28.51503302966984,21.5748664567339,0.6592816670735715,5.469464874267601,1018.5590950520833,24.790127714474995,151.5517791112264,966.5872484842936,14.158502197265648,8.847344970703148,11.244209543863954,69.86180528004964,45.12986036141714,215.8020864725113,31.398698254347977,24.601077995829453,0.43921813964846024,5.518117523193382,1018.54328125,24.283484558264416,162.35194889704385,1160.1798426310222,14.421899414062523,8.517327880859398,11.420410410563173,70.29236173629761,47.920138967844345,282.95833587646484,28.228391269428403,21.024731994017333,0.9412946065266965,5.814538574218773,1018.2856315104167,24.752891023953755,160.4864149093628,947.7076848347982,14.255883789062523,8.670617675781273,11.243491109212263,69.23750003178914,43.70555463433266,203.81249630451202,30.24996464997728,22.8785857278861,0.5308357238769759,5.347924804687523,1018.89607421875,24.36830433209737,166.6247231165568,1092.5022506713867
2021-09-30,14.092462158203148,7.292596435546898,10.70718917846682,76.46458339691162,81.39652701218922,24.968750178813934,32.293094269219104,21.736490467789938,3.6036926269531477,6.702066040039085,1022.157509765625,13.085983807841936,63.86433434486389,633.7939434051514,12.885858154296898,7.429956054687523,10.414005533854189,77.7986110051473,82.82430466016133,217.22916316986084,34.10801044436666,23.933338086586303,3.5528236389160384,6.667776997884118,1022.0939680989583,19.661063209176064,29.23033372561137,691.6357466379801,13.408135986328148,7.601831054687523,10.82583897908531,78.36458333333333,82.42013943195343,8.958333320915699,32.13540431093775,21.88555123373258,3.8326164245605696,7.172975158691429,1021.5225455729167,15.618401487668356,40.52899972597758,641.5512345631918,12.700616455078148,7.343988037109398,10.453165944417341,78.08958435058594,80.74583307902019,214.23958587646484,31.803118445848394,21.901977654798497,3.4969345092773665,6.748574829101585,1022.47060546875,21.05268815656503,24.650000015894573,638.2310174306234,13.787957763671898,7.757012939453148,11.107226308186872,77.86319478352864,87.31180556615193,6.645833350718021,32.68810190432854,22.458600873288702,3.8305590311686615,7.356153106689476,1021.3856217447917,12.770698109486451,63.054555336634316,675.1981506347656,14.422052001953148,7.111383056640648,10.863721466064476,74.42361116409302,76.21875,247.5104169845581,31.884302530060417,22.271259864621374,3.3093874613444427,6.43702087402346,1022.2989908854167,10.227394565939903,93.9671098391215,681.4929656982422,13.815667724609398,8.171289062500023,11.17593917846682,79.07500139872234,93.81736167271931,2.9479166492819786,31.07921582262662,22.311071057658825,3.997462209065759,7.649312591552757,1021.1768619791667,14.743067299326261,27.52811098098755,661.2628275553385,13.862115478515648,7.441308593750023,10.750793711344423,75.39583269755046,90.14444510142009,289.2291669845581,31.678913630691763,21.995667330196692,3.5307339986165402,6.542362467447958,1022.2082682291667,13.141581137975058,67.99302808443706,649.977191289266
2021-10-01,15.830957031250023,9.079888916015648,13.054767862955751,81.51735973358154,78.21111085017522,67.07291752099991,31.27953675823908,21.68601479589721,5.079640960693382,9.83509216308596,1011.005087890625,3.9151822146959603,76.52480447292328,798.5933519999186,15.559808349609398,8.802301025390648,12.54985071818036,80.93680461247762,77.81597239151597,69.34375059604645,32.07829273303956,24.865463512631905,5.010475413004599,9.224908447265648,1011.6162727864582,3.402180278363327,77.43758508563042,824.7937215169271,15.163110351562523,9.231011962890648,13.088681793212913,80.46041679382324,79.01944514115651,63.91666638851166,30.75628958513177,21.418606755627838,4.850064849853538,9.616503651936853,1011.15697265625,5.484845293064912,70.57785979906718,812.3343515396118,16.395410156250023,9.313226318359398,13.114481862386091,80.37013943990071,75.35069465264678,83.40624928474426,31.439825645826293,22.76960453577264,5.4054364522298215,9.610192871093773,1011.4285384114582,-2.383488968014717,103.2199158469836,816.7726955413818,15.354699707031273,9.183526611328148,13.018154398600283,80.46458228429158,76.48819412787755,73.98958200216293,30.647010900731402,20.82642272572207,4.852485911051474,9.580205535888695,1011.3936165364582,8.630031952013573,66.99528002738953,757.6696577072144,16.378411865234398,9.573297119140648,13.191532389322939,78.5715282758077,65.4534721771876,72.5104169845581,31.84894567800588,24.69269858666542,5.014944966634118,9.318382517496786,1010.5019466145833,-1.2500134836882353,109.35730584462483,901.3816935221354,15.629815673828148,9.269494628906273,13.244632975260439,79.41111024220784,84.56597248713176,34.81249985098839,30.839429997364068,21.217355878594244,5.005525207519554,9.616573588053427,1010.9609993489582,5.413599656273921,77.37874842683475,802.0460828145345,15.519830322265648,9.722406005859398,13.193285878499372,82.02708466847737,80.6624995128562,64.71874904632568,31.27163900699157,25.58256381006566,5.352168019612634,10.068803405761741,1009.8617838541667,2.696258567273617,72.24988904595375,884.9290720621744
2021-10-02,14.645135498046898,8.798364257812523,11.223404184977236,83.7576379776001,95.38055562973022,239.40625,48.25236761946306,23.847272226464625,4.206811523437523,8.517077382405603,1000.56353515625,14.834481852749983,18.045943816502888,713.8937489191691,14.390435791015648,8.357965087890648,10.796193695068382,83.95138740539551,92.01944386959076,218.21875190734863,39.100269971334626,21.166248281221286,4.013794199625693,8.132829284667991,1001.6049609375,18.15594957768917,18.062166571617126,657.6764488220215,14.530908203125023,8.898767089843773,11.248000081380232,84.56250063578288,94.22083322207133,225.26041746139526,42.90792992725503,21.10300557670326,4.2979052225749115,8.69681065877279,1000.585517578125,16.097203742091853,17.23997187614441,655.028086344401,14.380609130859398,8.422113037109398,10.907064056396507,85.72152773539226,94.47708328564961,225.1979205608368,44.5126589116919,21.100005818871466,4.695144907633505,8.55286305745443,1000.6594173177083,15.590631246566772,14.549416502316793,603.4325008392334,15.314263916015648,8.817773437500023,11.483892059326195,85.85277875264485,93.00694445768993,214.59375089406967,45.78301114561342,22.647613272325643,4.463995869954431,9.143921152750693,1000.67115234375,14.802806178728739,19.48872212568919,719.5651178359985,14.734124755859398,8.328790283203148,11.023171997070335,84.24444421132405,91.97916694482167,233.2708330154419,48.851157903479,23.320941937710007,4.030918375651083,8.425752258300804,1000.9474772135417,16.51209240158399,18.586000164349873,699.8844706217448,15.429376220703148,8.933343505859398,11.75702819824221,85.91875171661377,93.78750054041545,187.14583387039602,44.59323050456996,22.35122694467196,4.697652435302757,9.43726755777999,1000.0474674479167,13.95945238073667,22.596389532089233,711.3659133911133,13.734124755859398,8.460321044921898,10.762815093994163,84.66041628519694,95.88611110051473,139.26041746139526,30.762467902161227,18.760929315349628,3.9238868713379134,8.228654479980491,1000.842421875,18.18576755747199,23.603527545928955,602.3440539042155
2021-10-03,15.132257080078148,10.282128906250023,12.155515289306663,80.08958148956299,64.89027842879295,648.2395782470703,30.40234417660969,19.710522689145776,3.151595052083337,8.663345591227255,999.0598470052083,6.752540643016498,131.1812218427658,834.6313311258951,15.148950195312523,9.560174560546898,11.640910085042341,78.32360951105754,60.05347261329492,607.3333358764648,27.025601228808554,17.504049798742273,2.264112091064476,7.798365529378259,998.682490234375,7.036249140898387,136.7899718681971,775.1145970026652,15.574212646484398,10.389520263671898,12.286097462972029,78.72708352406819,61.31041627128919,498.5208377838135,30.325960203538134,19.153028025389457,3.149976348876976,8.51255823771163,998.676806640625,4.880395273367564,138.6181674003601,801.6211465199789,15.473657226562523,9.679864501953148,11.696735636393251,78.72083266576131,72.8229169845581,589.6458339691162,29.638061455274787,17.50299632781775,2.8127914428711165,7.92941818237307,998.7088216145833,6.009429799392819,126.91447246074677,745.6379941304525,15.465600585937523,10.348779296875023,12.163699086507185,78.94861094156902,64.61805514867108,546.541669845581,31.88736606594055,18.528580094492664,3.1427157084147552,8.453225708007835,998.482939453125,6.953666627407074,131.5332210858663,794.9950091044108,14.806451416015648,10.026788330078148,11.686574554443382,78.70416609446208,66.72916694482167,717.0729217529297,26.196915605359624,16.64243096130579,2.4941129048665402,7.906597391764365,998.8351204427083,8.204638165732225,123.05685828129451,735.019375483195,15.523126220703148,10.569482421875023,12.35025558471682,78.96388785044353,60.436805633439995,14.906249850988388,30.471806043879432,18.936447337553027,3.439069366455101,8.59940109252932,998.043212890625,5.740269109606743,135.45594664414725,812.3263511657715,15.074212646484398,10.319818115234398,12.03384679158531,79.10833390553792,72.26041678463419,691.8854103088379,29.717571906004054,17.61666997237225,2.934108988444052,8.332933044433616,998.5992057291667,7.724562034010887,125.64855794111888,797.9378217061361
2021-10-04,15.722589111328148,10.629418945312523,12.844035085042341,76.3145842552185,76.0166672418515,21.49999988079071,27.304843501864436,21.409504473302054,3.302008565266931,8.618287658691429,1009.0580794270833,3.6049607396125793,124.00916894276936,920.316822052002,15.002954101562523,10.912042236328148,12.7398506164551,81.10625044504802,80.30277840296428,676.8437480926514,25.583371124006437,21.341817620450655,3.691272989908896,9.513122812906943,1009.8336263020833,4.297531346480052,89.44483335812886,799.2841199239095,15.749017333984398,10.744134521484398,12.868084208170595,76.49513832728069,78.5472223162651,19.52083331346512,26.53769407312252,21.40253135161444,3.322101847330771,8.67022603352865,1008.8139583333333,4.004640241463979,120.51686072349548,914.5307744344076,16.174493408203148,10.866754150390648,12.975061035156273,77.51250044504802,86.99375120798747,519.5416603088379,25.80199945907742,21.25464888397254,3.7388524373372434,8.979489898681663,1009.351416015625,0.432514766852061,129.9303347269694,829.745896657308,15.977441406250023,10.734613037109398,12.93259201049807,75.7340277036031,78.28611013789971,11.82291665673256,26.738040812931796,20.76620468164388,3.352326965332054,8.575461324055993,1008.54482421875,3.210911745826403,125.2138324578603,883.2069994608561,16.127435302734398,10.926934814453148,12.907064056396507,76.90277703603108,74.63888817032178,560.3333282470703,25.568848893064292,21.146060560953014,3.5781176249186615,8.765542602539085,1009.9342447916667,0.6364126789073149,134.46944363911948,841.1704216003418,15.879418945312523,10.981652832031273,12.926399485270204,75.73333263397217,74.798611531655,6.895833304151893,26.826591461309224,20.7694802155307,3.267818705240927,8.58957443237307,1008.4805013020833,2.860597163438797,124.86966745058696,897.1888364156088,15.866662597656273,10.807153320312523,12.773901875813825,77.34166622161865,65.32569434742133,24.239583134651184,27.309091544883746,21.432763755769937,3.424958801269554,8.743477121988974,1009.4294205729167,3.311812753478686,129.44722187519073,874.3312085469564
2021-10-05,12.506219482421898,10.398370361328148,11.681942240397158,82.49097188313802,90.5645842552185,328.4583315849304,36.29665949561843,27.580056856845818,2.8958475748698334,8.764096832275413,1002.0443424479167,18.97211591899395,57.26008419195811,1106.9014282226562,14.078485107421898,9.465386962890648,11.983669535319033,81.35555505752563,78.34305588404338,316.885419011116,29.73556741926352,18.495689390226417,2.778614298502646,8.740666961669945,1006.754921875,16.05264545728763,93.19760914643605,789.9495544433594,13.679437255859398,10.595025634765648,11.781901295979841,82.59583346048991,88.850000222524,361.83332830667496,38.17647998909761,28.05224312662453,2.9196016947428802,8.883860524495446,1001.4072916666668,16.616987387339275,102.68305706977844,1140.4968032836914,14.133325195312523,9.631585693359398,12.05358784993492,80.03541707992554,58.90694465239843,338.54166090488434,27.97350892531622,20.567241071554246,3.0110705057780365,8.591881052653036,1005.04921875,14.283582578102747,112.6866409778595,851.6101430257162,12.772851562500023,10.354394531250023,11.73462575276695,81.54583358764648,79.26736068725586,299.52083513885736,32.5460392057302,27.52237157757762,2.878804779052757,8.639705912272177,1002.196728515625,16.665769333640736,98.00383683045705,1020.7209014892578,12.544732666015648,9.786676025390648,11.148511505126976,84.62847359975179,78.59236097335815,477.9375021457672,34.4583721972946,26.83183051240769,2.5820798238118527,8.616016642252646,1002.4339908854167,26.97912073135376,51.50894379615784,1029.2257970174153,12.872308349609398,10.092187500000023,11.707583363850935,81.67291641235352,87.93888982137044,308.9583316221833,33.67636190037586,28.80579236838302,3.0551264444987396,8.641859944661462,1001.8405110677082,23.299400438865025,51.59811055660248,1074.3049901326497,12.217492675781273,9.507012939453148,11.413287099202497,87.16041469573975,78.08124979337056,529.0000023841858,30.710839503887225,23.07169828574906,3.098232523600302,9.326455688476585,1003.283935546875,21.625015651186306,58.153638343016304,830.4135297139486
2021-10-06,14.973138427734398,9.574517822265648,11.79736226399742,69.0701395670573,42.77569409211477,472.25001525878906,33.32716980750613,22.046708458607302,3.7555595397949446,6.185236867268884,1017.736650390625,4.05735049645106,148.24727447827658,833.9076962471008,15.059136962890648,9.169580078125023,11.47321472167971,71.34444459279378,22.517361680666607,460.97918128967285,34.80665403584286,21.317587355283173,3.696692403157556,6.2910387674967865,1018.5491829427083,6.478813032309215,148.8087432384491,749.227790514628,15.240350341796898,10.062738037109398,12.032006835937523,67.71736065546672,34.05416713717083,23.21875,34.071573717774456,22.87110166025497,3.675904846191429,6.127510325113974,1017.3550130208333,4.9788506627082825,148.1237477461497,877.418375492096,14.647882080078148,9.057855224609398,11.28404261271161,72.0930544535319,21.264583463470142,505.46875,35.489997481569795,21.1009126425056,3.876479085286462,6.283010101318382,1018.301435546875,9.29127941528956,149.09544587135315,748.5017235279083,15.254846191406273,9.462762451171898,11.78910598754885,68.47499974568684,29.64027798672517,10.5,32.728277003928326,22.755622335070967,3.850012715657556,6.058713531494163,1017.3928776041668,7.737238337596257,148.03297209739685,842.1283419926962,14.747399902343773,8.908074951171898,11.221126810709658,71.25486183166504,21.03611107667287,388.45833587646484,32.00478592654594,21.495999642266217,3.7811993916829465,6.051728820800804,1017.857822265625,8.359029233455658,148.7973062992096,754.3099678357443,15.371118164062523,9.448937988281273,11.89628626505536,69.15902789433797,29.729861254493397,0.6875000037252903,32.079605184045,22.299356398419466,4.156582132975302,6.2936264038086165,1017.3613118489583,7.516947994629542,147.50480715433756,820.4785202344259,14.890893554687523,9.119622802734398,11.400977071126325,70.51736036936443,31.02152665456136,393.99998474121094,33.5078830448544,21.54518761654805,3.796200052897177,6.084564463297568,1017.99619140625,5.542685945828755,148.72605554262796,792.3072845141093
2021-10-07,16.216638183593773,9.991418457031273,13.38828303019208,89.02083365122478,88.96666753292084,0.6562500167638063,11.99493698118321,8.371481463743534,8.060601806640648,11.597575124104821,1025.394931640625,-5.495793037116528,39.23274972041448,189.8626972834269,18.348321533203148,11.057916259765648,14.510566965738954,86.93263943990071,95.84722264607747,472.94791984558105,13.757933387096177,9.84682821503897,7.431518809000693,12.323796844482445,1024.6773665364583,-20.086329258978367,71.92783508698146,258.6698834101359,16.372796630859398,10.143212890625023,13.547485605875673,90.89444414774577,82.78263839085896,0.5104166818782687,11.777458325525926,8.455507300090156,7.752539571126306,12.067764536539755,1025.3581477864582,-5.070182253917058,35.282833675543465,187.6859229405721,16.963464355468773,10.229913330078148,13.783603922526064,87.00347137451172,87.32499957084656,24.312500298023224,11.212714235458948,8.080625435611,7.212461090087913,11.640402730305993,1025.1236783854167,-10.250860412915548,46.1265819867452,176.45419438680014,16.571008300781273,10.591088867187523,13.836324310302757,90.5749994913737,93.47569370269775,2.2916666120290756,11.623898021345358,8.682640160431385,7.892846679687523,12.302602386474632,1025.2548111979168,-7.409382998943329,43.13505490620931,198.13114325205484,15.612634277343773,9.737054443359398,12.73279724121096,90.01944351196289,79.01666788260142,11.645833641290665,8.641274324377108,7.155449668626518,8.163894907633505,11.113506571451865,1025.488271484375,0.5383825432509184,31.921388814846676,125.66918659210205,16.339593505859398,10.877770996093773,13.803615824381533,89.21041615804036,94.4527777036031,0.875000006519258,11.550822448725992,8.812433860561297,7.916702524821005,12.046077982584677,1025.6360611979167,-6.925851504007976,40.05938986937205,211.8771588007609,16.454827880859398,9.975854492187523,13.141929880778017,86.71666622161865,86.9486118555069,1.0208333544433117,11.315437415996085,7.753136361930911,8.029799397786462,10.955421702067099,1025.5532454427082,-6.135075882077217,52.973361710707344,171.4617484410604
2021-10-08,19.264337158203148,11.944940185546898,15.280288950602236,81.98472213745117,82.5798610051473,0.75,10.20932284328298,7.011411558831173,8.050500488281273,12.094140625000023,1028.887822265625,-12.745391021172205,113.34016835689545,276.11815961201984,18.349023437500023,12.059442138671898,15.25669886271161,84.39722315470378,86.7381952603658,1.385416653007269,9.3660422289892,6.192435040329311,8.030726369222009,12.516361490885458,1029.1827962239583,-9.528337667385737,72.46172364552815,254.42955629030862,19.346124267578148,11.976678466796898,15.437683359781923,82.35347207387288,80.85208384195964,3.333333373069763,10.591438091000878,7.330777142125548,8.084026590983115,12.306258138020837,1028.8718001302084,-13.0307680418094,107.97805354992549,292.54499435424805,19.480767822265648,11.893151855468773,15.258805847167991,84.44444688161214,70.64652693271637,1.6666666492819786,10.986272675058562,6.628070082364711,7.554408009847009,12.496939595540368,1028.761171875,-13.16159507756432,102.3266116976738,266.1496463616689,18.252313232421898,11.945092773437523,15.354550933837913,85.46041647593181,87.12638982137044,3.104166716337204,9.241410361928068,6.55105779384568,8.34640782674154,12.828304545084677,1029.0194694010418,-7.54313167060415,56.17141811052958,239.9653786023458,19.699090576171898,12.012628173828148,15.57343444824221,81.9833329518636,62.703472167253494,3.4999998807907104,10.978618123061336,7.374878700328402,7.546001688639365,12.354534403483115,1028.8867708333332,-15.356613631049791,127.33444625139236,274.34332553545636,17.769982910156273,12.125543212890648,15.299302673339866,85.70624955495198,83.83611075083415,0.6145833469927311,9.067563705731446,6.225711805664742,8.50235265096029,12.825062052408896,1029.0358072916667,-6.443811111773054,54.709639290968575,198.70129346847534,19.258843994140648,11.641748046875023,15.240013376871767,81.77986113230388,66.40486057599385,2.0000000596046448,10.673976439131437,7.401754111699816,7.759634908040368,12.02058817545577,1028.897119140625,-13.585540850957235,124.21552773316701,282.4425206184387
2021-10-09,17.908441162109398,10.454156494140648,13.51053390502932,78.9493055343628,4.588888863722484,3.0,7.210348081098011,5.525048270201977,8.458257293701195,9.694526926676474,1028.0790559895834,4.8706934452056885,140.25974941253662,261.45493074258167,17.967218017578148,10.562066650390648,13.421853637695335,80.44513909022014,31.93124959866206,0.75,10.781510279282159,7.6519083069136995,8.209231313069665,9.948710378011071,1028.6147916666666,7.629327853520711,138.54955474535623,291.9536753495534,17.799981689453148,10.448602294921898,13.421695963541689,79.7902782758077,5.968750051067521,1.5,7.2128117116987465,5.466715323793868,8.201210276285849,9.78531163533529,1028.1520377604168,4.986620982487996,139.8808335463206,257.23516217867535,17.805596923828148,10.489526367187523,13.391788736979189,80.6930554707845,13.832639381289482,3.4999998807907104,9.611613132591083,7.148415529306459,8.301253255208337,9.943513488769554,1028.343720703125,8.087715228398642,139.4811426003774,294.4070179462433,17.682427978515648,10.264337158203148,13.300030008951845,79.73750019073486,7.8986109082276625,0.75,7.196853204901902,5.0046568231875606,8.276930745442712,9.662769571940146,1028.2220930989583,3.5799628098805747,140.11175084114075,245.1655574242274,17.775537109375023,10.376641845703148,13.330448404947939,80.22638861338298,8.33333329576999,3.2500001192092896,9.325925660554297,6.668685456761694,8.19794871012374,9.784349060058616,1028.4053483072917,6.227542956670125,140.0120551586151,288.35494089126587,17.601129150390648,10.135034179687523,13.224262491862001,78.94027709960938,10.086805395471552,0.0,7.109964574806571,4.645338147282948,8.413897450764978,9.431082661946618,1028.2394401041668,4.338323513666789,140.24169238408408,238.290527621905,17.830316162109398,10.430688476562523,13.426196034749372,79.23125044504802,10.799305766820908,1.0000000298023224,8.18031253407354,5.871539015283333,8.273337300618493,9.663409169514978,1028.245693359375,5.247429251670837,140.44802673657736,270.69233604272205
2021-10-10,17.551019287109398,11.113671875000023,13.794629669189476,78.6340274810791,87.84652773539226,2.2187500055879354,14.682077080490236,8.574956709848907,6.731182352701865,10.058989461263025,1028.1022233072918,0.2832366426785787,84.49352665742238,314.8825682401657,17.996972656250023,10.500024414062523,13.662010447184267,76.89722188313802,81.77708292007446,4.635416731238365,14.545573038921802,8.861765692119132,6.970632171630882,9.562975819905603,1027.4142220052083,6.041544497013092,75.03144387404124,296.2128446896871,17.528802490234398,11.115106201171898,13.806011454264345,76.18888807296753,86.52013937632243,0.8958333302289248,15.067126411238014,9.166708744358735,6.5810651143391965,9.560698445638025,1028.30888671875,2.3262295921643577,74.57002747058868,341.3629672924678,17.266656494140648,10.493157958984398,13.556910451253279,78.99444484710693,70.97569433848064,3.822916619479656,14.110051984625883,8.808901297036769,6.8499682108561615,9.90565897623702,1027.92953125,7.027051687240601,86.11099938551585,298.37126954396564,16.891107177734398,10.854302978515648,13.428898111979189,76.40416685740153,81.65416717529297,0.5312499925494194,15.252174686795879,9.650064898339515,6.548285420735681,9.226550038655603,1028.33865234375,5.972251534461975,73.98375022411346,345.46682572364807,17.298852539062523,10.774804687500023,13.378362274169945,80.83055464426677,84.09097162882487,3.73958333209157,13.851124034862309,7.669092180431025,6.781458791097009,10.097117360432946,1027.94251953125,3.4908407231171927,74.78638871510823,227.66356110572815,16.916650390625023,10.924493408203148,13.474815622965517,77.78888861338298,85.7326389948527,1.66666666790843,16.37927022361354,9.648943529263022,6.237771606445335,9.548804219563806,1028.201591796875,3.73759633799394,68.43113919099171,310.8425217072169,16.796838378906273,10.811090087890648,13.381177520751976,77.99930540720622,86.2624986966451,0.6979166511446238,13.407165352633207,8.102207610671975,6.958296712239587,9.553557332356775,1028.4517024739582,7.255629460016887,57.856194496154785,293.70884625116986
2021-10-11,13.794122314453148,8.237237548828148,10.737509663899763,74.50208266576131,88.78680499394734,4.0000001192092896,15.160719732124702,11.875373094890586,4.377852376302087,6.197287495930993,1029.380693359375,20.237071245908737,101.64680417378743,438.9887495835622,14.769097900390648,8.559869384765648,11.353835042317732,74.67500066757202,83.45208374659221,6.0,14.004850347581726,11.636786447429666,5.131369527180993,6.815792338053427,1029.0879427083332,16.159402347169816,122.61930481592815,468.0765857696533,14.041802978515648,8.131250000000023,10.748818969726585,74.49791606267293,85.95763969421387,3.0,13.886473290069972,11.414042382959002,4.730385080973349,6.191594696044945,1029.4533268229168,19.182886324822903,105.85791492462158,405.48608295122784,14.433496093750023,8.493524169921898,11.138817087809267,74.16666730244954,81.51458422342937,2.25,14.244756345706366,11.397397861482284,5.148091888427757,6.484747823079431,1029.2257975260418,19.734531386444967,110.70333258310954,449.56763553619385,14.526422119140648,8.277429199218773,11.014101918538435,74.31250047683716,85.66597191492717,2.0000000596046448,13.676959337778932,11.297549228554866,5.160418446858728,6.382928466796898,1029.6304069010416,16.227200378974278,117.56180568536122,411.37041330337524,13.983331298828148,8.532647705078148,10.88998947143557,73.97291612625122,79.87777698040009,1.2604166381061077,14.141266508568986,12.471054286838248,3.949721272786462,6.2291364034016965,1029.356162109375,19.713304549455643,104.75138851006825,496.2390727996826,14.634759521484398,8.365747070312523,11.04099044799807,75.31527757644653,83.03263886769612,0.0,12.904553328026594,10.694879508241812,5.456707255045615,6.617852783203148,1029.7284147135417,16.023569573958714,114.29791720708211,385.0146430333455,13.859735107421898,8.215264892578148,10.809280649820986,74.34583441416423,70.82430505752563,4.5,15.29826651987348,12.11428750140899,4.157637532552087,6.223358408610068,1029.20400390625,21.068121957282226,110.67555550734203,458.4136697451274
2021-10-12,13.749078369140648,8.416162109375023,11.075139617919945,84.33819421132405,86.66041723887126,0.8333333414047956,17.202158673497777,12.174337766417183,3.846417999267601,8.44771219889327,1025.7553776041668,12.05287300546964,57.39880577723185,384.838036219279,11.998132324218773,9.241815185546898,10.45298029581708,84.13541825612386,95.50694402058919,7.406250104308128,15.200924622236329,11.425803765631086,2.2851298014323334,7.87110290527346,1026.4858365885418,15.118846068779627,27.85344362258911,365.0046679178874,14.494378662109398,8.421258544921898,11.029805755615257,83.82152716318767,90.89999930063884,0.9062500018626451,18.10161370430414,12.822965028504766,3.810652669270837,8.30328267415365,1025.6106119791666,10.650838971138,58.1289697488149,439.5162995656331,11.809106445312523,8.419000244140648,10.21940383911135,85.94236278533936,86.86805566151936,5.010416701436043,15.596790412635897,12.328851633013551,2.540491994222009,7.935599263509118,1026.1880078125,16.024611622095108,24.602195103963215,363.95874468485516,14.769433593750023,8.500909423828148,11.198536173502626,83.02499961853027,92.77777830759685,2.3437499962747097,16.5836013110708,12.374206511013375,3.8721837361653684,8.332252756754599,1025.5721484375,7.217107395331065,66.48860967159271,438.7530409495036,14.010858154296898,8.667169189453148,10.804008738199892,85.32916641235352,90.79999891916911,4.635416723787785,16.442186701534578,11.97400337227998,3.2159235636393646,8.359597778320335,1025.817939453125,16.326119303703308,48.501027504603066,392.86114565531415,13.124414062500023,8.962518310546898,10.965974426269554,84.27708435058594,96.779860496521,0.2812500027939677,16.437759028612174,12.33608977181681,3.6081761678059934,8.366273498535179,1025.7543522135418,11.866251329580942,39.705278277397156,392.53146807352704,13.469659423828148,8.565301513671898,10.740116373697939,85.28611024220784,89.85625076293945,0.6875,17.2607362655872,11.7017026378589,3.4072179158528684,8.297394053141318,1025.9308268229167,14.583860635757446,50.44888973236084,356.70438957214355
2021-10-13,15.568353271484398,7.858819580078148,11.29896189371747,73.9249997138977,74.63125046094258,3.0,10.355756150186657,7.06263212329447,3.9872477213542084,6.652993774414085,1027.211650390625,3.0055707693099976,124.2534730831782,306.2408604621887,15.732507324218773,8.072656250000023,11.88013356526695,78.39305543899536,80.92430396874745,5.593750029802322,9.712411405478601,6.523093405850575,3.5138908386230696,8.0810536702474,1027.151171875,-1.898707091808319,113.35583468278249,309.9713315963745,15.299981689453148,7.533197021484398,11.452443695068382,75.23541657129924,82.35277668635051,0.0,12.66956424070124,7.806784450626757,4.192084248860681,7.079321797688806,1027.1663118489582,0.937798798084259,121.31639071305592,317.62420082092285,15.199212646484398,7.513543701171898,11.139001464843773,77.78194348017375,89.62708314259847,4.0000001192092896,11.168787455094144,7.308703411290925,3.5281679789225677,7.253527577718103,1027.2770865885418,3.288148581981659,118.87764076391856,304.11286131540936,15.199151611328148,7.131341552734398,11.093459065755232,77.56458346048991,76.2368049621582,0.2500000074505806,12.314121142521499,7.38025717027073,3.741395568847679,7.171004231770837,1027.4176139322917,2.9150314573198557,116.10041793187459,287.3934046427409,16.133325195312523,8.210687255859398,12.222688293457054,75.17777903874715,94.70069408416748,10.104166626930237,11.239426942648148,7.17128768233194,3.7937980651855696,7.818324025472009,1027.0013736979167,-3.8123226165771484,106.60985974470775,332.1185616652171,15.334985351562523,7.040948486328148,11.292619323730491,78.82222255071004,77.61736138661702,0.07291666883975267,12.298047157250336,7.557547678231077,3.773739115397177,7.602234141031943,1027.1450358072916,1.312418172756831,114.55374840895335,270.80057764053345,15.834130859375023,7.604089355468773,11.420496877034529,75.59027926127116,75.2208338578542,1.5,11.370977755955389,7.121383308229247,4.3502670288086165,7.11996994018557,1027.420458984375,2.453700840473175,123.54819254080455,290.73590445518494
2021-10-14,17.009515380859398,9.896722412109398,12.89847335815432,81.431249777476,91.69861046473186,0.2500000074505806,19.831627899116082,13.033000943443774,7.185779825846396,9.61832962036135,1023.2237044270832,-3.794546882311503,117.27127754688263,443.79407119750977,17.382073974609398,9.626580810546898,12.824754333496116,80.3000013033549,65.15763934453328,3.0,20.031222219703643,13.496945681133449,7.355530039469443,9.318423207600915,1022.70431640625,-3.2956263224283853,124.54102730751038,430.94157886505127,17.016900634765648,9.777551269531273,12.866546885172548,80.83819580078125,89.80000193913777,0.0,18.940070463350107,12.452507247429915,7.066829935709677,9.45707473754885,1023.1751139322918,-3.3997305432955423,115.96107912063599,420.8182023366292,17.333337402343773,9.831109619140648,12.97956492106122,80.05694341659546,52.940970758597054,0.0,19.340642683702377,12.905851100495843,7.446136728922568,9.447855885823571,1022.8336686197918,-1.961515227953593,125.00019196669261,412.6697133382161,17.135919189453148,9.775933837890648,12.902449544270857,79.87500174840291,84.72986173629761,0.75,19.544617118136433,13.158398481916151,7.400846099853538,9.266838328043661,1023.028349609375,-2.9510652224222818,122.80783339341481,432.5868844985962,17.173883056640648,9.955712890625023,13.191425577799501,80.16458352406819,81.36597235997517,0.2500000074505806,20.212444460619206,13.55965772577258,7.112233734130882,9.661293284098349,1023.0499967447918,-6.620323558648427,118.21441968282063,475.95317395528156,17.014489746093773,9.813470458984398,12.869894917806013,79.54444487889607,90.9305551846822,0.5000000149011612,19.751322766720985,13.015164383118375,7.318049367268884,9.180169677734398,1023.2557747395833,-1.651030456026395,117.55719447135925,444.8405990600586,17.202996826171898,10.026727294921898,13.169277445475283,80.04791784286499,85.86805550257365,0.2500000074505806,19.80652077997167,13.272677368448534,7.092130279541038,9.624444580078148,1023.32580078125,-4.092332760492961,120.38583719730377,460.6876570383708
2021-10-15,13.535913085937523,8.923822021484398,11.425281778971376,76.52291504542033,73.04027849435806,0.15625000465661287,15.477320310921437,10.58121731693655,3.349458312988304,7.240499114990257,1020.13013671875,11.11395968000094,65.3554169734319,431.48788865407306,12.229394531250023,10.547265625000023,11.531714375813825,81.97361214955647,97.77291647593181,0.7187499916180968,13.888516675432943,10.129837612065403,3.879988606770837,8.477539316813193,1019.9603841145832,14.682308655232191,31.281361023585003,377.0464045206706,14.018121337890648,8.255609130859398,11.449764506022158,73.5534709294637,67.63125026226044,0.3020833423361182,15.680141264386853,12.302267759953253,2.9317413330078352,6.574491119384788,1020.0140006510417,10.933442453543345,89.4634700914224,543.774661064148,12.643975830078148,8.083428955078148,11.243655141194685,79.91319529215495,81.36180614928405,0.0,14.871172296457265,11.734812899055143,3.3016143798828352,7.774053192138695,1018.789443359375,19.897504528363545,34.21211193005244,427.69074726104736,13.518701171875023,8.263848876953148,11.198139444987001,73.50625054041545,70.86875033378601,3.2291667461395264,16.33408551547686,11.793155723289674,2.422085062662802,6.321491495768271,1020.2720963541667,14.77419883509477,80.64458303401868,525.8263810475668,13.832269287109398,8.223382568359398,11.32632980346682,74.96319580078125,66.95972294608752,1.26041666790843,15.00722091781535,11.708801783021059,2.7729291280110715,6.74795811971029,1019.8158333333333,11.738292326529821,83.37122079730034,526.4886843363444,14.015985107421898,8.225183105468773,11.378269449869814,73.97014013926189,59.86041700839996,4.937500149011612,15.81164116499289,11.970730812143165,2.877309417724632,6.5712142944336165,1020.257412109375,11.19976102312406,101.17125163972378,545.7957881291708,13.627069091796898,9.200006103515648,11.47080001831057,76.44861157735188,79.09097258249919,0.9166666567325592,15.216376355194926,10.940187295043676,3.6043029785156477,7.252417500813806,1020.3580013020833,10.928783595561981,66.04777529835701,446.21508598327637
2021-10-16,13.120935058593773,8.132775878906273,10.80383199055992,71.92708428700765,83.85694420337677,1.614583346992731,11.861300239848473,8.16589469316449,2.3955983479817746,5.912361399332724,1021.34251953125,11.226852655410767,35.66055558125178,232.56648381551108,13.066674804687523,9.360894775390648,10.94506734212242,72.57222270965576,94.88194465637207,0.5833333330228925,13.466511722846446,8.827444270664818,2.819331105550134,6.15435689290365,1021.2275032552083,9.971474915742874,30.843194504578907,236.10813204447427,13.741479492187523,9.222100830078148,11.090531921386741,73.50555610656738,85.06597216924031,3.4270833507180214,11.103598719390606,7.8448064597607265,2.9767916361491302,6.473505910237634,1020.87705078125,10.340416471163431,41.33944422006607,228.12038930257162,13.754907226562523,7.386041259765648,10.533484395345075,71.72083441416423,63.19930495818456,0.8645833414047956,11.140327211271014,7.478791810251572,1.6113372802734602,5.5949200948079465,1021.6805338541667,7.0334650576114655,73.99222467343013,265.4361343383789,14.608575439453148,9.617791748046898,11.525649007161482,76.50902779897054,93.74374985694885,1.0104166558012366,14.45935838379591,9.436368732597833,3.2331901550293196,7.469600931803427,1020.5435286458332,5.2569114081561565,42.17305579781532,292.4517119725545,12.541833496093773,7.319299316406273,9.955659484863304,72.79791673024495,81.18749984105428,4.875,10.433334961920698,8.196755286774392,1.6564664204915402,5.235023752848349,1021.6266178385417,12.147177428007126,32.4159720937411,206.3518691857656,14.738061523437523,10.130639648437523,11.8720527648926,74.43472353617351,93.60902841885884,0.27083333022892475,15.70170625240938,10.031505376363691,3.218520100911462,7.3938830057780365,1020.4837532552083,-0.06692180037498474,60.07722021639347,312.739315032959,13.883325195312523,7.102593994140648,10.093363698323591,72.20138788223267,53.665972958008446,7.250000238418579,10.932204087004859,7.378408104517395,1.2818771362304915,5.2463788350423215,1021.7621842447917,11.82182040810585,83.13166650136311,229.8093638420105
2021-10-17,16.294427490234398,10.627130126953148,12.58719406127932,82.33541711171468,74.66736129919688,3.2500001192092896,19.00711408927876,11.568281891789093,6.749367014567099,9.511027272542321,1017.5186067708332,-0.4265328198671341,82.56413986285527,334.59077103932697,15.407830810546898,9.705194091796898,12.428259785970075,79.9465274810791,98.52638912200928,2.0000000596046448,17.558589680332588,11.55266435781789,6.0147872924804915,9.038948313395224,1018.7244986979167,-1.1244762899974983,40.05530569950739,341.44987456003827,15.075952148437523,10.418939208984398,12.389234161376976,83.46805540720622,89.23263851801555,9.500000238418579,16.584821017710595,11.427409278805904,6.8613754272461165,9.576539611816429,1017.4986848958333,2.158757835626602,45.92305610577265,315.944926738739,15.688592529296898,9.787835693359398,12.265149688720726,80.6409724553426,93.06805515289307,4.5,16.976019996376372,10.99363741805049,6.23332239786788,8.935615793863974,1018.1642610677083,-0.5046985521912575,61.9004155198733,299.2969479560852,15.566400146484398,10.651300048828148,12.447666422526064,83.63680458068848,88.25277789433797,9.072916895151138,18.199020647641163,11.317675254863078,6.92933298746749,9.638054148356161,1017.7610123697917,2.106595533589522,55.05583333969116,314.68812878926593,15.050958251953148,10.300531005859398,12.339050547281923,85.35416730244954,83.84583334128062,2.739583306014538,16.57025110851231,11.37075490111022,7.009132639567099,9.880110677083337,1017.1077311197918,6.711334516604741,25.499027361472447,295.75425640741986,14.902032470703148,10.317987060546898,12.108878072102888,83.88888676961263,85.17152865727742,1.2187500149011612,16.67716839337466,11.068104184309272,7.0683583577474,9.379844919840536,1017.5422102864583,6.551530722528696,39.02194553613663,293.30709584554035,15.633355712890648,10.682550048828148,12.617595926920595,83.85486189524333,90.71250057220459,1.395833320915699,17.14389366835835,11.166615644068179,6.9152325948079465,9.857896423339866,1017.3295279947918,1.9016931851704915,42.25216637055079,312.1280457178752
2021-10-18,15.973291015625023,10.600000000000023,13.3959416707357,87.79999891916911,94.28819441795349,6.062500040046871,23.921384709815513,15.719295646352029,10.170688883463583,11.359412129720056,1015.795478515625,-4.333199222882588,32.783194214105606,422.6494736671448,17.555963134765648,10.424768066406273,13.630326843261741,85.12291653951009,87.25416696071625,3.604166701436043,23.181896613816104,15.487861975071565,9.088609313964866,11.117241160074911,1016.20412109375,-8.720260918140411,58.75819400946299,424.6987922986348,15.906762695312523,10.503198242187523,13.359510040283226,87.88472366333008,94.16944432258606,13.937500059604645,24.217031460910345,15.350453601453465,10.359788513183616,11.327860768636071,1016.0042447916667,-3.467451274394989,27.423749774694443,412.72971630096436,16.988153076171898,10.377954101562523,13.253753916422548,85.01944510142009,91.0861104329427,9.552083551883698,19.412583001823755,13.716206508876796,8.919985707600915,10.710872904459677,1016.8034830729167,-8.533526370922724,61.93125114838282,362.2705837885539,16.063287353515648,10.399438476562523,13.261866505940779,87.63402620951335,93.9479165871938,36.489584017544985,22.232749150281823,14.826984306761217,10.199566141764365,11.177023824055993,1016.3951106770833,-3.6003354291121163,32.82666756709417,403.47201840082806,16.038140869140648,10.274865722656273,12.816599782307966,86.7930555343628,87.60486110051473,15.500000268220901,21.252049708797205,14.575663591721723,9.383583323160849,10.611718750000023,1016.7628971354167,-2.329288105169932,45.30583473046621,375.9447291692098,16.113305664062523,10.421441650390648,13.275431569417341,86.61874961853027,94.18194444974263,47.82291656732559,22.024788961207715,15.34612813534316,10.652583058675134,11.004805501302087,1016.6155794270833,-4.706380863984426,37.69916639725367,394.6110849380493,16.300012207031273,10.186334228515648,13.078210449218773,87.22013823191325,92.84722248713176,13.250000163912773,24.949665543330365,15.462380768775988,9.971170043945335,10.926072692871116,1016.3344498697917,-6.935782790184021,41.31986061731974,421.1915667851766
2021-10-19,19.623162841796898,15.883294677734398,17.441120402018253,84.8437484105428,98.37777709960938,74.61458444595337,32.171329505066936,22.472309052166036,11.7546211242676,14.705561574300134,1012.8355436197917,-28.668408408761024,71.28716775029898,806.4022560119629,20.041375732421898,13.949761962890648,16.91687672932945,82.99444325764973,93.31250015894572,62.05208432674408,32.861029819389984,22.13470046151383,12.132362620035849,13.818051910400413,1012.6433040364583,-25.440995631118614,78.50027857472499,722.9161008199056,19.759698486328148,15.639794921875023,17.524709320068382,85.03124968210857,96.4513889948527,139.67708539962769,32.18042399942949,23.23615719085294,11.679380035400413,14.837898508707724,1012.4665885416667,-29.82713984698057,80.35855517784755,828.6116676330566,19.999261474609398,14.672998046875023,17.210900878906273,81.10902849833171,90.86388969421387,46.70833444595337,31.86761075084695,22.763742558400633,12.18775329589846,13.772031402587913,1012.6210546875,-26.466715549429257,69.2233334283034,774.0153350830078,19.997186279296898,15.959527587890648,17.457903798421246,86.15069389343262,80.44027745723724,166.08333206176758,32.99998454096067,23.19269143904589,11.44554163614913,14.98411585489913,1012.4429720052083,-30.4505818883578,88.09994577864806,850.8080113728842,19.742303466796898,15.856347656250023,17.46384455362958,84.72916507720947,95.23611195882161,152.6354169845581,32.24413508828418,22.721322738330628,11.780512746175134,14.695877329508505,1012.523857421875,-29.73247009764115,76.14058166493972,800.3574714660645,19.850000000000023,15.929498291015648,17.446302032470726,86.19583257039388,81.91319441795349,5.281249895691872,33.28619247544502,23.79767998179185,11.73404464721682,14.991690572102868,1012.154658203125,-29.761013686656952,88.87972100824118,852.0549290974935,19.696191406250023,16.048730468750023,17.561677551269554,84.76527690887451,89.34027735392253,222.81250095367432,32.11333875792947,23.949244058335115,11.781215922037802,14.8123603820801,1012.6277766927083,-28.103182782729466,64.93172272046407,817.6568272908529
2021-10-20,17.413476562500023,10.825677490234398,15.071633911132835,82.8083324432373,56.94513907687118,233.68750086426735,35.123083989853946,25.942819315288972,6.7602706909179915,12.097825622558616,1000.1977571614583,7.444721003373464,108.15416685740153,1011.8548107147217,17.237451171875023,11.764489746093773,15.185198720296247,80.57986291249593,68.31249907364447,209.60416674613953,36.17036984964023,27.014743953203247,6.870114898681663,11.788649495442712,1000.4901497395833,3.9252520222216845,108.39547467728455,1083.0088144938152,17.156304931640648,11.116632080078148,14.972319539388044,84.30972131093343,68.16944428284962,301.96875205636024,35.403982118953685,24.75670386641509,6.5660021464030365,12.271415964762411,1000.1978515625,7.524440109729767,106.23207890987396,1007.3179683685303,17.192987060546898,10.376702880859398,15.019143676757835,83.1743049621582,71.87986087799072,362.64583349227905,35.405242915649254,27.928487136836825,6.7271654764811615,12.133817291259788,999.9286165364583,7.210293108597398,105.1461154917876,1058.2008260091145,17.280999755859398,10.513238525390648,14.935706075032575,83.3729174931844,63.137499625484146,255.53125143051147,36.315253543049536,25.943147257780577,6.536931610107445,12.078708902994833,1000.154658203125,8.512441539826492,108.58485520382722,1025.2112108866374,16.833337402343773,11.056787109375023,15.068498229980491,83.93194421132405,74.81111184755962,405.0104169845581,33.81394142025863,23.76274827368096,7.066389973958337,12.31989186604818,1000.8755305989583,9.110010047753653,98.95519466201465,911.4818261464437,17.175897216796898,10.549981689453148,14.932043965657575,83.9375,63.7590277393659,285.68750005960464,35.56200748745881,25.239346363257955,6.438532765706384,12.170638020833337,1000.1210546875,8.88564744591713,109.12930758794148,1004.4163182576498,16.996820068359398,11.374322509765648,15.097830708821638,83.2937494913737,53.985416213671364,226.9583312869072,33.75543828698281,23.841605992427674,6.863704935709677,12.218654886881552,1000.2569303385417,8.143785240749517,109.41055361429851,927.7079912821451
2021-10-21,10.766656494140648,6.422692871093773,8.691786702473982,65.61180528004964,58.609027902285256,759.1979141235352,31.164075788254827,20.243297193214037,-1.4016187032063385,2.312721506754599,1007.7251822916667,47.533775766690574,114.24086126685143,942.1589800516764,10.139367675781273,5.502191162109398,8.24557774861656,70.02083190282185,52.74166703224182,661.7291584014893,29.167266479595764,21.914162574934085,-1.8948794047037723,2.8448666890462277,1005.18642578125,50.581967602173485,106.24661083022754,1003.996721903483,10.296502685546898,6.280938720703148,8.560750579834007,66.30208333333333,62.42361185948054,343.0104122161865,31.130750179409038,19.258080247836915,-1.2958091735839616,2.3728207906087277,1008.3082649739583,46.603078032533325,111.99585910638173,862.0556030273438,10.193719482421898,5.580682373046898,8.357368723551454,68.88124942779541,45.927083810170494,923.6562557220459,30.75293103006221,23.238597690686262,-1.9269660949706804,2.7017926534016965,1005.5964485677083,51.505042950312294,112.77713903784752,1098.3803304036458,10.166680908203148,6.143212890625023,8.356431579589866,68.9597225189209,50.756249487400055,538.8124904632568,33.428121282115725,20.430958239089367,-1.4268923441568973,2.7582641601562727,1008.2632552083332,49.94079295794169,106.08766877651215,874.7177899678549,10.247186279296898,5.632745361328148,8.227708435058616,68.22430594762166,52.74027709166209,794.8124847412109,28.664020917499936,22.99826682761106,-2.0376164754231354,2.435779825846396,1006.564462890625,51.6758609165748,111.68141473829746,1071.366153717041,10.666680908203148,6.158959960937523,8.381620025634788,70.74652751286824,61.569444398085274,570.6875114440918,33.3644931130784,21.905072999082922,-1.3572321573893191,3.1713806152343977,1007.462783203125,50.39146960278352,102.36555568377177,917.502119064331,10.420037841796898,6.048760986328148,8.67053120930992,67.47500101725261,55.94583328564962,729.8229084014893,28.052235532757077,21.088423067159102,-1.5724128723144304,2.6671374003092865,1006.89462890625,45.467174311478935,108.13588745395343,980.2199846903483
2021-10-22,11.057550048828148,5.848809814453148,8.154415384928408,75.69027709960938,48.6784733136495,71.93750071525574,20.6298014690258,16.498784251822503,-0.8514770507812273,4.059140777587913,1021.5216145833333,20.879607540865738,44.78180586298307,499.6496829986572,11.668969726562523,5.974145507812523,8.300368245442732,73.53055493036906,53.2555559972922,772.2916641235352,22.80766905110305,17.787678281317028,-1.1961235046386491,3.7564127604167084,1020.5920670572917,18.27959717065096,65.73747245470683,596.337095896403,11.049981689453148,6.316674804687523,8.541005706787132,76.09583314259847,56.48472272604704,5.937499925494194,20.61384298247519,16.205050176989836,-0.6102317810058366,4.52686462402346,1021.0041080729167,20.050255080064137,34.75416565934817,520.4139448801676,11.456933593750023,5.861352539062523,8.023428853352888,75.48472213745117,49.10694456100464,348.59374618530273,21.877659948792974,17.456891959707594,-0.9199839274088504,3.873531595865927,1021.2148990885418,21.948119441668194,48.070001075665154,515.2611554463705,10.995263671875023,6.150018310546898,8.411091105143251,77.03055636088054,54.39652806520462,2.260416674427688,20.976622581689313,15.919117638706302,-0.670628611246741,4.561802164713583,1021.0171842447917,21.48471188917756,36.390278140703835,482.17397181193036,11.795861816406273,5.784173583984398,8.158789571126325,74.80069414774577,44.17291680971781,546.833324432373,22.018890934768514,17.33607767949942,-0.8720700581868073,3.8817611694336165,1021.3937532552083,21.597442312786978,52.02863829334577,542.493408203125,11.135278320312523,6.333428955078148,8.30331954956057,77.7590274810791,41.40972203512987,0.5937499981373549,20.749123460342485,15.492271816896299,-0.4394426981608035,4.573300933837913,1020.8089811197917,24.956004550059635,42.136249701182045,463.7159325281779,11.345819091796898,5.761895751953148,8.05071919759117,75.67569319407146,52.177082846562065,585.3437576293945,21.550276186502693,16.94427728744054,-0.7746007283528229,3.952675120035849,1021.3426822916667,22.611048971613247,40.05902866522471,520.7258523305258
2021-10-23,13.061822509765648,6.463861083984398,9.172783152262392,79.681947072347,40.400693694750466,2.0208332762122154,15.12706952668488,9.369972280238825,1.6179125467936615,5.690312957763695,1024.6604654947917,11.838127235571543,86.489223331213,294.1171021461487,12.930902099609398,6.533319091796898,9.467125193278017,76.57569456100464,57.132637898127236,78.99999976158142,16.1858845532249,9.947061746106861,1.9634986877441634,5.403998311360681,1024.6207259114583,7.252341369787852,98.36625205477078,372.6989828745524,13.517694091796898,6.530206298828148,9.339416758219423,79.0625,29.32847197850545,2.9270834028720856,15.752404080884018,9.492909903022616,1.6335820515950559,5.715737915039085,1024.600107421875,9.879945238431295,104.37560857335727,315.62183745702106,13.147882080078148,6.350000000000023,9.249490356445335,77.99861097335815,42.22222181161245,13.083333492279053,15.638187671525852,9.785668534655828,2.176265970865927,5.42669576009115,1024.5597135416667,12.182877957820892,101.2664724290371,351.5098231633504,13.519860839843773,6.479241943359398,9.368583933512392,79.28333473205566,28.55069386959076,3.75,15.419304076918502,9.388523897838244,1.7401608784993527,5.774482981363974,1024.6511360677082,10.728498379389444,100.66819347937901,312.89001909891766,13.060632324218773,6.716668701171898,9.480585988362654,78.2215272585551,61.46250009536743,10.656250059604645,15.869378649834543,9.73927207076869,1.7103477478027571,5.723157501220726,1024.7923307291667,11.055829524993896,93.42452689011891,345.3298044204712,13.231744384765648,6.437066650390648,9.465739186604841,77.97639052073161,43.58333297570547,2.135416693985462,16.493316292548023,9.524907132056418,1.8042744954427121,5.6216356913249115,1024.50546875,10.408009568850199,101.04666688044865,344.0556677977244,13.090692138671898,6.559686279296898,9.369048055013044,78.21874936421712,56.63125038146973,3.156249985098839,15.342085409905565,9.504040934091778,1.573298390706384,5.60580978393557,1024.7477083333333,10.941656490166983,93.72600006063779,330.8036484718323
2021-10-24,14.025872802734398,8.116601562500023,11.017592366536482,78.85416746139526,79.12291685740153,0.1458333320915699,23.34383918454192,16.011368147374604,5.538282012939476,7.403114573160849,1018.7673046875,-1.0477987701694171,92.29797389109929,548.8209794362386,13.874810791015648,8.067102050781273,10.722617085774763,78.51111078262329,73.1451388200124,2.729166619479656,21.591865654529784,15.269489726953628,5.659424082438193,7.01163253784182,1019.086064453125,-3.45612500111262,95.10888644059499,508.0623772939046,13.961785888671898,8.049981689453148,11.081436411539736,78.2916669845581,79.21944363911946,0.562500013038516,23.15380525374447,16.155614108812873,5.780096944173181,7.362928009033226,1018.84125,-1.713373839855194,93.38110981881618,572.6463603973389,13.927209472656273,8.122735595703148,10.715475972493513,77.79930543899536,80.21736145019531,3.2812501192092896,22.08375963700245,14.837189145613968,5.884612019856775,6.881861623128259,1019.2555794270833,0.5862201253573099,90.58586120108764,495.2972806294759,13.830499267578148,8.477349853515648,11.464477793375673,76.66527764002483,85.37500111262004,1.6354166716337204,24.019264577227947,17.15232188677458,5.791816965738974,7.425016021728538,1018.672421875,-2.016297809779644,90.3539178321759,631.861946105957,13.909448242187523,8.297235107421898,10.87760187784833,77.89722347259521,79.92152879635493,3.9270833283662796,22.040345952727726,15.647835354328796,5.7899706522624115,7.070222473144554,1018.9638151041668,-3.0791815693179765,93.91972062985103,543.054339726766,13.692559814453148,8.221978759765648,11.361904398600283,77.14027674992879,80.44652756055196,0.13541666697710752,23.3993651781378,17.151361646549972,5.664517974853538,7.4126513163249115,1018.5847493489583,-1.4805466284354527,89.36630479494731,635.7241846720377,13.916680908203148,8.133325195312523,11.047113037109398,78.09305493036906,67.79375012715657,2.6041666120290756,22.266853724467673,15.935682631771144,5.389592742919945,7.294671630859398,1018.91294921875,-1.1403872134784858,93.81122264762719,556.5601844787598
2021-10-25,15.147912597656273,9.525720214843773,11.847005462646507,83.11389048894246,48.27152725060781,7.156250096857548,16.57386844271578,12.628246282181896,3.548134104410849,8.88001149495443,1015.2511848958333,0.766346321751674,91.40735972424348,478.9371458689372,15.079187011718773,9.407098388671898,11.890598551432314,82.42222102483113,35.857638915379844,2.7708333618938923,18.711706915820585,13.154302681905241,3.472212727864587,8.79670359293624,1016.210078125,1.9167248805363972,98.93777666489284,507.8529764811198,15.074456787109398,9.591333007812523,11.863020833333357,83.97708336512248,51.09513978163401,11.28124988079071,17.39253149932401,12.957648341982527,3.6640004475911496,9.078122711181663,1015.1103678385417,2.800006181001663,89.34888983269532,490.479045232137,15.020074462890648,9.181604003906273,11.837986246744814,83.38055658340454,44.60347290833791,7.187500067055225,18.814912034734576,12.96218139499418,3.4805287679036496,8.912843322753929,1015.8827473958332,1.932870442668597,98.53111086785793,504.42876052856445,15.206781005859398,9.766656494140648,11.922793324788435,83.71875047683716,55.063889265060425,15.854166448116302,17.40684260322506,13.030949598481422,3.7517130533854584,9.095827992757165,1014.7969596354167,2.3615457490086555,92.6148591786623,500.52170244852704,15.259881591796898,9.351251220703148,11.866691843668642,84.45208263397217,46.163889010747276,15.750000089406967,16.79844448055372,12.578759587232012,3.601515706380212,9.162828063964866,1015.3352604166668,1.9865137388308842,96.60680275658767,466.5675690968831,15.241326904296898,9.686456298828148,12.00916697184247,83.57569392522176,56.99652794996897,11.979166813194752,17.05662386877983,13.1243352696422,3.847211456298851,9.144156392415368,1014.7311360677082,1.1160907695690792,95.62125053505103,509.4140230814616,14.907373046875023,9.472528076171898,11.80191319783531,82.79861338933308,48.63749965031942,6.46875,17.59684127437,12.542963050154398,3.4507054646809934,8.8161610921224,1015.488427734375,2.5941708038250604,88.35791601240635,467.5106194814046
2021-10-26,15.366387939453148,8.373590087890648,11.783043162028017,86.14166768391927,90.99513864517212,19.270832896232605,24.794563148604357,15.79609121454442,4.744214630126976,9.488603210449241,1018.5849283854167,3.220897078514099,56.650000147521496,490.90971692403156,15.098748779296898,8.118463134765648,11.317628479003929,84.27291679382324,85.58472283681233,16.750000476837158,19.8778021747908,14.041213956447542,4.703108723958337,8.657483673095726,1019.2511783854167,3.534263292948405,78.22777842233579,429.0659987131755,16.266900634765648,8.700372314453148,12.180454508463564,86.5000015894572,86.83263921737671,20.208333253860474,27.369834762582297,17.026787476212622,5.411775207519554,9.943442281087243,1017.879638671875,-4.732067719101906,71.54972228656213,536.2107232411703,15.187615966796898,8.236474609375023,11.318437194824241,85.2638889948527,88.48124996821086,23.833333015441895,20.09001929315017,13.826587748169985,4.770925140380882,8.844842529296898,1019.0777994791667,7.265676935513814,63.94055481503407,414.60960896809894,16.391961669921898,8.928155517578148,12.033967590332054,86.6763874689738,86.17291561762492,13.0625,25.318098398097266,16.378819344056694,5.745959218343103,9.835417683919275,1017.6167643229168,-3.243950664997101,72.66861073921125,502.1413116455078,15.182977294921898,8.484613037109398,11.515576934814476,85.50694338480632,86.30277872085571,35.72916615009308,20.478555541652586,14.99369149447246,4.764839426676474,9.094130452473962,1018.250478515625,6.3549161950747175,58.20152742912372,467.68126424153644,16.528619384765648,8.989862060546898,12.120131429036482,85.98055712381999,80.35138869285583,0.19791667256504297,24.54083006621361,15.956967145164105,5.89262415568038,9.787864939371786,1017.373642578125,-3.602560023466746,76.68944577127695,487.5931323369344,15.502862548828148,8.378350830078148,11.725456492106142,84.27013874053955,79.25486038128535,26.02083420753479,24.203405543407317,15.501150592501526,4.662722524007165,9.066367085774743,1018.361455078125,0.17951897780100504,81.08180668205023,501.34111404418945
2021-10-27,17.238061523437523,13.809167480468773,14.940544382731142,79.62777868906657,79.85555561383565,0.6770833376795053,27.44060208527208,24.56956299839652,9.400941467285179,11.406758880615257,1017.707041015625,-16.59143328666687,88.33944182594617,785.7746022542318,16.724969482421898,13.598321533203148,14.703383382161482,80.94861062367757,94.64930597941081,19.5,27.35909621772904,24.922437618501647,9.090755716959677,11.438731129964196,1018.1572884114582,-14.184522211551666,85.31958431253831,796.4697265625,17.155541992187523,13.632775878906273,14.870566304524763,80.28055572509766,73.01458279291789,0.75,26.75992151820491,24.205781651895247,9.358653004964196,11.458370463053427,1017.953505859375,-15.338697751363119,91.32925033569336,773.2003580729166,16.897882080078148,13.860040283203148,14.92542165120445,80.67222213745117,87.7305555343628,20.625,27.386853177326152,24.925278694139564,9.374214426676474,11.602620697021507,1017.9224186197918,-14.602102051178614,82.52972126627962,787.3757909138998,17.060052490234398,13.499047851562523,14.799483235677107,80.54999955495198,79.99027744928996,1.2395833376795053,27.030996820756965,24.075201960909578,9.31598815917971,11.438855743408226,1017.9989322916667,-14.22981290022532,88.97972454006474,792.154182434082,16.889398193359398,13.801507568359398,14.74863459269208,80.49305438995361,77.73958381017049,13.739583790302277,27.34236029483262,25.203630743874786,9.457351938883505,11.394569651285849,1017.8972265625,-15.38018012046814,85.52386163920164,782.5977172851562,16.921075439453148,13.435235595703148,14.68989206949872,81.20416768391927,82.90902741750081,0.5416666679084301,26.889012063480116,24.249715520165623,9.162512715657556,11.451392110188806,1017.8017024739582,-13.708737174669901,89.86541590467095,798.6880976359049,16.944512939453148,13.844873046875023,14.902057902018251,80.48333390553792,88.77361138661702,0.6354166734963655,27.20914296850757,24.825612425948254,9.294755554199241,11.543147023518884,1017.5211588541667,-16.552648812532425,74.02555574228366,814.017697652181
2021-10-28,15.985650634765648,11.761590576171898,13.772856648763044,75.20069519678752,48.61736103395621,0.75,26.096108642571924,23.4288392691551,8.761809285481775,9.39289499918624,1009.52783203125,-0.5033693114916483,97.39989092573524,691.1424674987793,16.379510498046898,12.005395507812523,13.867082214355491,75.56388934453328,40.03750044107437,0.75,26.580145846690783,23.336217426158274,8.825325266520224,9.511696116129599,1010.4182161458333,0.6363712648550669,98.1134176813066,677.8175010681152,15.906121826171898,11.741967773437523,13.736234283447288,75.64374939600627,50.24583201110363,0.2500000074505806,26.900107451756604,23.7838661531358,8.826111094156943,9.428244527180993,1009.3060709635417,-0.46819140513737995,97.45744215076168,698.8988647460938,16.340509033203148,12.116143798828148,13.878561909993513,76.14444319407146,46.751388182242714,0.75,26.94562069039281,23.40472963479645,8.81024831136068,9.643949127197288,1010.6312955729168,0.07949100931485494,97.90172002340357,684.4140446980795,15.871636962890648,11.553979492187523,13.620170847574892,75.07013861338298,56.31597128510475,0.0,27.519042001907486,23.608782451064894,8.686594899495446,9.190159098307333,1009.3096484375,0.20723992586135864,98.11050281922023,708.3023312886556,16.305902099609398,11.922845458984398,13.778672790527366,76.3222222328186,48.77708383401235,1.5,25.863782883832556,22.773435642234812,8.744468943278036,9.568938191731775,1010.3800846354167,0.32353678345680237,97.88169230644901,663.5895665486654,15.780877685546898,11.469964599609398,13.522917683919294,74.84444411595662,60.766666889190674,0.0,26.635190822775986,23.66408660813342,8.860256449381552,9.062610880533896,1009.3897200520832,0.828363319238027,97.50263952215512,696.7452926635742,16.131280517578148,11.809625244140648,13.721438344319685,75.63750076293945,46.9652778506279,0.75,25.899773093699363,23.118243462239487,8.72730153401693,9.393754577636741,1009.90921875,0.29692987600962323,97.78119569644332,665.937370300293
2021-10-29,14.302819824218773,11.178887939453148,13.068528747558616,73.48333358764648,99.72430578867595,10.88541666790843,35.820999805269416,25.908908541759953,4.556488291422568,8.405918375651083,1000.436875,7.2782901637256145,53.60958193552991,1013.4292246500651,14.226464843750023,10.377740478515648,12.781763966878279,79.24236138661702,99.95277818044026,81.55208307504654,34.06003232978134,20.95134600753835,4.9102404276530365,9.218278503417991,1001.54505859375,10.747518384208282,26.552360638665657,770.2608032226562,14.366479492187523,11.038812255859398,12.9533515930176,75.46319389343262,99.29444376627605,20.947916477918625,34.591819523596634,24.981350079852188,4.631513214111351,8.692470804850302,999.8935123697917,7.451786611229181,55.98208362267663,961.182268778483,14.458306884765648,10.637292480468773,12.794862365722679,76.91180483500163,99.39861138661702,20.89583337586373,32.39061086153854,24.36905319612809,4.777359263102255,8.815386708577478,1000.5120833333333,6.598034217953682,50.777499713624515,882.7160822550455,13.965997314453148,10.600732421875023,12.778900400797548,75.50486056009929,93.31666692097981,24.249999940395355,34.840164475612305,25.10567160013095,4.5878832499186615,8.525323486328148,999.8226529947917,7.9989574154218035,56.4426395840322,930.5199686686198,14.630212402343773,11.319085693359398,13.186625417073591,75.02639071146648,99.82152779897054,10.447916632518172,30.710353469800847,24.988248938293395,4.817693328857445,8.840248362223349,1000.03578125,3.320210819443067,57.281111535305776,954.149543762207,13.947625732421898,10.832208251953148,12.990115102132185,73.72569370269775,98.53819465637207,9.83333321660757,42.16193993743498,26.555801729365044,4.7015243530273665,8.382334645589196,999.3799869791667,5.878468741973241,52.05833253761133,965.7557805379232,14.073236083984398,10.901361083984398,12.90064137776695,77.89860947926839,99.16041660308838,22.041666480712593,28.8157798909978,23.79182907846807,4.984342193603538,9.117127990722679,1000.0581119791667,6.015566435952981,42.627361223722495,830.3729553222656
2021-10-30,12.390313720703148,8.922418212890648,10.701961771647158,83.61458428700765,72.80555611848831,131.58333110809326,28.267051414119447,18.026169767287673,3.4245302836100677,7.999786631266318,997.7996256510418,17.095827023188274,38.71527770363415,593.2839940388998,13.129937744140648,8.591394042968773,10.967530822753929,86.27499866485596,79.10069513320923,93.4583307504654,28.856452899468888,18.39444312262656,3.5666862487793196,8.733645375569665,998.6897265625,19.3172913013647,6.871527805613975,651.6663316090902,13.552362060546898,9.122369384765648,11.13959655761721,82.71180470784505,82.29999883969624,197.81250047683716,28.096498222459513,17.967945383995485,3.5033737182617415,8.253710683186853,997.7757194010417,10.79477279384931,56.72180446759254,644.4598401387533,12.556329345703148,8.503015136718773,10.728505706787132,85.38958326975505,71.05486039320628,106.70833480358124,29.336923887631595,18.548197879863597,3.6039291381836165,8.353089904785179,997.8954720052083,20.786669548600912,14.69333316385746,618.5933907826742,13.782281494140648,9.367333984375023,11.294694519042991,82.3874994913737,75.49652751286824,109.6562494635582,29.86125429468092,19.40025531282,3.6075352986653684,8.350642140706384,997.152568359375,10.494859715302786,61.77694561593429,696.4446309407552,13.374200439453148,9.045251464843773,10.933045959472679,82.73749987284343,68.50416625539462,73.32291460037231,31.575166775196777,19.530475990697393,3.5966481526692746,8.08100026448568,997.9223600260417,15.810366868972778,35.03833292300502,684.2521858215332,13.710504150390648,9.134210205078148,11.241288757324241,83.23263772328694,84.94444338480632,86.93750130012631,31.606099918584277,18.528348388809743,3.4101743062337277,8.45804367065432,997.20912109375,11.89238448937734,47.52944391562293,706.279364267985,13.149835205078148,9.182550048828148,11.15580774943036,81.96736145019531,72.75486096739769,43.427082896232605,32.94852024989512,19.48259954959944,3.554854329427087,8.144886271158896,997.96052734375,12.301534434159597,49.067917161000274,704.1811040242513
2021-10-31,11.981805419921898,9.147821044921898,10.363551025390647,82.23333618164062,75.78600006580353,307.73957777023315,39.842617380788056,22.14144052808806,2.8683215332031295,7.429776611328123,995.970965625,18.892504180669786,19.162667389810085,759.7269720458985,12.878503417968773,8.402032470703148,10.199233398437523,85.0459994506836,77.1686672961712,325.95833015441895,37.00493942536345,22.033761265493094,2.953535156250041,7.787686767578123,996.7919,18.229815254211427,9.175600081831217,718.1316198730469,12.337823486328148,9.231591796875023,10.438057861328147,82.62133422851562,76.45399931907654,256.5416622161865,39.58151422799753,23.415598124235046,2.986713867187518,7.575971679687541,995.28166875,21.416526241302492,8.177200280874967,808.214306640625,12.886651611328148,8.794305419921898,10.516999511718772,83.36066650390624,80.87466652870178,371.51041889190674,37.69781235457334,21.203130826403093,3.018934326171916,7.801557617187541,996.48626875,18.97606044769287,17.419199582338333,716.582783203125,12.630426025390648,9.111505126953148,10.668002929687523,80.73466766357421,66.53000000134111,162.01041758060455,41.616862926016964,26.26731307626632,3.0248535156250114,7.444439697265636,994.7713749999999,15.573579075336456,32.36866710811854,936.0668060302735,12.583306884765648,8.783135986328148,10.453952636718773,83.22200042724609,74.72799982070923,330.97916889190674,38.22538663247325,23.491272638873852,2.950971679687541,7.710305175781286,996.2261906250001,20.682775192260742,11.007599994391203,810.8102041625976,12.360284423828148,9.254754638671898,10.701427001953148,80.93533294677735,71.44733330249787,159.9270840883255,42.2358849695537,26.813680390215062,3.0952404785156205,7.512108154296925,994.2185968749999,15.453128061294557,34.27239947468043,954.6283978271484,12.236566162109398,8.803155517578148,10.466412353515647,82.48266784667969,72.93600029945374,308.4583411216736,38.325291449926,22.56847812435475,2.867786865234393,7.582639160156248,995.9642156250001,15.430688058137894,27.772666188031437,802.3171307373046
2021-11-01,12.237268066406273,7.195336914062523,9.734344736735048,72.69930489857991,66.74652791023254,270.6666660308838,33.114628986969215,21.088425343280807,1.0305470784505246,5.006653086344443,995.4494270833333,13.78252217421929,78.29416848235026,837.7202253341675,11.777062988281273,6.951104736328148,9.525820668538435,77.2138884862264,68.92013883590698,455.9687557220459,33.702499751528734,22.925965272074418,0.9375879923503021,5.696520741780603,994.3327473958333,12.406135454773903,71.83694451066549,943.1085520585378,12.048883056640648,7.029290771484398,9.732649739583357,72.90902582804362,64.6131944656372,248.81249904632568,32.89805767244255,22.09845636629147,1.0752540588379134,5.046956634521507,994.82587890625,16.85262684027354,72.88250117513235,883.2163712183634,12.178582763671898,7.183618164062523,9.736054992675804,76.46597162882487,79.56111097335815,401.7812442779541,32.02535235043047,21.70866294807169,1.2347401936848996,5.731781260172568,994.61892578125,11.788770725329718,77.91597103091772,868.370952129364,12.253228759765648,6.967614746093773,9.601160939534529,72.99166854222615,51.97152638435364,2.656250014901161,32.431512128576124,20.891416559982222,0.9274510701497434,4.901433563232445,995.1730729166667,16.822135706742603,85.51596964411631,837.0790225664774,11.914422607421898,7.140863037109398,9.774849192301454,74.44097169240315,72.13750044504802,288.4166650772095,33.936071334284414,23.117913121277223,1.1224227905273665,5.403826649983728,994.0707096354167,14.288674349586168,79.74152629586752,948.2622197469076,12.259759521484398,6.934320068359398,9.574351247151716,74.57291618982951,26.088889122009277,1.583333309739828,31.936120423430445,21.011969535992495,1.0553922017415402,5.191114044189476,994.6103190104167,18.077600588401157,88.79944488418793,824.7649552027384,11.862847900390648,7.333581542968773,9.827078755696638,74.47430483500163,71.89375015099843,288.3020839691162,36.46906461345788,23.13921965807674,1.0837150573730696,5.446284230550134,994.3517415364582,14.127525726954142,74.36958421282664,953.5432467460632
2021-11-02,10.743524169921898,5.227258300781273,7.544646199544293,78.7118051846822,59.32777734597524,8.750000238418579,8.467860156361166,5.731051017988652,0.4667106628418196,3.9642209370931027,999.5429622395833,25.242703288793564,72.55222201347351,160.7163949807485,11.018579101562523,6.242608642578148,7.89435729980471,75.91319417953491,62.72222181161245,273.0,9.186748115882425,4.684977571021194,0.3216059366862396,3.7569302876790402,998.7860611979168,22.699504057566326,84.64097122351329,184.75691763559976,11.339593505859398,5.334771728515648,7.770364379882835,78.15555572509766,59.85069354375204,6.7291668355464935,8.685153211716823,6.147443059140772,0.5198786417643646,4.061528778076195,998.6567578125,23.074365695317585,84.9533342520396,184.29855362574258,10.686090087890648,5.747796630859398,7.574056243896507,77.19027900695801,62.98888818422953,251.25,7.129634053300714,3.9257742865798786,0.451325988769554,3.7175270080566634,998.9482975260418,25.794360289971035,69.80111241340637,142.54478931427002,10.982049560546898,5.046441650390648,7.49912033081057,79.348610719045,32.24861121177673,17.500000476837158,9.430144169034847,6.28001022087566,0.2849784851074446,4.03601989746096,998.88521484375,26.06236497561137,83.62791585922241,188.1256333986918,10.696862792968773,5.330255126953148,7.520017242431663,78.46111154556274,39.32500041524569,4.0000001192092896,9.774244363157447,5.963392250311851,0.17628377278646212,3.8792523701985715,999.0452571614583,24.42108707362786,88.0400017897288,200.7983030875524,10.631890869140648,5.242547607421898,7.536280568440778,78.79166730244954,66.72986149787903,0.44791666604578495,8.571401697604838,6.360003481187873,0.19202448527022398,3.9574612935384152,998.4141015625,25.46430417150259,81.84027711550395,195.08322668075562,10.726007080078148,5.149804687500023,7.468169148763043,79.33055384953816,27.855555305878323,4.2499998807907104,7.4972847906361295,5.640193384364736,0.07840118408205399,3.9953005472819427,999.0552506510417,24.757797832290333,85.93722081184387,195.73287840684256
2021-11-03,8.315179443359398,4.218682861328148,6.7272608439127835,81.54791673024495,67.85555525620778,0.9062499944120646,23.393045104859176,12.836070342935024,-0.7362541198730241,3.7686337788899777,1004.27525390625,21.976888115207355,37.676388581593834,374.82692098617554,9.998162841796898,4.320550537109398,6.718426005045596,81.56180508931477,34.43750043710073,8.770833551883698,14.17678196093726,8.994197230299145,-0.3710261027018191,3.689252471923851,1005.3786067708332,22.41109038392703,84.93263880411784,253.06643064816794,8.909051513671898,4.361901855468773,6.863066609700543,83.81180636088054,68.39583333333333,8.874999940395355,22.849690648407773,12.724520133590005,-0.6797698974609148,4.282903289794945,1004.184052734375,20.480321096877258,45.74027899901072,417.9315892457962,10.010003662109398,4.504663085937523,7.168072001139346,82.64999993642171,42.62083315849304,10.499999940395355,15.9803747190168,11.243850153799821,-0.35777511596677414,4.327085113525413,1004.4632552083333,16.754585524400074,81.89264098803203,378.8349057833354,9.603082275390648,4.292138671875023,6.977546946207705,82.71458276112874,58.05486146608988,8.645833387970924,26.651132536952932,14.18752432722298,-0.5471455891926666,4.1869127909342865,1004.0928255208332,17.452302555243175,70.09555347760518,490.7491675217946,10.084588623046898,4.435784912109398,7.02991638183596,83.19166628519694,51.94861102104187,20.645833730697632,19.646782410733447,12.150364146526186,-0.289634450276651,4.30741907755538,1004.8550390625,17.678997655709583,77.48805705706279,368.7146232922872,9.846368408203148,4.362725830078148,7.251157379150413,81.04791736602783,43.111111561457314,4.562500101514161,26.152235921298132,13.32422480903569,-0.4437901814778229,4.148895517985068,1004.16625,15.547820349534353,77.48403064409892,453.1332936286926,9.775201416015648,4.485162353515648,6.931305185953799,83.77499898274739,56.758332987626396,18.229166366159916,21.378110838041618,12.494056131821852,-0.5856218973795535,4.312671915690146,1004.7775423177083,18.944678107897442,71.74749906857808,409.82864967981976
2021-11-04,8.038690185546898,4.539849853515648,6.826917266845726,75.88333415985107,76.36180436611176,12.583333253860474,25.894012185008073,22.781463714165636,-2.3899965922037723,2.8319628397624115,1015.12095703125,25.85597971578439,28.914861112833023,766.7609507242838,8.656854248046898,4.751336669921898,7.049392954508487,76.59791660308838,89.33333237965901,9.32291665673256,24.238431967832337,21.658115798455857,-2.1535540262858035,3.1811627705891965,1015.16486328125,16.007870281736057,43.64263873298963,688.924513498942,8.325860595703148,4.514886474609398,6.949107106526715,77.11319382985432,78.70347249507904,7.270833417773247,27.59559511519185,23.813137750312745,-1.9593414306640398,3.202460225423181,1014.774638671875,24.937277257442474,20.97347252567609,790.7820192972819,8.386529541015648,4.228784179687523,6.723783111572288,78.57499980926514,85.2458340326945,31.135416269302368,25.078422305360153,21.511308288716336,-2.3560991923014285,3.228199259440146,1015.98169921875,20.760222951571148,34.56999937693278,652.771369934082,9.070153808593773,4.616693115234398,7.034079488118512,77.19930330912273,75.9625008503596,12.593749955296516,26.843796185898817,23.385670303076807,-2.1541885375976335,3.287428792317712,1014.5892903645832,20.951073706150055,35.42472145458063,819.4292538960775,8.509057617187523,4.544854736328148,6.679077402750674,78.0527769724528,74.50486129522324,69.08333325386047,25.793807425351936,22.07181138235772,-2.5216367085774323,3.0762674967448334,1014.9110807291668,25.03175888955593,40.333472619454064,744.660841623942,9.356958007812523,5.142022705078148,7.245061492919945,77.64930566151936,75.65555532773335,4.20833332836628,27.71814143940673,23.363234618076206,-1.910892232259073,3.5757919311523665,1014.143193359375,19.176241159439087,33.88930464784304,817.1078567504883,8.722467041015648,4.860162353515648,6.905866241455101,76.31388854980469,79.25972270965576,41.09375011920929,26.663135308124073,22.639487346371325,-2.3132080078124773,2.9830540974934934,1014.928173828125,24.687788794438045,43.411250084638596,778.8384056091309
2021-11-05,8.828118896484398,3.2765747070312727,6.37705001831057,77.47986078262329,81.02638832728069,13.000000476837158,17.669050013445613,11.615043640412038,-0.234044138590491,2.5979616800944427,1025.7328971354168,15.519297252098719,67.22083334128062,284.3770923614502,8.818078613281273,3.4095092773437727,6.367134348551455,74.28541501363118,93.48680663108826,13.999999523162842,15.751466122621814,11.182776355636245,-0.5211115519205691,1.9414281209309934,1025.88658203125,13.693627198537191,64.53499873479207,268.10010210673016,8.831567382812523,3.3655029296875227,6.496261850992862,75.17916615804036,81.58541655540466,7.250000238418579,16.5196777293558,11.558396225157276,-0.504935963948526,2.2830418904622434,1025.7408723958333,12.88170367727677,64.16027828057607,289.5972245534261,8.587396240234398,3.4849792480468977,5.9856938680013245,74.42986234029134,71.9930550257365,9.500000238418579,15.282703289033002,11.257479107769447,-0.6661437988281023,1.595577494303427,1026.0731315104167,16.17265611390273,68.56527761618297,261.8728332519531,8.893426513671898,3.1980834960937727,6.212689971923851,75.66319465637207,78.2791674931844,1.0000000298023224,15.603349653243786,11.421629733223389,-0.40805282592771164,2.083553568522177,1025.6130403645832,14.540526221195856,67.5220814148585,269.51294294993085,8.330560302734398,3.0001464843750227,5.869251505533877,75.07708422342937,76.30972182750702,17.749999523162842,16.208379112534598,10.858243878617449,-0.4523465474446198,1.6435689290364621,1025.86015625,17.31762381394704,63.394306659698486,243.2087605794271,8.921441650390648,3.1229492187500227,6.1254745483398665,75.24027760823567,65.10277895132701,0.0,15.269010412941228,10.868571461842544,-0.4886484781901004,1.916315968831384,1025.6542350260418,17.453392386436462,71.76097150643666,254.80559921264648,8.611993408203148,3.1889892578125227,6.103295898437523,74.66388893127441,80.15833338101704,6.75,17.225494545086704,11.422883213588795,-0.5305847167968523,1.7723060607910384,1025.8161263020834,17.697012662887573,64.47625037034352,263.48466936747235
2021-11-06,11.729608154296898,6.226251220703148,9.180075581868513,83.91041787465413,90.66388734181722,0.3124999972060323,28.17243971912362,19.518829898191438,3.0319826761881927,6.486474609375023,1024.0088313802082,-5.915823409954707,48.54500083128611,641.9904047648112,11.579187011718773,6.621881103515648,9.108631388346376,83.90486017862956,93.7645829518636,13.218750357627869,24.52010703159997,17.680789002659157,3.4718973795573334,6.434671020507835,1024.3197721354168,-3.8581445639332137,55.39805734157562,600.9507439931234,12.004449462890648,6.199822998046898,9.340041097005232,83.73888810475667,90.32291571299235,0.7708333320915699,27.42076008015512,19.256638721579034,2.7514091491699446,6.618484751383505,1024.2455826822918,-7.595043109109004,54.158193707466125,654.7039661407471,11.687615966796898,7.016412353515648,9.499443308512392,83.09583441416423,97.1993055343628,7.281250208616257,25.285633339521826,18.147994008280147,3.8837867736816634,6.693157450358115,1024.9332356770833,-7.299260268608729,45.27583430210749,649.2561887105306,11.735589599609398,6.708093261718773,9.51114171346031,84.09513854980469,98.9958324432373,1.3854166381061077,27.75606415484374,19.47443467292767,3.568805948893271,6.893506622314476,1024.0392740885418,-8.933420578638712,47.93472099304199,657.8716303507487,11.602838134765648,6.791833496093773,9.386164601643904,83.98958396911621,97.89999993642171,2.791666626930237,27.918496952132397,19.76521451314895,2.9730201721191634,6.712383524576865,1023.81015625,-6.3726125831405325,44.77069568634033,671.0847937266032,11.709924316406273,6.871362304687523,9.582266743977888,84.34930578867595,98.56944402058919,0.6875,27.64189525418814,19.580859048776592,3.355536397298181,7.01102218627932,1023.9936751302083,-7.972347701589267,49.83597222963969,653.1878897349039,11.476617431640648,6.244744873046898,9.01871261596682,84.1104154586792,85.88750108083089,0.125,26.810059334994172,18.79334784351937,2.971456146240257,6.3769088745117415,1024.3803678385418,-3.4273515542348227,48.99263870716095,621.1388308207194
2021-11-07,11.862329101562523,6.850793457031273,9.016262308756533,69.24583212534587,79.75555507342021,7.3437501192092896,28.508964503724652,23.509524250876183,1.6992291768391965,3.6135904947917084,1019.5000716145832,13.795856089020768,70.60180580615997,937.1779123942057,11.296685791015648,6.931634521484398,9.15241648356122,67.85902659098308,87.18333307902019,6.874999836087227,28.05691834409088,23.457012057246942,0.2699994405110715,3.406587219238304,1019.86875,9.672895282506943,71.91222087542216,1037.589256286621,11.821282958984398,7.050042724609398,9.021296437581404,69.57222143809001,84.91597270965576,10.239583551883698,28.23705305782696,22.77430721042371,2.2861915588379134,3.684760030110681,1019.826484375,12.6748928129673,74.55513727664948,894.0448811848959,11.094232177734398,7.096551513671898,9.171650187174501,67.35208352406819,77.18541590372722,9.70833334326744,27.28649919505595,22.626539874882116,0.5845097859700559,3.3199261983235715,1019.8597395833333,11.44193104406198,74.54402736822765,976.751833597819,11.675103759765648,6.371575927734398,8.857263183593773,70.77708292007446,75.37569439411163,8.729166895151138,27.304664014035435,20.84372125466287,3.1531959533691634,3.745215352376306,1020.7689029947917,14.583060743908087,72.6305547952652,760.035577138265,11.909906005859398,6.671014404296898,9.287903086344423,67.3083324432373,71.36180686950684,8.98958334326744,26.41688469526466,22.062371302289034,1.1735829671223996,3.4283793131510834,1020.1434830729168,11.859297374263406,74.6445837020874,944.1659800211588,11.907464599609398,6.208520507812523,9.184475199381533,71.3354172706604,95.18263816833496,5.92708332836628,25.139105753692245,20.231933596388828,3.300398763020837,4.157244618733728,1020.7877311197917,13.926471441984177,65.37416716416676,783.3455746968588,11.813806152343773,6.987481689453148,9.349930063883486,66.62361081441243,74.75555523236592,5.5000001192092896,28.325397496225804,23.032358952984538,0.5160512288411496,3.3599474589030365,1019.6304166666667,11.47713229060173,73.48763859272003,1007.0239842732748
2021-11-08,11.002374267578148,4.817437744140648,7.83808288574221,81.70208390553792,69.26874987284343,1.2499999701976776,13.14868111659248,9.318176424387225,4.903389231363974,4.776998138427757,1023.150283203125,8.410268525282541,67.10208344459534,221.90792926152548,10.641351318359398,4.794183349609398,7.269362386067731,78.87500127156575,52.77986065546671,7.5,18.803052697162084,9.223490521242674,3.3750422159831146,3.742836252848349,1022.750302734375,15.828524589538574,76.15930704275767,226.3586599032084,11.519464111328148,5.294976806640648,8.407495117187523,81.50486103693645,66.83333357175191,0.0,12.803205776635357,9.087217654129347,4.996022796630882,5.299735005696618,1023.0183756510418,3.877045378088951,70.28833266099294,221.2493158976237,10.591455078125023,4.725915527343773,7.279129282633487,79.68958314259847,40.50833332538605,10.250000238418579,15.585769358623299,9.06932638118834,4.070862070719443,3.904706573486351,1022.7055598958333,15.361273035407066,74.01375059286754,228.5512836376826,11.449090576171898,5.286462402343773,8.289300537109398,80.6784717241923,72.9381955464681,0.0,12.638570377616313,9.029090214556776,5.1612106323242415,5.034797922770224,1023.0928092447917,4.969717512528102,69.79000107447307,228.41958618164062,11.234368896484398,4.981805419921898,7.684593454996768,81.12569443384807,50.340972105662026,8.750000238418579,14.152440908318223,9.074109284757562,4.6364545186360715,4.5276351928711165,1022.9671712239583,11.574863155682882,73.86152780056,214.04755584398904,10.975701904296898,5.130548095703148,7.99689127604169,81.4270830154419,81.39791679382324,0.0,11.783134582904998,8.841648078440336,5.034322357177757,4.905432637532556,1023.2353450520833,8.507433493932089,59.064582784970604,204.48396237691244,11.335015869140648,4.976495361328148,8.008330281575544,81.19861110051473,65.82916641235352,6.0,13.317311459298805,9.161022405517382,4.825738525390648,4.85700632731124,1023.0355598958333,7.7299080689748125,73.22847119967143,218.0045347213745
2021-11-09,14.732232666015648,10.072625732421898,11.61671091715497,88.54930559794109,71.92916758855183,0.0,17.67443909094836,12.493163256784229,7.872712707519554,9.71448415120443,1022.4802115885417,-10.914594809214273,73.21166694164276,358.8668333689372,14.856317138671898,9.068536376953148,11.456304168701195,89.66736157735188,84.71111170450847,1.645833309739828,19.85544917843906,13.385261696053703,6.936018880208337,9.719476318359398,1022.8719303385417,-15.58492966617147,63.730832854906716,431.93550872802734,14.776635742187523,9.695489501953148,11.520768737792991,87.78055349985759,60.740278800328575,0.0,17.13439531279225,11.938226908544062,7.789629872639978,9.483122762044275,1022.6764811197917,-11.767441103855768,72.9229170481364,337.68014907836914,14.375909423828148,8.901361083984398,11.171015675862654,86.12222290039062,63.98888780673345,0.2916666688397527,17.69758297077294,11.976660606508682,6.949297841389978,8.817534383138025,1023.1953645833332,-6.371976733207703,69.52916554609935,383.23060417175293,14.771142578125023,9.475030517578148,11.480143483479841,86.8895845413208,62.91249950726827,0.75,16.17614534856849,11.339595205593326,7.809943135579431,9.286676025390648,1022.8468294270833,-9.92961892982324,73.45111338297527,309.41490681966144,14.366754150390648,8.834527587890648,11.012684122721376,85.91180578867595,62.572916666666664,0.21875000651925802,17.355759042992982,11.734526536767182,7.5092025756836165,8.649889882405603,1023.0314778645833,-6.679033296493192,70.87819643815358,342.941442489624,14.825769042968773,9.545220947265648,11.638293202718122,87.5923620859782,68.46180613835652,0.5000000149011612,16.52072964761028,10.884478717095176,7.5485702514648665,9.543983713785849,1022.892890625,-12.110410501559576,71.71194316943486,292.77130031585693,14.328851318359398,9.381433105468773,11.07988001505536,87.18402735392253,66.33680494626363,0.0,16.963076608649228,11.660025032796161,7.410072580973349,8.93354187011721,1022.4667708333333,-7.72233903190742,71.0244441429774,334.32461675008136
2021-11-10,13.047387695312523,10.050073242187523,11.464493052164736,87.51111062367757,95.34930578867595,0.10416666977107525,10.273595289693093,7.949645498892085,4.988356526692712,9.447048441569052,1023.0089973958333,-4.946956158926089,21.43138888478279,189.11757071812949,14.062493896484398,9.443750000000023,11.49429601033531,88.15416717529297,69.07013805707295,1.1458333171904087,16.05394779764847,11.64645039961232,5.439022318522177,9.563189442952478,1022.4521484375,-5.963794157685091,33.573055028915405,377.49978828430176,13.028314208984398,11.071832275390648,11.762918090820335,85.67152849833171,99.19861062367757,0.11458333674818277,10.335696466476238,7.826629327999162,4.732116953531943,9.418845113118493,1022.9465950520832,-5.515640295265864,17.378333399693172,195.38302516937256,13.091607666015648,9.202142333984398,10.912925974528017,91.1486104329427,69.25277857482433,4.677083320915699,16.385720329540646,9.57563055382541,5.772734578450525,9.508424377441429,1023.147607421875,-1.075327501942714,16.4566666384538,285.63865343729657,13.032922363281273,8.720269775390648,10.621067301432314,89.5090274810791,78.60694460074107,0.6875000093132257,10.181821703392172,7.983173073608049,5.105096435546898,8.948331451416038,1023.3353971354168,-2.407582034667333,31.820972700913746,160.0089637438456,12.830377197265648,9.187310791015648,11.00965016682945,85.67499955495198,83.17013971010844,1.6875000298023224,11.196976642181241,8.42376912892904,4.925319925944052,8.681216176350915,1023.0189518229167,-2.1891818394263587,19.852361003557842,226.16852442423502,13.161431884765648,9.819329833984398,11.272659556070986,89.14722220102946,91.72430531183879,2.010416659526527,10.398746351905668,7.865219851831178,5.002762095133505,9.52557271321615,1022.8725944010417,-5.928637699534495,29.59916651745637,188.30839014053345,12.907281494140648,8.886163330078148,10.696818288167341,89.63125038146973,74.59374980131786,0.5000000149011612,11.067362750578221,8.47106288391946,5.083186086018884,9.042902882893884,1023.2450748697917,0.9039392396807671,24.06291627883911,178.48445781071982
2021-11-11,14.072595214843773,9.791040039062523,11.751281992594423,87.47638893127441,98.12916692097981,14.885417014360428,13.912763968597368,8.237570037145806,3.8834866841634152,9.695864613850915,1021.910947265625,-2.1324272553126016,47.31319479147593,217.48665062586466,13.906793212890648,10.414056396484398,11.822234090169294,88.25069363911946,97.61180528004964,3.124999958090484,7.682888251522236,5.659890445053954,3.2145604451497434,9.899858093261741,1025.3117252604168,-5.627779612938563,48.57888833681742,154.6719619433085,14.005029296875023,10.115014648437523,11.606387074788435,87.20764064788818,93.42013963063557,5.34375,14.163236603707569,8.135707385239586,3.8778422037760834,9.482923126220726,1021.9250260416667,-3.5441615556677184,44.16069454948107,203.0295329093933,13.983850097656273,9.118035888671898,10.994129435221376,85.95555591583252,57.45555543899536,0.4687500111758709,7.2191389251017535,5.426322895003989,3.140615081787132,8.635312652587913,1024.2875553385418,5.520332579811414,65.10069449742635,104.13973291714986,14.021478271484398,9.346673583984398,11.002990976969423,86.19444433848064,81.94444290796916,1.7291666120290756,13.533747325293398,8.810568333484731,4.569356536865257,8.674600219726585,1022.3190690104167,1.5512729982535045,65.25819510221481,231.15168269475302,14.208489990234398,8.692071533203148,11.530763244628929,87.52083206176758,88.3159720102946,1.2499999701976776,10.414094904241356,7.909686446456978,4.067559814453148,9.453162129720056,1023.2299251302082,-4.862496092915535,60.44555479288101,251.95673974355063,14.206475830078148,9.065911865234398,11.260877227783226,85.81666533152263,85.80902751286824,0.42708333767950535,11.935491255388783,7.8803046260360174,3.889400736490927,8.862861887613974,1022.2958984375,0.6176763474941254,54.49638867378235,202.04806832472482,14.393426513671898,9.903497314453148,11.75341695149742,86.33680661519368,94.21388912200928,7.343750029802322,14.119865825862254,8.276891358184532,3.970424906412802,9.472324625651083,1022.334736328125,-4.242144177357356,60.05777678887049,245.8691193262736
2021-11-12,14.211236572265648,8.716607666015648,11.496539052327497,82.87569459279378,76.45138829946518,4.968750035390258,28.788725076085445,23.047660756736672,4.519679005940759,8.6044746398926,1011.412216796875,-8.793080126245817,47.68555582563082,870.2581723531088,14.079614257812523,9.790216064453148,11.634119923909529,82.99722194671631,85.00416787465413,21.520833432674408,27.93513106877899,22.231945182291692,4.679082489013695,8.80780690511068,1010.0247591145833,-6.028060965240002,51.10722235838572,795.2373606363932,14.271112060546898,8.759027099609398,11.461598968505882,84.72916634877522,73.40069450934728,8.552083293907344,30.13694440160805,22.320633438029436,4.810961659749353,8.91572214762374,1011.5087955729167,-7.412426004807155,46.70249898235003,833.316323598226,14.012414550781273,9.784417724609398,11.687532043457054,81.88819185892741,86.77430621782939,15.593749940395355,28.37118696356873,24.022502019095878,4.383729553222679,8.646738942464196,1009.6598014322917,-5.061361266920964,44.322081883748375,916.3366432189941,13.784051513671898,9.018334960937523,11.372558848063173,84.7465254465739,82.83194541931152,5.135416662320495,29.061375178732,22.380116275578292,4.950220998128259,8.844199117024743,1011.9384375,-3.7469905701776347,28.125972509384155,795.7324282328287,13.545648193359398,9.487451171875023,11.48532638549807,81.88472175598145,88.18888966242473,7.531249940395355,29.641224682522104,22.967873706792222,4.58966979980471,8.463529205322288,1010.04888671875,-4.4392931163311005,33.47124973932902,832.3498039245605,13.878808593750023,8.834985351562523,11.276939646403017,84.88125006357829,76.92152849833171,6.749999920837581,26.841533701131087,21.582405394616018,4.865762329101585,8.770674641927087,1011.891533203125,-4.7585319466888905,34.84944397211075,775.0849113464355,14.369500732421898,9.104791259765648,11.581817881266298,81.1784725189209,77.57916684945424,6.958333320915699,32.4216973129508,24.231666925882806,4.53306605021163,8.385172780354821,1010.7591861979167,-6.341688205798467,46.194168070952095,934.5583585103353
2021-11-13,12.532708740234398,10.543023681640648,11.35233840942385,79.24513943990071,91.78055540720622,27.593750059604645,24.415760120277596,17.70610999909593,1.759028371175134,7.866469319661462,1013.9784830729167,1.043268463263909,30.993888636430103,699.6348533630371,13.206872558593773,8.850762939453148,10.988882954915388,77.85138893127441,50.52291671435038,16.031250178813934,23.303682958967673,19.509885329529975,2.020814514160179,7.2032460530599,1014.9718977864583,5.742760311346501,65.57152821620305,683.1571667989095,12.814324951171898,10.808282470703148,11.499359385172548,77.7354170481364,92.64861154556274,28.229166388511658,25.127917247585188,18.598552983732485,2.0666926066081146,7.721376037597679,1013.9516243489583,-0.6989060590664545,35.193055495619774,759.4878374735514,13.153710937500023,9.648919677734398,11.225250498453798,76.04722436269124,69.711110552152,23.531250178813934,24.146845417262817,18.9918515382587,1.9133455912272552,7.104215240478538,1014.9423600260417,4.15802859266599,56.4293062488238,747.2173385620117,12.760308837890648,10.559747314453148,11.392358398437523,79.86944421132405,86.85763915379842,18.97916668653488,23.052517647692127,17.37876809439734,1.9301734924316634,8.018280283610068,1014.210361328125,1.7954357489943504,37.31319383780161,675.4771639506022,12.840936279296898,9.883050537109398,11.187496439615908,74.81180508931477,76.32430561383565,18.260416328907013,24.39989490570446,18.577554521072024,1.8896308898926009,6.84489466349288,1014.4835774739582,3.0732268492380777,58.637777864933014,735.8480809529623,13.085992431640648,10.174798583984398,11.36069259643557,79.14999834696452,79.41249970595042,7.593750044703484,22.93130170220942,17.889875974428616,1.9074531555176009,7.849121348063193,1014.281708984375,2.4404255002737045,39.01277760664622,697.6925036112467,12.705072021484398,10.400323486328148,11.40927912394208,75.24513816833496,94.68819459279378,24.281250059604645,22.983284842826343,18.60057778861575,1.7403249104817746,7.155750528971396,1013.8910123697917,-1.083636040488879,44.8806944390138,794.6995646158854
2021-11-14,12.645837402343773,9.295281982421898,10.400507863362654,83.27430629730225,82.95347162087758,5.197916641831398,16.74618874474747,12.098132217516612,2.320509847005212,7.631155904134118,1022.9502571614582,9.321304644147554,21.4858332524697,418.4676202138265,12.789849853515648,9.814874267578148,10.826440429687523,85.2222220102946,83.76805543899536,41.99999976158142,21.545965039447633,15.929771134306575,1.3641894022624115,8.388926442464196,1022.7657194010417,1.6848603188991547,54.2070840994517,565.4230677286783,12.232598876953148,9.341851806640648,10.475769297281923,84.16527779897054,87.6722224553426,9.583333313465118,17.543460061468394,12.718601265989543,2.6325469970703352,7.886251068115257,1023.1600716145833,6.028068120280902,19.209445317586262,419.03338114420575,12.599298095703148,9.436700439453148,10.79501622517906,82.92986170450847,79.23263835906982,38.25000047683716,18.958472281078148,15.086120071681089,1.5407691955566634,7.946979777018271,1022.6798502604167,4.270031025012334,48.72055459022522,611.7226912180582,11.808435058593773,8.269616699218773,10.368095652262392,83.47291660308838,93.51180601119995,5.968750014901161,16.17168252872218,12.142695349288308,2.5400939941406477,7.637488301595056,1023.1000390625,2.8353451577325663,16.510555466016132,358.95135402679443,12.199731445312523,9.487664794921898,10.41880060831708,87.81111113230388,87.94097312291463,29.020833253860474,18.998104580927013,13.397095149325507,2.3693659464518646,8.458876546223962,1022.6526529947918,6.6178299486637115,26.87736103932063,409.4037561416626,12.605004882812523,9.326104736328148,10.47163035074872,84.91250069936116,87.55972210566203,4.374999910593033,16.11183249975871,12.516678475458095,2.2698087056477902,8.002563730875693,1023.1957649739583,4.97923922042052,23.61388908823331,377.9197042783101,12.873925781250023,8.275964355468773,10.410429890950544,88.63472143809001,75.70208354791005,20.406249821186066,16.87376387349282,12.75284942657043,2.253437296549521,8.574459330240927,1022.68498046875,9.312478996813297,27.394722898801167,367.6020574569702
2021-11-15,11.765069580078148,7.399530029296898,9.177871958414736,82.37430636088054,50.12013836701711,9.0,6.142533279248746,4.430441260528788,2.5927775065104584,6.265486653645837,1026.04240234375,14.805297808721662,64.25624956687291,114.05140423774719,12.013055419921898,7.002313232421898,9.529203033447288,79.72430578867595,37.22847183545431,6.0,7.423622041507983,6.492023940790193,2.7387685139973996,6.09050013224288,1026.3009733072918,12.341364681720734,64.16833146413167,186.84124584992728,11.858575439453148,7.127740478515648,9.508631642659529,77.66111056009929,50.21319385369619,6.906249850988388,5.824800786672954,4.963854081250844,3.094562784830771,5.71030197143557,1026.20693359375,13.86918868124485,43.61847393711408,169.75807766119638,11.680596923828148,7.004388427734398,9.282163238525413,80.71944427490234,27.96874998509884,12.0,7.8402840419168776,6.761272195416821,2.5950472513835052,6.062933858235681,1026.5621549479167,14.94286792476972,62.599167784055076,175.58611798286438,11.782006835937523,8.123590087890648,10.259988403320335,74.7493069966634,89.1722224553426,10.156250029802322,8.886597481303195,5.389450693796707,3.3743275960286496,5.873391723632835,1026.1526302083332,6.201087221503258,22.58666678269704,109.83434510231018,11.883752441406273,7.250787353515648,9.55938618977867,78.51736195882161,27.234027753273647,8.25,7.418410956596427,5.249589034214501,2.589882151285849,5.929627990722679,1025.7759993489583,15.601203858852386,64.14291534821193,155.75690031051636,11.850579833984398,7.648095703125023,10.15905659993492,79.05763785044353,84.10347119967143,4.26041666418314,5.5177636615712204,3.5722467389553483,1.554134623209677,6.616455332438193,1026.107509765625,9.623917192220688,20.058888788024586,51.67167818546295,11.753442382812523,7.416558837890648,9.06995544433596,83.83055464426677,39.638193602363266,7.749999761581421,6.226438568774071,4.433103622775771,2.4524093627929915,6.414121246337913,1025.8077994791668,17.225749442353845,64.86986170212428,117.67894923686981
2021-11-16,10.550500488281273,5.878533935546898,8.285217539469423,84.61041736602783,49.92986112739891,6.312499940395355,15.626691613952111,8.239392311647203,3.1120722452799896,5.77933273315432,1021.9878971354167,14.579709311326345,36.471944292386375,204.8028930823008,11.230310058593773,6.642358398437523,8.963969167073591,86.97569338480632,71.44236083825429,9.489583313465118,11.974590927610969,7.753911542087214,2.8763760884602902,6.874726867675804,1022.172275390625,3.831211076428493,43.339721550544105,201.646470785141,10.123559570312523,5.688409423828148,8.020581817626976,83.54166730244954,49.542361214756966,4.135416686534882,13.848914799684662,7.952227319737148,2.893867746988974,5.337614949544275,1022.0782194010417,16.260476385553677,32.704027791817985,195.99507800738016,11.030572509765648,5.724389648437523,8.389080301920595,85.12222194671631,39.434722788631916,7.031249821186066,10.32253012701568,6.062053604685407,3.0379272460937727,5.98084665934249,1022.3764713541667,9.539479782183966,59.105832954247795,153.63478863239288,10.703790283203148,5.607690429687523,8.032183583577497,82.96527862548828,41.56944391069313,1.1666666753590107,12.385865800288721,7.648639805054361,2.854231770833337,5.23005065917971,1022.3761067708333,13.693968127171198,53.35027756293615,183.8385421037674,11.172692871093773,6.121759033203148,8.667749023437523,83.1201384862264,43.046527319277324,10.916666597127914,14.04442803637745,7.928579997544998,2.9812344868977902,5.883306121826195,1021.6999446614583,12.736218811944127,59.57388742764791,203.48273479938507,10.758721923828148,6.205255126953148,8.457861836751325,81.16527811686198,60.214583153525986,0.0,13.385451606591518,8.08542892582681,3.2028734842936615,5.325062052408896,1021.9008626302083,11.391579250494638,55.49749984343847,206.54695423444113,10.143182373046898,6.092401123046898,8.319202677408876,85.0208346048991,50.02986094169319,5.447916641831398,15.271463199555651,8.42022256322813,3.0443906148274777,5.896389261881552,1021.9288899739582,17.222815348456304,27.368333061536152,199.11268711090088
2021-11-17,10.118280029296898,6.105401611328148,7.69913762410484,83.376389503479,77.71319441000621,0.0,16.32877304331006,12.48435227086815,0.7251525878906477,4.927882130940759,1024.048125,19.139433577656746,55.23972143729528,368.78342310587567,9.879296875000023,5.963677978515648,7.772300974528018,81.44166803359985,82.05208317438762,6.999999761581421,18.515304947360587,14.50594793485044,0.13720474243166336,4.655271148681663,1023.1075911458333,17.03025911251704,55.74847263097763,459.7537015279134,10.475762939453148,6.288140869140648,7.823365783691429,82.56111192703247,74.05555645624797,0.0,16.84135335537033,12.357818817139753,1.1987459818522552,4.892658487955771,1023.7458951822917,18.435294449329376,59.98652625083923,350.04617563883465,9.984490966796898,6.018792724609398,7.758006032307965,79.45763937632243,79.37499936421712,5.5000001192092896,19.161153315709328,14.892256127885764,0.09390538533529025,4.274468994140648,1023.093876953125,16.345446235189836,57.89055769642194,482.2350781758626,10.461389160156273,6.153833007812523,7.930819447835309,81.16875012715657,79.72916634877522,0.0,15.918991812101096,12.111085406485486,1.0045537312825559,4.731207784016931,1023.791962890625,16.844248140851658,57.393333872159324,373.42726707458496,10.055688476562523,6.372918701171898,7.766773478190127,82.42847188313802,84.84513902664185,1.7499999403953552,17.66083685664849,13.282732276394698,1.0336496988932709,4.822170511881552,1023.2612858072918,17.048825810352962,54.01222161451975,399.3358294169108,10.134179687500023,6.048089599609398,7.796379343668643,83.24930477142334,69.38055610656738,0.0,15.334735232885238,11.491560066692076,0.897896067301474,4.99765548706057,1023.6059700520833,18.76530407865842,59.85500087340673,355.54907480875653,9.785882568359398,6.041192626953148,7.786253865559918,82.11041609446208,85.48055569330852,0.0,17.927438565411936,14.016768938887475,0.4416252136230696,4.811294809977255,1023.0256282552083,19.086840085685253,48.81250023841858,448.71067174275714
2021-11-18,12.384881591796898,5.876245117187523,9.12737935384117,87.0951379140218,97.07916768391927,0.0,17.156498628307407,13.809230379003681,6.1536181131999115,7.064215596516931,1028.2265234375,-2.790082017580668,47.0184718867143,314.6559702555339,12.352227783203148,5.911126708984398,9.383706665039085,87.25277678171794,88.93888759613037,0.0,18.30863967383088,14.979442505799065,5.391053771972679,7.349959309895837,1028.135537109375,-8.400690739353498,51.22208567460378,364.5289649963379,12.014337158203148,5.762750244140648,8.391245778401716,88.36180623372395,76.55763920148213,0.0,16.056031160382773,11.889984988233373,5.872524515787802,6.527655537923181,1028.8610774739582,5.67346637447675,52.92138984799385,233.9530258178711,12.196405029296898,5.947503662109398,8.962359364827497,89.32777722676595,76.18333292007446,0.0,17.178773211169588,12.874941253850247,5.307764943440759,7.271969095865927,1027.9509114583334,0.2386966496706009,49.65111008286476,272.7072671254476,12.711877441406273,5.902917480468773,9.06333948771161,87.98194408416748,65.86944433053334,0.0,17.004760148118045,12.896978221499745,6.311847941080771,7.144617970784509,1028.5043489583334,-1.0268410444259644,58.970139314730964,283.56350072224933,12.440789794921898,5.921655273437523,9.115523274739607,88.11458428700765,84.4381947517395,0.0,17.313144625270535,14.042570037718875,5.5098498026530365,7.227872467041038,1027.9342415364583,-3.2716228682547808,47.42527853449186,315.2407417297363,12.604699707031273,5.877984619140648,9.248679097493513,86.87361176808675,70.84236204624176,0.0,17.33598817903066,13.08064072822273,6.250849660237634,7.14432042439779,1028.4948014322918,-3.87970452879866,58.49888945619265,290.70360374450684,11.954095458984398,5.695458984375023,8.814108784993513,87.36388874053955,69.92291593551636,0.0,17.287515822657678,13.865062327409225,5.651202138264978,6.807196553548181,1028.3495279947917,-0.9653971642255783,50.68722386161486,303.37317148844403
2021-11-19,13.057366943359398,8.612634277343773,10.530100758870466,85.14930629730225,46.733333468437195,0.0,14.26593643381073,9.661443743888036,8.189628855387411,8.086179351806663,1030.5428385416667,0.7630653803547224,57.44013958175977,216.49954688549042,13.241845703125023,11.577630615234398,12.521922047932966,71.87986087799072,99.89374955495198,0.21875000651925802,15.208061120300416,12.440012274571806,8.041008249918661,7.527570343017601,1029.9723079427083,-16.229930172363918,22.579861745238304,397.5148169199626,12.998529052734398,8.382226562500023,9.96884943644208,89.40000089009602,13.936111132303873,0.0,11.705951726407868,8.28924871158079,8.4015937805176,8.248714701334677,1030.4653515625,4.967967917521794,59.69416721661886,147.4858647187551,13.149468994140648,8.338861083984398,11.310511525472029,79.48194376627605,81.32222286860149,0.0,11.878397405029098,9.617641376008093,8.049478149414085,7.79777552286788,1030.4133528645832,-12.87137783318758,35.87319525579611,232.39322741826376,12.856378173828148,8.076898193359398,9.747842407226585,90.14305750528972,17.038889169692993,0.0,11.426107011759994,8.708608447641888,8.814630126953148,8.150407409667991,1030.302470703125,7.779264569282532,59.81597247719765,158.4890116850535,13.355035400390648,8.595697021484398,10.660783386230491,83.23541577657063,45.247222661972046,0.0,15.090561977940707,10.20672549361245,7.776728566487634,7.853607432047568,1030.6125618489582,-2.25678026676178,58.17305533091227,239.62882606188455,12.813714599609398,7.909448242187523,9.580012257893904,89.15763982137044,14.436805506547293,0.0,12.040007660989527,8.914372652188703,8.875276184082054,7.817525482177757,1030.1555208333332,8.675356189409891,59.98680348197619,158.61089531580606,13.582482910156273,10.122369384765648,11.546612040201845,79.06527805328369,62.32500012715658,0.0,15.154278395232287,10.729941577916632,7.8375653584798215,7.970778401692712,1030.2746516927082,-7.698303853472074,53.38958295683066,301.9762298266093
2021-11-20,11.498162841796898,7.261529541015648,9.23337580362958,84.8881934483846,47.57361116011938,0.0,14.670342187876669,10.177065089070094,6.417354838053427,6.710904693603538,1023.710771484375,6.5418521737058954,33.58138954639435,310.6278928120931,11.756158447265648,6.925134277343773,8.674036916097029,86.12986087799072,24.398610790570576,0.0,16.52246081544502,11.313648189107402,6.180808003743493,6.437622324625693,1024.5433365885417,13.982213884592056,53.38569469253222,299.2351567745209,11.346734619140648,7.252221679687523,9.088759358723982,85.04375139872234,49.14930498600006,0.0,14.452402396480117,10.033805681557496,6.533977762858115,6.613832092285179,1023.833544921875,8.754903634389242,26.589444875717163,322.6755915482839,12.319970703125023,9.058465576171898,10.56983591715497,79.91874885559082,83.59930602709453,0.02083333395421505,16.21355083166259,9.873709692945027,6.366446431477868,7.199561055501306,1023.7501953125,-2.947006060431401,21.009166995684307,367.883762439092,11.609155273437523,7.539483642578148,9.437221781412783,83.74583339691162,64.30902810891469,0.0,14.331425343599253,9.802602368062365,6.8333539326985715,6.735251363118493,1023.5411360677083,4.166266689697902,18.88861119747162,323.64766001701355,11.349969482421898,7.374078369140648,9.271000162760439,85.96597258249919,48.794444650411606,0.14583333395421505,14.303351674415634,8.699010586661025,5.957523600260458,6.984775797526083,1024.0054915364583,6.264037241538365,24.928471843401592,217.7016305923462,11.596948242187523,7.437646484375023,9.436797078450544,83.40694363911946,72.47916730244954,0.0,14.591521512578398,9.525097002415015,7.018877919514978,6.682336425781273,1023.3884244791667,2.806128958861033,19.53805596381426,316.05305035909015,11.430596923828148,6.987237548828148,9.049269612630232,84.22777716318767,51.382638432085514,0.0,13.44869531573536,9.035119529966108,6.057883199055993,6.4524335225423215,1023.7202897135417,6.839289704958598,33.777916540702186,268.9262395699819
2021-11-21,8.907525634765648,3.6427551269531477,5.953422800699893,75.13333447774251,44.483332769324385,1.0000000037252903,25.646310298192354,21.12609400346224,-3.2013318379719635,1.843818918863974,1019.2776595052082,32.52942941586176,44.06000026067098,729.6012306213379,8.849542236328148,3.6559997558593977,6.018190002441429,73.27916622161865,38.288194398085274,0.5729166828095913,26.24531160298395,21.497888706752708,-3.6372372945149323,1.5555142720540402,1018.2391080729167,33.44637605547905,57.48116750518481,809.7680231730143,8.874658203125023,3.8018737792968977,6.141590372721377,75.0715290705363,47.76180577278137,1.5312500484287739,26.45646620354139,21.380128356350752,-3.0397425333658816,2.0073905944824446,1018.825947265625,31.15688407421112,39.19680514931679,758.2823702494303,8.724176025390648,3.8821350097656477,6.061402893066429,73.34652709960938,40.06666650374731,1.2083333414047956,24.185473845258283,20.502158702235647,-3.4081202189127566,1.608742014567099,1019.02244140625,29.81133179863294,56.8976096312205,766.1784515380859,8.912194824218773,3.5906311035156477,6.017166392008487,75.84722137451172,40.5131938457489,0.31250000186264515,25.666583095459767,21.21043496189206,-2.946550750732399,2.0356015523274777,1018.9200846354167,31.348533153533936,49.5424998998642,744.7361145019531,8.908807373046898,3.8271118164062727,6.025441741943382,72.9638884862264,39.20833327372869,0.10416666977107525,24.528629286508604,20.377871968942596,-3.456987762451149,1.4955624898274777,1019.3396158854167,31.186624363064766,59.4245825111866,754.2956288655599,8.841210937500023,4.011285400390648,6.25980402628583,76.95486323038737,39.66388990481695,1.4375000037252903,25.95504080568684,20.821534374440525,-2.8542694091796648,2.475068664550804,1018.8873372395833,29.387243509292603,53.74014032880465,731.9977111816406,8.766656494140648,3.4863525390625227,5.907030995686871,74.1888879140218,33.80625029404958,0.1666666716337204,26.077982121590725,20.899921381088443,-3.481193288167276,1.6098444620768646,1019.3223307291668,32.91263376921415,59.49541706840197,733.9244422912598
2021-11-22,9.013787841796898,4.192895507812523,5.762719726562523,76.0465275446574,18.172917028268177,1.0000000298023224,22.499318554011285,18.745741327756676,-3.4184707641601335,1.7495157877604584,1029.1387727864583,19.2087663585941,58.75097179412842,572.5465469360352,8.877130126953148,3.5100036621093977,5.530327097574893,77.69791587193806,8.183333307504654,2.4479166716337204,22.52192070873016,18.74551550196715,-3.7274307250976335,1.8314262390136946,1029.5218489583333,19.351743107040722,58.79625158508619,560.0127410888672,8.986322021484398,4.040155029296898,5.63229904174807,77.02291679382324,9.803472310304642,0.2500000074505806,21.38031939744919,17.640124866625786,-3.324205780029274,1.8230097452799896,1029.12986328125,21.051580804089706,58.96263834834099,515.5776659647623,9.063165283203148,3.6692138671875227,5.5924647013346585,75.95694462458293,9.465277761220932,3.2500001192092896,22.534292669922646,19.048289802963634,-3.7421160380045535,1.581184641520224,1028.8462434895832,19.01850467423598,58.848750442266464,551.7643737792969,8.791833496093773,4.260430908203148,5.554129536946637,77.65624936421712,24.802082657814026,0.3854166781529784,21.98492658836434,17.659199340495807,-3.3880154927571198,1.8723731994629134,1029.4068229166667,20.168215264255803,56.9395811855793,530.8259957631429,8.844781494140648,3.4865661621093977,5.477964019775413,76.6979169845581,10.29930579662323,0.8124999962747097,21.896283740235653,18.270988608888178,-3.8158897399902116,1.6033836364746321,1029.0929752604168,18.937489678462345,58.53791649142901,528.4237263997396,8.949395751953148,4.246209716796898,5.681104278564476,78.32430489857991,22.65833270549774,0.1250000037252903,21.81874130410451,17.554890252647837,-3.1597872416178348,2.1186856587727902,1029.4366471354167,19.192100062966347,58.31152761975924,519.2943083445231,8.866387939453148,3.9907165527343977,5.6001246134440335,75.16250054041545,9.066666622956594,3.0,22.110057619185888,18.79749081182224,-3.6850418090820085,1.4267936706543196,1029.0085026041668,19.7825890481472,58.85722306370735,571.0869642893473
2021-11-23,8.354180908203148,3.1193176269531477,4.986085510253929,81.5486110051473,18.137500206629436,0.0,10.4031215197506,8.604120700563662,-0.731114451090491,2.0069913228352902,1031.6064908854166,21.07492591937383,56.229165290792785,138.4235299428304,8.722955322265648,4.178704833984398,5.646234130859398,81.68402862548828,43.222915728886925,1.0000000298023224,11.126907470052268,9.071650636973308,-1.235716247558571,2.6724881490071652,1031.9559537760417,14.597774212559065,49.48500041166941,168.99785828590393,8.650750732421898,3.3226562500000227,5.182482655843121,82.15277671813965,21.94999994834264,0.0,10.716141606503292,8.60973016750824,-0.5216570536295535,2.2996625264485715,1031.658056640625,19.426116853952408,56.10027649005254,138.79609322547913,7.762017822265648,4.111199951171898,5.61166915893557,80.41805648803711,58.50208330154419,0.2500000074505806,10.408288762568219,8.995853146155465,-1.6413597106933366,2.4376871744792084,1031.3292415364583,17.60613267372052,29.33361103137334,160.30126762390137,8.599542236328148,3.4774719238281477,5.192882792154971,79.69652811686198,34.75763873259226,0.0,10.593929168476807,8.130997776984593,-0.09696299235025663,1.8594540913899777,1031.8356022135417,18.726673228045303,51.62055412928263,126.88316762447357,8.193658447265648,4.173730468750023,6.013420359293643,78.8125,76.55763922135036,0.5000000149011612,10.371751710185437,8.827079655873733,-1.6085177103678348,2.5475568135579465,1031.589638671875,12.842881098389626,25.91305537025134,188.93973088264465,7.522576904296898,3.4358154296875227,5.305293019612653,79.2006950378418,62.16319461663564,0.0,9.968602900917718,7.30953413863525,0.06494547526045835,1.8680028279622434,1031.50318359375,20.058597673972447,17.765000134706497,116.22461926937103,7.659814453125023,3.8656555175781477,5.448162333170596,79.27847290039062,66.99236116806667,0.2500000074505806,9.943270237308408,8.45472242970056,-1.0964149475097429,2.0740206400553802,1031.5500423177082,19.44007592399915,18.95972203214963,153.4187842210134
2021-11-24,7.440240478515648,3.2461486816406477,5.324365234375023,85.38541603088379,42.334722032149635,0.2916666604578495,6.386326502421514,4.001664406545136,-0.2406804402668854,3.0330558776855696,1020.6866634114583,14.979676892360052,39.70597192148367,87.22882211208344,7.525567626953148,2.9414611816406477,4.9198674519856995,80.74374898274739,30.123611330986023,0.09375000279396772,7.762070314731105,4.41260377867746,-1.5354611714680573,1.838588968912802,1020.4262630208333,16.198980192343395,53.04347143570582,87.52604472637177,7.605615234375023,3.2096496582031477,5.34985758463544,86.17638810475667,43.27013874053955,0.40625000931322575,7.444375665775669,4.724393537110501,0.10843429565431961,3.1818723042806027,1020.969873046875,12.435154780745506,44.75847125053406,111.08090082804362,7.645867919921898,2.9482971191406477,5.002481079101585,82.14999930063884,31.09374972184499,0.3125000009313226,6.3600249877354065,4.012743986321406,-1.3013214111327898,2.1598386128743527,1020.6007877604167,14.456725478172302,55.47124932706356,88.4874149163564,7.355157470703148,3.1418395996093977,5.204147593180362,87.33611170450847,46.5659723530213,0.562499993480742,7.689533770980845,4.483346250779394,0.41614049275716525,3.2277567545573334,1020.7763606770833,13.879746437072754,32.84986093143622,96.44988965988159,7.705926513671898,3.1409240722656477,5.204310353597028,79.46180470784505,37.668055733044945,0.0416666679084301,5.554246577183074,3.375146368936953,-1.1793210347493073,1.8867736816406477,1020.5735221354167,13.04899474978447,50.09819372495016,74.23153388500214,7.404473876953148,3.1101623535156477,5.212617492675804,87.1673625310262,45.395139372597136,0.5729166632518172,7.51566127231669,4.765402552556899,0.6241368611653684,3.1967013041178802,1021.3054557291667,13.183497625092665,38.59597235918045,125.7748349905014,7.642205810546898,3.1757751464843977,5.3093633015950745,81.09305636088054,34.39652757843336,0.17708333488553762,5.93830571059588,3.7058395568948974,-0.7438364664713504,2.289997355143271,1020.4938639322917,13.646198242902756,54.362916707992554,91.94306409358978
2021-11-25,5.778314208984398,1.8208557128906477,4.119424438476585,72.50208346048991,67.77222220102946,1.7499999403953552,22.951565641566102,16.82472398284969,-4.409471893310524,-0.4264422098795535,1016.7862174479167,26.272781093915302,53.69833427170912,545.054843266805,6.631097412109398,1.7864318847656477,4.331149037679059,75.39583269755046,62.82847213745117,2.9999999962747097,24.67826151994294,18.469755552533925,-4.2989397684733035,0.31072769165041336,1016.7844954427082,27.219851260383923,49.50125020245711,624.1166146596273,5.972985839843773,2.1422363281250227,4.305323537190778,73.31875069936116,58.671528021494545,1.708333283662796,22.631303096405787,16.81051114503038,-4.192388916015602,-0.09591267903641665,1016.838310546875,24.772709015756845,55.4080558270216,554.4997221628824,6.331414794921898,1.4735961914062727,4.337291971842471,73.5145829518636,72.31527821222942,2.802083410322666,25.720892900856576,18.642733475025974,-4.335534159342444,-0.021718088785803502,1016.8700520833332,28.219144215186436,30.948055401444435,645.4089050292969,6.032830810546898,2.3747497558593977,4.5323145548502835,73.64444414774577,68.64305659135182,3.6145833283662796,21.616419422718515,15.404205641054327,-3.8930203755696198,0.18315785725911837,1016.5761751302083,21.677362591028214,55.943749482433,481.7466513315837,6.026483154296898,2.1549316406250227,4.599572753906273,74.5152775446574,66.7819455464681,3.510416604578495,23.923586212633833,17.726465808515194,-4.0781997680663835,0.41961441040041336,1015.7310904947917,24.03468053539594,53.34013876815637,623.9112383524576,6.121697998046898,2.2642761230468977,4.410507456461612,75.22986062367757,61.19722239176432,0.40625001210719347,22.432752713392283,15.547799765103013,-3.839158121744788,0.3547569274902571,1016.285908203125,23.387051548808813,55.18513891597589,469.0907510121663,6.070367431640648,2.1673217773437727,4.562633768717471,72.12361145019531,62.33472188313802,2.4999999403953552,24.263732486352648,17.53173022472977,-4.424237314860022,-0.07959721883133852,1016.2897526041667,23.379642615715664,54.23777736723423,629.8144836425781
2021-11-26,7.879388427734398,1.5751281738281477,4.112020111084007,80.69444465637207,80.43402703603108,31.375000063329935,34.799836260790556,22.89457626331469,-3.404740397135413,1.0236081441243527,996.8734700520832,14.833883547534546,29.756389021873474,860.3611958821615,8.073999023437523,1.0436340332031477,4.045424397786481,79.46805604298909,69.90763862927754,26.42708359658718,26.947130748835054,20.697622316895586,-3.0994400024413835,0.7595853169759152,996.9464225260417,13.194480693588654,34.16541708509127,747.1148923238119,8.065606689453148,1.7105346679687727,4.14359308878583,81.99513785044353,78.79027843475342,34.28124997019768,31.743138110357503,23.278115760203097,-3.3471270243326785,1.2827939351399777,996.713330078125,13.74347268169125,39.58208323145906,870.2719014485677,8.455316162109398,1.6240783691406477,4.4026657104492415,78.71944522857666,70.59861056009929,23.64583370089531,27.927503929662063,21.95772924619976,-3.0292737325032135,0.9740158081054915,997.0487434895833,11.961179894705614,41.88513922256728,796.8502820332845,7.950402832031273,2.2051025390625227,4.357750193278018,79.53888893127441,85.47499958674113,44.82291686441749,29.23243035598462,22.856633399287304,-3.2508199055989166,1.0732666015625227,996.0014583333333,16.18970027069251,29.282499278585117,865.0697758992513,8.045068359375023,1.4802185058593977,4.080110168457054,80.68611081441243,78.22222248713176,27.333333030343056,28.13086511299987,22.378195830039886,-3.3296658833821198,0.983790334065759,996.466787109375,13.464455564816793,35.988611252357565,797.3187713623047,8.061700439453148,2.1412292480468977,4.347272491455101,80.4381930033366,76.54791649182637,62.61458394955844,29.785256387489387,23.452811089141605,-3.2813260396321198,1.213375345865927,995.9318684895833,17.442220374941826,39.09874973321954,909.5607261657715,8.098535156250023,1.5312438964843977,4.038852945963565,80.66319402058919,78.52986288070679,28.177082987502217,28.063475789909827,22.211860339996225,-3.314390563964821,0.9444391886393646,996.348681640625,13.675352652867636,39.4238898207744,783.8806648254395
