Date,temperature_2m_max_run_00Z_day1_gfs,temperature_2m_min_run_00Z_day1_gfs,temperature_2m_mean_run_00Z_day1_gfs,relative_humidity_2m_mean_run_00Z_day1_gfs,cloud_cover_mean_run_00Z_day1_gfs,precipitation_sum_run_00Z_day1_gfs,wind_speed_10m_max_run_00Z_day1_gfs,wind_speed_10m_mean_run_00Z_day1_gfs,temperature_850mb_mean_run_00Z_day1_gfs,dew_point_2m_mean_run_00Z_day1_gfs,msl_pressure_mean_run_00Z_day1_gfs,ground_heat_flux_mean_run_00Z_day1_gfs,downward_shortwave_mean_run_00Z_day1_gfs,boundary_layer_height_mean_run_00Z_day1_gfs,temperature_2m_max_run_00Z_day2_gfs,temperature_2m_min_run_00Z_day2_gfs,temperature_2m_mean_run_00Z_day2_gfs,relative_humidity_2m_mean_run_00Z_day2_gfs,cloud_cover_mean_run_00Z_day2_gfs,precipitation_sum_run_00Z_day2_gfs,wind_speed_10m_max_run_00Z_day2_gfs,wind_speed_10m_mean_run_00Z_day2_gfs,temperature_850mb_mean_run_00Z_day2_gfs,dew_point_2m_mean_run_00Z_day2_gfs,msl_pressure_mean_run_00Z_day2_gfs,ground_heat_flux_mean_run_00Z_day2_gfs,downward_shortwave_mean_run_00Z_day2_gfs,boundary_layer_height_mean_run_00Z_day2_gfs,temperature_2m_max_run_06Z_day1_gfs,temperature_2m_min_run_06Z_day1_gfs,temperature_2m_mean_run_06Z_day1_gfs,relative_humidity_2m_mean_run_06Z_day1_gfs,cloud_cover_mean_run_06Z_day1_gfs,precipitation_sum_run_06Z_day1_gfs,wind_speed_10m_max_run_06Z_day1_gfs,wind_speed_10m_mean_run_06Z_day1_gfs,temperature_850mb_mean_run_06Z_day1_gfs,dew_point_2m_mean_run_06Z_day1_gfs,msl_pressure_mean_run_06Z_day1_gfs,ground_heat_flux_mean_run_06Z_day1_gfs,downward_shortwave_mean_run_06Z_day1_gfs,boundary_layer_height_mean_run_06Z_day1_gfs,temperature_2m_max_run_06Z_day2_gfs,temperature_2m_min_run_06Z_day2_gfs,temperature_2m_mean_run_06Z_day2_gfs,relative_humidity_2m_mean_run_06Z_day2_gfs,cloud_cover_mean_run_06Z_day2_gfs,precipitation_sum_run_06Z_day2_gfs,wind_speed_10m_max_run_06Z_day2_gfs,wind_speed_10m_mean_run_06Z_day2_gfs,temperature_850mb_mean_run_06Z_day2_gfs,dew_point_2m_mean_run_06Z_day2_gfs,msl_pressure_mean_run_06Z_day2_gfs,ground_heat_flux_mean_run_06Z_day2_gfs,downward_shortwave_mean_run_06Z_day2_gfs,boundary_layer_height_mean_run_06Z_day2_gfs,temperature_2m_max_run_12Z_day1_gfs,temperature_2m_min_run_12Z_day1_gfs,temperature_2m_mean_run_12Z_day1_gfs,relative_humidity_2m_mean_run_12Z_day1_gfs,cloud_cover_mean_run_12Z_day1_gfs,precipitation_sum_run_12Z_day1_gfs,wind_speed_10m_max_run_12Z_day1_gfs,wind_speed_10m_mean_run_12Z_day1_gfs,temperature_850mb_mean_run_12Z_day1_gfs,dew_point_2m_mean_run_12Z_day1_gfs,msl_pressure_mean_run_12Z_day1_gfs,ground_heat_flux_mean_run_12Z_day1_gfs,downward_shortwave_mean_run_12Z_day1_gfs,boundary_layer_height_mean_run_12Z_day1_gfs,temperature_2m_max_run_12Z_day2_gfs,temperature_2m_min_run_12Z_day2_gfs,temperature_2m_mean_run_12Z_day2_gfs,relative_humidity_2m_mean_run_12Z_day2_gfs,cloud_cover_mean_run_12Z_day2_gfs,precipitation_sum_run_12Z_day2_gfs,wind_speed_10m_max_run_12Z_day2_gfs,wind_speed_10m_mean_run_12Z_day2_gfs,temperature_850mb_mean_run_12Z_day2_gfs,dew_point_2m_mean_run_12Z_day2_gfs,msl_pressure_mean_run_12Z_day2_gfs,ground_heat_flux_mean_run_12Z_day2_gfs,downward_shortwave_mean_run_12Z_day2_gfs,boundary_layer_height_mean_run_12Z_day2_gfs,temperature_2m_max_run_18Z_day1_gfs,temperature_2m_min_run_18Z_day1_gfs,temperature_2m_mean_run_18Z_day1_gfs,relative_humidity_2m_mean_run_18Z_day1_gfs,cloud_cover_mean_run_18Z_day1_gfs,precipitation_sum_run_18Z_day1_gfs,wind_speed_10m_max_run_18Z_day1_gfs,wind_speed_10m_mean_run_18Z_day1_gfs,temperature_850mb_mean_run_18Z_day1_gfs,dew_point_2m_mean_run_18Z_day1_gfs,msl_pressure_mean_run_18Z_day1_gfs,ground_heat_flux_mean_run_18Z_day1_gfs,downward_shortwave_mean_run_18Z_day1_gfs,boundary_layer_height_mean_run_18Z_day1_gfs,temperature_2m_max_run_18Z_day2_gfs,temperature_2m_min_run_18Z_day2_gfs,temperature_2m_mean_run_18Z_day2_gfs,relative_humidity_2m_mean_run_18Z_day2_gfs,cloud_cover_mean_run_18Z_day2_gfs,precipitation_sum_run_18Z_day2_gfs,wind_speed_10m_max_run_18Z_day2_gfs,wind_speed_10m_mean_run_18Z_day2_gfs,temperature_850mb_mean_run_18Z_day2_gfs,dew_point_2m_mean_run_18Z_day2_gfs,msl_pressure_mean_run_18Z_day2_gfs,ground_heat_flux_mean_run_18Z_day2_gfs,downward_shortwave_mean_run_18Z_day2_gfs,boundary_layer_height_mean_run_18Z_day2_gfs
2021-04-01,22.553582763671898,11.165429687500023,16.250784810384136,53.7578698794047,31.269444222251575,0.7638888992369175,8.201270135869972,5.420244247569062,10.14590733846029,6.358862813313806,1018.7237955729167,-25.592141310373943,232.54396909475327,446.6644271214803,21.911157226562523,10.751306152343773,15.931384023030622,56.96898285547892,31.42870345960061,0.652777770999819,7.685880753981003,5.341085070264625,9.489066060384118,6.973786926269554,1018.6498014322917,-25.18868390719096,234.784998635451,444.5276842912038,22.683343505859398,11.281732177734398,16.41591542561851,53.98981475830078,27.17500019694368,0.4305555638857186,7.577870078702043,5.437612182096063,10.218548075358115,6.574330902099632,1018.8212174479168,-27.526474475860596,239.02700104316077,454.1645073890686,22.094445800781273,10.861108398437523,16.047244008382183,55.34583314259847,39.907870108882584,0.33333333767950535,7.364548262832943,5.076039670344003,9.8250556945801,6.626775360107445,1018.2413216145833,-25.767465829849243,232.32244674364725,412.0171955426534,22.724816894531273,11.243890380859398,16.361150360107445,53.633333683013916,30.23703709275772,0.2083333362825215,7.718053253920518,5.517558249275872,10.364807383219443,6.395159657796228,1018.7558040364582,-26.104809641838074,233.55366812149683,444.6874925295512,21.512719726562523,10.980096435546898,15.863017018636091,55.52175951004028,52.5134265050292,0.2569444519467652,6.86796374692303,4.979764492104229,9.726969655354821,6.560750579834007,1019.1519986979167,-22.025574922561646,211.64673544963202,383.43573236465454,22.755639648437523,11.324395751953148,16.422030385335308,54.79166603088379,29.516203621402383,0.13194444868713617,7.730024204497849,5.529973148106703,10.406975046793661,6.779363250732445,1018.367763671875,-26.36066134770711,232.18674353758493,445.3867365519206,22.160119628906273,11.074517822265648,16.095398203531925,54.48564879099528,40.6393518447876,0.7430555671453476,7.834556779960979,5.204473430213336,9.95738245646163,6.441228485107445,1019.051435546875,-24.46797998746236,224.34305612246195,407.42726159095764
2021-04-02,21.767602539062523,10.742181396484398,15.8041447957357,50.55925798416138,2.903240734982925,2.5763888731598854,9.68975994997299,5.893105989216153,10.774967447916708,5.071378326416038,1012.9024283854167,-17.43992813428243,247.72788375616074,478.2733197212219,21.798730468750023,10.505761718750023,15.633487955729189,51.57407395044962,10.090740948915482,6.6666669845581055,10.193149140855336,5.512322175161543,10.503405507405603,5.234284973144554,1012.1724283854168,-17.113954703013103,246.6360264023145,509.0621310869853,21.710504150390648,10.649438476562523,15.755920664469423,50.35277795791626,3.896296280901879,4.569444447755814,9.84413582556383,5.936435433550628,10.856202697753929,4.9733685811360715,1012.6808170572917,-16.93797731399536,248.32703703641891,474.0124689737956,21.826440429687523,10.704919433593773,15.80320765177411,50.81759262084961,4.690740681253374,3.0,9.723389341757626,5.688204922785893,10.787012990315759,5.219267781575525,1012.73265625,-17.825900157292683,247.64230386416116,478.7868043581645,21.862023925781273,10.738305664062523,15.851093546549501,48.900925636291504,4.334722166066058,0.5000000149011612,9.82409601236113,5.977063965346133,10.956460571289085,4.640799458821618,1012.7336588541667,-17.14040454228719,248.3241798877716,476.6059322357178,21.905541992187523,10.786614990234398,15.879537200927757,50.473148028055824,6.369444365302722,0.5000000149011612,10.049733060904902,5.936143855950523,10.855967458089196,5.161163584391318,1012.7339420572918,-18.325588305791218,247.6850193540255,478.43903636932373,22.106469726562523,10.692041015625023,15.893132781982445,50.34074115753174,3.427777779599031,6.243055611848831,10.087373411791958,5.944634554731273,11.167281087239587,5.052444712321005,1012.5170963541667,-17.058446486790974,247.93740195035934,473.5270800590515,21.609643554687523,10.839532470703148,15.775683339436872,51.48611068725586,2.450462931456665,1.7847222536802292,10.013680101369832,6.052042225046404,10.642382558186853,5.310928599039755,1012.692734375,-17.264253616333008,247.51385221878687,484.05282497406006
2021-04-03,18.314447021484398,8.671685791015648,12.700304921468122,55.50370248158773,13.08379647647962,12.180555313825607,15.91535664623869,9.22153001908426,6.587832387288415,3.2059137980143646,1010.8678385416667,8.053865432739258,252.93803779284158,698.355860710144,18.556787109375023,7.820520019531273,12.25498987833661,55.36018498738607,19.463889565008383,24.548610866069794,18.120839530227475,9.383747459577274,5.932570393880212,2.181385294596396,1009.6732486979167,11.771931767463684,256.65848131974536,716.9910262425741,17.625573730468773,8.727136230468773,12.471283213297548,56.610185305277504,21.745833394738536,11.527777671813965,16.318820728654554,9.493985310249442,6.465389506022177,3.449867502848349,1011.3194694010417,10.783013608772308,240.04809119304022,687.9012807210287,18.181909179687523,8.198266601562523,12.59207433064781,52.412962913513184,17.19907397062828,7.395833238959312,15.632880640968361,9.127689269726673,6.226811981201195,2.004268900553427,1010.1206217447917,10.481191829467813,254.9151089390119,690.8120784759521,17.670007324218773,8.744470214843773,12.428044891357445,57.55972194671631,32.77083399891853,13.361111015081406,16.94003650877764,9.541420815546951,6.424536641438806,3.7074676513672102,1011.3811653645832,11.406620050470034,234.6099457939466,697.7438869476318,19.219018554687523,9.018609619140648,13.362204488118513,50.169907649358116,9.655555526415506,1.4722222462296486,14.541823312075817,8.806660571610093,6.975058492024743,2.0155578613281477,1010.1052701822917,2.218012571334839,258.6613456805547,731.2106323242188,17.853051757812523,8.516687011718773,12.50195210774742,57.52685133616129,25.867129623889923,11.895833134651184,17.547944165106205,9.82240988059506,6.5004987080891965,3.7428324381510834,1011.2544954427083,10.585090650866428,241.16611178716025,706.2193180720011,18.248437500000023,9.111840820312523,12.869958496093773,54.727778593699135,21.380555984874565,7.57638880610466,15.71404204890152,9.166603351663824,6.397892252604208,3.1593973795573334,1010.9205208333333,6.301465238134067,250.4513704776764,710.1642948786417
2021-04-04,13.169519042968773,5.890649414062523,9.098203277587913,54.21157375971476,66.56342440843582,21.340278148651123,11.438184503500617,5.692676657237989,0.021179453531942727,-0.0854082743326785,1018.3518587239582,12.671219766139984,200.61446372667947,804.0499439239502,12.597467041015648,6.597680664062523,9.054769134521507,57.039814472198486,60.95972196261088,19.951388776302338,9.175624814452966,5.6142829409925525,0.1567893981933821,0.7558100382487396,1017.1721549479167,14.730597133437792,165.55005914966264,762.0866921742758,12.731164550781273,6.139764404296898,9.053495025634788,53.82129589716593,75.2481484413147,21.49999988079071,9.273133573067255,6.102707734119645,-0.0783281962076785,-0.13781840006510038,1018.1576171875,16.518858765562374,165.07759328683218,775.8064168294271,12.133996582031273,6.387719726562523,8.882361348470075,60.46435149510702,70.09444602330525,27.416666388511658,8.220244713335276,4.351104111245394,0.09554824829103836,1.428718821207724,1017.9649251302083,15.3636254966259,147.0415933827559,678.6174538930258,12.793817138671898,6.532220458984398,8.924342091878279,54.31574138005575,66.78564763069153,17.013889133930206,10.506841331934503,5.163088313671639,0.030341084798180873,-0.0774419148762604,1018.3130826822917,17.174474477767944,164.97653500239053,740.8951930999756,11.719628906250023,6.251428222656273,8.557644144694033,61.27916653951009,72.75740667184193,33.75694465637207,9.932023308178325,3.852035456380827,-0.20511474609372726,1.2383056640625227,1018.720322265625,18.062599425514538,139.62826212247214,638.1435070037842,12.297021484375023,6.287744140625023,8.69968185424807,54.6194437344869,68.22546239693959,10.17361119389534,10.426321513993399,5.536121331563231,-0.192967478434241,-0.17052561442056913,1018.311591796875,23.574394365151722,149.32655943433443,741.8606293996176,12.650018310546898,5.998986816406273,8.942236836751325,56.891667207082115,67.42037077744801,30.048611164093018,10.575559046030131,4.719500424935268,-0.04622751871744413,0.5028612772624115,1018.4331998697917,12.988398092488447,180.4727067152659,738.4338909784952
2021-04-05,13.882653808593773,4.517938232421898,9.167056020100935,58.91851806640625,55.0240744749705,1.0000000298023224,7.641487897535642,4.557253823863567,1.1467961629231809,1.0837633768717865,1011.7046256510417,-0.22349828481674194,224.95084957281748,541.2408452033997,14.621942138671898,4.883325195312523,9.507876332600935,59.03148174285889,55.56342617670695,22.33333396911621,8.036482096417734,4.624926895760182,1.767605082194052,1.3879269917806027,1012.0378580729167,-0.5373335679372152,227.36142573753992,507.85713656743366,13.770776367187523,5.050897216796898,9.245725250244163,57.84166701634725,61.60185249646505,0.0,7.810042342209212,4.600815294276846,1.1069783528645871,0.8790400187174896,1011.5955631510417,0.7357771396636963,219.30311504999796,562.0414902369181,14.372216796875023,6.015039062500023,9.89047520955406,57.33055623372396,59.26666680971781,22.166666507720947,8.397252094802786,4.461417774293955,1.7149088541667084,1.410218811035179,1011.593447265625,-3.820554534594218,224.90336791674295,572.8718128204346,14.127526855468773,6.538262939453148,9.799395497639997,57.545834382375084,66.9629625082016,0.0,8.22792585057838,4.764285980517726,1.2867777506510834,1.3485097249348996,1011.863447265625,-0.03781489096581936,212.745569785436,617.7574895222982,14.416619873046898,6.337548828125023,10.000025685628279,56.39212989807129,70.84305580457051,17.83333396911621,8.382927423772125,4.358469601861681,1.6150248209635834,1.2852073669433821,1012.063349609375,-3.5437952876091003,223.82172391812006,600.7498009999593,14.012078857421898,6.083581542968773,9.714308675130232,56.42268514633179,60.957870841026306,0.0,8.333563247116183,4.884203721569327,1.3187436421712277,0.9793525695801009,1012.1043033854168,-0.009565333525339762,217.0421508948008,601.3170439402262,14.104638671875023,5.879754638671898,9.80615895589195,55.950926303863525,68.8495368162791,10.833333492279053,8.24597416064767,4.400995072966466,1.453096008300804,0.9902079264323334,1011.4396419270832,-4.060913523038228,224.94782807429632,595.0433400472006
2021-04-06,9.443139648437523,1.2321105957031477,5.294160461425804,50.871296644210815,42.47916682561239,2.2152777607552707,19.058419868208407,11.842303005512925,-1.4210100809733035,-5.572223409016885,1005.8635221354167,41.905232141415276,226.07736547787985,791.4448048273722,8.007165527343773,1.2516418457031477,4.906697845459007,53.88749965031942,47.25185136000315,8.194444470107555,18.68472274349104,10.771019353975646,-1.5354509989420535,-4.887968444824196,1006.126630859375,41.836786806583405,192.66876097520193,695.1924279530843,9.875482177734398,1.3722167968750227,5.50030924479169,49.11203662554423,38.856480876604714,1.6736111263744533,20.104327117457725,12.349959746052468,-1.2912366231282135,-6.032843017578102,1005.522900390625,38.473809003829956,244.13868145147958,828.1253350575765,7.661096191406273,1.6389404296875227,5.012448883056663,50.0458337465922,52.80185238520304,4.888888904824853,18.95033931243492,11.911507766343936,-1.8362691243489166,-5.660527292887366,1006.6872265625,40.49457159638405,207.90844323237738,783.8886699676514,10.109887695312523,1.7577148437500227,5.79175211588544,48.5495373805364,41.40370309352875,2.131944476161152,20.409408429646955,12.629692589615374,-1.086729431152321,-6.204149627685524,1005.4100944010418,35.79472692807516,250.99440721670786,840.1902341842651,8.487634277343773,1.7833190917968977,5.20859298706057,49.905093351999916,47.559722900390625,5.062500007450581,19.941607571088554,11.984167263316502,-1.591251118977823,-5.894350433349587,1006.5428287760417,40.57888530815641,218.82779598236084,825.4755446116129,10.554925537109398,1.6616149902343977,5.89249445597333,48.29074025154114,38.312962551911674,1.4097222336567938,20.466938762513934,12.409558861343953,-1.0402765909830691,-6.231835428873694,1005.2121614583333,34.135695695877075,254.41060582796732,862.2137603759766,8.826959228515648,1.4277587890625227,5.064426676432315,53.02685213088989,46.07453660170237,2.770833353046328,18.98042358010941,11.597210167833063,-1.606845601399698,-5.118070983886696,1006.50400390625,42.92762299378713,208.52240916093191,749.3312835693359
2021-04-07,10.105554199218773,-0.6265014648437273,4.594992574056012,35.67222189903259,30.543054774558794,5.152777746319771,18.364199798486084,9.215717348283926,-3.5522483825683366,-11.97305018107096,1015.3065462239583,13.29932689666748,277.1972232767148,1205.012393315633,10.750573730468773,-0.6846069335937273,4.612660980224632,37.281944831212364,20.243518729228526,9.159722298383713,13.702158932570283,7.447471686547462,-3.4408287048339616,-11.323742930094397,1016.82921875,7.862899700800578,278.4833296247525,1096.2026472091675,10.102288818359398,-0.48334350585935226,4.62839279174807,35.5842589934667,34.57407354066769,6.437500223517418,18.904190674858246,9.522509446127069,-3.541147613525368,-12.120818201700843,1015.1155403645832,14.159791429837545,275.5644497978889,1257.9786911010742,10.861108398437523,-0.6768859863281023,4.74616394042971,36.76111137866974,22.887499833169084,6.6319447457790375,14.626167833762239,7.688580287502812,-3.305686696370401,-11.246739451090491,1016.391474609375,8.044838031133017,278.2820416399045,1088.657774289449,9.724877929687523,-0.5944580078124773,4.407614644368512,33.73333342870077,36.71851824720701,8.548611253499985,18.88393502187369,9.954541903209687,-3.7896573384602448,-12.881515248616495,1015.30599609375,16.926039059956867,275.5937646337552,1324.086935043335,10.549493408203148,-0.5257934570312273,4.76987737019859,36.261573791503906,25.49444430942337,8.076389163732529,17.624807758586318,8.285579408728044,-3.450956726074196,-11.518888854980446,1015.9698046875,10.686519463857016,278.92860850773286,1149.929063796997,9.359399414062523,-0.6941894531249773,4.16129074096682,32.650000055631004,39.38194344441096,7.4166664481163025,18.9638630023783,10.369939073340243,-4.012176259358682,-13.475623830159464,1015.574560546875,19.13202576339245,272.48089195372694,1356.0772539774578,10.683343505859398,-0.47730102539060226,4.863575236002627,36.35648171106974,25.259722106469173,5.319444477558136,15.403933558639821,7.796454332309221,-3.2866284688313385,-11.311007563273108,1015.4821744791667,10.747123638788858,278.35767325840425,1143.251221338908
2021-04-08,12.455804443359398,-0.41184082031247726,5.907469685872418,33.83564909299215,0.004166666767559946,2.6666666865348816,10.431207071691643,7.61096212364902,-1.3904251098632585,-9.857970937093057,1023.7083138020832,-3.3291832407315574,277.45262994314544,642.5204712549845,12.568872070312523,-0.0035156249999772626,6.178924814860049,36.88148156801859,0.26111110594744485,5.166666626930237,10.491059170005821,7.566307662337931,-1.0196378072102448,-8.467317962646462,1023.201181640625,-3.5908085902531943,276.31855644728057,655.4935064315796,12.449029541015648,-0.35001220703122726,5.923364257812523,34.037499825159706,0.003240740819213291,0.0,10.15739789046315,7.389101996548509,-1.3958025614420535,-9.790108744303382,1023.8009895833333,-4.324677447477977,277.42848453864764,631.9087737401327,12.654840087890648,-0.11795654296872726,6.18070246378583,35.842592000961304,0.45185185751567286,6.500000238418579,10.683771796678572,7.698035961152208,-1.0631927490234148,-8.900130971272745,1023.305703125,-3.3302021423975625,276.8775305941235,658.3347396850586,12.243188476562523,-0.5100158691406023,5.73597106933596,33.896758794784546,0.03796296427026391,0.0,10.266413021703546,7.310267245516097,-1.5739400227864166,-10.009795888264932,1024.058076171875,-3.854186554749807,277.55502003376995,633.5421183904012,12.523950195312523,-0.20358886718747726,6.015758768717471,35.009259382883705,0.20092591899447143,9.333333492279053,10.579988719304286,7.544441767104689,-1.277305348714151,-9.33565750122068,1023.557900390625,-3.3798888524373374,277.1408559277188,653.5800482432047,12.042901611328148,-0.5820373535156023,5.595380401611351,33.6203707853953,0.01527777787608405,0.0,10.26206410638539,7.280329200295303,-1.7623390197753679,-10.221810404459632,1024.257666015625,-3.0175904432932534,277.7800535156857,634.1831674575806,12.376855468750023,-0.39786376953122726,5.85370279947919,34.52685189247131,0.11064814993490775,8.333333015441895,10.441266609887535,7.4273427336317654,-1.4952491760253679,-9.64348449707029,1023.8559016927082,-3.459756294886271,277.3645552192659,642.3122596740723
2021-04-09,9.224328613281273,2.8325744628906477,6.290241495768252,59.4754630724589,84.44583293795586,0.5277777877636254,5.841227154379415,3.9561855764355287,-1.3146359761555573,-1.2154678344726335,1026.267724609375,11.81286390622457,118.82722279398392,404.51363945007324,11.565942382812523,2.7688232421875227,7.108385976155621,57.26249901453654,80.17407446602981,5.138888888061047,9.249814913547308,5.402921884212932,-0.9520566304524323,-1.0253484090168854,1025.7986458333332,2.9097859064737954,150.99815119275203,547.4168386459351,8.059106445312523,2.9770446777343977,5.694481150309268,64.23472309112549,83.39305626352628,2.7222222220152617,5.785137884499258,3.496123669465561,-1.2583513895670535,-0.7925132751464616,1026.5665494791667,11.313696901003519,93.53573861159384,279.84844096501666,9.849511718750023,2.8712707519531477,6.762591298421246,58.88472239176432,82.79305576595168,0.736111116129905,7.08129193278185,4.518887315503915,-1.0737391153971316,-0.8912465413411041,1025.92888671875,6.299030264218648,136.6240905619537,459.74027856191,8.363061523437523,3.2021728515625227,5.846435801188174,63.54722245534261,84.79537187019984,5.347222265321761,5.335531204179875,3.292572478021969,-1.1658894856770416,-0.8011294047037723,1026.728583984375,10.153874039649963,82.89505430497229,252.35482501983643,9.291101074218773,2.9931274414062727,6.289610799153668,61.89212958017985,84.55972169339657,1.1388888759538531,6.293873411481783,3.5595769261492656,-1.2422800699869754,-0.6345364888508698,1026.105458984375,11.882188498973846,110.79703805735335,372.09331782658893,8.458520507812523,3.2178283691406477,6.063211059570335,61.12731456756592,86.25879767537117,2.444444451946765,5.434085581638918,3.096896656089934,-1.0621754964192291,-1.0605923970539948,1026.3968424479167,12.001606305440268,82.35496314258005,264.82558250427246,10.249505615234398,2.9045959472656477,6.6496139526367415,58.515741189320885,83.56759219368298,1.39583333209157,8.827423545464866,4.687199415211565,-1.3617525736490848,-1.0786842346191179,1025.9666471354167,8.080033669869104,125.52696303417906,483.49236583709717
2021-04-10,12.508843994140648,5.345574951171898,8.4367500305176,67.80925877888997,98.4736115137736,9.500000044703484,7.664291741544437,4.537841727035226,-0.45551147460935226,2.5057413736979584,1022.0454264322917,-14.788188695907593,163.80926411102215,576.5471625328064,11.132379150390648,5.603967285156273,7.174370066324893,75.96851952870686,99.87083339691162,16.611111097037792,11.369880926155846,3.74521486707262,-1.0601142883300554,2.982587432861351,1022.0277864583333,5.837529102961223,99.47142849257216,480.95179684956867,11.919946289062523,5.685662841796898,8.091573333740257,70.55138937632243,98.88379605611165,13.576389014720917,8.723157866048327,3.3687056088113305,-0.5507987976073991,2.7647186279297102,1022.2598665364583,-8.308458288510641,128.14372102093571,504.37911653518677,10.786553955078148,5.250634765625023,6.912374114990257,78.68009265263875,99.35509236653645,25.506944179534912,10.414338372631601,3.387221313016013,-1.082004292805948,3.216194407145224,1022.2452994791668,6.2716949333747225,85.48200263471033,452.9074131647746,11.329003906250023,4.919000244140648,7.808262125651065,71.9175934791565,99.52175998687744,14.201388835906982,8.57712543631072,4.010162927779554,-0.469993336995401,2.7120414733886946,1022.5182877604167,-5.973048479606708,126.59446606133133,464.14733107884723,12.041619873046898,5.689965820312523,7.824159240722679,72.96805429458618,99.20833396911621,22.048610985279083,11.53659571044845,3.7549975423777338,-0.8159037272135379,2.958985900878929,1022.6393815104167,-6.965720015267531,131.52925596913943,530.5498382250468,11.350030517578148,5.032861328125023,7.645374552408877,73.006019115448,99.72083314259847,10.67361112125218,8.739520947479045,3.815813445226626,-0.4467198689778229,2.7995328267415402,1022.318681640625,-0.20692376295725504,105.24749678000808,443.4296434720357,11.648156738281273,5.663995361328148,7.861872609456403,71.01851812998454,99.2620366414388,15.083333313465118,9.929241840907297,3.4710206418527654,-0.7990173339843523,2.6765380859375227,1022.428583984375,-13.474462310473124,141.7487551382122,535.8767631848654
2021-04-11,6.839532470703148,5.320672607421898,6.132489776611351,93.46157328287761,100.0,494.6944463253021,8.825834111605927,5.73054515218361,0.14853566487630587,5.137839253743493,1019.434326171875,20.690827012062073,15.690944426576607,245.08199501037598,6.983361816406273,4.776788330078148,6.023801422119163,93.25463008880615,100.0,491.7847225666046,9.550956794811153,5.161275158083698,0.04125239054366148,4.995160675048851,1019.4175325520832,27.702226956685383,14.803462955266392,252.3031613032023,6.758996582031273,5.495385742187523,6.212524668375674,93.17824077606201,100.0,455.6805582046509,6.7124036371976565,5.3092549378804605,0.11152420043947586,5.16978480021163,1019.4844694010417,19.043721516927082,14.187500005374508,265.01643053690594,6.964013671875023,5.100244140625023,6.021752929687523,93.85972086588542,100.0,562.5902800559998,9.401458551212981,5.441418860468943,0.1808893839518646,5.090596771240257,1019.3687565104167,24.49380358060201,13.824629949192362,242.86424287160239,6.733605957031273,5.568322753906273,6.285769399007184,93.11851851145427,100.0,449.9722261428833,6.579520000510748,5.179524784469954,0.15466206868489962,5.246931966145837,1019.5873111979167,18.751684029897053,15.39675899387415,261.1415049235026,6.989221191406273,4.921655273437523,5.86893742879234,94.47499879201253,100.0,640.2500033378601,9.371660933616734,6.386086544187468,0.16401062011721024,5.034216817220056,1019.366162109375,23.808648506800335,13.169462925832098,241.5903034210205,6.742578125000023,5.648400878906273,6.28296305338544,93.13842709859212,100.0,384.2847189903259,6.530395071283104,4.7722358796591395,0.0792645772298215,5.243452962239587,1019.272529296875,18.814759453137714,14.198944497019207,257.7536156972249,6.774163818359398,4.968103027343773,5.943428293863955,94.13148244222005,100.0,565.4374980926514,8.29550147950089,6.109733054406894,-0.016111755371071013,5.060538228352868,1019.2241243489583,21.383305589358013,16.395555365403805,262.7586867014567
2021-04-12,6.550164794921898,3.1608520507812727,5.411676025390648,93.8791659673055,100.0,775.8124980926514,17.192673361607884,9.356012081066964,0.25792846679689774,4.487275695800804,1017.7640787760417,19.658252676328022,10.153796156829534,294.3978117307027,6.326837158203148,3.9374023437500227,5.528613026936871,93.50509230295818,99.94212977091472,1164.5694427490234,17.135618258769867,9.82189315553613,0.7072031656901459,4.537891642252646,1015.8388899739583,17.42136557896932,8.414741063936768,310.69753392537433,6.561456298828148,3.6881042480468977,5.383939361572288,93.1814816792806,100.0,539.8541646003723,16.59004708219567,9.152263283743467,0.3527325948079465,4.3491989135742415,1017.7433854166667,19.8359713157018,10.830740931870727,266.90084505081177,6.448541259765648,3.8552490234375227,5.8812627156575745,93.0120366414388,100.0,965.3958282470703,16.660739953315602,8.965271316929027,0.5409001668294309,4.818018849690759,1015.9959114583332,15.166451613108316,11.55727772709603,303.10826937357587,6.583947753906273,3.3577514648437727,5.247268931070987,93.49027760823567,99.99722226460774,470.3750030994415,17.302737432561905,9.565181371700055,0.3047284444173215,4.264979298909509,1017.9391373697918,21.156325340270996,15.220555406665275,275.321852684021,6.596704101562523,4.196984863281273,5.731455739339215,93.3004633585612,100.0,994.0069332122803,16.632606969635646,9.277125112661873,0.7245676676432709,4.712027486165368,1016.7566861979167,17.315478285153706,11.593389012656795,286.9565881093343,6.648004150390648,3.9263549804687727,5.646783447265648,91.3550910949707,99.99722226460774,376.61110949516296,16.349202533885318,9.407676795418944,0.5976654052734602,4.302266693115257,1017.4690266927083,17.926934758822124,21.729667164579343,270.6475585301717,6.594476318359398,3.2507263183593977,5.444842274983746,93.03564739227295,100.0,909.4930591583252,17.62875166504237,9.837807290437778,0.3447929382324446,4.390344238281273,1017.2128841145833,19.92568914095561,15.478222147852648,298.6967426935832
2021-04-13,12.092431640625023,0.10555419921877274,5.66141535441083,60.71898126602173,35.488889473179974,621.8333129882812,12.544302621256092,9.064564012001364,-0.4913111368815066,-2.213706715901651,1020.331357421875,-7.294451678792636,284.70242885298404,653.0219058990479,11.509881591796898,0.5619140625000227,5.5430262247721585,65.83749961853027,62.04166814684868,1279.6736335754395,14.92766477441053,9.750271743054304,-0.6745005289713504,-1.163963063557901,1019.468623046875,-7.474308252334595,274.26690550420125,647.2058327992758,12.312493896484398,-0.005895996093727263,5.825643157959007,56.355092684427895,25.28009280686577,337.00000762939453,13.118374463508436,8.271887636094077,-0.44909388224283475,-3.0917724609374773,1020.7772330729167,-6.3298683514197664,286.2055178673084,673.7436618804932,11.391168212890648,-0.26047363281247726,5.345539347330752,63.713425159454346,79.16620272397995,971.1319389343262,12.887991751913306,9.607138032343185,-0.7014195760090729,-1.8073219299316179,1019.3892545572917,-5.814638535181682,253.3105720464761,621.5936142603556,11.782250976562523,-0.27350463867185226,5.618915812174502,55.43564796447754,29.674999547423795,36.81944417953491,13.612682265564693,9.160303974973809,-0.6228202819823991,-3.4807139078776004,1020.776669921875,-4.545254747072856,287.5146919766751,702.0436871846517,11.497857666015648,0.11672363281252274,5.47751897176109,65.00324090321858,57.90509224931399,974.805591583252,12.71404212059454,9.481019793008128,-0.6482172648111941,-1.363620503743448,1019.999775390625,-7.796071648597717,276.0042389088,623.3769404093424,12.031579589843773,-0.41077270507810226,5.532712554931663,54.48055601119995,26.574999981947865,0.0,14.223093682666,9.441739368952646,-0.6358678181965729,-3.8133364359537723,1020.8492838541667,-4.367718577384949,287.7966622727302,714.1183433532715,12.072564697265648,-0.03952636718747726,5.686897532145205,59.82407363255819,41.45972271760305,701.2430572509766,12.716260952725378,8.812589560652151,-0.5116905212402116,-2.3980417887369754,1020.1085677083333,-8.510188897450766,283.8457766265492,652.6340681711832
2021-04-14,10.525415039062523,1.5290771484375227,5.990318552653018,59.006481329600014,50.48101790746053,3.201388887129724,9.074794644152325,5.746674911385632,-2.143443806966104,-1.9481211344401004,1022.95453125,1.6816987891991932,242.41699624892013,654.7487850189209,11.294488525390648,0.7274414062500227,5.878137207031273,56.845370292663574,38.38981556892395,622.8958225250244,7.866784383136365,5.653376595011577,-1.7541984558105241,-2.6012545267740848,1023.0337434895832,-1.10405699412028,264.2689791541391,632.4614055951437,10.918054199218773,1.3932434082031477,6.082988993326846,56.5791662534078,42.80694456895193,1.8819444295950234,8.633003367083697,5.708278423650914,-2.1244936625162723,-2.5007906595865848,1022.9620540364583,-0.2397882342338562,254.81180842088847,698.3845370610555,11.106225585937523,0.9219604492187727,5.99274597167971,57.626388708750405,48.56296364466349,338.75694465637207,8.571584845969442,6.045828328542597,-1.7337783813476335,-2.2375015258788835,1023.1519921875,-1.1951331694920857,253.14731350999014,632.816902478536,10.304956054687523,0.8716064453125227,5.792523956298851,55.83935213088989,33.45648112396399,3.4444444607943296,9.36367079449019,6.666608578793853,-2.2609619140624773,-2.8675610860188385,1022.87611328125,6.274945596853892,248.66230931684063,703.9394022623698,11.116540527343773,0.7481323242187727,5.870373026529971,55.2615753809611,38.528703689575195,38.1319442987442,8.699942283957391,6.042086354212892,-2.0664314270019304,-3.0094195048014285,1023.3049641927083,-1.9403008222579956,265.5145937157019,680.3474753697714,10.266900634765648,0.6260009765625227,5.6493698120117415,54.04398091634115,36.035648254056774,2.7291666800156236,9.45086829130427,7.002854738468841,-2.3998118082682254,-3.4491854349772098,1022.8476725260417,6.2336267828941345,254.12446247856133,708.760908126831,10.938287353515648,0.8137451171875227,5.78049240112307,55.92129532496134,43.78703792889913,1.263888877350837,8.607942710845892,6.008965652695628,-2.203635915120401,-2.8956804911295535,1023.4606966145833,-1.7196878393491108,260.83548323398765,681.3822263081869
2021-04-15,7.885369873046898,1.9515930175781477,4.396923319498721,84.32731437683105,92.25138918558757,286.111111164093,10.63470252195481,6.48305667798745,-3.5745452880859148,1.808510080973349,1022.1784993489583,17.08232272664706,186.0397214771559,505.8061714172363,9.583947753906273,2.2734008789062727,5.642316436767601,75.66388877232869,75.61713027954102,156.35416674613953,8.384110832907874,6.952609294037162,-2.5951192220051666,1.3484868367513059,1021.3323828125,6.390167375405629,230.23490737564862,623.4821618398031,8.066796875000023,2.1926513671875227,4.710533396403018,82.45370356241862,94.74907398223877,254.21527767181396,10.837106834409896,6.692000742858117,-3.5443786621093523,1.7457621256510834,1022.3077669270833,17.35498293240865,181.82644003001042,549.6567862828573,10.027124023437523,2.4973388671875227,5.925710296630882,70.82546218236287,83.83657423655193,126.22222304344177,9.976840736185016,6.572568173797886,-2.6528394063313385,0.6243275960286496,1021.57662109375,6.802793542544047,230.46066884929314,708.5990721384684,8.445611572265648,1.9581542968750227,4.730535125732445,81.2518531481425,92.51574071248372,221.48611116409302,10.494921511837509,6.905043569702122,-3.6200215657551666,1.5300270080566634,1022.31142578125,14.739354853828749,223.4090888428036,571.2690626780192,9.328363037109398,2.0505615234375227,5.397176361084007,75.90786933898926,89.40185038248698,194.77083206176758,8.895559428654702,6.746414780595161,-3.089561208089151,1.1522613525390852,1021.8443424479167,7.530587623516719,242.62529469824707,649.303394317627,8.338891601562523,1.6400695800781477,4.7248194376627835,78.22453769048055,93.32824103037517,144.93749952316284,11.068316395892266,7.100063313208601,-3.6148882548014285,0.9837801615397552,1022.211884765625,14.359590748945871,215.50807482741462,597.0874640146891,8.230767822265648,1.6938720703125227,4.599085744222028,81.83796326319377,92.56296380360921,258.6388883590698,9.83018675372631,6.827723079883479,-3.4668296813964616,1.5453010559082259,1022.2155436197917,12.903851429621378,218.27759081606442,533.4627173741659
2021-04-16,11.537622070312523,1.9865966796875227,6.558110809326195,68.92222325007121,77.4680544535319,185.4027762413025,7.634976253801149,4.544384605673779,-1.6987759908039948,0.45311253865560275,1019.6415787760417,-8.590901990731558,260.5517596141435,668.2621531486511,11.807641601562523,1.9696594238281477,6.785189565022809,68.61249860127766,53.78750060002009,371.569447517395,7.746782056882862,4.432592008431996,-1.4243555704752566,0.5749603271484602,1019.3281380208333,-12.138238588968912,280.9128172240841,664.2252169450124,11.463311767578148,2.0360656738281477,6.489527638753278,68.68842554092407,77.64398121833801,95.19444441795349,7.211359536904157,4.540551870273103,-1.6857449849446198,0.31757888793947586,1019.637529296875,-8.615521748860678,260.10266525282833,658.4712429443995,12.023736572265648,2.1527343750000227,6.97919108072919,66.19675874710083,58.6912043094635,328.29166412353516,7.986032856121833,4.47269719819963,-1.3691365559895416,0.2001243591308821,1019.3688606770833,-12.30466123421987,276.65734381166595,691.1974984804789,11.118615722656273,1.2336669921875227,6.10989913940432,67.14259211222331,73.29444432258606,53.73611068725586,7.344189197342685,4.949113627754715,-1.9552469889322879,-0.36975708007810226,1019.968740234375,-6.329625606536865,261.75700386287645,647.1709452867508,11.841424560546898,2.1289916992187727,6.705281829834007,68.84305540720622,69.91203769048055,315.56249809265137,7.4270728915051345,4.563909474572734,-1.6050984700520416,0.5199256896972884,1019.2501204427083,-9.736832320690155,272.67618086685735,681.7433765729269,10.923120117187523,1.0350585937500227,5.865874226888043,65.68472131093343,77.97963015238444,24.923611223697662,7.977747629340323,5.478070193836136,-2.1683931986490848,-0.847312672932901,1020.0064453125,-4.109523097674052,262.65649584385875,658.2487494150797,11.561090087890648,2.0361572265625227,6.558619435628278,69.48981507619222,81.87037181854248,242.47222423553467,7.392429223400345,4.59416989870168,-1.7694101969401004,0.5858334859212277,1019.4572884114583,-10.094167053699493,257.15662396714714,687.7349762121836
2021-04-17,13.735864257812523,2.6911865234375227,8.064954376220726,54.36111291249593,59.814815521240234,5.034722119569778,8.951027783276379,5.9129887287413,0.8140541076660384,-1.2014119466145416,1015.9433235677083,-14.019033511479696,274.60868900517625,621.4399621486664,13.236840820312523,2.2663513183593977,7.811513519287132,60.756480852762856,49.824999729792275,192.0138864517212,7.869024293032257,6.182383064081979,1.0484558105468977,0.12704493204756773,1015.9113899739583,-9.144339402516684,261.10081189467263,583.4189785321554,13.229058837890648,2.7395263671875227,7.920566813151065,55.39675792058309,74.73240633805592,3.909722223877907,7.805617704540115,5.556268726760187,0.7089274088542084,-1.0173960367838504,1016.2034244791668,-10.602037986119589,248.2667823927477,565.1711793740591,13.471551513671898,2.2861877441406477,7.876171366373721,59.594906171162926,67.46018449465434,101.22916412353516,7.7960344456002115,5.832765975780603,1.0725926717122434,-0.1480595906575104,1015.829140625,-11.52044447263082,264.3312920757259,582.6051815350851,13.495751953125023,2.7157531738281477,7.973371124267601,55.52222204208374,57.87916707992554,0.8055555652827024,8.559602660231127,5.5321476800686575,0.5669914245605696,-0.9736033121744754,1016.1798958333333,-12.907881577809652,269.38061186174554,608.482801993688,13.284875488281273,2.1095520019531477,7.71878840128583,58.98518387476603,54.16527767976125,57.34722185134888,8.033699616048949,5.797202201765544,0.7824061075846771,-0.43955078124997726,1016.01447265625,-11.850659529368082,273.5313457744196,612.3066077232361,13.122583007812523,2.7143188476562727,7.781472778320335,55.631944020589195,70.46342547734578,0.1597222238779068,7.847285373306399,5.719205962050737,0.3811940511067746,-1.0370035807291629,1016.15091796875,-12.480109771092733,264.32520319925,609.0730499426523,13.356561279296898,2.1036315917968977,7.764732615153018,58.33379586537679,45.25046309828758,28.52083384990692,8.434188039448031,5.876815798475568,0.6665003458659271,-0.5802266438801666,1015.9936002604168,-12.665875911712646,276.2731692617138,620.6377917925516
2021-04-18,13.300988769531273,3.2392211914062727,8.271601613362654,60.570370038350426,40.00277781486511,3.569444429129362,9.005836699378504,6.0344037753777675,0.7787834167480696,0.6902099609375227,1015.1281510416667,-9.105352958043417,262.9393353660901,644.1741358439127,13.301263427734398,3.9200378417968977,8.48228480021161,61.556944847106934,79.66944456100464,6.375,10.419308869754463,6.405716387268374,1.0246304829915402,1.150123850504599,1014.891845703125,-7.935550212860107,252.38194887060672,629.9032929738363,13.004449462890648,3.9939208984375227,8.481192525227888,60.87175909678141,54.31111224492391,5.97222213447094,8.632771192182359,5.581368693136587,0.6371589660644759,1.0018707275390852,1015.319501953125,-7.4049192269643145,246.81120915804058,627.7395222981771,12.883599853515648,4.662072753906273,8.576832071940126,63.09444570541382,93.02870337168376,5.812499925494194,9.711743156849229,5.986305824760701,0.9265902201335052,1.6740915934245209,1015.0884244791667,-8.599368015925089,225.63618735627583,598.3784560362498,11.955224609375023,5.074731445312523,8.227663930257185,64.52407423655193,70.80277856190999,11.875000059604645,7.623240065714645,4.231271083958467,0.0375940958659271,1.6770314534505246,1015.9352864583333,-3.470191811521848,204.60474003354707,554.772677898407,13.424340820312523,3.4944396972656477,8.535777028401716,60.29351774851481,49.01342646280924,3.236111104488373,10.124846298136907,6.589756468589912,0.9276837666829465,0.8842165629069427,1014.9840234375,-8.460504134496054,263.1441849768162,661.9937222798666,11.839013671875023,4.942376708984398,8.028039550781273,64.4078704516093,84.54953797658284,17.53472237382084,6.883898798694066,4.533952685313101,-0.07882792154947538,1.478974914550804,1015.8996419270833,-1.1674882372220357,201.60682969726622,561.5504598617554,12.929711914062523,3.7758117675781477,8.38266779581708,60.7101845741272,80.48379516601562,2.4444444701075554,9.754214837095255,5.852609187245238,0.7014709472656477,0.9132514953613509,1014.8004427083333,-7.5660044352213545,245.36320996067175,619.6868047714233
2021-04-19,14.644769287109398,3.9352966308593977,9.375510152181013,58.795833905537926,69.64490715662639,28.84027761220932,8.234225394369528,5.162669395540466,1.256862894694052,0.9074035644531477,1015.4358430989582,-17.442758957544964,274.7233203652625,692.8210881551107,13.791131591796898,4.072290039062523,8.952212270100935,64.47777843475342,61.280092080434166,42.11805558204651,8.17379151161879,5.577645985540882,1.099238332112634,2.0818483988444427,1014.5204557291668,-10.375988324483236,265.21559000729275,637.8134965896606,14.536492919921898,3.8614746093750227,9.357600148518904,59.5009249051412,77.88425874710083,24.618055164813995,8.573304379093297,4.909825604599817,1.2016883850097884,1.086117045084677,1015.6041861979168,-17.184748192628224,274.96798045933247,680.4211537043253,13.803582763671898,4.761102294921898,9.286533610026064,64.08055686950684,62.168054739634194,46.10416638851166,9.70074132451518,5.557193237753521,1.1763613382975677,2.324067687988304,1014.8452115885417,-8.381024062633514,251.36292493188134,639.3596537907919,14.420800781250023,3.7281127929687727,9.16740442911786,62.51296250025431,82.21712859471639,56.84722137451172,8.053766213719236,5.024794828267792,1.1232086181640852,1.5474487304687727,1015.9080891927083,-14.092418000102043,268.1283576944843,625.7708734671274,14.350000000000023,4.024804687500023,9.380108133951845,61.37175989151001,54.80370267232259,43.07638919353485,9.936055098871181,5.287423356039377,1.2534093221028684,1.7148465474446652,1015.2522591145832,-13.372635662555695,274.7611310593784,675.5768922170004,14.533959960937523,3.8564697265625227,9.311135864257835,60.0060183207194,82.90601968765259,17.409722328186035,7.8249870988011185,4.764718856572508,1.1459569295247434,1.1573183695475677,1015.8729231770833,-15.6175856590271,264.48627621990937,641.8763863245646,14.352960205078148,4.105676269531273,9.39002380371096,60.74629656473795,72.00185124079387,62.472222328186035,7.977744197759667,4.895621109712798,1.1996042887370209,1.4201649983723996,1015.29458984375,-14.709714651107788,267.44085496943444,685.8235438664755
2021-04-20,16.027764892578148,4.351342773437523,10.136294301350935,56.94351895650228,36.482407649358116,12.972222059965134,10.26275892149291,6.548457972088496,3.2771036783854584,1.3475229899088959,1015.0562630208333,-14.563678741455078,290.91470666291815,643.8832542101542,15.836694335937523,4.512048339843773,10.113582865397158,56.59722344080607,29.986574331919353,35.23611104488373,9.302195609699398,6.460871711834803,3.188063557942712,1.3038218180338959,1014.2430859375,-13.629495620727539,288.00372623031336,667.3489003181458,15.958612060546898,4.500085449218773,10.137787119547548,58.98842604955038,41.30046264330546,18.166666597127914,10.903021574201869,6.575837403563621,3.3296053568522552,1.865383402506552,1015.074775390625,-14.679381291071573,289.92575966380537,628.2324115435282,15.522729492187523,4.500909423828148,9.972915903727236,58.79953686396281,51.068980852762856,35.06944417953491,9.429835172583905,6.110032748661827,2.7918436686198334,1.8329050699870209,1014.696640625,-11.888476848602295,284.520457757016,653.3731935024261,16.055169677734398,4.694451904296898,10.272620137532575,58.01388740539551,47.7259259223938,14.645833164453506,10.044301371205215,6.506156182886147,3.365759785970056,1.749909973144554,1014.99376953125,-15.960878928502401,290.6310868492971,642.0756724675497,15.816644287109398,4.263665771484398,9.93942794799807,58.55509297053019,37.797684828440346,72.22916769981384,10.170393829329853,6.457819849162992,2.9242556254069427,1.6034548441569427,1015.0851106770833,-13.878066857655844,288.9321252355973,653.156576792399,16.044122314453148,4.597436523437523,10.230767822265648,58.151851971944176,49.47500044107437,14.312500149011612,10.191520674696951,6.679315487818902,3.333711242675804,1.699617004394554,1014.9897916666667,-15.868381579717001,290.9481132638951,650.1700199445089,15.901086425781273,4.478814697265648,10.112700398763044,57.70925919214884,38.77222232023875,27.673610985279083,9.650180570758826,6.248949995680248,3.041822052001976,1.5588546752929915,1015.0992740885417,-14.139811356862387,288.8563117167602,660.0880345503489
2021-04-21,15.108850097656273,5.862481689453148,10.261958058675154,71.64259401957194,73.43935028711955,50.89583373069763,10.13912265498903,5.560357920490962,2.8615763346354584,4.884793853759788,1017.1678645833333,-6.656566301981608,263.5742873152097,600.5455930233002,15.478387451171898,5.602868652343773,10.201620992024763,70.26064984003703,60.62777884801229,49.11805534362793,9.589902133003644,5.003317474321449,3.0014739990234602,4.529567972819052,1017.0640885416667,-6.2284196217854815,242.2081409562379,602.7000618775686,13.927758789062523,6.158807373046898,9.987549082438173,73.50416707992554,81.85879786809285,40.43055546283722,10.543484353475442,5.001729979739362,2.710810597737634,5.146929677327478,1017.0039713541668,-1.802131175994873,227.81144780665636,525.2489905357361,14.801934814453148,5.734002685546898,10.190423583984398,72.06157493591309,63.96898126602173,54.02777826786041,10.145110621681376,5.415846104690143,2.8944488525390852,4.964020029703818,1017.0827376302083,-6.205631335576375,241.90505661194524,592.5542327562968,14.682305908203148,6.271539306640648,10.19806823730471,70.67500003178914,83.5481481552124,36.3402778506279,8.921017515718496,4.860210372119089,2.8775077819824446,4.682215627034509,1017.177177734375,-3.770712693532308,227.19653800316155,566.1891434987386,14.711602783203148,6.064324951171898,10.151709493001325,72.17592557271321,75.50185187657674,47.04166615009308,10.161211873016239,5.192652236340064,2.783320363362634,4.962105051676474,1017.1112467447917,-4.5641188621521,238.97852464330694,587.6467604637146,14.490808105468773,6.092858886718773,10.126977539062523,71.51944541931152,83.59305588404338,37.32638877630234,8.127619489906662,4.713142063469825,2.7387557983398665,4.8010421752929915,1017.0301432291667,-3.8653152783711753,220.00488804839551,560.1560624440511,14.322656250000023,6.090539550781273,10.028981781005882,72.71296215057373,75.23703598976135,53.472222208976746,10.28460480709923,5.219221492365922,2.694637552897177,4.981532033284509,1017.3180305989583,-4.343431234359741,239.27670553388694,553.8972942829132
2021-04-22,17.327813720703148,6.052911376953148,11.5814033508301,64.71481561660767,22.775000602006912,54.6111114025116,8.564158391173505,4.880357941783836,4.081843312581384,4.56732076009115,1017.9252083333333,-19.66040325164795,288.36318650096655,576.1684718132019,16.760888671875023,7.876489257812523,11.845039621988954,67.61342748006184,56.18981365362803,123.33333349227905,7.820013264441506,4.327260434171549,3.694538370768271,5.459049479166708,1017.3672135416667,-16.82687822977702,236.69933885149658,583.6374629338583,17.528436279296898,5.927941894531273,11.658832804362001,63.263425509134926,19.08425970872243,42.645832896232605,8.631233500485063,4.969125880755051,4.198196665446005,4.286499277750693,1017.9375162760417,-19.623873869578045,287.1822537680467,592.5888659159342,16.623559570312523,7.406030273437523,11.620147959391298,68.7300926844279,56.256945649782814,99.04861283302307,8.501020609378198,4.6710174049653945,3.7424051920573334,5.497815704345726,1017.1843001302083,-16.98491915067037,240.52181645606956,574.4097599983215,17.486413574218773,5.918420410156273,11.617851511637392,63.10555553436279,18.37129630645116,29.8194442987442,8.451452312623083,4.895405420296274,4.101912434895837,4.1920944213867415,1018.2149186197917,-19.508911927541096,287.499391483143,594.6088522275289,17.188745117187523,7.491143798828148,11.841639455159529,66.97083298365276,48.68750065565109,91.11805462837219,8.823537306728955,4.614830295327003,3.775702412923181,5.333605702718103,1017.8547721354167,-19.251142819722492,254.47542691417038,587.4739406903585,17.452600097656273,5.790551757812523,11.53263880411786,61.949073473612465,14.340740670760473,12.388888776302338,8.749931669523779,5.107223716230616,4.06296310424807,3.817445373535179,1018.2562239583333,-19.530493418375652,290.7797175881763,596.6250200271606,17.182000732421898,6.154870605468773,11.615221913655622,66.44073979059856,27.070833444595337,96.44444537162781,9.212519244214743,5.121708659367783,3.9239860534668196,4.981215413411462,1017.8583984375,-19.182188987731934,280.07258155631524,581.3757288455963
2021-04-23,16.895745849609398,8.123834228515648,12.185408528645857,62.43379624684652,39.701388816038765,1.5208333395421505,9.231035420913903,6.248186195290963,4.384598032633505,4.947724914550804,1021.4760611979167,-9.281785329182943,230.3777850717306,562.0877044200897,16.815148925781273,7.530297851562523,11.967427825927757,64.3745363553365,28.972685366868973,59.67361092567444,8.719530076803466,6.74653549918346,4.4621991475423215,5.191084798177087,1021.0170442708333,-11.240930557250977,249.30226209635535,561.5741952260336,16.856683349609398,8.423822021484398,12.179437255859398,63.37592633565267,44.20324047406515,2.972222179174423,8.45880597693209,5.794173171198715,4.317152913411462,5.1482953389485715,1021.555205078125,-8.210496028264364,219.1176650536557,555.3060541947683,16.799035644531273,8.319604492187523,12.213538106282575,64.06990671157837,44.89999979734421,46.423611640930176,8.716179231580327,6.0837437829948655,4.438155110677087,5.356168365478538,1021.0024674479167,-11.247790098190308,226.7064983136952,581.3772552808126,16.685906982421898,7.240655517578148,11.811793263753279,63.11527681350708,30.880555232365925,2.6249999403953552,7.826190518707393,5.948191411867541,4.156184132893884,4.747537231445335,1021.856396484375,-9.282062451044718,229.19559050972262,511.5671846071879,16.672357177734398,8.531365966796898,12.1277900695801,64.17916631698608,47.91064896186193,32.56944406032562,9.158020393164923,5.874225434238679,4.320825195312523,5.30911534627279,1021.401845703125,-8.450473700960478,215.95839154844484,560.0325733820597,16.908135986328148,7.114038085937523,12.123234049479189,62.21805556615194,24.087036808331806,0.48611112125217915,9.318202309669982,6.383588604214677,4.320302581787132,4.79789759318038,1021.4435709635417,-12.246092955271402,253.38320271670818,579.0423005421957,16.757318115234398,7.197412109375023,11.931356048584007,63.72314723332723,29.376388867696125,14.381944060325623,9.024055961367441,6.115677970085656,4.193989054362021,4.978353118896507,1021.4627669270833,-9.055562019348145,239.44114745408297,561.4703761736552
2021-04-24,18.503228759765648,9.491815185546898,13.540010070800804,65.74027903874715,40.459259033203125,2.076388895511627,7.055939685627292,4.302691066430441,5.396478271484398,6.819019571940146,1021.4647233072917,-18.34825523694356,220.39162642260393,557.7802837689718,19.006738281250023,10.094567871093773,13.956043497721376,64.53425852457683,54.2018518447876,2.5833332911133766,7.283810158618229,3.9825148875664937,5.594967142740927,6.955743408203148,1021.28935546875,-22.69887129465739,238.09818385293087,581.2330150604248,18.696618652343773,9.740869140625023,13.555460866292341,66.24953587849934,41.1370370388031,1.4722222536802292,7.139704190936947,4.152663996972623,5.386295572916708,6.964604949951195,1021.6095084635417,-19.721888224283855,229.00992734357715,548.390202999115,18.301812744140648,9.478112792968773,13.730859375000023,65.26713069279988,41.503241181373596,4.118055552244186,7.392676365531376,4.059943582991695,5.524250284830771,6.930165863037132,1021.2979134114582,-18.975467046101887,235.14462129275003,570.0430039564768,18.591149902343773,9.410821533203148,13.407306925455751,66.54629675547282,40.191202918688454,0.5555555736646056,6.550426163413459,4.229450669053031,5.368109639485681,6.917996978759788,1021.8117252604167,-18.90141749382019,221.1172212647895,519.3181143601736,19.036157226562523,9.761102294921898,13.831318155924501,64.00694417953491,39.34120464324951,3.222222164273262,7.8957818527789465,4.481014156798902,5.531265513102255,6.698342895507835,1021.5082942708333,-23.81701962153117,252.7370177594324,595.7284081776937,19.009759521484398,9.141870117187523,13.611479695638044,64.17129691441853,32.1092592527469,0.0555555559694767,7.943756311198468,5.076684187349747,5.700092569987021,6.559191640218103,1021.4586751302082,-20.628338893254597,242.96373789881667,558.5911815961202,18.697320556640648,9.433007812500023,13.783494567871116,64.73472197850545,41.13796327511469,1.8680555745959282,7.632239319178233,4.231224859735309,5.557032521565759,6.824946339925134,1021.3176041666667,-21.625365734100342,248.4862167648971,593.4894064267477
2021-04-25,20.474389648437523,9.313256835937523,14.788494364420595,62.93286959330241,49.608333468437195,3.1805555783212185,9.464590164348035,5.567733958667944,7.525059000651083,7.37596155802413,1016.9373697916667,-24.08992067972819,282.6405715371172,551.1631313959757,20.309350585937523,9.163018798828148,14.590964253743513,63.26481453577677,69.01759153604507,4.48611106723547,10.236444237567712,5.939342797092174,7.244977569580101,7.273311869303427,1017.3360709635417,-23.430559158325195,278.09890709569055,578.1245289246241,20.534692382812523,9.212426757812523,14.747094726562523,62.9138887723287,40.18888886769613,3.423611130565405,9.2865200550866,5.619611962881192,7.5330062866211165,7.31350987752279,1016.882783203125,-24.692944367726643,286.62118823453784,552.7269260088602,20.220330810546898,9.225701904296898,14.644136047363304,63.24305550257365,54.91388940811157,4.062500014901161,9.49306034505768,5.646020558171437,7.3290509541829465,7.310080464680993,1017.0924544270833,-23.191343466440838,285.66813213129836,569.5681345065435,20.539575195312523,9.315393066406273,14.721011098225935,62.69027598698934,47.51990695794424,3.4444444673135877,9.128364045341288,5.730105300560775,7.535766855875693,7.22879308064779,1016.7259309895833,-23.08370367685954,283.7296824256579,551.1495807170868,20.268060302734398,9.150659179687523,14.693009948730491,63.274999936421715,51.88472157716751,2.2222222425043583,9.424857901025282,5.681384314272001,7.334816233317099,7.357953643798851,1017.034326171875,-23.433620929718018,286.5026659419139,565.612019777298,20.455468750000023,9.338433837890648,14.74830271402997,62.06851895650228,50.51111149787903,2.770833328831941,9.03362659479884,5.731181816631119,7.7678632100423215,7.133145904541038,1016.4041861979167,-22.812684377034504,283.8187258330484,538.6493142445883,20.393090820312523,9.246087646484398,14.776088968912783,62.76296281814575,45.82962900400162,1.7708333316259086,9.539823005046385,5.6198298489417455,7.480140940348349,7.31834437052413,1016.9212272135417,-23.613447030385334,285.2390764740606,551.717458486557
2021-04-26,12.305566406250023,9.721215820312523,11.195208485921247,81.7439816792806,99.99953715006511,66.50694459676743,5.8964197086994545,3.901838366290368,5.134319559733115,8.006857808430993,1014.5805078125,20.81638726592064,48.566722518919654,295.2518952687581,14.282586669921898,10.945611572265648,12.319547271728538,82.52777894337972,99.88425954182942,67.81250071525574,5.246440288293479,3.1907763922949557,6.06816126505538,9.242826080322288,1014.146591796875,10.335329813261827,74.67016624410947,279.66378847757977,12.432641601562523,9.026361083984398,10.733116404215517,86.74861081441243,99.98703734079997,123.43055558204651,4.994114143472383,3.5821406144769994,4.984096781412802,8.483374532063806,1014.4641959635417,27.695641954739887,26.101962527881067,260.4635272026062,13.136834716796898,10.541558837890648,11.989204661051454,82.97962919871013,100.0,71.35416680574417,4.642418202632622,3.1732421520658316,5.953438059488974,8.953905995686853,1014.1230631510417,13.264311370750269,53.61116703196118,239.82713294029236,12.208673095703148,9.166436767578148,10.747759755452497,85.80648136138916,99.99490801493327,112.36805522441864,5.239570104333785,3.4292094251069947,4.948370869954431,8.31858851114913,1014.1396614583333,27.694249272346497,25.811351471270125,264.9269995689392,13.019586181640648,10.060601806640648,11.594879404703798,81.99074045817058,99.95509243011475,64.23611146211624,5.932956196470293,3.348880055252401,5.58549524943038,8.42322947184249,1014.2693717447917,17.418784270683926,57.591611905644335,271.60271708170575,12.422601318359398,9.219934082031273,11.025411224365257,82.36944262186687,100.0,77.93055629730225,4.663971030395502,3.3439654240228935,5.043932851155603,7.943808492024743,1013.6324055989583,25.7618586619695,23.85259189984451,260.2976400057475,12.339624023437523,9.806268310546898,11.392400360107445,81.5587968826294,99.72453657786052,61.340277671813965,5.737966152285452,3.2113704213725818,5.340515391031943,8.158251698811853,1014.40271484375,20.783156094451744,41.542017858630665,275.85235532124835
2021-04-27,9.138604736328148,8.366113281250023,8.739971415201845,93.91018358866374,100.0,241.30555534362793,4.588391251770321,3.4856332239424987,2.8558224995931027,7.790494537353538,1009.3476106770833,17.857679804166157,19.33146282378584,246.1063658396403,9.564660644531273,8.430047607421898,8.884224192301454,94.79398123423259,100.0,515.6527757644653,7.297620436215923,3.7352273921040466,2.7972872416178802,8.083589172363304,1008.7292024739583,20.14569652080536,18.743796135143686,263.15224838256836,9.317590332031273,8.362573242187523,8.754685974121116,94.531481107076,100.0,187.3055543899536,4.873496128506975,3.4362409928914928,2.8003479003906477,7.912859853108728,1009.5306412760417,16.081333100795746,20.931907285780955,251.1261879603068,8.860620117187523,8.310876464843773,8.548247273763044,95.3824094136556,100.0,510.8819417953491,5.244816110866087,2.886357589511325,2.4954035441081146,7.842694854736351,1009.4996451822917,19.22476013501485,13.297944309345135,233.93962399164835,9.953210449218773,8.366052246093773,9.019385274251325,91.97268454233806,99.91018549601237,73.25,4.979922798055883,3.556563310193971,2.7759885152181027,7.744467671712243,1009.6542805989583,13.177767261862755,32.74566654364268,285.04943625132245,9.037683105468773,8.319299316406273,8.646044667561872,95.25925954182942,100.0,442.32638931274414,6.094622545041738,3.258899819004815,2.6268096923828352,7.923885599772177,1009.2586555989583,18.50108341375987,13.839092323866984,213.65643533070883,9.867395019531273,8.394342041015648,9.021366373697939,91.02916685740153,99.90277735392253,50.35416716337204,5.0570223383121595,3.7843453094178963,2.6821151733398665,7.579970296223962,1009.6241438802083,12.98271424571673,36.51605472589532,292.1414511998494,8.963128662109398,8.183343505859398,8.57443517049156,94.3472220102946,100.0,354.31944847106934,5.2604313290717295,3.026004684956592,2.4371760050456146,7.716069793701195,1009.345693359375,19.633585413297016,17.696944183514763,207.47475369771323
2021-04-28,14.204187011718773,8.259545898437523,10.741773223876976,79.77129650115967,96.52638912200928,57.84027814865112,6.752763581813538,3.0615572737126997,3.5234682718913177,7.143159484863304,1009.19197265625,-15.413024028142294,147.8681093926231,368.8185923894246,12.924523925781273,8.096459960937523,10.174260711669945,86.2740748723348,97.50277709960938,274.90972232818604,7.366923606941364,4.047983615952504,3.8690277099609602,7.854011789957724,1008.2295670572917,-8.282562037309011,120.61124216703077,341.8907693227132,13.359796142578148,8.230737304687523,10.303973134358747,81.03286965688069,95.79861005147298,25.694444179534912,6.518677515362898,3.2408080220404627,3.392647043863974,7.027310943603538,1009.3941276041667,-10.350134789943695,124.8937568962574,321.7596417268117,12.332086181640648,8.158471679687523,9.983459726969423,87.61342525482178,98.2060194015503,228.32638931274414,7.1476027678775225,3.7808007468109577,3.628736114501976,7.908124542236351,1008.4444954427083,-7.273783365885417,123.8261505657186,325.8479642868042,13.915307617187523,8.461206054687523,10.570569610595726,81.95046138763428,97.69536940256755,18.47222226858139,8.55186243216354,3.81331271889256,3.5318542480468977,7.424283599853538,1009.0436686197917,-11.349199612935385,140.95151896898946,393.2539439201355,11.968286132812523,8.324487304687523,9.92100550333661,86.30601851145427,97.87222194671631,98.2013885974884,7.124999952632793,3.7624362754370275,3.7127179463704465,7.6434315999349,1008.7642643229167,-1.458543320496877,106.96481334914763,305.7112153371175,14.060174560546898,8.575463867187523,10.45551452636721,83.06064891815186,98.49722258249919,11.368055395781994,8.345778983188866,3.6185333654510594,3.5427769978841184,7.532058970133505,1008.8122688802083,-11.67425004641215,132.2158515987297,369.0509204864502,13.719750976562523,8.208795166015648,10.662769571940126,80.7388900121053,96.10462951660156,78.97916722297668,7.435530129403412,3.4898466002141255,3.619654591878259,7.281219736735068,1009.1080403645833,-11.615273356437683,150.3023904208094,364.28364817301434
2021-04-29,9.833367919921898,9.012048339843773,9.444362894694033,93.64629618326823,99.86712964375813,134.70138823986053,4.2783334108569635,2.5112685932019545,3.883070882161462,8.43336893717452,1010.55416015625,12.211894512176514,12.998777931245664,136.7429631551107,10.625573730468773,9.469018554687523,9.953518168131533,94.09305477142334,99.92222181955974,279.20138597488403,6.552782112477236,4.557089973483046,4.3127062479655365,9.020616149902366,1010.2523958333333,11.02914591319859,15.048555641435087,180.07043298085532,10.240869140625023,9.248986816406273,9.663999176025413,93.51712958017985,99.9634256362915,158.08333373069763,4.518111746323062,2.9147359433780955,4.036683654785179,8.630242919921898,1010.131318359375,12.590548033515612,13.260629549932977,158.47012869517008,9.973382568359398,9.119012451171898,9.456741587320986,91.8189811706543,99.88611062367757,123.25694477558136,5.153395561656061,3.183216285544454,3.8425816853841184,8.156148529052757,1010.988564453125,12.068533713618914,14.485500291610757,134.95074049631754,10.734155273437523,9.486260986328148,9.95685729980471,93.2782408396403,99.99629656473796,150.25,4.2890850646326415,2.9768836737533277,4.14460144042971,8.883840179443382,1009.8469303385417,9.231923047453165,20.79164875143518,174.3610922495524,9.379113769531273,8.890618896484398,9.191646830240908,93.13240845998128,99.63148148854573,165.8888885974884,4.948085317444652,3.0706363071369176,3.8783737182617415,8.105612691243493,1010.8072623697917,13.916218936443329,10.733685052022338,123.9808440208435,11.822534179687523,9.805688476562523,10.456147766113304,92.84027894337972,100.0,126.88888847827911,4.994583249156135,3.309368951221639,4.48859812418624,9.297903951009118,1009.2697005208333,3.6457504307230315,36.262129313622914,206.48962752024332,9.491082763671898,8.731195068359398,9.20984802246096,93.9222224553426,100.0,140.68749964237213,5.007177418859154,2.970875794375136,3.8957433064778684,8.25772628784182,1010.57302734375,13.049467792113623,12.87442586881419,143.0535184542338
2021-04-30,13.805566406250023,9.670495605468773,11.166371917724632,87.60972150166829,99.82777722676595,306.0208339691162,5.597349905374426,3.498896901576021,5.304678853352868,9.120889282226585,1011.1636946614583,-10.083434621493021,79.6199096639951,138.78101936976114,13.182153320312523,8.898553466796898,10.741752878824892,88.18333276112874,99.64537048339844,277.2083330154419,5.5051429272947505,3.1085305072515887,5.120945231119833,8.829750315348349,1011.9329134114582,-7.932782272497813,66.23066778449963,147.84387652079263,11.229028320312523,8.935937500000023,10.162831878662132,89.52499834696452,98.93148104349773,451.0,6.003767504006004,3.745709906877123,5.056584930419945,8.506433105468773,1011.2524576822917,3.1512947976589203,31.257741259721417,84.91977381706238,12.305535888671898,9.202050781250023,10.506453450520857,90.30694389343262,99.60787010192871,309.32638931274414,5.6498930732515324,2.871276438672379,5.022747294108115,8.958273824055993,1011.8607747395832,-3.721890697876612,48.152795828102775,120.45992358525594,12.199304199218773,8.978448486328148,10.417927042643251,88.65694363911946,99.4092591603597,445.0486125946045,6.718235378464158,4.100882025940507,5.276887512207054,8.600010172526083,1010.9488704427083,-0.13279736042022705,46.83031432672093,104.4722638130188,11.361108398437523,9.329339599609398,10.221720631917341,91.76898129781087,99.97638861338298,312.1458330154419,6.521832300121468,3.5466350143304974,5.050117746988974,8.933031972249353,1011.844248046875,1.3032676974932353,26.407222311478108,89.46328592300415,13.920678710937523,9.340173339843773,10.834177907307966,87.8430544535319,99.7361110051473,64.56944453716278,6.949382105448604,3.974704733942811,5.3277692159016965,8.849876658121786,1010.8422526041667,-6.195401281118393,74.29609301220626,132.95907751719156,12.738885498046898,9.494439697265648,10.749166107177757,90.9800926844279,98.02592595418294,323.4027805328369,6.140281594160461,3.955133995902026,5.243777211507165,9.30995585123702,1011.5202701822917,-3.2798968056837716,48.42209339351393,112.36232535044353
2021-05-01,16.388696289062523,10.713403320312523,12.593433634440126,89.27499898274739,99.95416609446208,281.82639265060425,7.690539387223305,3.855438426626707,6.3621014912923215,10.77054112752279,1008.8344563802083,-15.991356015205383,159.71668701649955,260.55552943547565,15.893609619140648,10.606530761718773,12.480484263102236,88.95694255828857,98.99074172973633,505.70832920074463,7.244531393875835,4.248255834046913,6.405189768473349,10.619187927246116,1009.5384830729167,-12.615537842114767,140.56116538929442,222.80927515029907,15.574243164062523,10.727807617187523,12.274453735351585,90.50972112019856,98.92453829447429,295.7638862133026,6.644149594275395,3.7005655075555843,6.163667297363304,10.683396911621116,1008.6938932291667,-9.99080995718638,111.19083482663457,214.45951239267984,15.875665283203148,9.880120849609398,11.832934315999372,89.20601844787598,98.77037111918132,596.3888874053955,7.85671820186314,4.309247170135343,6.087904866536462,10.036506907145224,1009.6963151041667,-14.967339813709259,133.02077866500863,206.13892769813538,14.949975585937523,10.408959960937523,12.000700887044294,91.47916603088379,98.84953657786052,284.52083683013916,7.4845630728973465,4.012730690227595,6.092178599039755,10.59104944864913,1008.5254329427083,-6.302575039366881,81.80677621035527,192.36451292037964,16.289880371093773,10.161523437500023,12.205584462483747,89.49999904632568,98.50462913513184,682.7152786254883,7.530760749525516,3.7505886399721127,6.117534891764365,10.422509765625023,1009.4359765625,-14.341747343540192,133.72464715161672,239.45875565210977,14.906518554687523,9.781274414062523,11.686977640787783,91.93888664245605,99.39768600463867,247.89583373069763,9.490114512749914,4.4735468846102515,5.97050501505538,10.369618988037132,1008.3865266927082,-0.47953129808108014,63.14827753293017,191.69158363342285,16.374627685546898,10.316674804687523,12.718494669596376,87.89537080128987,94.89814726511638,302.6666650772095,7.275614476538196,3.943468741099375,6.291373189290368,10.63642272949221,1009.061943359375,-18.836585521697998,198.02198317615935,300.37443828582764
2021-05-02,18.372216796875023,7.648156738281273,12.257582600911482,68.56064780553181,81.24398183822632,892.2500152587891,10.486525870119447,6.59703503178033,5.5652697245280365,5.81936925252279,1008.1756184895833,-17.50804336865743,279.9563892528725,707.9214928944906,17.593835449218773,8.105187988281273,11.818102773030622,77.18425830205281,89.19629621505737,1305.9236145019531,11.43421870746491,7.05131610969427,5.744626617431663,7.462180074055993,1006.25283203125,-4.456475675106049,242.0281460356588,589.2440195083618,18.054986572265648,6.841882324218773,11.831328328450544,68.91898155212402,79.53796275456746,805.4652805328369,11.11887812959004,6.686046383012368,5.435638682047568,5.482746378580771,1008.6871126302083,-15.670377294222513,280.460016367957,687.005960782369,17.983361816406273,8.408532714843773,11.847286478678408,76.96435149510701,80.3555555343628,1415.8055458068848,13.318225284533302,7.376364792543832,5.632948811848962,7.395041402180993,1006.6060384114583,-9.156923850377401,270.8377512950295,620.7563311258951,17.918298339843773,6.953973388671898,11.833161926269554,68.998610496521,77.58425903320312,696.4166736602783,11.989122319289258,6.11111483092689,5.21031214396163,5.479174550374353,1008.873291015625,-14.250048756599426,281.6747778262943,722.2074473698934,18.429711914062523,8.409570312500023,12.332874552408876,70.81296380360921,77.60324025154114,943.4513893127441,10.03822531110128,6.511993796487938,5.892861938476585,6.491085306803427,1007.642021484375,-15.083430767059326,270.7120554378877,646.9406824111938,17.732781982421898,7.170190429687523,11.75461095174156,69.56203667322795,76.28287013371785,247.0208296775818,11.187534849226358,6.63836526944785,5.1240160624186615,5.547249094645224,1008.609658203125,-13.715419491132101,272.94655570667237,727.0160554250082,18.309564208984398,8.286340332031273,12.39141743977867,71.48055601119995,79.13472127914429,844.125,9.247295340031375,6.061580999790401,5.595554606119833,6.624749755859398,1008.13513671875,-17.286847988764446,276.4330246524575,684.8655977249146
2021-05-03,14.885308837890648,4.084344482421898,9.741419728597029,63.187036991119385,19.622222151607275,112.66666746139526,10.309115039068045,8.003332056812292,3.013911183675134,2.668538665771507,1018.98859375,3.3337146441141763,308.62494084239006,662.4864314397176,15.513360595703148,5.079858398437523,10.541444396972679,63.04027764002482,26.52638836701711,921.9513893127441,10.691624043201452,7.926773673338548,3.5812431335449446,3.387288665771507,1017.456435546875,-0.028905312220255535,306.5650583729148,665.4628419876099,14.895562744140648,4.217126464843773,9.771134948730491,62.35324080785116,17.610647842288017,36.38194417953491,10.314978987081565,7.83067927959569,2.9667093912760834,2.561073557535849,1019.1069108072917,0.5449053446451823,303.49176038553315,646.4029019673666,15.729760742187523,4.998956298828148,10.51096115112307,63.92777760823568,28.437962690989178,848.1180572509766,9.91640001931143,7.815188617100115,3.646328226725302,3.539668019612634,1017.786318359375,-1.8651264508565266,305.35627433906,677.3261165618896,14.222222900390648,4.354516601562523,9.58659133911135,61.678703467051186,26.591666127244633,12.083333373069763,11.084260142982663,8.33462039732616,2.841755167643271,2.2845766703288177,1019.3907291666667,7.756861845652263,265.870408013463,630.1203047434489,16.208856201171898,4.707635498046898,10.538692728678408,62.235184828440346,17.023611242572468,752.36110496521,10.568120449252708,7.503654887219891,3.6018374125163177,2.9989741007487396,1018.3079622395833,-1.0752709706624348,317.5376972804467,698.9877077738444,14.427758789062523,4.121514892578148,9.570171610514345,61.03703705469767,19.96018526951472,1.8055555783212185,11.332685545805989,8.376822818208895,2.9063761393229584,2.0867032368977902,1019.308193359375,7.186485370000203,286.32847997546196,637.6215785344442,14.954553222656273,4.297845458984398,9.824290211995466,64.2046291033427,22.063888897498448,304.1666669845581,10.478081628130937,8.12431670289039,3.0417330423991302,2.9649202982585052,1018.7667154947917,3.175999959309896,307.4038910642266,668.343917051951
2021-05-04,14.131097412109398,8.263726806640648,10.419839477539085,78.0398154258728,84.6351846853892,25.79861108958721,3.333637492866898,2.118646398772579,2.812292989095056,6.5293505350749115,1016.5256640625,-2.7464619179566703,152.05849942813316,383.7484345436096,14.236901855468773,8.188562011718773,10.735688781738304,76.05416742960612,87.42083382606506,134.3055543899536,6.193191999118841,3.5974597545304383,2.7786905924479584,6.458990987141931,1016.2485677083333,-3.016972780227661,180.4641295298934,460.4236871401469,14.538873291015648,8.175103759765648,10.549089050292991,79.07546218236287,81.56990826129913,33.12499986588955,4.240280768925042,2.8069659591587235,3.0160245259602902,6.85538253784182,1016.2091569010418,-2.2283887763818107,150.51839008678994,387.3157494068146,13.852960205078148,8.249841308593773,10.538345591227236,77.63194386164348,86.10324088732402,61.534722447395325,5.910782856016835,3.583534377835035,2.910181935628259,6.60626118977865,1016.3576139322918,0.8717404007911682,158.82218277454376,396.4862182935079,14.598718261718773,8.004724121093773,10.555468495686872,81.3162031173706,82.12546253204346,42.02083316445351,5.401175027782633,3.1226909210029246,3.2800219217936615,7.248317972819052,1016.3750520833332,-0.962345544869701,156.13010809818903,384.72292613983154,14.906274414062523,7.998803710937523,10.851160939534529,73.31018511454265,85.28472240765889,25.673611164093018,5.660307643709594,3.3394099900317635,2.8408485412597884,5.979489898681663,1016.5818619791667,-6.631473160348833,183.009755132099,485.68900632858276,14.536828613281273,7.921868896484398,10.63553136189781,81.44583400090535,80.53287029266357,44.22916714847088,5.2985176789530275,3.457854153167247,3.4509381612141965,7.357574717203818,1016.0313606770833,1.3100579579671223,166.1281677186489,376.9751595656077,14.534173583984398,8.283654785156273,10.62751159667971,76.27638721466064,83.99768622716267,21.57638870179653,3.4735951966401872,2.2790760326228434,2.6859044392903684,6.388111368815146,1016.4006477864583,-4.196860979000728,159.29517079641423,423.13734245300293
2021-05-05,16.026971435546898,8.894067382812523,11.557449595133486,78.75462786356609,91.1842606862386,105.43750095367432,10.469389412490742,3.54863775060249,4.854336039225302,7.70867818196615,1007.8090234375,-7.907809719443321,149.26667942106724,404.18852949142456,15.272210693359398,9.064965820312523,11.206252034505232,79.40370432535808,83.97175923983256,65.06944465637207,8.736628228517528,2.2447021581756226,4.3985458374023665,7.57940572102865,1009.10833984375,-3.9281868897378445,134.84702043732008,360.20828580856323,16.499261474609398,8.971826171875023,11.691278076171898,77.80416663487752,84.69629589716594,71.29861092567444,11.124278568318285,3.415878276808982,4.946511840820335,7.641127522786462,1007.558154296875,-8.267182926336924,163.41103356083235,420.8484609921773,15.438867187500023,9.240777587890648,11.404049173990908,80.33055543899536,90.79999923706055,84.13194441795349,7.466050723096981,2.7566976455831926,4.507510121663415,7.917251841227255,1008.835791015625,-6.589889466762543,139.3434258674582,367.27175823847455,16.457574462890648,8.694421386718773,11.499784088134788,77.42407544453938,84.73425849278767,38.631944358348846,11.61108558215353,3.7825006605185245,4.861014302571618,7.35480651855471,1007.6522102864583,-9.206550935904184,160.63447934389114,412.53515736262005,14.912805175781273,9.249963378906273,11.182911173502626,81.22870508829753,85.52083337306976,91.88194417953491,7.430983545037311,2.9765982008266896,4.465737915039085,7.87885691324874,1009.1751236979167,-4.120771770675977,128.15265181660652,351.15336577097577,16.297631835937523,8.686486816406273,11.428033447265648,77.19814904530843,84.95787080128987,20.152777820825577,11.252038111082578,3.753407719374451,4.81393712361654,7.2386578877766965,1007.65064453125,-6.0544615884621935,153.50277643402418,425.13854122161865,16.027368164062523,9.147027587890648,11.656069691975935,79.76435311635335,87.95138947168986,99.93750047683716,7.978958678227932,2.9949661822949953,4.765870666503929,8.01654968261721,1008.4166764322918,-8.634342641880115,161.26131399472555,407.8030369281769
2021-05-06,16.238885498046898,5.303613281250023,10.8811711629232,62.31296237309774,81.69212913513184,24.750000536441803,11.74810793798738,7.813763920147804,5.214691416422568,3.6360819498698334,1010.615830078125,-1.9985845883687336,235.96103701492152,550.7743082046509,15.580712890625023,5.996362304687523,10.851735687255882,66.17638937632243,83.1851863861084,123.46527862548828,11.104305413730398,7.306542695178941,4.998583730061853,4.566922760009788,1011.0596549479167,-1.3811544974644978,220.1228196223577,497.45739618937176,15.768884277343773,5.364038085937523,10.753849283854189,64.80370426177979,81.97824064890544,21.72916704416275,11.674494780036591,7.655083088266319,5.209685262044275,4.082977549235068,1010.578251953125,-1.5668261845906575,234.61654012898603,509.2269563674927,15.032006835937523,5.855523681640648,10.55875422159833,66.51851797103882,84.656481107076,93.1458330154419,11.444915380428553,7.653999074084105,4.865993754069052,4.353644307454431,1010.5875358072917,1.5668216943740845,207.76351738721132,490.19139703114826,15.476922607421898,5.474755859375023,10.7013984680176,64.69120248158772,76.62314716974895,10.000000014901161,11.89244431352008,7.554267567262158,5.186377461751306,4.063638305664085,1010.6125651041667,-1.0981420675913494,235.06844199200472,506.75629329681396,14.154321289062523,5.200311279296898,9.871147410074892,65.50601816177368,82.47314818700154,53.81944513320923,11.830550081056273,7.370252228696728,4.47258021036788,3.5160334269206146,1011.5655989583333,4.75444769859314,190.8238731523355,434.9110864003499,15.961907958984398,5.392510986328148,10.770082092285179,64.09074147542317,76.48888985315959,4.840277765411884,12.146987129870286,7.536171415525153,5.290789540608728,3.9592529296875227,1010.2265169270833,-1.0494907697041829,233.4991796116034,522.5831816991171,14.818353271484398,5.169946289062523,10.364054616292341,63.84814929962158,71.2375005086263,32.20138907432556,11.64591609782538,7.7851511083547225,4.687373097737634,3.5875895182292084,1011.21046875,-0.5675531228383383,229.21670398364463,528.3674720128378
2021-05-07,20.313378906250023,9.516687011718773,13.947971598307314,63.33611090977987,71.47129638989766,37.70833384990692,15.585443257649082,6.706604229450643,6.848128255208337,6.019352213541708,1008.6796061197917,-24.736433029174805,293.86918424318236,738.7100488344828,20.308160400390648,9.606225585937523,13.997529602050804,69.62777741750081,77.52962883313496,96.11805462837219,12.910495186305162,4.547843092594466,6.839565531412802,7.831302897135458,1009.1693587239583,-24.97037974993388,267.41542396942776,601.4360494613647,20.478479003906273,9.079827880859398,13.897242482503279,61.41759236653646,65.69398180643718,39.26388931274414,15.717890555641894,7.71840725393918,6.934487915039085,5.362264251709007,1008.7474837239583,-24.28775970141093,306.16760951280594,756.2274764378866,19.852014160156273,9.734918212890648,13.84155934651695,69.9203707377116,80.47268533706665,72.85416626930237,14.249284056036672,4.8466649667423,6.837312316894554,7.747528330485068,1008.59994140625,-23.625436107317608,253.39324258764586,593.0071036020914,20.369897460937523,8.582208251953148,13.810150400797548,62.400925397872925,62.884259502092995,55.05555701255798,15.737009256653685,7.704109371941665,7.095816548665368,5.507080332438193,1008.8323795572917,-22.760291814804077,304.9352236191432,743.9017599423727,20.297967529296898,9.816644287109398,14.044332122802757,66.3162039120992,77.86851819356282,51.97222101688385,14.8420850879198,5.810516526409319,6.911537424723349,7.042401885986351,1008.7309537760417,-26.54656708240509,270.1772624676426,663.8784494400024,20.357110595703148,9.105554199218773,13.919825490315779,62.860184828440346,56.5203705628713,47.81250059604645,15.836975769979992,7.6308925932670215,7.195643361409509,5.772663370768271,1008.6273177083333,-23.343077103296917,306.57584481438,745.2017676035563,20.186334228515648,9.317987060546898,13.711460367838564,64.63703775405884,66.4415463986604,53.89583373069763,16.149242460424627,6.808527534950264,6.726604715983115,6.157300567626976,1008.6828352864583,-24.474955638249714,292.31251804282266,702.1277616818746
2021-05-08,14.817926025390648,7.653710937500023,10.791052754720075,62.155555725097656,72.74629648526509,7.104166746139526,14.399680739575,6.400059568206502,4.122607167561853,3.667103068033896,1019.5270377604168,9.391924798488617,184.05766220887503,535.6619555950165,14.452294921875023,7.249993896484398,10.43134714762372,64.67824029922485,70.70740779240926,43.965277791023254,14.3551809650582,6.178053772178529,4.027035013834677,3.8978808085124115,1019.2225944010418,11.526864190896353,163.51081214348474,495.7627274990082,14.827294921875023,7.334252929687523,10.721665954589866,62.28379646937052,71.01249988873799,1.4930555778555572,15.077753189851363,6.244920249521648,4.369837697347009,3.6195782979329465,1019.4836100260417,10.933032671610514,172.91318200031915,505.9653754234314,14.916406250000023,7.747583007812523,10.780578867594423,62.926851431528725,75.7907407283783,42.3263885974884,14.775550681618093,6.470955829758895,3.9252347310384152,3.8031160990397552,1019.62125,7.881483793258667,181.9425354152918,555.0239911079407,15.048699951171898,6.790551757812523,10.392387644449892,63.55972131093343,63.66620405515035,2.395833306014538,15.287267655911151,5.921687613155027,4.539272562662802,3.589204406738304,1019.538876953125,11.24575670560201,180.66916928688684,453.65358606974286,15.085778808593773,7.721551513671898,10.885654703776064,63.371759255727135,74.30694329738617,57.95833420753479,14.265493685080251,6.304916828089806,4.055509185791038,4.019886271158896,1019.6246028645833,8.271533198654652,171.89007677634558,548.5116681257883,15.341485595703148,6.721826171875023,10.472090657552107,62.27500025431315,65.75046316782634,2.0416666120290756,14.928567159869056,6.106493935575983,4.555380757649743,3.360450998942099,1019.5948763020833,10.433672897517681,187.55281432469687,469.68039611975354,14.564355468750023,7.830377197265648,10.854433949788435,62.41342544555664,68.12453788518906,50.722222566604614,13.90546093672358,6.133412899955251,3.907490030924521,3.7726481119792084,1019.6352962239583,7.770495434602101,181.495890190204,548.0700720945994
2021-05-09,18.405541992187523,7.931298828125023,13.279800669352236,69.35694217681885,54.66944452126821,3.611111082136631,8.142967874401787,5.514002466315778,5.517602539062523,7.463047281901083,1019.69892578125,-19.27816939353943,249.19263297319412,494.80455263455707,18.840203857421898,7.403863525390648,13.255855814615908,68.66805537541707,43.75462965170542,8.72222238779068,9.573923018617407,5.391269430581065,5.423748270670615,7.204934692382835,1019.4059733072917,-21.207618792851765,290.10343754291534,544.6731276512146,18.640191650390648,7.949914550781273,13.36015345255536,69.52685276667277,59.31388811270396,3.1527777686715126,8.233451932864778,5.48480385508203,5.532777404785179,7.54853464762374,1019.7091536458333,-19.49502158164978,249.63302013774714,509.4015402793884,18.456109619140648,7.402001953125023,13.15180613199872,69.25648244222005,45.38796232144038,2.777777820825577,9.364568492321204,5.462267961019758,5.306654866536462,7.256522115071618,1019.416904296875,-20.95370403925578,285.3706883341074,536.5825596253077,18.553491210937523,8.542260742187523,13.331905619303408,70.95462973912556,63.12963024775187,1.2500000125728548,6.472535256979514,4.7993201065873405,5.840900675455771,7.884261067708337,1019.9815364583333,-17.21098478635152,214.2454766308268,430.7593774000804,18.563073730468773,7.590112304687523,13.24296595255536,71.15601793924968,47.144907434781395,5.090277701616287,9.076084728315488,5.318096764600468,5.451898193359398,7.740595753987634,1019.7617838541668,-22.006185571352642,281.82880927373964,525.0733015537262,18.970300292968773,8.404504394531273,13.623797353108747,70.84212923049927,58.9115731716156,1.3888888759538531,6.930513592516109,4.682911537211252,6.095563507080101,8.13328577677413,1019.5799446614583,-21.14569052060445,237.60324259102345,465.73480502764386,18.633782958984398,7.553979492187523,13.29852193196617,70.1592599550883,52.6064829826355,4.381944373250008,9.033158391863005,5.457260504727299,5.50812937418624,7.599526977539085,1019.5911458333333,-21.71392023563385,282.0449228535096,535.127362370491
2021-05-10,15.741052246093773,12.583032226562523,13.86161829630536,86.25370438893636,98.12824026743571,113.09027743339539,5.342214079805291,3.354725546364756,7.862688954671228,11.401086425781273,1016.1056022135417,-3.1200416485468545,72.91440697014332,220.27228633562723,14.180139160156273,12.608300781250023,13.187792714436872,89.58610947926839,99.83148129781087,234.54861268401146,6.073842913341396,3.7784711101822155,7.6771954854329465,11.406929270426474,1015.9757747395832,2.485872596502304,30.787092698117096,193.99409929911295,15.584436035156273,11.850488281250023,13.656565602620466,86.35833358764648,96.28657341003418,90.31250065565109,7.624723456536918,3.906953534468446,7.986539459228538,11.239186859130882,1016.1130729166667,0.40916138514876366,78.30963078637917,182.77920484542847,13.858483886718773,12.505303955078148,13.13281148274742,89.20925871531169,99.5282408396403,218.8819481432438,7.834214485503272,3.6416414834733914,7.492419179280603,11.291123962402366,1016.0970572916667,1.3474764476219814,41.48372257004181,183.4669763247172,16.784143066406273,12.027795410156273,14.120744323730491,83.89490699768066,97.36203702290852,83.40972244739532,7.562537750419251,3.9830240788579467,8.127093251546228,11.21840311686202,1016.1242936197917,-1.1578282912572224,94.11816818763812,214.0176099141439,15.055688476562523,12.651300048828148,13.522527313232445,88.69490655263265,99.46481482187907,159.23611295223236,5.226355406636422,3.1700295043551736,7.729669189453148,11.55491663614913,1016.3609993489583,-0.5952735940615336,50.39350041002035,185.48762114842734,16.879174804687523,12.600640869140648,14.578570302327497,81.90000184377034,96.08194351196289,83.00694459676743,5.644966080671279,3.415477989517726,8.279163614908896,11.223657226562523,1015.5651595052083,-6.947340289751689,118.91660977403323,283.8843933741252,15.283471679687523,12.456750488281273,13.580688730875673,87.6393518447876,99.4337968826294,127.29166746139526,6.091956192835786,3.7028820216361837,7.778890228271507,11.402848815917991,1016.2127701822917,-0.9960061311721802,66.48035246878862,200.45177102088928
2021-05-11,13.406701660156273,10.506372070312523,11.982401784261091,96.04537105560303,100.0,823.9791669845581,14.164118146806718,9.160848550091307,6.6751266479492415,11.353040313720726,1010.49998046875,15.633187045653662,21.22199945151806,434.11729113260907,13.377923583984398,10.081079101562523,11.882770792643251,96.35601838429768,99.99861113230388,1144.3194484710693,15.591838693791589,10.271608044327564,6.566158548990927,11.305694834391318,1009.8348372395833,12.639641046524048,13.606703732162714,481.64892323811847,13.406243896484398,10.149591064453148,11.825344340006533,95.40231545766194,100.0,711.9791660308838,14.126850583581414,9.168764746362376,6.56776072184249,11.09172083536788,1010.4242350260417,15.104652042190233,23.022241370752454,443.97732226053876,13.115014648437523,10.258111572265648,11.898247019449892,96.33842627207439,100.0,1057.0138893127441,13.511401896539986,8.713549239868668,6.562491353352868,11.319740549723349,1009.8931608072917,10.778654038906097,21.70707376487553,449.44672807057697,13.399652099609398,9.794854736328148,11.51481399536135,95.89120260874431,100.0,860.5625019073486,11.947352580729943,7.711109118188456,6.328796641031943,10.863913472493493,1010.768056640625,15.62239412466685,15.578444910546144,392.9149595896403,13.263299560546898,9.951440429687523,12.003570810953798,95.99814891815186,99.99953715006511,818.6805543899536,13.411977029538644,9.963861796073203,6.617365773518884,11.369372304280603,1009.6463151041667,11.886954327424368,16.992740617444117,472.45666313171387,13.449273681640648,9.349969482421898,11.454717254638695,95.62499968210857,100.0,770.7500019073486,10.511489716426178,7.357100815354966,6.321649169921898,10.754717763264978,1010.6123014322917,16.125759998957317,11.957240499556065,400.89290046691895,13.103906250000023,10.416650390625023,11.937505340576195,96.46898078918457,100.0,942.6319494247437,14.423557076340044,9.059803191569374,6.497015889485681,11.376949564615927,1010.0417317708333,14.114449948072433,24.6643337700516,410.44340260823566
2021-05-12,18.922265625000023,7.894433593750023,12.8605781555176,75.23472277323405,81.40185165405273,1231.4236145019531,10.601430874091,5.053517280365892,6.654534912109398,7.938284810384118,1007.2144596354167,-19.453659057617188,293.08238304934156,573.151393254598,19.583337402343773,8.589135742187523,13.268825785319033,72.79953686396281,81.40277751286824,1287.249984741211,8.275894979068612,4.897780963719862,7.016870117187523,7.76663487752279,1006.487119140625,-19.946552276611328,274.76986849308014,595.713264465332,18.781549072265648,8.204858398437523,12.99450581868492,73.71620353062947,89.87268511454265,928.2985916137695,9.326516883878446,4.1677116668320835,6.851523335774743,7.723255411783896,1007.1586686197917,-19.79904882113139,280.63183050975204,574.8987318674723,19.558648681640648,8.033715820312523,13.566265360514345,71.02083365122478,82.92314879099528,1169.4235954284668,7.785959856386932,5.222673455309369,7.01703796386721,7.631061808268271,1006.8514192708333,-21.866050243377686,292.0810720265533,620.2788311640421,18.949670410156273,8.313867187500023,13.241153971354189,72.34675900141399,87.03286997477214,458.62500381469727,8.631379953167786,4.635040710986701,6.862842814127646,7.645969645182333,1007.6429231770833,-19.997660636901855,294.5922970660031,587.2245089213053,18.316705322265648,8.518151855468773,12.699577585856142,78.0995348294576,94.39213053385417,1506.5069580078125,8.352160812096868,3.941525970197368,6.53451817830404,8.503859456380212,1007.0118359375,-16.936858812967937,260.854698579448,492.06811078389484,18.676721191406273,8.205590820312523,13.133532460530622,72.89537048339844,77.99398183822632,199.92361450195312,8.608972667383773,5.294224217896324,6.625196075439476,7.663307444254599,1007.836357421875,-18.43260908126831,297.24213020751876,573.6098017692566,18.638696289062523,8.327905273437523,12.599570210774763,77.8296292622884,90.10925960540771,1516.1875038146973,10.912083169798963,4.950523516472781,6.497661844889365,8.274861907959007,1007.3424088541667,-17.577290693918865,282.1996871512383,524.3898255030314
2021-05-13,18.943139648437523,7.361871337890648,12.355182902018251,70.62824122111003,59.9680557847023,94.33333539962769,11.501040102756448,6.1090977381587335,6.587397511800134,6.406990305582724,1005.2298372395833,-2.52102001508077,294.07135368386906,620.1830852826437,19.064141845703148,7.326562500000023,12.507707214355491,70.34212986628215,72.35509220759074,1318.881950378418,9.522071932043936,5.941395543240529,6.746870930989587,6.524472808837913,1005.1350358072917,-7.146750211715698,291.79790885249776,618.7433279355367,19.032678222656273,7.230798339843773,12.51550191243492,70.07592709859212,62.16203753153483,86.13888931274414,13.177935858886006,6.194941975833371,6.795130666097009,6.375695800781273,1005.2208951822918,-3.90704345703125,294.30864531298477,638.7223267555237,19.110894775390648,7.238488769531273,12.537034606933616,69.7143513361613,60.57824190457662,1011.229175567627,11.43786356225967,6.079241101449301,6.6205980936686615,6.365923817952478,1004.775537109375,-5.454079469045003,292.6111083825429,619.1940681139628,19.078393554687523,7.059625244140648,12.566803232828798,67.60694471995036,67.10324192047119,56.08333396911621,11.224603148404807,6.375381976912512,6.871606445312523,5.837623850504599,1005.3145149739582,-4.764839331309001,294.0227104773124,634.4199144045512,19.403161621093773,7.336175537109398,12.995973205566429,67.24259201685588,57.8324069182078,508.3333339691162,8.821933670200535,5.223414386216753,7.102986907959007,6.214832560221396,1004.8621419270833,-5.707476536432902,295.9151653647423,655.1256647109985,19.054864501953148,6.870965576171898,12.602101898193382,66.33564694722493,73.58518425623576,27.72222238779068,10.453992325261062,6.7000472337764245,6.904201761881552,5.558553314209007,1005.5144270833333,-5.034170627593994,293.76108837127686,648.7345309257507,19.199029541015648,7.425378417968773,12.688250478108747,69.52129697799683,73.86527633666992,270.61805725097656,11.438601908221276,5.96332432813917,6.768374379475915,6.351284281412802,1005.2103255208333,-5.426411469777425,285.69338578979176,649.9137283960978
2021-05-14,18.030175781250023,6.386346435546898,11.731902058919294,71.50740655263265,56.06064748764038,80.74999928474426,12.530218762999501,6.806300018777233,5.745409901936853,6.19770456949874,1007.970966796875,0.4168253739674886,300.33318334817886,576.364781220754,17.518395996093773,5.293481445312523,11.36579538981122,66.88657522201538,56.08425930142403,262.05554962158203,13.212565757708036,6.371712574759974,5.157268778483115,4.660241699218773,1007.5837662760417,-1.022360881169637,308.81390576064587,586.2909571329752,17.009667968750023,6.511193847656273,11.51303634643557,72.00046412150066,71.2439812819163,88.51388788223267,9.199249397909966,6.197892641190045,5.827326711018884,6.295157368977868,1007.8443229166667,2.1514339049657187,274.1898885567983,506.4515364964803,17.503015136718773,5.342797851562523,11.380588785807314,67.80046288172404,62.130093673865,273.27777671813965,12.84918581673095,6.468007637018066,5.285029347737634,4.8763048807780365,1007.5978971354167,-1.2346724669138591,308.86265077690285,581.0463655789694,16.229760742187523,6.279229736328148,11.352137502034529,71.61157433191936,65.50092536211014,62.06250059604645,8.63696979312301,6.527554350284856,5.790303802490257,6.041060384114587,1008.0160514322918,4.6339224974314375,233.4333864847819,506.69508989651996,17.005059814453148,5.907159423828148,11.319017028808616,71.92453797658284,68.69305531183879,170.68055534362793,10.549486591132212,6.309786563237185,5.086806233723962,5.9307177225749115,1007.7815201822917,3.839792172114054,278.95924092332524,549.524114449819,16.817163085937523,6.044061279296898,11.203092193603538,71.12592601776123,62.62638854980469,25.465277671813965,10.409626816905064,6.854617467912122,5.579810078938806,5.722114817301474,1008.1212272135417,6.222502092520396,250.1590161025524,504.1461982727051,16.018090820312523,6.423516845703148,11.257033284505232,75.86388858159383,74.40833399693172,136.9513885974884,9.860752244235993,6.393162295050478,5.5069442749023665,6.829302724202478,1008.2341861979168,6.287533442179362,256.0980373173952,461.2272596359253
2021-05-15,15.381036376953148,6.913598632812523,11.29899368286135,81.35879627863567,88.39351971944173,141.18055486679077,7.932636314973005,4.821554418984987,5.026495869954431,8.02217508951827,1009.6020768229167,0.7040110429128011,215.38736882980447,351.99254457155865,16.629510498046898,6.767144775390648,11.926021830240908,75.79398171106975,91.75601863861084,215.6458330154419,7.471391570351832,4.76126911092356,5.284543609619163,7.462972259521507,1009.9932649739583,-2.126493493715922,235.66913097774764,449.30512674649555,15.915612792968773,6.858666992187523,11.345708465576195,79.48657464981079,92.4509261449178,154.3055558204651,8.134966580538745,4.851138727510037,5.016608174641931,7.681133524576865,1009.7163444010417,2.425179958343506,215.62322457806053,382.4552785555522,15.709924316406273,6.824914550781273,11.50237935384117,79.61064910888672,87.39074023564656,205.04861164093018,7.055224044005847,4.500699295789032,5.406776682535849,7.888122812906943,1009.7588053385417,-0.5460910797119141,218.06555331424656,347.3692723910014,16.298059082031273,6.665093994140648,11.308071390787783,77.73981428146362,91.0087963740031,140.60416793823242,6.373978222712505,4.398737377211651,4.996321614583337,7.301040903727255,1009.9527962239583,1.377350926399231,202.23259134268542,366.43407074610394,15.615655517578148,6.869348144531273,11.217692311604841,80.68657509485881,91.17453670501709,155.35416650772095,6.835658409270912,4.390809937382671,5.092654164632165,7.800408935546898,1010.4836848958333,0.6547179619471232,193.26353061870518,347.50439953804016,16.199456787109398,6.639825439453148,11.347184753417991,76.39814742406209,89.11898136138916,49.152777791023254,6.35675161932227,4.279129524408297,4.9269945780436615,7.057537333170615,1010.0527083333333,-0.501256267229716,212.78687705274206,401.6425994237264,15.909448242187523,6.927880859375023,11.418176269531273,79.59675884246826,87.58240699768066,124.93750095367432,8.194467681814396,4.572884394328769,4.952389017740927,7.765171305338583,1009.9514322916667,-1.6161963144938152,221.49275673603793,369.7071570555369
2021-05-16,17.363366699218773,9.388787841796898,13.132408396403017,74.78009192148845,90.88148180643718,41.19444441795349,8.549047020741865,4.655793985790029,6.222035980224632,8.459889984130882,1007.3611165364583,-8.399398565292358,183.58964700996876,421.6381516456604,18.696069335937523,7.168237304687523,13.320581054687523,69.89953819910686,63.98935262362162,219.64583015441895,7.9102595159159845,4.996821290371867,6.68907190958663,7.344837443033896,1007.6042024739583,-18.656605799992878,279.5584141508055,588.0571652253469,17.376519775390648,7.903924560546898,13.158194478352888,72.6712965965271,88.89398193359375,36.604166984558105,7.171127626479899,4.536625245126498,6.124773915608728,8.030058797200525,1007.3496809895832,-13.735784212748209,215.21650355582824,489.41519021987915,18.929711914062523,7.331323242187523,13.511101023356142,70.70046297709148,58.23194388548533,226.47916889190674,7.602399692035826,5.264186003791328,6.764324442545615,7.758756256103538,1007.59787109375,-18.21764262517293,268.5653125149547,562.5284994443258,18.073114013671898,7.878900146484398,13.07406895955406,73.44861110051473,88.23425912857056,40.347222089767456,7.496499906911645,4.511168369425468,6.069985961914085,8.024193064371786,1007.4227766927083,-12.581824700037638,217.44193969816357,485.4700264930725,17.460626220703148,8.951257324218773,13.391046142578148,74.30138842264812,83.40509208043416,194.08333253860474,6.911979607150586,4.433411839104884,6.272014872233115,8.548594411214196,1007.573525390625,-12.259975671768188,210.79858963465085,502.30849353472394,18.027734375000023,7.814904785156273,12.661228434244814,76.6574068069458,91.00416692097981,22.45833334326744,7.270053813494782,5.04262796844932,5.969647979736351,8.292632039388025,1007.3869791666667,-9.091997424761454,202.8895780359744,446.5770902633667,17.341027832031273,8.832940673828148,13.007517751057966,75.91620461146037,91.53148206075032,101.8333330154419,7.7479968948928795,5.232500279537236,6.0736188252766965,8.492428080240927,1007.4420345052083,-11.890713691711426,199.41292467317544,455.1384983062744
2021-05-17,20.845147705078148,8.649987792968773,14.589433288574241,61.5157413482666,35.023147543271385,145.375,9.28539418798634,6.510981773890182,8.062357838948571,5.412831878662132,1006.4633723958333,-16.862317005793255,335.3691831695226,911.9307923316956,20.638909912109398,7.983819580078148,14.482002512613954,58.37870343526205,29.564351081848145,86.65277791023254,9.564378768185867,6.326378692159612,8.12614212036135,5.325930531819665,1006.9395703125,-17.525396744410198,328.9790906996156,742.9238433837891,20.955255126953148,7.776147460937523,14.360478973388695,61.24537102381388,29.84259259700775,124.26389122009277,10.063711955832307,6.639866083499854,8.185650126139365,5.176633453369163,1006.15390625,-15.56254529953003,334.3498463155702,882.786792755127,20.755151367187523,8.532189941406273,14.591544087727888,56.16851886113485,25.259259064992268,70.79860877990723,11.634753968709937,7.560922846867956,8.200747426350915,4.775181070963583,1006.2265299479167,-15.925185680389404,334.4539687457727,788.602557182312,20.748803710937523,7.839318847656273,14.22415440877281,62.49999849001566,36.1189816792806,159.5,11.789550253153953,7.090932405539395,8.084925587972009,5.268637593587243,1006.2361263020833,-12.363206704457602,335.1456016342466,896.2560607592264,20.905358886718773,8.230859375000023,14.507019297281923,56.989815632502236,33.21620421111584,92.18750214576721,9.547841651449716,7.354229745311751,8.15883280436202,4.3472152709961165,1006.4422102864582,-16.628190875053406,336.92716853052843,881.1842605272928,20.754083251953148,8.359979248046898,14.21452102661135,64.0638902982076,36.777315040429436,133.6666669845581,11.325141798578494,6.715651599658352,8.05161056518557,5.7277325948079465,1006.152587890625,-13.139684100945791,335.188741161488,875.6611890792847,20.716668701171898,7.924340820312523,14.341645812988304,59.65694491068522,33.44490742186705,128.86111307144165,8.986097352033664,7.0597702798467274,7.955412801106775,4.716578420003259,1006.621484375,-17.76391323407491,337.64877611841075,898.3621009190878
2021-05-18,18.160729980468773,6.774163818359398,12.329714711507185,61.97916730244955,24.66249971712629,43.60416615009308,11.673354208167526,7.715282699188838,6.692348734537802,4.850342051188193,1013.213291015625,-0.6887032985687256,299.4488222843502,584.0755155881246,18.372247314453148,7.065209960937523,12.742678578694685,59.08657455444336,26.86388813952605,158.9027762413025,13.360021330778057,7.5452597238468115,6.5564132690429915,4.506500498453818,1013.4083561197917,-4.064699490865071,303.8904963263,615.3009920120239,18.857598876953148,7.338891601562523,13.157169596354189,56.96666558583578,31.314351936181385,4.395833344198763,11.526069883321533,7.5358687206031005,7.44394200642904,4.331694539388025,1012.246015625,-4.32147479057312,293.60751314243925,631.8062280019125,18.450616455078148,7.025415039062523,12.420929209391298,64.22499958674113,19.76944471988827,142.6944432258606,10.269254356680953,7.250870509588638,6.60553894042971,5.399906412760458,1013.1764095052083,-2.3298209508260093,302.4891509739682,594.1291019121805,19.015039062500023,7.175592041015648,12.833217875162783,57.02731498082479,42.11805524056157,4.451388910412788,12.681753882095135,8.49530970250566,7.41427892049154,3.8628275553385834,1012.315390625,-3.1296021938323975,295.7432225374505,660.1103941599528,17.324243164062523,6.700494384765648,12.162492370605491,64.48472197850545,26.01342633816724,197.75000381469727,11.838107963206433,7.242269901854361,6.267410532633505,5.320124562581384,1013.5169856770833,0.228711207707723,295.0031290578966,527.0394991238912,18.909722900390648,7.333917236328148,12.806654866536482,57.68194532394409,44.19675853351752,5.222222246229649,12.317468430893937,8.616957142787577,7.357958730061853,3.976289367675804,1012.1132779947917,-2.9030227661132812,290.65144477567327,669.5698496500651,17.666040039062523,6.751458740234398,12.412605539957704,64.2074081103007,27.07361078510682,168.37499856948853,11.054160109762487,7.1920225408732215,6.449685668945335,5.492377217610681,1013.3184635416667,-3.4527807235717773,296.55577184042585,565.8189738591512
2021-05-19,19.990869140625023,6.041955566406273,12.963619486490908,52.554629961649574,28.638888622634113,11.034722208976746,11.618839543543633,7.739899182229368,6.891231791178427,2.2726671854655365,1013.5009798177083,-6.850623210271199,331.2405281920607,842.9190384546915,18.518762207031273,5.650933837890648,11.713136291503929,58.20277770360311,24.341203679330647,66.19444251060486,12.710286426957222,8.401665276920413,6.131696319580101,3.055720265706384,1016.10626953125,-2.740633408228556,319.6450510309078,668.4639488855997,20.010949707031273,6.175103759765648,13.351761118570986,53.80601906776428,48.24073992328098,25.874998807907104,11.358686711420686,7.977972915117429,6.952237701416038,2.863245900472009,1012.8067220052083,-7.027605374654134,322.7081332656865,830.1193482081095,17.988885498046898,5.992089843750023,11.83575337727867,59.772223154703774,36.66666724098226,16.61111107468605,13.546839241852005,8.466778236295715,5.86304880777999,3.6588862101237396,1015.426875,2.4797274669011435,300.78082876000553,684.8999528884888,20.353631591796898,6.121484375000023,13.141304270426454,55.748148123423256,30.225463110565517,46.28472304344177,12.274636996853635,8.684310469278378,7.01947937011721,3.0021390279134152,1012.3729947916668,-5.280049641927083,326.68861965928227,826.2944749196371,18.921899414062523,5.653588867187523,11.992094930013044,57.320369482040405,25.798148512219388,25.34722226858139,12.561015753052283,8.894736871597116,6.398042297363304,2.778126017252646,1014.635087890625,-1.6354328791300456,317.67693599158275,713.6522493362427,20.227777099609398,6.144982910156273,13.277073160807314,53.93564820289612,26.89027789790028,22.000000476837158,11.105932280291345,8.456487894836627,6.994293467203818,2.6783615112304915,1012.20640625,-5.554917097091675,330.6693911412731,847.902146657308,19.883325195312523,5.504296875000023,12.179889933268251,57.68333379427592,31.37175948296984,33.61111056804657,12.18692998019197,8.601611760374576,6.768188730875693,2.8291933695475677,1014.1302180989583,-3.232737143834432,313.8012462267652,722.4725761413574
2021-05-20,20.983148193359398,6.391931152343773,13.765523529052757,47.15509271621704,15.57268524946024,0.6666666716337204,9.334971053366239,6.175112576241578,7.1727284749349,1.2328303019206146,1017.7974967447917,-9.582066774368286,345.5007987978558,903.4002049763998,20.821771240234398,5.963403320312523,13.556094106038435,49.516666889190674,22.427313909089815,18.13888829946518,9.44753551958569,6.432289626347374,7.026076253255212,1.7743698120117415,1018.2662239583333,-9.38275146484375,342.6291259887318,908.1601026852926,20.894494628906273,6.467218017578148,13.794316864013695,46.711111307144165,16.654629652116757,0.1666666679084301,10.711446816150483,6.846442012412564,7.242635345459007,1.337898508707724,1017.984453125,-9.88182814915975,344.8090388538937,839.5456928412119,20.959161376953148,5.969873046875023,13.607283528645857,48.38750012715658,21.987962892899912,28.15972340106964,10.08017216557328,6.33350249609136,7.05042419433596,1.4977483113606809,1018.2336653645833,-9.117996295293173,343.59314651911455,891.43155225118,20.857965087890648,6.419702148437523,13.814982350667341,46.74212980270386,16.789814759084646,0.6666666716337204,10.507563894614933,7.047891218412938,7.327963765462243,1.4461964925130246,1018.0096451822917,-10.795029878616333,344.5430815381308,806.2146570682526,20.943933105468773,6.038842773437523,13.566225941975935,47.93286903699239,12.593518674451238,48.15277719497681,10.09787587460865,6.718252590535531,7.074310557047568,1.3142855326335052,1017.9642838541668,-9.542666594187418,344.4706185224156,906.3789222240448,20.607537841796898,6.274102783203148,13.623061116536482,46.6296292146047,15.993981565969685,0.0,10.669957163162401,7.310465383298343,7.142972564697288,1.2918144226074446,1018.1137141927082,-9.898463090260824,344.5336860381067,802.3300141493479,21.063073730468773,6.327661132812523,13.738782501220726,47.568981647491455,17.895370015253622,22.5,9.958752223483929,6.675131042626989,7.214883422851585,1.4419837951660384,1017.733603515625,-9.665728489557901,343.61362592006725,908.7363600730896
2021-05-21,17.817651367187523,9.449731445312523,13.369229888916038,63.60555648803711,93.60787105560303,7.513888872228563,10.976143416269487,5.693173317697123,6.286806996663415,6.264819081624353,1017.0092154947918,0.020281771818796795,200.86781566652158,536.1521357695261,17.951196289062523,9.000360107421898,13.559590911865257,64.05740674336751,94.21759382883708,8.23611120134592,10.899788912985434,6.544857432067235,6.34538294474288,6.620032246907556,1018.1261555989582,-1.6759544213612874,225.574239728041,543.701613108317,17.457788085937523,9.311303710937523,13.209528859456404,66.10787041982015,89.93379656473796,11.92361104907468,10.918081551684345,6.376204463819071,6.221355692545615,6.72439854939779,1016.7089778645833,1.124599019686381,198.23035752090314,503.88569593429565,17.310754394531273,9.248651123046898,13.442104593912783,65.21990823745728,93.08472315470378,9.902777735609561,10.1502774320388,6.416974108354824,6.229873911539755,6.78779246012374,1018.0089615885418,0.472100297609965,206.67327718933424,521.6621486345927,17.770166015625023,9.087579345703148,13.152066802978538,63.853240648905434,86.27037048339844,7.618055520579219,11.451217184854313,6.039405937220649,6.1565109252929915,6.1301132202148665,1016.85431640625,1.7321582436561584,192.78066559601575,538.4864797592163,17.933190917968773,9.440332031250023,13.576121266682966,63.91018454233805,91.44814904530843,7.73611112870276,10.829522714989574,6.472242972791949,6.264691925048851,6.562249755859398,1017.55728515625,-1.1574580272038777,212.19320101849735,566.5118530591329,17.925256347656273,9.037988281250023,13.116108194987001,63.421295166015625,88.5143518447876,7.0972221326082945,11.25275028926358,5.847295195746736,6.334059651692712,5.984218851725302,1016.5995247395833,2.5421027342478433,182.8066882562513,519.7154188950857,17.229272460937523,9.428613281250023,13.258101399739607,64.96481498082478,93.56481615702312,8.513888760004193,10.05332973924914,5.626106227929604,6.097426350911462,6.518485005696618,1017.224287109375,1.3363726337750752,189.4882773788025,525.391931851705
2021-05-22,12.116540527343773,9.466363525390648,11.00064366658531,90.18842601776123,99.5115737915039,438.16666865348816,8.782468239431834,5.7537473696414105,4.9778610229492415,9.3704658508301,1011.9278678385417,18.461145247022312,60.214833858519945,263.3104527791341,11.857965087890648,9.550042724609398,10.455414072672548,91.42268594106038,99.98518530527751,281.40277910232544,7.117484861478456,4.33583804430145,4.359891510009788,9.06220143636068,1012.3380729166668,22.441297392050426,29.6624636054039,196.0847404797872,12.949395751953148,9.221337890625023,11.205738321940126,88.81296316782634,99.29027779897054,501.56250500679016,10.845139149804426,5.682185671157697,5.05787302652999,9.324419911702478,1011.7092220052083,17.28793973227342,79.92090625191729,305.928231159846,11.854089355468773,9.881524658203148,10.796805318196638,91.46018505096436,99.96064758300781,367.1249997615814,7.339604618810656,4.696873915966049,4.71567306518557,9.407826995849632,1012.2037174479167,19.661868790785473,31.190481742223103,210.54612000783285,13.341821289062523,8.795831298828148,11.069974517822288,88.78472232818604,98.83518409729004,473.3819408416748,10.589553547712784,5.791202611892852,5.05610046386721,9.185066477457724,1011.9347916666667,17.968759457270306,85.81857553795756,301.9567796389262,12.394464111328148,9.881860351562523,11.296460723876976,89.63379510243733,99.7157408396403,439.0486137866974,8.623395297685498,5.418858257109797,5.0444567362467865,9.585528310139978,1011.7553515625,15.86702666307489,79.2930933990283,282.12985348701477,12.896966552734398,8.667718505859398,10.993013000488304,87.5583340326945,97.49583339691162,414.40277683734894,10.459756017776318,5.9128181463979805,4.841544087727868,8.881352996826195,1012.156162109375,18.159570078055065,99.70235039542119,324.1211256980896,12.811853027343773,9.307855224609398,11.147205607096376,89.37361017862956,99.16064739227295,433.6944453716278,8.689692836382882,5.862916252020159,4.951165771484398,9.374935404459677,1011.5109407552083,16.67169314622879,81.82890899603565,289.2711675167084
2021-05-23,20.309747314453148,10.340783691406273,14.604117329915388,75.0185178120931,88.22870397567749,379.69444465637207,7.583364970910515,3.1904148901745852,6.697629547119163,9.55923995971682,1014.7279296875,-23.240546266237896,278.05827969592065,573.8805069923401,20.490228271484398,10.126641845703148,14.68882013956708,72.49351787567139,81.53564929962158,568.6527786254883,8.511867220456745,4.681276081934583,6.8137616475423215,9.01227976481124,1015.4654069010417,-25.984126170476276,294.0958953301112,644.3274164994558,19.719384765625023,10.395227050781273,14.349258677164736,75.96250073115031,95.42361036936443,86.43750035762787,6.608282537734563,3.0257324409879303,6.540814971923851,9.623844401041708,1014.8144889322917,-22.315309762954712,262.12005503537756,530.5960938930511,20.035760498046898,10.324212646484398,14.542693074544294,74.4981484413147,88.2953707377116,642.5208358764648,5.894348133549037,4.010103885775348,6.742520904541038,9.415619150797568,1015.276083984375,-22.733744661013287,263.2566437131415,580.2803499698639,19.572564697265648,10.348870849609398,14.141388193766298,72.95694494247437,97.85833263397217,71.90972256660461,4.296398741293107,2.8872701028754886,6.585050201416038,8.71405944824221,1014.7456217447917,-21.427138845125835,240.73542396227518,511.95968278249103,19.109216308593773,10.451898193359398,14.269642130533876,77.47314898173015,90.49953778584798,611.6388893127441,6.1709089381728806,3.9803192893192083,6.4719647725423215,9.954886372884118,1015.5289290364583,-21.95624816417694,250.86006085652238,492.8701219558716,20.253411865234398,10.524743652343773,14.240672047932966,71.58564774195354,87.70972331364949,113.50000083446503,6.826088685731472,4.105325040070939,6.811001078287802,8.303854878743493,1014.4950325520833,-22.345080355803173,266.9925567129782,594.6979161103567,19.532067871093773,10.194451904296898,14.220817820231142,75.21759208043416,97.4337952931722,541.5694465637207,4.153951630288123,2.9001786254019124,6.385102844238304,9.333060201009118,1015.08787109375,-21.453725576400757,246.83201898820698,492.59286880493164
2021-05-24,11.984094238281273,9.978295898437523,10.91898371378583,93.80879433949788,99.66435209910075,406.8055534362793,6.317890424538652,3.95442915052095,5.663533782959007,9.928431447347009,1016.035302734375,24.539259433746338,11.257074013197174,180.23676538467407,13.259729003906273,11.187829589843773,11.866192118326845,97.01481437683105,100.0,941.25,7.625849207500782,4.561698231838311,6.570008850097679,11.390781656901083,1015.2226139322917,18.930528899033863,9.000703977576146,263.2268133163452,12.346948242187523,10.177636718750023,10.918870544433616,91.97037124633789,99.91851870218913,200.33333361148834,7.096535875500511,4.184915961369036,5.539233144124353,9.609170532226585,1016.5362825520833,25.169768532117207,20.7182034716631,178.21037689844766,12.871667480468773,10.581567382812523,11.409598286946638,96.5833330154419,99.97824096679688,753.5416655540466,7.959728155658224,5.178860746323677,6.350811258951865,10.871684010823571,1015.2514127604168,21.302609880765278,9.36590739665553,244.82960907618204,12.426019287109398,10.630731201171898,11.153429921468122,91.14166768391927,99.96250025431316,255.43749850895256,6.188520796561457,4.001109476212991,5.9804003397624115,9.675750986735068,1016.0773567708333,23.720027645428974,14.778555429074913,151.89643534024557,11.451318359375023,10.116632080078148,10.49564132690432,93.24675877888997,99.99629624684651,394.83333563804626,7.960334789473063,4.8081558747006925,5.5352340698242415,9.414512888590536,1017.3332779947917,24.404486378033955,16.37972207313093,176.70357704162598,12.318750000000023,10.483270263671898,11.001088714599632,90.4597241083781,99.97407372792561,201.74305647797883,6.902133536176019,3.634330140009698,5.88550974527999,9.401209767659509,1016.2666569010418,23.65507686138153,16.47788886198153,145.03010733922324,11.389337158203148,9.846124267578148,10.52990620930992,91.64768600463867,100.0,432.30555295944214,7.76422653419092,4.8387670037505055,5.34891281127932,9.167012786865257,1017.3156119791668,24.651174386342365,17.470555696481217,180.6132895151774
2021-05-25,20.050012207031273,9.836785888671898,13.911411539713564,63.26805567741394,51.15879615520438,512.6527900695801,9.415030953992506,6.176287120269547,6.56430587768557,5.214935557047568,1015.6821158854167,-19.90669071674347,320.93031142217416,749.1986349423727,20.772332763671898,9.344415283203148,14.31657435099286,65.07777778307597,41.313889618342124,706.4999961853027,6.924558803533752,4.322523204445585,7.064679718017601,6.4395983378092865,1016.093515625,-24.667472163836162,340.9185234202693,707.4656227429708,20.433099365234398,9.853997802734398,14.153229014078798,62.10694479942322,44.43287050848206,510.173620223999,8.228765663223962,5.236797048870087,6.754767354329431,5.057619984944665,1015.5868294270833,-23.171367526054382,335.6320381714031,784.5665462811788,20.859246826171898,9.555413818359398,14.452007548014345,68.01481612523396,41.993981670588255,363.8819408416748,7.198385641670115,3.888767613008677,7.026373799641931,7.459907786051474,1016.01970703125,-25.61364956696828,336.1771282274276,673.4684457778931,20.345330810546898,9.531762695312523,14.141871388753279,62.912038246790566,44.647684839864574,165.6527738571167,7.733626744074727,4.167113130980703,6.701020812988304,5.482788340250693,1015.6864778645833,-23.472543120384216,336.9649559482932,811.5305609703064,20.888848876953148,9.728448486328148,14.569510396321638,66.42592469851176,45.556944727897644,524.5625019073486,5.5538207984529775,3.686565202780757,6.915163930257165,7.046408589680993,1015.9663671875,-25.107341686884563,339.26550261552137,700.6473693847656,20.334313964843773,9.832757568359398,14.119116719563825,63.56851895650228,52.76620268076658,12.638888970017433,9.059081147305557,4.522944548761958,6.689033762613974,5.565449015299521,1015.7335384114583,-21.926602800687153,322.9147019168983,808.5570356051127,20.434991455078148,9.803002929687523,14.241961415608747,63.05370275179545,41.00416721558819,409.9236030578613,8.97567053303396,5.0407258116310745,6.723340606689476,5.618489837646507,1015.7919921875,-22.97539738814036,338.01985195527476,746.4758989810944
2021-05-26,18.402124023437523,8.274194335937523,12.792307790120466,61.755092779795326,50.45370360215505,9.840277642011642,8.58971460583395,5.0140694975270135,5.939515686035179,5.454434967041038,1018.723671875,-1.998338316877683,237.20896736780801,521.4282657702764,18.233453369140648,8.257592773437523,12.690605417887392,62.70185136795044,74.43518424034119,515.8402786254883,8.881936931751069,4.63515144575341,5.8329940795898665,5.601215616862021,1018.857880859375,-2.528407854338487,220.7871507356564,481.69847043355304,18.456323242187523,8.107537841796898,13.09610773722333,61.6513884862264,48.111574490865074,3.6458333283662796,9.892815123229001,5.53942106014502,6.207533772786462,5.685464477539085,1018.4960188802083,-2.9950405955314636,257.75603938723606,592.5625544786453,17.942895507812523,8.416680908203148,12.405835723876976,63.82638947168986,59.535648345947266,512.5486068725586,8.574187858896225,4.827953037386466,5.969363149007165,5.618933614095056,1018.470048828125,-1.5740927408138912,214.83164568493763,415.26158420244855,18.094445800781273,7.659936523437523,12.798903401692732,63.17638874053955,51.891666889190674,0.8888888973742723,9.530045071906377,5.775609401279898,6.291599527994833,5.798805491129599,1018.3262239583332,-2.7327780723571777,254.7757002475361,559.7117869059244,18.235375976562523,8.689233398437523,12.589418029785179,64.76898161570232,53.381018122037254,169.54166507720947,7.957792326961001,4.882057115184365,5.999509429931663,5.977735137939476,1018.3386067708333,-1.1201170186201732,216.01585104254386,459.34761158625287,18.703179931640648,7.068139648437523,13.294480895996116,59.22222344080607,43.302777429421745,0.30555556435137987,9.603871342794893,6.331863573009033,6.844171142578148,5.295702870686853,1018.150751953125,-5.96345051129659,297.34590165068704,657.3326520125071,18.227807617187523,8.795190429687523,12.820082600911482,63.955555280049644,59.58009227116903,17.923611104488373,8.15979389067534,4.879665553612295,5.876697794596396,5.973470306396507,1018.8396940104167,-0.4445334517707427,222.4822933425506,510.4559231996536
2021-05-27,21.236627197265648,9.827783203125023,15.487205759684267,64.49444500605266,39.68657342965404,8.479166753590107,8.225867566034708,5.0960995881440665,8.653028106689476,8.438205973307333,1015.1165787760417,-17.05648438135783,314.93774452308816,608.5476422309875,21.124139404296898,9.311547851562523,15.481350199381533,63.0722222328186,35.425463120142616,11.96527773141861,9.888748448893637,5.902799111916971,8.6957997639974,8.03052419026693,1016.4865234375,-20.085837761561077,312.63767830530804,617.1343653996786,20.436669921875023,9.959741210937523,15.322510019938173,64.31388918558757,41.55648134524623,14.875000178813934,9.334518123247731,5.147901169327018,8.511346435546898,8.309859212239587,1015.3161067708332,-15.621943871180216,297.17514413719374,554.5166346232096,21.357690429687523,9.442590332031273,15.554939524332704,63.334259033203125,34.104167103767395,6.847222223877907,8.13235197424175,5.50858679339283,8.700538889567099,8.116476949055993,1015.9074837239583,-19.333847284317017,309.9034234744807,604.1424881617228,20.896630859375023,9.787774658203148,15.331239318847679,63.18888839085897,40.72962989782294,11.881944708526134,9.850033188728347,4.780449315894158,8.511838531494163,8.032729085286462,1015.2799153645833,-15.839481751124064,303.2400723410149,556.6979970932007,20.520288085937523,9.518334960937523,15.007173156738304,65.32592550913493,36.49999993046125,9.291666612029076,10.879920544382896,5.929362751951801,8.24455032348635,8.144572194417321,1015.4718880208333,-17.33494695027669,299.53244805584353,585.8388095696768,20.962731933593773,10.023248291015648,15.487329101562523,63.173147678375244,43.356481267799005,11.131944057065994,9.032616975839623,4.78382034894686,8.670494333903036,8.167442576090536,1015.003955078125,-16.74415111541748,308.21642870704335,571.7389098803202,20.922387695312523,9.616662597656273,15.34916458129885,64.41018517812093,36.03333363433679,8.041666716337204,9.335949412136815,5.320716107262668,8.470460510253929,8.286506907145224,1015.476220703125,-16.998871962229412,310.13024603451294,581.6992812156677
2021-05-28,21.192559814453148,8.675531005859398,15.047532653808616,59.90694506963094,52.79583302574853,36.500000953674316,11.066530319089798,6.76967737973185,8.644649759928427,7.026923116048181,1018.795751953125,-8.387744029362997,300.64653271933395,583.5536876519521,21.652795410156273,8.736840820312523,15.498077646891298,59.04814831415812,21.888888830319047,21.000000596046448,10.444307880698071,7.279721819621542,9.179617818196618,7.046206410725915,1016.8667838541667,-11.912615855534872,337.9846864665548,625.0621789296468,21.246789550781273,9.213616943359398,15.299890136718773,60.762036641438804,51.220833772211336,16.06944465637207,11.04584615472395,6.487394666445026,8.67918421427413,7.4585370381673215,1018.5802669270832,-10.094637473424276,293.1803487775226,583.266326268514,20.885034179687523,8.291894531250023,15.012251790364607,59.224072774251304,41.51620364934206,37.291667461395264,10.547622080569031,7.305967687749874,8.713798777262411,6.765631612141931,1018.0745638020833,-6.747816165288289,306.1695838694771,590.0719263553619,21.434320068359398,9.315301513671898,15.451872762044294,60.9902769724528,42.31574113108218,4.666666746139526,10.900308523489178,6.76778723281656,8.942126210530603,7.669034576416038,1018.4366829427083,-9.495246569315592,304.9325972770651,606.1243417660395,20.888604736328148,8.595727539062523,14.983359273274763,60.03842560450236,46.70370368907849,29.666667938232422,11.04528978292566,6.897696068399324,8.62806091308596,7.004004414876306,1018.8083528645833,-7.5982818603515625,294.13621387134,571.2128816445669,21.344415283203148,9.221368408203148,15.352432505289736,60.79536978403727,42.96620398759842,0.020833333488553762,11.148520223610475,6.512261074465663,8.829862213134788,7.53668111165365,1018.4339973958333,-8.818771123886108,290.3288808837533,603.2486686706543,21.114739990234398,8.661523437500023,14.938490804036482,60.52731466293335,50.11574134742841,28.895832896232605,10.912858456850477,6.9969733320432494,8.464329020182333,7.091289774576865,1018.812197265625,-8.475546518961588,296.2361141368747,576.1505766312281
2021-05-29,22.727197265625023,12.416284179687523,17.170086161295597,67.92962996164958,88.68009249369304,8.527777851559222,9.319006025913257,5.824798734853208,9.89910786946615,10.795832570393884,1016.935126953125,-17.008021036783855,285.65163087596494,537.2370371818542,23.218469238281273,11.065026855468773,17.257231648763042,65.64722188313802,56.82361054420471,37.09722292423248,10.16838858217058,6.34131928987773,9.931218719482445,10.269386545817099,1017.4399186197917,-20.020376046498615,329.47208809604246,573.7846813996633,21.592462158203148,12.976129150390648,16.79161351521812,71.71666701634724,85.67037137349446,27.68055561184883,9.653372479533491,5.366306056226524,9.721534983317099,11.260837809244833,1016.7917805989583,-10.926487227280935,269.87637396436185,473.0269708633423,23.025170898437523,11.822290039062523,17.160331980387394,65.5499997138977,79.04536803563435,18.04861092567444,8.763471991807423,5.936131906365932,9.90753072102865,10.192628479003929,1016.4750911458333,-15.08598760763804,293.45697404816747,533.8243520259857,21.210076904296898,13.168298339843773,16.74975229899091,69.8240737915039,87.04027811686198,25.305555880069733,9.777353225028932,5.281121547335992,9.380277252197288,10.747004445393884,1017.0955696614583,-12.447711626688639,285.9596676413591,500.61120382944745,22.767297363281273,12.313378906250023,17.233772532145206,67.38611078262329,88.33148193359375,9.006944596767426,9.025117530009036,5.841674715532331,9.966102854410849,10.729081726074241,1016.94841796875,-14.656948844591776,281.0110871531069,516.9496196111044,20.962762451171898,12.202233886718773,16.21358515421552,72.65185244878133,82.08148161570232,34.87499997019768,9.513279686234036,5.760651923645523,9.433432515462243,10.842037455240927,1016.9489973958333,-7.389139329393704,262.0428341695418,440.7397192319234,22.818994140625023,12.610681152343773,17.221963500976585,67.74953715006511,87.94305531183879,11.111111134290695,9.097572114894357,5.866026106488742,9.866895294189476,10.80994822184249,1016.8764485677083,-16.65334955851237,286.51577501371503,533.7577333450317
2021-05-30,18.955895996093773,10.517968750000023,14.872539774576845,72.85277636845906,71.8254623413086,101.52083253860474,8.770629355987541,5.822676667416562,6.986267344156943,9.68866882324221,1019.3766569010418,0.467371145884196,228.73654243039587,652.8326682249705,20.448358154296898,12.227563476562523,15.926543172200544,69.84768438339233,82.40833330154419,67.85416650772095,7.902962943655418,5.545705064480443,8.28565114339193,10.09050013224288,1019.0279817708333,-7.556374172369639,224.3738927077502,540.7043218612671,19.150018310546898,10.808374023437523,14.641535695393904,74.02685149510701,69.2717604637146,149.97222137451172,9.96862292939596,5.556268374436581,6.948751068115257,9.664459482828818,1019.5001041666667,-0.38764331738154095,227.39663655807576,637.2278531392416,19.298608398437523,11.372186279296898,14.663892364501976,74.28055651982625,77.12314891815186,129.76388931274414,9.879799033785666,5.218011054398827,7.07211583455404,9.795832570393884,1019.39501953125,-1.3451736966768901,206.01066863474747,560.9433047771454,19.538781738281273,10.618798828125023,14.97443796793622,70.98425960540771,71.80601835250854,104.16666722297668,9.000117698513339,5.676365104772999,7.184865570068382,9.364080047607445,1019.360390625,-1.0377698143323262,220.15621793332198,628.7290282249451,19.503564453125023,10.958184814453148,14.80394007364911,73.81990798314412,71.37823979059856,114.88194417953491,8.726724204151756,5.7108381542379405,7.0895858764648665,9.777443186442099,1019.3765657552083,0.26092729965845746,229.2652554369221,614.8481345971426,19.172235107421898,10.489648437500023,14.981861368815126,68.53148158391316,69.37268543243408,42.854166746139526,9.314363114097212,5.910690931692565,7.1513470967610715,8.82471364339193,1019.4885319010417,0.022837777932484944,212.39720225396255,675.2082192103068,18.850946044921898,10.613702392578148,14.527008310953798,75.08796326319377,80.61250019073486,133.4166660308838,9.644247932643085,5.40224075214648,6.710131581624353,9.82087097167971,1019.2848209635417,1.8705419301986694,210.54894838668406,618.4774478276571
2021-05-31,18.787561035156273,12.130670166015648,14.892580922444685,69.55092573165894,70.8736116240422,23.18749949336052,6.4784179130212785,4.627636286669991,6.532467142740927,9.028516387939476,1019.2375325520833,-0.9940602779388428,188.53747503987202,576.5789573987325,18.732324218750023,12.489923095703148,15.177334086100283,69.98101774851482,80.81805499394734,126.61805486679077,7.9545404598450675,4.177504917098503,6.626858011881552,9.391964213053427,1018.6144205729167,-3.451942784090837,190.29739270157492,551.221000790596,18.591210937500023,12.104882812500023,14.747345225016298,68.89953788121541,70.99444356560707,20.923611029982567,6.620559669056944,4.51953307958752,6.441669718424521,8.71820729573568,1019.2879134114582,0.4867590268452962,181.20838231802918,551.4109392166138,18.396081542968773,11.869531250000023,14.52527516682945,71.52777687708537,71.56712938348453,177.74305772781372,6.199979692872613,4.3358453082709465,6.39441833496096,9.104789988199911,1019.350634765625,-1.1229543089866638,180.18111058534123,515.6953694025675,18.794671630859398,12.272210693359398,15.011580403645857,66.96111106872559,70.53379595776399,13.409721940755844,6.909435905490937,4.7187423120706065,6.476346588134788,8.52540232340499,1019.1068489583333,-0.3402184993028641,199.0057208665336,607.3351287047068,17.219567871093773,12.056268310546898,14.205936686197939,72.89490906397502,86.92824029922485,127.95138931274414,5.58522625749828,3.2842839061716784,5.786929066975915,9.151792144775413,1019.9470279947917,2.6471486687660217,132.2569083717341,476.5659696658452,18.174615478515648,12.019097900390648,14.513964589436872,70.16990756988525,71.93425844113032,37.972222328186035,6.365954437862422,4.463946679698192,6.169309234619163,8.718089040120446,1019.3824381510417,1.7276338438193004,176.13339127677804,575.1761327584585,18.350488281250023,12.400384521484398,14.861973063151064,67.94861237208049,79.87175941467285,49.93055486679077,6.803826968618932,4.120904809309686,6.395825958251976,8.72880579630538,1019.357880859375,0.767087155332168,166.03986859445772,542.1751210292181
2021-06-01,20.906030273437523,10.332971191406273,15.983356730143251,68.29907290140788,33.161573991179466,21.388888776302338,7.801280048013905,5.073163026432407,8.404055531819665,9.76346104939779,1016.9078515625,-13.534953912099203,250.74474600454172,553.7562631766001,22.036523437500023,10.414300537109398,16.520427958170597,67.61203654607137,24.92824061626258,27.881944060325623,9.38914581874534,6.376139271573244,9.144289906819665,10.105709330240927,1016.9155794270832,-16.032434622446697,305.628024879843,606.855834643046,21.397210693359398,10.441278076171898,16.19410858154299,67.63703632354736,26.99259251356125,1.2430555457249284,8.183095474144844,5.439091337400755,8.562613423665368,9.808362579345726,1016.941220703125,-13.518785119056702,268.37542334695655,583.947728395462,22.350640869140648,10.306542968750023,16.492200469970726,66.46620321273804,18.60000018806507,25.444444060325623,10.501327827735915,6.453542128281314,9.183183288574241,9.76662089029952,1016.596328125,-17.49227758248647,323.3512776531279,638.5316179593405,20.894921875000023,10.459161376953148,15.96320749918622,66.7212963104248,35.2662030706803,0.6597222248092294,7.965941749845676,5.318590707487927,8.223374938964866,9.376871999104821,1017.3370345052083,-10.921130736668905,249.0762197089692,577.5536346435547,21.056909179687523,10.412500000000023,16.102671559651714,67.63379780451457,33.77453748323023,15.951388597488403,8.294875751685428,5.728164733782709,8.592991129557333,9.763186391194665,1016.8103157552083,-13.065473854541779,263.619248782595,553.8492710590363,20.591546630859398,10.820275878906273,16.11271947224937,65.567129611969,38.22870414455732,0.493055566214025,8.244038862431458,5.6798758170323405,8.452280934651696,9.216580963134788,1017.1246907552082,-11.057586987813314,252.84846392149726,595.1084872881571,21.256951904296898,10.069268798828148,16.068621571858746,67.32361125946045,26.03379635392533,44.965277791023254,9.870675853333683,5.84627694924482,8.582051849365257,9.606055196126306,1016.8318717447917,-14.13375985622406,284.7400389860074,598.8499842484792
2021-06-02,21.148706054687523,13.914666748046898,16.828977203369163,65.52268489201863,84.47083282470703,11.12499986588955,8.252320140772905,4.091220822113823,9.113502756754599,9.89407628377279,1019.2548958333333,-7.81976259748141,216.49196526159844,465.6599940061569,20.948022460937523,13.825372314453148,16.636589304606144,70.82129605611165,88.65972328186035,56.74305498600006,7.9212732962110035,4.611669445282791,9.14762649536135,10.86585642496749,1018.39076171875,-8.428881426652273,211.99259066333374,457.69416534900665,21.264367675781273,13.950006103515648,16.73275782267255,67.29490741093953,80.90370337168376,19.673611134290695,8.682304697009544,4.3722006496083266,9.0186757405599,10.172594960530603,1019.0815787760417,-10.122019631167253,224.59377308841795,477.3528057734172,18.723504638671898,13.586389160156273,15.842487589518251,72.25509357452393,90.99027760823567,43.749999701976776,6.192805690805064,3.771709738016129,9.106498972574911,10.558545684814476,1018.8817513020833,2.0726941327253976,146.45090945561728,331.6845177412033,21.585504150390648,13.548272705078148,17.123825327555362,66.13379605611165,79.81342538197835,23.22222211956978,9.637274358792897,4.76985673995998,9.18666483561202,10.211760457356775,1018.9964127604167,-10.419326861699423,247.1755249655495,552.6847740809122,21.561791992187523,13.808557128906273,16.986253356933616,68.01388788223267,80.3504622777303,21.375000149011612,7.289913141689478,4.166787864626383,9.113895670572958,10.534221903483115,1018.6309375,-10.261172165473303,225.84952064044774,482.19929154713947,21.605523681640648,13.327783203125023,16.872776285807316,67.6754633585612,75.50648180643718,54.104167461395264,8.518459181528469,4.618780602571405,9.281231180826865,10.268081919352255,1018.9458138020833,-9.823499823609987,233.9055579106013,517.1424427032471,20.995385742187523,13.966760253906273,16.505408223470074,67.51157490412395,81.91296291351318,11.243055433034897,7.303178692946891,3.5675175853407937,8.940328216552757,10.022039031982445,1019.2812174479167,-9.286997934182486,197.88659993434945,412.6907374858856
2021-06-03,24.669946289062523,12.688867187500023,18.87536265055341,63.21990712483724,21.317130088806152,6.5694445967674255,8.538272595792904,5.545467453882105,10.990288035074911,11.205993906656943,1022.1772493489583,-22.016867876052856,325.3109442740679,641.6425187587738,24.883325195312523,12.321069335937523,18.760195668538433,62.9620353380839,27.4481484691302,12.333333492279053,8.094552216190925,5.78170547470113,11.194909667968773,10.976983642578148,1022.459638671875,-23.645763238271076,338.18483883639175,617.694184422493,24.250115966796898,12.516137695312523,18.634441630045597,62.99490753809611,26.19351828098297,5.597222253680229,8.814505155592611,5.513897170883396,10.89425938924154,10.921079254150413,1022.192998046875,-21.043201049168903,314.27349648003775,630.615671912829,24.260705566406273,12.046014404296898,18.5168764750163,64.30694405237834,17.006944318612415,21.37500011920929,9.274703855586013,5.480657914933495,10.906144714355491,11.072476959228538,1022.1048307291667,-22.05595068136851,326.8588964094718,628.096282919248,24.178094482421898,12.621850585937523,18.515828704834007,62.31851816177368,35.62777757644653,2.694444455206394,7.7848434553797805,5.680118559512212,10.90198923746749,10.632447814941429,1022.2172819010417,-21.210306962331135,305.67893238862354,613.8383527994156,24.506585693359398,12.402612304687523,18.75074920654299,63.85879675547282,21.137500047683716,25.354167580604553,9.309755478860598,5.616732160853328,10.901835378011071,11.196940358479821,1022.3455891927083,-21.631188948949177,330.1071688272059,655.4629510641098,24.196191406250023,12.700097656250023,18.317489878336612,61.49583435058594,47.16388940811157,0.1666666683740914,7.410116088461315,5.56011435963505,10.949845886230491,10.20846837361654,1022.302421875,-19.956066608428955,295.3151501528919,575.3181986014048,24.409844970703148,12.377618408203148,18.648095703125023,63.61018546422323,17.66666654745738,56.50000190734863,8.903294731845742,5.74310527045379,10.875740305582724,11.067962900797568,1022.4317708333333,-21.304101705551147,328.6763629267613,636.6394590934118
2021-06-04,24.981622314453148,13.908532714843773,19.710997517903667,61.54166682561239,53.8912038008372,11.916666515171528,9.79533994805672,5.809866285587006,12.183840688069665,11.44797032674154,1022.4723209635417,-20.675034523010254,320.86065077284974,592.5777524312338,25.461846923828148,14.311242675781273,19.81615854899091,66.72963031133015,30.443982154130936,16.10416653752327,9.748994946566155,5.965248859822125,12.37957661946615,12.812663014729821,1021.9828125,-20.157413959503174,305.6643474871914,584.0755756696066,25.195611572265648,13.840081787109398,19.686441040039085,60.8671293258667,27.2962961991628,11.118055559694767,10.318932254077373,5.923291190970762,12.235080973307333,11.186255391438806,1022.2164095052083,-20.292444229125977,324.7133539294203,608.8766587575277,25.600366210937523,14.188012695312523,19.90547078450523,65.57222239176433,37.351851761341095,14.19444465637207,8.943979135238202,5.768485405110471,12.212810770670615,12.725433603922568,1022.089501953125,-21.19637330373128,309.96312950303155,610.9881556034088,24.879907226562523,13.837121582031273,19.568030293782574,61.73657433191935,25.547221899032593,11.506944321095943,10.400481532351257,5.80414442240497,12.131618754069052,11.311830139160179,1022.3383951822917,-20.098981300989788,321.9162770931919,600.7069392204285,24.735864257812523,14.105584716796898,19.593147532145206,66.42453797658284,56.25925942262014,17.9791669100523,9.264321887820316,5.50934710449813,11.973613993326865,12.641282653808616,1022.300146484375,-20.080245812733967,305.78098260611296,573.2408724625906,25.241265869140648,13.735345458984398,19.607822672526066,60.6902764638265,26.380092283089954,8.784722181968391,9.476990774153613,6.006332671709558,12.24665222167971,11.070235188802087,1022.272958984375,-20.350613911946613,329.0514476125439,601.1985155741373,24.933038330078148,13.850030517578148,19.630949910481792,62.516666094462074,51.377778013547264,8.972222279757261,9.900917161446918,5.811921127998062,12.12158864339193,11.654597218831384,1022.482705078125,-20.300293842951458,319.64337797959644,597.7120903333029
2021-06-05,23.179864501953148,13.506799316406273,17.490708923339866,74.4962952931722,59.46944340070089,116.84722304344177,11.959486057220245,6.585263970997389,11.555965677897177,12.47083689371749,1019.7981673177082,-2.034376939137777,253.96812879790863,417.87135553359985,23.716638183593773,14.764428710937523,18.550815836588566,69.91666475931804,59.81249890600642,80.68055582046509,6.834800940282122,3.646529287649028,11.902481333414755,12.539973195393884,1019.89263671875,-5.9273059368133545,226.97074228028455,378.42322667439777,23.711175537109398,13.154565429687523,17.732686614990257,72.284721215566,53.63101840019226,93.82638919353485,15.003484344078181,7.058769700540696,11.91757736206057,12.16956736246749,1019.4999186197917,-3.1733771761258445,269.01098101213574,461.22147194544476,22.669641113281273,15.377923583984398,18.441546376546246,67.75787019729614,66.5745375553767,55.638888239860535,10.04992517725679,5.090642802913997,11.529536183675134,11.996072387695335,1019.9221321614583,-4.042740980784099,243.07963139687976,418.00027624766034,24.362481689453148,12.661126708984398,18.382143910725933,71.43935108184814,60.189815640449524,87.68055540323257,14.705934476246528,6.881397029480308,11.914145406087243,12.488451894124353,1019.5397005208333,-5.573679765065511,277.1512565327187,526.0267019271851,23.529626464843773,13.631799316406273,18.226940409342472,71.90833330154419,70.23981348673503,91.51388919353485,12.569893722223789,6.10467632207829,11.847879028320335,12.57141774495443,1020.0591080729167,-4.677791754404704,271.7524208538234,493.27307923634845,23.859735107421898,13.290551757812523,18.10633239746096,71.87176052729289,47.45277770360311,61.68750066682696,11.376546469482998,6.568105120124575,11.951417541503929,12.367244974772177,1019.8082259114583,-5.510446111361186,292.6662803404033,471.8828495343526,23.125756835937523,14.230798339843773,18.33933029174807,72.5509254137675,75.33055591583252,94.16666662693024,9.259671194933219,5.33536855807061,11.626245117187523,12.914053853352868,1019.5222526041667,-6.1172226667404175,271.2289814837277,413.7956026395162
2021-06-06,24.730584716796898,11.473596191406273,18.008838907877628,62.62870343526205,43.559721870076224,204.63194847106934,9.6122085004776,5.96574745264549,12.166900889078818,9.971270497639978,1016.829169921875,-11.438456535339355,305.30279854436714,584.9917410214742,24.862084960937523,11.055261230468773,17.91877644856773,65.68981456756592,33.41388847430547,357.50694942474365,8.666739759201558,5.807297668323803,12.268083190917991,10.597402191162132,1017.4105013020833,-14.554487466812134,324.37144773453474,544.1660992304484,24.970849609375023,11.634667968750023,18.46582183837893,64.85138909022014,25.985648334026337,203.24305725097656,9.496799780238032,6.0052056573198,12.400148010253929,10.812337493896507,1016.3917252604167,-13.096357981363932,319.19269987444085,632.0232810974121,25.299432373046898,11.217675781250023,18.215772247314476,62.73472229639689,26.9083327849706,262.2083330154419,9.030028272228813,6.235564344067036,12.476435597737634,10.09891026814779,1016.9563932291667,-15.984712362289429,330.997338583072,584.8107679684957,24.720666503906273,11.438897705078148,18.180952962239605,65.49120346705119,30.57916671037674,155.70833587646484,9.052633004988955,5.7108946223824475,12.178529357910179,10.74753341674807,1016.6364973958333,-12.077711343765259,315.6738362039129,594.42507092158,24.241876220703148,11.938897705078148,17.939885711669945,66.6249984105428,63.062962452570595,378.7708377838135,10.947257403957806,5.773258379212282,11.9005116780599,10.938794708251976,1016.9387955729167,-6.320584654808044,279.03368852535885,536.8054806391398,24.916680908203148,11.391503906250023,18.354795074462913,64.65740807851155,25.188888629277546,17.5972221493721,9.048672245175407,5.685373422003328,12.34375661214193,10.67737986246749,1016.6802408854168,-13.997559229532877,325.2544092660149,602.3483729362488,25.268090820312523,11.478326416015648,18.349785105387394,62.0078706741333,43.388425439596176,178.80555725097656,9.592031599808708,5.704626678628166,12.470657602946005,10.063673909505212,1016.843984375,-13.778348286946615,318.6866340811054,608.4220616022745
2021-06-07,22.605096435546898,14.454980468750023,17.93270899454755,81.8958330154419,86.2731483777364,296.7638883590698,6.181170802644399,3.2564400497682953,10.960642751057946,14.473847961425804,1017.3390169270833,-5.952935695648193,271.6801150416334,410.06360642115277,24.050408935546898,13.566766357421898,18.52584101359052,69.64907360076904,73.39860947926839,278.4791650772095,8.518103160161882,5.294607621375728,11.91290944417318,12.316420491536462,1017.4156640625,-9.16115403175354,279.48056031018496,548.7248928546906,23.352441406250023,14.378686523437523,18.21154429117841,79.42731364568074,83.88611014684041,169.31944394111633,5.934156743993465,3.9233916402718365,11.492786661783896,14.262180582682333,1017.1009635416667,-7.78186438481013,250.05773959308863,414.97379302978516,23.547387695312523,13.788842773437523,18.133404032389347,74.21574131647746,77.03148142496745,316.9236116409302,7.824510436915746,4.4271819547605675,11.80213572184249,13.101706441243493,1017.040615234375,-3.8210562467575073,265.4585188627243,445.4408288002014,21.834375000000023,14.199151611328148,17.376494344075542,81.07407426834106,88.65555620193481,224.22916746139526,6.775691241913574,3.754764459739228,11.640983835856161,13.811682637532556,1017.252880859375,1.899022604028384,186.7591698920975,269.4799609184265,22.185021972656273,14.214776611328148,17.70814412434898,77.16574017206828,82.24675941467285,292.5833330154419,5.320790749157149,3.704274456029245,11.758096313476585,13.362809753417991,1017.4473046875,1.514821618795395,203.95364508156976,320.5230491558711,23.357812500000023,14.105554199218773,17.891451772054058,81.02407360076904,86.44444465637207,298.8263883590698,6.176285308028928,3.5890805028560657,11.392232513427757,14.213761901855491,1017.3653873697917,-2.7526643673578897,231.25683683902025,342.4573616186778,22.079003906250023,13.720513916015648,17.45948181152346,82.91898234685262,69.68888902664185,225.61805629730225,6.634327981177222,4.143230381130832,11.221445973714196,14.268875376383505,1017.9126204427083,-0.8688276559114456,272.21661619096994,349.59458351135254
2021-06-08,22.538873291015648,14.561578369140648,17.020602162679058,83.431480884552,92.85462935765584,484.84721851348877,8.82510957782355,6.182564657911828,11.440867360432946,13.870470937093103,1017.9989388020833,2.512968043486277,152.58937193763754,247.06131402651468,24.858666992187523,15.083306884765648,18.89713312784833,76.92962805430095,76.69629693031311,515.7777862548828,8.75174110835476,5.40134940893375,12.561547851562523,14.253645833333337,1017.8228190104168,-10.043348908424377,240.24931500355402,387.50976578394574,23.627801513671898,14.027673339843773,17.693762715657574,79.34861119588216,88.2305555343628,345.8680543899536,8.648577482578418,5.567735114139162,11.587410227457724,13.561641947428427,1018.0552473958332,-3.8898365000883737,201.6710567319145,361.35901562372845,24.530511474609398,15.438897705078148,18.931998189290386,79.18611081441243,80.21759287516277,465.6805534362793,5.27487191316133,3.407900446645042,12.206529235839866,14.797466532389365,1017.646796875,-11.927469386408726,238.59812540685138,382.90637222925824,23.297692871093773,14.406335449218773,17.650050099690777,76.88657347361247,75.77361098925273,197.8958339691162,7.205483973290459,4.990373786339682,11.861953989664755,13.155725097656273,1017.9912532552083,-3.952433700362841,207.44672505930066,313.1096276839574,23.232141113281273,13.828027343750023,17.053701019287132,82.32268412907918,81.28750117619832,525.6111106872559,8.507455444296484,6.15657503533859,11.69562683105471,13.635903930664085,1018.0632649739583,-4.137279719114304,195.98867153190076,295.23894532521564,23.423852539062523,14.345391845703148,18.399551645914737,74.15509255727132,78.84027894337972,78.06944358348846,8.582263718715875,5.695121486467532,11.981868998209677,13.328285471598349,1017.8558561197917,-10.204982121785482,270.48990921427804,420.71943132082623,22.245690917968773,14.566094970703148,17.21219660441083,83.94444561004639,79.25694529215495,699.2083339691162,8.268563007038948,5.119118167696626,11.733324940999353,14.169090525309286,1018.0604654947917,0.27508477369944256,173.69153185747564,243.51274573802948
2021-06-09,26.044152832031273,14.128198242187523,19.88098551432294,68.74583435058594,70.48148250579834,132.77777814865112,11.28179656455396,7.062582867834329,13.316690063476585,13.059808349609398,1017.0671484375,-16.715675512949627,311.80546294897795,604.8316760063171,24.756829833984398,14.194451904296898,19.357616678873722,69.555091381073,59.9898157119751,556.2499923706055,7.516889665217732,5.511754749393771,12.976000722249353,13.208008066813193,1017.0061881510417,-19.242385864257812,295.67569983998936,479.47190078099567,25.205957031250023,14.504876708984398,18.99680353800458,75.68610954284668,76.57916720708211,193.1180546283722,10.248362552975971,5.855452405453676,12.867747243245446,13.99307785034182,1017.4025911458333,-8.98883338769277,264.3740960434079,449.44356568654376,24.433648681640648,13.992303466796898,18.97147903442385,75.37268463770549,64.70185263951619,470.31249618530273,8.291425876214973,5.99090008088821,12.844541168212913,14.062853749593103,1017.4147884114583,-12.052682956059774,282.3144570936759,450.49254608154297,25.192041015625023,14.320214843750023,19.356837209065777,72.02129570643108,71.1513900756836,119.81249976158142,10.743391506699668,6.330295859729581,12.797878519694052,13.486864980061853,1017.4823177083333,-12.162160793940226,290.71490992605686,525.3556338151296,24.731072998046898,14.848657226562523,19.470077768961612,73.90277862548828,62.31064796447754,299.7847204208374,8.041260638812624,5.730693425748307,12.670326487223349,14.15321756998702,1017.5660188802083,-16.83755286534627,302.1941273783644,491.75588846206665,25.772210693359398,13.749993896484398,19.60817108154299,66.46851857503255,49.795832792917885,36.49305546283722,11.816498905044739,6.925859819041224,13.107161458333337,12.369494374593103,1017.4774934895833,-15.52157179514567,313.4121317639947,603.0967766443888,25.843774414062523,15.381951904296898,20.040919240315777,69.73379580179851,69.76666728655498,236.0833339691162,10.156404895154669,6.141037759514691,13.324707285563193,13.545882161458337,1017.2173046875,-17.127978483835857,281.4024667025854,556.5546233654022
2021-06-10,26.246759033203148,13.182153320312523,19.979281361897808,66.61990706125896,47.500463247299194,80.43750047683716,9.712147704622943,6.497609620787428,13.867728169759118,12.809073384602868,1016.5957975260417,-14.700284123420715,333.24898448586464,593.8142766952515,25.963555908203148,13.547113037109398,19.854194895426456,71.41111087799072,46.905093063910805,295.31250286102295,9.193202352334284,5.977298898892831,13.185011800130212,13.825437164306663,1016.8666471354168,-12.237151225407919,329.4605904196699,559.0402498245239,26.137231445312523,13.042535400390648,19.82373199462893,67.95416657129924,53.770833333333336,121.375,10.372157841569594,6.749481339253102,13.545008595784509,12.953291829427087,1016.6745865885417,-13.46310011545817,331.9936092893283,604.1981211503347,25.837670898437523,13.698754882812523,19.82119013468427,70.47916682561238,53.08518469333649,322.2986125946045,9.250055548791103,6.337665239914071,13.386881764729821,13.691959635416708,1016.518544921875,-13.439888079961142,329.0219820737839,578.3971376816431,26.327142333984398,13.196832275390648,19.903990681966167,67.67638905843098,48.67824045817057,81.09027671813965,9.882890059390798,6.567514987752657,13.66850051879885,12.97174987792971,1016.7698958333333,-12.907092809677124,334.81983661403257,592.6632091204325,25.991204833984398,13.338891601562523,19.902900950113956,69.74537134170532,57.877314964930214,328.60417461395264,9.300790159568608,6.429874475912772,13.366845703125023,13.442472076416038,1016.7555794270833,-12.842999776204428,328.2814165726304,578.5683396657308,26.370050048828148,12.817895507812523,19.821185048421246,65.05231587092082,34.23009224732717,55.45833230018616,9.83887894499731,6.764495688823363,13.841593678792321,12.212271626790368,1016.7852994791667,-13.04451580842336,337.057333248357,598.4105682770411,26.502252197265648,13.549584960937523,20.0951489766439,66.90092658996582,46.64907383918762,136.85416316986084,9.828476678782398,6.310253230490048,13.689389801025413,12.922134653727255,1016.4665787760417,-14.850324551264444,332.439087698857,600.3320684432983
2021-06-11,25.730767822265648,13.959252929687523,19.873017883300804,73.00185171763103,51.80879577000936,96.40277791023254,9.088628882777416,6.510177444110243,13.773042297363304,14.366436258951865,1015.849248046875,-9.64827299118042,322.7565613662203,540.1174721717834,25.794458007812523,14.211358642578148,19.9339055379232,73.63148053487141,64.29768506685893,201.70138788223267,9.609071149701531,6.4621999023138414,13.398556009928427,14.540144856770837,1016.0832877604167,-10.586340188980103,319.9485179061691,559.208344856898,25.922601318359398,13.774804687500023,19.850652313232445,72.05601819356282,59.37453862031301,93.8472228050232,9.012133146831168,6.592088450553757,13.713875071207724,14.087990061442099,1016.2879915364583,-10.402704079945883,326.34149535000324,574.028693040212,26.165032958984398,13.911676025390648,20.102231597900413,73.02083381017049,45.95787000656128,249.74999809265137,9.772674625076776,6.411413547320561,13.537567392985068,14.552891031901083,1015.6419270833333,-12.207029263178507,335.8801696027319,578.2173004150391,26.079370117187523,13.783990478515648,19.84166234334312,71.85648171106975,55.95972144603729,98.87500023841858,9.277623686974389,6.68002894896134,13.731581624348962,14.017527516682946,1016.454609375,-9.327374855677286,327.05531776696444,569.7039659818014,26.053948974609398,14.293359375000023,20.067671712239605,73.9467601776123,57.587500969568886,200.04860973358154,9.347142755710676,6.649999319465496,13.727988179524743,14.754453277587913,1015.5047526041667,-10.321088155110678,332.42727143565816,560.7555257479349,26.123529052734398,13.752923583984398,19.82909800211591,71.92083374659221,53.51805571715037,99.49305486679077,9.31101726305966,6.746358624964896,13.923853810628259,14.002238210042321,1016.426552734375,-9.018430709838867,328.5555208697915,554.9901628494263,25.127740478515648,14.097711181640648,19.73596852620445,73.5365735689799,75.55092600981395,150.86805653572083,8.389561514381908,6.0462435515696775,13.68907190958663,14.403880055745446,1015.3357877604167,-7.891521135965983,294.0443136567871,515.0318992137909
2021-06-12,27.180718994140648,14.191461181640648,20.953733062744163,69.83287032445271,48.513888915379844,135.34722471237183,8.46832179472059,6.319092043030317,14.862159983317099,14.642582194010458,1017.587802734375,-16.960273106892902,325.19097898652154,507.4854088624318,26.825433349609398,14.012414550781273,20.562633768717472,71.81620343526204,49.793980956077576,190.09027481079102,8.631190622259531,5.947985049684078,14.321656799316429,14.705139414469443,1017.9461100260418,-15.486739238103231,319.4765453959505,503.86845088005066,27.125390625000023,14.164270019531273,20.93123652140302,69.36898199717204,51.873611092567444,95.63194561004639,8.783109469755853,6.384883469812151,14.950404103597009,14.498818969726585,1017.65849609375,-16.41779927412669,322.2786803469062,501.81088185310364,27.020471191406273,14.197381591796898,20.86641082763674,70.1305554707845,66.09675820668538,181.51388931274414,8.146630521570781,6.049397627315739,14.72071228027346,14.605067189534509,1017.85447265625,-16.175081888834637,317.3166885698835,505.01325877507526,27.007073974609398,14.034631347656273,20.768633778889996,69.51064777374268,57.65879519780477,86.31944608688354,8.716507426507821,6.338296604383955,14.82431564331057,14.397340393066429,1017.8226725260417,-15.338941852251688,319.7539555206895,490.35413297017413,27.099694824218773,14.109063720703148,20.887815093994163,70.09953625996907,58.17592624823252,196.4652829170227,8.20216791040492,6.048507006390182,14.880034383138025,14.618103281656943,1017.475205078125,-15.705769936243692,319.04416448871297,498.11742345492047,27.221398925781273,14.071557617187523,20.813610331217472,69.44213056564331,52.33750021457672,58.770833015441895,9.164813045667907,6.328341611419944,15.019924418131552,14.408043162028036,1017.7683170572917,-15.62891141573588,324.17208661635715,478.0762395064036,27.230432128906273,14.174859619140648,20.959349568684917,70.2347224553426,59.77083400885264,193.8333396911621,8.242675676274196,6.075781849695862,14.892881011962913,14.706357574462913,1017.4746614583332,-16.777041792869568,329.0811039035519,509.11685887972516
2021-06-13,29.875756835937523,16.042871093750023,23.115813191731792,57.368518034617104,15.738889366388321,1.1666666865348816,10.647359230031144,6.596839469633603,17.638631439209007,13.448472595214866,1016.8924544270833,-23.62986163298289,345.25539274265367,524.8304793039957,29.794458007812523,16.127770996093773,23.207476552327496,57.228240648905434,24.227777739365894,137.00694799423218,9.708772352075497,6.460487120596103,17.431736246744833,13.505657450358115,1017.049326171875,-23.689635038375854,345.22012460728484,536.733921845754,29.783319091796898,15.902368164062523,23.042778269449894,57.30185127258301,15.946758622924486,1.1666666865348816,10.866533510471012,6.748505726312551,17.531568145751976,13.387615458170615,1017.0665169270833,-22.895724534988403,345.0450680429737,524.3035424550375,29.934747314453148,16.013696289062523,23.182040150960308,57.65000104904175,19.63379629453023,96.86111259460449,10.720325735297022,6.449982493109275,17.555369313557946,13.578494008382165,1017.0052278645833,-23.65360363324483,345.3667036741972,529.2859555880228,29.827813720703148,15.983331298828148,23.059724426269554,57.60139083862305,20.150462836027145,2.0000000596046448,10.619272634691626,6.819474980752292,17.480574544270837,13.471262868245446,1017.044287109375,-22.979937831560772,345.48335128525895,527.3092260360718,29.750024414062523,16.106195068359398,23.125914510091167,57.6870371500651,19.7060187458992,87.19444370269775,10.50644901831109,6.3589722677542255,17.43885955810549,13.583459472656273,1017.3658333333333,-23.714194377263386,344.86426411072415,527.4618633588155,30.276025390625023,16.017297363281273,23.21902236938479,56.60462919871012,23.201852234701317,0.3333333358168602,10.635699992947776,6.949358197122464,17.70620498657229,13.335879262288415,1016.789150390625,-23.591876983642578,345.79199612885714,542.4763649304708,29.854547119140648,16.096490478515648,23.113044993082706,57.32268492380778,24.425000528494518,59.35416913032532,10.54803015477265,6.457548631658958,17.47458419799807,13.423884328206384,1016.9611263020832,-23.444645603497822,344.7792365675171,536.3738890488943
2021-06-14,26.590142822265648,18.978082275390648,22.126262919108097,66.7740740776062,53.348611076672874,2.8680555960163474,8.721706239973194,5.602635523162742,13.82941589355471,15.27067591349288,1018.3496614583332,-9.721345881621042,259.9293773472309,661.4319044748942,26.604058837890648,18.816674804687523,22.047190602620464,68.90370432535808,49.393982430299125,7.062499962747097,8.013201299171852,5.4818992613895405,14.205295817057333,15.66510925292971,1018.5523795572917,-9.236096978187561,246.06771990532675,604.6523577372233,26.787652587890648,19.006372070312523,22.307850138346378,65.63287003835042,55.54444388548533,3.1527778576128185,8.823083389342473,5.902508321613898,13.87969868977865,15.178252156575525,1018.3075390625,-9.977234373490015,260.2376605880757,698.742815653483,26.295465087890648,18.829858398437523,22.032056427001976,69.34999895095825,58.34768512969216,9.354166567325592,7.46197984791106,5.193372526813428,13.98627878824874,15.776259358723962,1018.7396354166667,-11.027103344599405,239.24694250524044,618.923565864563,26.974176025390648,18.939721679687523,22.27995580037437,63.673610846201576,46.36250059803327,1.81944446451962,8.815208810795653,6.248007890782351,14.07331237792971,14.69892272949221,1018.1279752604167,-9.313935776551565,282.87574117134017,703.0171407063802,26.192376708984398,18.861108398437523,21.982807413737003,68.0148154894511,57.03935210158428,9.548611097037792,8.888544175399774,5.6491848951026755,13.915687815348349,15.425820922851585,1018.655654296875,-8.276169540981451,243.05953761935234,630.2767782211304,27.298577880859398,18.423974609375023,22.377690887451195,61.09861214955648,29.794445117314655,0.5486111156642437,9.875780939481833,6.8501364724193765,14.735476430257165,14.212517038981161,1017.8969694010417,-8.158320481578508,292.85794552291435,669.7914625803629,26.365258789062523,18.996118164062523,22.069553629557316,66.81805594762166,53.99074060718218,2.909722221083939,8.7293670844076,5.539343015351792,13.904579416910849,15.249837493896507,1018.48318359375,-9.102813005447388,252.79179591437182,639.8283205032349
2021-06-15,25.282983398437523,18.067651367187523,20.928484853108746,63.841204484303795,71.93379616737366,4.11111107468605,8.536789238202044,4.502932733879978,13.411695098876976,13.313015238444052,1018.1984895833333,-3.4396178225676217,229.98026042152196,517.1274550755819,25.278771972656273,18.441491699218773,21.014544423421246,64.44999901453654,72.67731459935506,5.090277686715126,9.289776643167588,4.9882962735347,13.273825581868493,13.592523193359398,1018.4210221354167,-5.142974744240443,235.21742863332233,541.6692198912302,25.574182128906273,18.259881591796898,21.030063883463566,62.290740331014,70.83750025431316,2.3611110541969538,8.812777589465787,5.0190147660703355,13.358333841959677,13.026029205322288,1018.23814453125,-4.022824292381604,246.2285421832154,556.1481499671936,25.261743164062523,18.391839599609398,20.94824879964195,64.93842601776123,77.78194538752238,8.145833402872086,7.8777651449848145,4.750463145656521,13.336333211263025,13.629235839843773,1018.1608658854167,-4.403191347916921,221.82028191847107,506.5890253384908,25.375390625000023,18.161126708984398,20.931030527750675,61.80972115198771,67.0481481552124,2.8888888559304178,9.055394202972908,5.322805371871518,13.33014831542971,12.807735697428427,1018.2862369791667,-3.054383873939514,249.6993888070186,576.7450899283091,25.411431884765648,18.161126708984398,20.911824798584007,65.26851892471313,70.82222255071004,8.187500052154064,8.4773087378644,4.775708741348436,13.32905222574874,13.623733774821005,1018.2237923177083,-4.0319757759571075,232.30252327304333,512.9669349988302,26.106713867187523,18.549340820312523,21.453842417399112,59.862963835398354,62.69999990860621,0.7500000270083547,9.33875959933109,5.17631580656376,13.532816823323571,12.802097574869833,1018.1933138020833,-5.6612578729788465,264.720447037369,614.5863098303477,25.564172363281273,18.052331542968773,21.025679524739605,62.89953645070394,67.87314895788829,3.951388917863369,8.244318517755614,4.746804050959195,13.386942799886071,13.165018971761071,1018.3118782552083,-4.7730438113212585,247.56698116691163,532.2340894540151
2021-06-16,27.505212402343773,16.922174072265648,22.253350830078148,65.58749930063884,70.59629662831624,7.180555529892445,8.966333518146692,5.074787991675758,14.89048792521163,14.957397715250693,1015.69662109375,-15.020982424418131,287.4423727641503,584.9460234642029,27.004846191406273,16.707055664062523,21.832763926188175,67.83888896306355,75.72546370824178,15.243055582046509,9.164097348651216,5.0987746788409885,14.464776611328148,15.13815587361654,1015.7933919270832,-14.895102063814798,270.3391478359699,526.068606932958,26.991326904296898,16.918420410156273,22.210051472981792,66.28611087799072,78.35185098648071,4.423611144069582,8.899785390941807,5.096272558007086,14.818390146891318,15.152131652832054,1015.8447200520833,-14.383588155110678,274.8483269910018,581.3760838508606,27.155664062500023,16.528161621093773,21.915020243326847,66.82546265920003,65.60925817489624,8.361111029982567,9.088922753466493,5.2145002036022055,14.581947580973349,14.971223449707054,1015.6489713541667,-15.351002017656961,278.2264743745327,547.9714648723602,27.134942626953148,16.936853027343773,22.16880315144859,64.91388924916585,84.45046361287434,2.6736111054196954,9.463404929564364,5.503549353465026,14.651970163981161,14.743718719482445,1016.1686263020833,-13.486393173535665,281.82805414746207,582.0256129900614,27.053247070312523,16.486596679687523,21.71053212483726,66.73935143152873,76.12222210566203,9.000000014901161,8.967593721275847,4.924591406775941,14.493922170003259,14.740735626220726,1015.5735546875,-14.022101283073425,277.16949844608706,542.7061633268992,26.999322509765648,16.851251220703148,22.077547963460308,63.19999980926514,85.56898069381714,1.9583333344198763,9.29754736817058,5.723675469396288,14.673352813720726,14.24961878458663,1016.1637044270833,-12.432214736938477,282.737277050813,591.4736885229746,26.990502929687523,16.614923095703148,21.975813802083355,65.13564777374268,68.10509204864502,5.368055559694767,9.429027380131975,5.165353711584015,14.58894755045577,14.622062937418661,1015.6610221354167,-14.130877097447714,283.0444781084855,569.1194872061411
2021-06-17,27.758050537109398,18.710900878906273,22.773938751220726,68.05462980270386,97.6819445292155,30.256944596767426,7.603693228761747,4.559849522443997,15.047963714599632,15.99363733927413,1016.41232421875,-13.061993762850761,225.47055553396544,564.2297593752543,26.956506347656273,17.874597167968773,21.973142242431663,76.30925941467285,91.85555521647136,140.27083218097687,6.609721799706953,4.110683142222314,14.745662943522177,17.1293769836426,1015.9565494791667,-10.702646613121033,273.2848304609458,444.2272279262543,28.033105468750023,18.269830322265648,22.462442016601585,70.21574052174886,89.03750133514404,36.9791664481163,7.398339635742592,4.533658166159262,14.940310414632165,16.127008056640648,1016.5860709635417,-11.88657103975614,240.9543124375244,524.3864625692368,26.849359130859398,18.400231933593773,22.091484324137394,76.8787031173706,95.92592652638753,135.93750035762787,5.861435669694043,3.820029995082168,14.902062988281273,17.36463572184249,1016.1231380208333,-10.926042715708414,278.9041325189173,425.0377010504405,27.704370117187523,18.169183349609398,22.616635894775413,67.9606483777364,90.93611335754395,21.027777910232544,8.226442106609243,4.483926082510666,14.990336354573571,15.789941406250023,1016.6569270833332,-13.806499441464743,250.4036311606566,529.7805525461832,28.019555664062523,18.246423339843773,22.636092122395855,69.37407398223877,92.80787007013957,25.104166626930237,8.270562485015853,4.4836002739520255,14.94022140502932,16.173876698811853,1016.4101725260417,-12.523136337598165,237.47821904967228,541.3800965150198,27.452264404296898,17.885614013671898,22.574065144856792,68.71203645070393,85.38796424865723,21.388888970017433,6.371973328329199,4.389298309890098,14.932031250000023,15.931616719563806,1016.547646484375,-13.586862603823343,264.97374229381484,536.6377482414246,27.255883789062523,18.427758789062523,22.43408610026044,70.39537175496419,88.63425954182942,36.86111181974411,7.0211561252142936,4.276917793306275,14.8182197570801,16.25246073404952,1016.662685546875,-14.1332346200943,261.2649407585462,512.3872965176901
2021-06-18,26.997552490234398,16.979394531250023,22.036002095540386,72.26296297709148,52.182406981786094,196.05555725097656,7.314079691282175,4.9738041707591085,15.316089884440146,16.12897644042971,1016.513828125,-11.026229937871298,321.998810638984,490.51015933354694,26.785180664062523,17.494439697265648,22.093835449218773,75.17824093500774,79.4944441318512,154.62499928474426,7.0570738157614805,4.922394634632936,15.336972808837913,16.896604156494163,1016.667861328125,-10.573328495025635,306.54926688969135,453.9546941916148,28.065942382812523,17.241479492187523,22.4218091328939,69.62129545211792,54.877777417500816,143.67360925674438,10.70420588356659,5.778520836502824,15.474495188395224,15.789968109130882,1016.4329264322918,-12.984928011894226,327.4222461159031,580.9563794930776,27.372033691406273,17.422601318359398,22.015699005126976,75.21620353062947,65.84675868352254,192.52778005599976,7.564291381996558,4.8595767416294375,15.264277394612634,16.83817062377932,1016.723505859375,-9.168253143628439,321.73961318284273,459.4512062072754,28.174584960937523,17.271997070312523,22.561380004882835,67.370370388031,68.12777813275655,81.71527767181396,11.309471195532144,5.924852317330635,15.50345382690432,15.379908498128259,1016.4674283854167,-13.417624990145365,315.8757140959303,617.2589282989502,27.685662841796898,17.513635253906273,22.36228459676109,71.49722258249919,64.96620321273804,113.09722208976746,7.792716719539126,5.270359606606868,15.408755238850915,16.275969441731775,1016.722802734375,-10.789636095364889,320.1715040182074,513.9870124657949,28.260644531250023,17.314752197265648,22.760204569498722,65.64027865727742,50.319907108942665,39.45138871669769,10.990893160191145,6.045954556034019,15.718502298990927,15.125964101155603,1016.454404296875,-13.68420696258545,318.47023380796116,635.4574120044708,28.129235839843773,17.044396972656273,22.4742256164551,68.9939816792806,50.33333317438761,108.61805415153503,10.254836738481199,5.654792622488351,15.646691894531273,15.694561258951865,1016.595009765625,-12.441996574401855,304.60383698592585,577.716775337855
2021-06-19,30.070214843750023,17.686059570312523,23.702635701497417,61.61203686396281,67.30648024876912,21.527777433395386,9.30917508890219,5.310658671742439,17.092497762044275,15.27383702596029,1014.9599967447917,-17.66516939798991,310.6466161111991,529.0395851135254,29.987969970703148,17.469262695312523,23.806980387369816,61.32963037490845,45.96388874451319,235.8819522857666,8.782335251583778,5.502236178784166,17.103894805908226,15.253311411539755,1015.3292805989582,-19.962466438611347,327.9655643577377,550.0436302820841,30.335443115234398,17.919213867187523,23.79331487019859,59.29444440205892,71.06342633565266,12.576388418674469,10.2617657422622,5.510866127234801,17.219260152180993,14.69369786580404,1015.1607421875,-16.99557356039683,312.5198139523466,531.5144740740458,29.717126464843773,17.636895751953148,23.79297027587893,60.931480725606285,65.90555493036906,164.54860734939575,9.832986142732677,5.394079383858461,17.121340688069665,15.16591288248702,1014.9449153645833,-18.191337545712788,318.99398484329384,560.7597901423773,29.569665527343773,17.935144042968773,23.442559814453148,58.464352448781334,84.68148072560628,1.0000000298023224,9.15297049727452,5.261494258139667,16.971059417724632,14.200234985351585,1015.5206315104167,-15.207101106643677,300.05622452745837,509.43717273076373,29.932885742187523,17.561059570312523,23.741155242919945,60.919907887776695,64.1259263753891,91.25000143051147,10.912110334534432,5.455152234627813,16.88011957804366,15.107595062255882,1015.277431640625,-17.734542926152546,318.88022398451966,564.7981765270233,29.594445800781273,17.939691162109398,23.490136718750023,55.947685877482094,81.79768498738606,0.0,9.223401457764696,5.471728465292422,17.148244476318382,13.532935078938806,1015.567734375,-15.319214582443237,303.4085981026292,502.68693447113037,30.098718261718773,17.654016113281273,23.82800445556643,59.97268629074097,59.165277322133385,43.9861102104187,10.157205626565691,5.30466911469679,17.10244522094729,14.943803405761741,1015.0091178385417,-17.913323561350506,318.16503406564397,546.6669615109762
2021-06-20,28.759698486328148,18.507287597656273,22.509820556640648,64.70277833938599,86.6217589378357,29.173610967583954,11.87590888475606,6.0215107668492465,17.13028742472335,14.836965179443382,1011.9960123697917,-7.938977241516113,235.23483161379895,468.2597773869832,28.453820800781273,18.554498291015648,22.634267425537132,72.3925929069519,82.81296360492706,114.61111056804657,12.79509723213509,5.587467965576191,16.830674743652366,16.827642059326195,1011.8402083333333,-5.4296240011851,283.053353694578,451.24765761693317,29.248803710937523,18.331323242187523,22.744060770670597,63.281481901804604,80.68518610795338,24.22916693519801,19.24045587730086,7.023975337361023,17.11056035359701,14.69751637776693,1011.6724088541667,-10.409524281819662,289.5071110104521,576.3576472600301,28.825402832031273,17.492669677734398,21.756958262125675,72.90509287516277,85.41250117619832,94.1597232222557,14.534165184072348,6.6260405189588,16.67534662882491,16.03574651082357,1011.960595703125,-3.195965846379598,265.533710213999,425.4705737431844,28.900659179687523,18.225152587890648,22.917955017089866,62.3490735689799,87.94444386164348,17.465277457609773,16.136828117650083,6.3507780914972445,17.060074106852255,14.677120463053427,1011.934931640625,-10.530257860819498,266.3275916626056,536.6255976359049,27.390649414062523,18.555902099609398,22.157324727376324,68.06574074427287,88.81713040669759,27.659722480922937,13.03032809170265,4.296815203978632,16.776998138427757,15.601082102457724,1012.2958626302083,-8.620751142501831,251.56738674889007,333.24373110135394,29.520196533203148,18.389672851562523,23.141564941406273,62.19861205418905,80.93981560071309,12.08333348762244,16.79545581981518,5.53673901166117,17.189989980061853,14.873335774739587,1011.6448860677083,-12.835623105367025,281.7509424438079,521.2936968803406,28.585229492187523,18.275170898437523,22.493774668375675,65.05416711171468,91.08055528004964,17.888888908084482,12.30603618081371,5.222794026366699,17.0886220296224,14.978286997477255,1012.2653743489583,-10.740636269251505,232.22040787835917,429.3280709584554
2021-06-21,27.606622314453148,16.383569335937523,21.733438110351585,69.03194522857666,27.70740767319997,229.36111116409302,11.157337072107797,6.732658088997316,15.169128672281943,14.993606821696005,1009.6467057291667,-6.9533514976501465,317.44193336367607,683.463583946228,27.009057617187523,16.189263916015648,21.094235992431663,73.1981479326884,47.67824141184489,197.9444456100464,8.680398752504079,5.062619739646685,14.88434499104818,15.528712209065759,1009.4306217447917,-6.208523790041606,268.58494531611603,539.5211119651794,27.156762695312523,16.330041503906273,20.972762044270855,73.00925922393799,51.082870165506996,249.97222471237183,10.605718655152966,6.416036576373795,14.964868164062523,15.293419138590536,1009.6423893229168,-4.8130918343861895,275.4351455916961,568.9031677246094,26.812768554687523,16.294732666015648,20.76589736938479,74.6041677792867,47.93287066618601,211.29166507720947,9.48798769842834,4.829989056465685,14.807007090250693,15.530046081542991,1009.528564453125,-1.011376718680064,247.42703325053057,486.0901521046956,26.706903076171898,16.771051025390648,20.908176676432316,75.6504635810852,58.19305555025736,239.0069456100464,8.580059723205485,5.404255296409871,14.773048655192099,15.901446278889978,1009.7613541666667,-0.037639349699020386,267.09379054481786,526.4397416114807,27.065972900390648,16.166986083984398,20.86075871785484,74.7777779897054,54.375463684399925,242.55555534362793,10.026405799518303,5.658456667861864,14.809810892740927,15.593047078450525,1009.7017545572917,-1.0750701824824016,261.3964446261525,542.0988666216532,25.690209960937523,16.715325927734398,20.361463165283226,79.45833253860474,61.11018419265747,235.04166793823242,9.198675357220024,4.720501612637359,14.49232126871749,16.286353047688806,1009.95587890625,1.95743577927351,258.98252438008785,415.21008173624676,27.302545166015648,16.861413574218773,21.271844482421898,75.03287013371785,44.191203673680626,248.07638788223267,6.350608905050204,4.597088969759191,15.00743128458663,15.997354125976585,1009.48287109375,-4.109780982136726,282.6523893152674,533.8229231834412
2021-06-22,25.734948730468773,15.459893798828148,20.125945027669292,76.60185035069783,39.995370944341026,219.06249809265137,7.022281228914023,4.248206097544476,14.102071380615257,15.39917653401693,1011.4271451822917,-4.496706247329712,295.1423533856869,525.0306558609009,27.271508789062523,16.372247314453148,21.489448801676456,66.25138918558757,26.624537030855816,259.1458339691162,10.05993370964671,6.287792541768174,15.382557169596396,14.176277414957724,1010.8212174479168,-6.544609387715657,303.50199739883345,699.9748527208964,25.663995361328148,15.288232421875023,19.961750284830753,78.0685183207194,35.46666709582011,212.03472185134888,6.4226682547522955,4.179130928617663,13.950554148356161,15.572148895263695,1011.4151790364583,-4.0329917669296265,304.21116989851,488.76717615127563,27.450494384765648,15.851617431640648,21.405193583170597,66.38749980926514,27.406481484572094,297.4583330154419,10.40274343197224,6.003132038463831,15.241279856363974,14.022578175862634,1011.027041015625,-8.116316119829813,307.693400606513,723.2853245735168,25.261102294921898,15.103295898437523,19.83943328857424,78.08888959884644,33.24305546283722,235.70833444595337,6.997548079281782,4.026318714482889,13.821036275227868,15.480161285400413,1011.5111002604167,-4.195723533630371,315.392350807786,472.13288895289105,25.847283935546898,15.627770996093773,20.49267222086591,73.38101927439372,31.6092591881752,325.3680582046509,8.360827622478082,4.951085808641607,14.32636159261068,14.988868967692099,1011.2663216145833,-4.393818656603496,304.4529784421126,594.2851096789042,25.308496093750023,15.392846679687523,19.83391087849937,79.02500009536743,39.98842632770538,120.75694394111633,8.944808411915663,4.549995026030071,13.913443501790368,15.621338144938193,1011.4227734375,-2.6154898007710776,306.21214325974387,483.8754189809163,24.902246093750023,15.670465087890648,19.97590789794924,77.82407474517822,40.992592334747314,363.5902738571167,6.434130754890747,4.093220820556862,14.1751533508301,15.59198913574221,1011.5574283854168,-2.9940088589986167,295.3604623625676,452.4136788050334
2021-06-23,26.621362304687523,14.781030273437523,20.714007314046246,67.05601739883423,53.08935218056043,192.5347237586975,10.707295512422155,6.636082276382589,14.703244781494163,13.51630808512374,1015.1227962239583,-7.567155361175537,260.06982799619436,587.7121938069662,26.056787109375023,14.959161376953148,19.861160532633487,70.71527703603108,45.49120309948921,307.0555591583252,11.772147807809162,6.736304501642951,14.572419738769554,13.615080769856775,1015.1903548177083,-2.778954346974691,231.55331144481897,499.00002002716064,26.537683105468773,14.443322753906273,20.78070475260419,64.93796443939209,48.95648126800855,169.6180543899536,9.549164225334863,6.24101143478493,14.583117421468103,12.990051523844443,1015.1058430989583,-9.034184694290161,287.0076290940245,643.0016356309255,26.646997070312523,15.020135498046898,19.945297495524112,71.5430555343628,51.543517669041954,309.5208330154419,11.926368668929884,7.196640620976287,14.552751159667991,13.821602121988974,1015.0289192708333,-4.796123345692952,238.01879880577326,527.2583249409994,26.584741210937523,14.053918457031273,20.360248819987003,67.34259255727132,53.851851753890514,135.0555558204651,9.525408447716588,6.63233300093733,14.285005187988304,13.207760111490927,1015.344580078125,-8.199437220891317,277.92774255077046,616.9563592274984,27.176782226562523,14.939599609375023,21.110770161946636,66.00462897618611,55.37777799926698,323.4791650772095,10.47227251392483,6.5052248703578215,14.990837351481161,13.477899169921898,1014.904169921875,-10.99686590830485,292.5599773824215,641.5693589846293,26.772088623046898,13.835107421875023,20.36283137003583,67.51990763346355,48.575001200273014,79.01388883590698,10.307361495519334,6.93354409322049,14.36862462361654,13.213087972005212,1015.273974609375,-9.12905756632487,296.93113053838414,648.2381402651469,26.702905273437523,14.566003417968773,20.454729970296246,66.68888870875041,57.34398146470388,227.74305534362793,11.380054878791825,7.303234964288293,14.552798207600915,13.040273284912132,1015.0812239583333,-5.557366609573364,282.87965588023263,652.7956110636393
2021-06-24,26.032678222656273,14.640649414062523,19.862527465820335,67.6583325068156,31.593518413603306,87.13194417953491,11.687127275646652,7.746507716374623,13.943031565348349,12.931481933593773,1016.4736881510418,-6.7511905034383135,335.3034640823801,668.0914475123087,25.796105957031273,14.245385742187523,19.49214960734052,73.27129475275676,34.323610723018646,292.75694370269775,11.25371219625792,6.921372698554958,13.783656056722009,13.792801157633505,1016.3279296875,-3.980378746986389,328.7755902384718,633.6575147310892,25.642755126953148,14.340264892578148,19.670489247639996,68.88518603642781,23.27592608332634,85.69444489479065,9.55309588741751,6.933152954613997,13.830290730794275,13.11775614420577,1016.6843977864582,-8.989976088205973,335.08159726361436,607.8349189758301,25.456750488281273,14.223962402343773,18.62872721354169,75.82546377182007,22.443981607755024,295.78472232818604,13.721852153545349,7.711966311390515,13.731594340006552,13.576431528727255,1016.5909212239583,0.7207827965418497,320.71620570868254,531.9572238922119,25.786157226562523,13.908654785156273,19.79734064737958,66.46944618225098,34.3231487373511,71.40277791023254,12.198373211263464,7.368053423589527,13.902542368571005,12.490046437581384,1016.6678092447917,-7.478514115015666,328.61353176335496,717.6157760620117,24.637872314453148,14.642694091796898,18.413227335612003,76.96388673782349,41.58286968866984,276.45833110809326,14.59852663257793,7.290848182638601,13.085738118489587,13.717624918619833,1017.178193359375,0.21046357353528342,309.19735088199377,497.04424595832825,25.712091064453148,13.937005615234398,19.509287770589214,66.82962878545125,37.347221771876015,44.2638885974884,13.192637732618172,6.9638701012399835,13.72903722127279,12.439639027913415,1016.579609375,-6.4783031940460205,314.2389661545555,625.6846389770508,25.861108398437523,14.368188476562523,18.95287602742515,74.46898158391316,29.620833451549213,169.13888931274414,12.00454347851461,7.616702466431303,13.71710866292318,13.62024586995443,1016.61025390625,-1.6541109879811604,326.8143693109353,565.4950545628866
2021-06-25,26.706628417968773,14.205560302734398,20.32789001464846,58.63935152689616,26.129166146119434,43.62499988079071,8.951452814795653,5.5934398640154965,13.999630228678427,11.113491312662802,1015.10435546875,-9.001026829083761,316.4721510919432,704.6005347569784,25.827783203125023,12.969140625000023,19.375952657063824,63.33055559794108,27.206018408139546,214.74999904632568,11.106947059714065,6.7533211850477555,13.606785074869833,11.375458017985068,1015.32349609375,-6.195664445559184,319.2836487144232,635.130747795105,26.149957275390648,12.603906250000023,19.672642008463566,59.76759227116903,24.731944411993027,64.96527695655823,9.613972182663439,6.791674860184446,13.406502024332724,10.623410797119163,1015.2416178385417,-8.229761719703674,324.1381106475989,694.4585552215576,25.685937500000023,13.767327880859398,19.79724782307945,64.43657334645589,36.603704373041786,193.9652805328369,9.253725964303037,5.579595222120186,13.806901550292991,12.099612172444665,1015.3028971354167,-7.2388220230738325,289.01578286414343,614.58038854599,25.980950927734398,12.706872558593773,19.652754720052105,61.0884264310201,29.01666694879532,69.42361187934875,10.045564188122006,7.055653804363639,13.096238708496116,10.977199808756552,1015.5374609375,-6.146668076515198,321.88932519654435,726.5935673713684,25.818902587890648,14.172265625000023,19.73257980346682,66.67453686396281,44.77314798037211,176.72916793823242,9.103868365986193,5.759136850194207,13.613153076171898,12.614872233072958,1015.5497135416667,-4.990570863087972,283.8034956504901,591.8834664026896,25.837274169921898,12.411798095703148,19.61645151774091,60.31851943333944,24.234259516000748,38.70138871669769,10.405833266693845,7.1285620212666485,13.03404261271163,10.697888946533226,1015.5657747395833,-6.260351181030273,317.92676787575084,720.9493805567423,25.784753417968773,13.156243896484398,19.80731353759768,63.18472178777059,36.094907104969025,123.22916650772095,8.30600460358813,5.926786877548583,13.442308044433616,11.684957122802757,1015.2117643229167,-8.394409815470377,309.6437204281489,665.3063553174337
2021-06-26,27.783349609375023,14.657250976562523,21.440522766113304,54.64120435714722,30.388426393270493,0.5208333488553762,9.419999773901527,6.503604010854218,14.718812561035179,11.293715413411462,1015.8187174479167,-13.92176385720571,330.23615088065463,725.7395644982656,27.282830810546898,13.801965332031273,20.838755544026714,62.221758683522545,32.915277342001595,61.79861092567444,8.958612187925553,6.11150925393018,14.358396148681663,12.610147094726585,1016.3269108072917,-11.006248752276102,320.05775864670676,665.9084720611572,27.894433593750023,14.641076660156273,21.438069915771507,55.21944284439087,30.95000123977661,2.6458333507180214,9.496889787753508,6.529157581958246,14.773133850097679,11.471323903401696,1015.5996614583332,-13.370940208435059,326.22787282864255,736.0010857582092,27.636987304687523,14.082696533203148,21.176749165852886,57.696296532948814,31.928240140279133,73.63888835906982,9.161097127908015,6.461015391217259,14.623479461669945,11.714158630371116,1015.7925716145833,-13.891052603721619,328.34428386638564,703.3573077519735,27.649987792968773,14.586877441406273,21.364188130696636,54.07685216267904,32.26388808091482,0.02777777798473835,9.230995947910484,6.323034534600713,14.646563466389978,11.068592325846396,1015.7612369791667,-13.27580451965332,328.4463485280673,730.3633406956991,27.427758789062523,14.231958007812523,21.100109354654972,57.782406648000084,31.248149109383423,74.61111211776733,8.980177665587313,6.468428956245771,14.321646626790368,11.757315572102868,1016.1545377604167,-13.092928886413574,326.41474327693385,722.4132725397745,27.305871582031273,14.687829589843773,21.25974553426109,55.056481997172035,37.03981498877207,0.20138889038935304,9.418803043952465,6.232416496569535,14.504909769694052,11.289539591471396,1015.9128873697917,-12.600600600242615,310.2102758685748,708.4633751710256,27.625726318359398,14.538873291015648,21.316721852620464,55.781481901804604,35.368518655498825,40.49305558204651,8.8240706510281,6.461111622265006,14.606323496500693,11.449280039469443,1015.962626953125,-13.796603639920553,324.2809854547183,720.4894844690958
2021-06-27,29.056268310546898,16.428979492187523,22.860176340738956,56.15601841608683,49.59675923983256,1.7847222648561,9.99364509361447,6.310609231934105,15.664880371093773,12.99320755004885,1015.6520572916667,-17.496978282928467,316.7445435076952,733.3126399517059,28.838891601562523,16.456506347656273,22.652463531494163,57.85092639923096,59.69305535157522,7.194444462656975,8.198234059875418,6.070375495009138,15.794861094156943,13.282389577229821,1015.4230045572917,-15.450166662534079,293.61381763219833,693.2989268302917,28.486260986328148,15.618157958984398,22.259188588460308,60.91296354929606,54.66249938805898,15.243055537343025,8.9861413243051,6.315364967481507,15.586097971598349,13.572942352294945,1015.3829752604167,-15.011733492215475,306.87107226252556,671.2404452959696,28.825219726562523,16.455865478515648,22.746050771077496,57.26944398880005,64.10925936698914,6.354166641831398,8.26911522955349,5.542978763960124,15.753690338134788,13.219614919026696,1015.3426432291667,-15.2674609820048,280.034036355714,674.8833726247152,28.354882812500023,16.043969726562523,22.42132720947268,58.465277989705406,57.486573934555054,9.402777649462223,8.910143914852933,6.167906100813473,15.390016174316429,13.164202626546228,1015.5623014322917,-15.499117414156595,306.11221402386826,690.5394539833069,29.218316650390648,16.413598632812523,22.946543629964214,55.10509157180786,58.76018555959066,0.46527778543531895,9.527459274345583,6.028342894520164,15.757087961832724,12.816926574707054,1015.7225065104167,-16.50731674830119,307.22632631162804,713.9660302797953,28.438104248046898,16.330041503906273,22.478143310546898,57.38981453577677,60.56944445768992,3.5277777202427387,9.71575691561896,6.306191396718002,15.475806172688806,12.922806040446005,1015.493994140625,-14.969488739967346,301.4468263834715,707.3640565872192,29.220971679687523,16.345269775390648,22.934973653157574,54.916204611460365,55.931480487187706,0.5833333404734731,9.441133359654987,6.399166915860195,15.721396382649743,12.74277267456057,1015.6949772135417,-17.80942153930664,321.9138546300431,750.6987022558848
2021-06-28,29.967401123046898,17.972497558593773,23.92484308878583,56.18750031789144,63.06388831138611,29.56249988079071,9.576950572790047,6.185814080355695,16.923438008626306,13.709921773274743,1015.233427734375,-18.261797229448955,309.3731825600068,712.5460537672043,30.273797607421898,18.871362304687523,24.0016431172689,56.6231492360433,55.98518594106039,6.458333343267441,9.053012830036188,5.940740942246184,16.99564132690432,14.06574147542318,1015.496064453125,-17.623350183169048,280.5402436554432,678.7497906684875,29.879357910156273,17.346765136718773,23.659546152750675,57.18657350540161,64.73240756988525,29.659721970558167,9.66680648504368,6.253028424425676,16.91630579630538,13.69653981526693,1015.1140071614583,-17.469865759213764,302.0720062404871,690.5725202560425,30.421807861328148,18.545190429687523,23.893748219807964,56.25694497426351,66.49953826268514,25.66666668653488,10.974018325649295,6.894961115627048,17.01090520222982,13.845170593261741,1015.2760904947917,-17.53878863652547,305.52092720444006,730.1399211883545,29.802117919921898,17.468408203125023,23.58263804117841,57.83796183268229,79.53194506963094,17.923610985279083,10.064140150118574,6.247864470506054,16.728789265950525,13.802110290527366,1015.2883528645833,-16.9745991230011,310.686716483285,704.4983152945837,30.424005126953148,18.233697509765648,24.168850199381534,54.56018575032552,64.97824120521545,16.34027737379074,10.579560171400816,6.281478731867001,16.938396708170615,13.64993565877279,1015.6219889322917,-19.526405652364094,310.002150396506,727.701996008555,29.866265869140648,17.311547851562523,23.558062489827496,57.03796354929606,77.82129621505737,8.41666665673256,9.854186483921579,6.307084931736547,16.704998270670615,13.52503611246749,1015.1327994791667,-16.923389832178753,309.17333412791294,702.8799556891123,30.315667724609398,17.853387451171898,24.063359832763695,53.72870318094889,51.673611640930176,9.51388880610466,10.060805704324977,6.392617468068239,16.9374989827474,13.24430872599288,1015.275830078125,-19.110090653101604,320.18625638633966,742.5596369902293
2021-06-29,26.800317382812523,15.627252197265648,21.04315338134768,71.76157395044963,41.06388862927755,180.9097226858139,11.450728914827609,6.717260656227384,15.226365661621116,14.841111755371116,1012.0480598958333,-2.484022935231527,297.5906639670332,652.2872506777445,28.045404052734398,15.935601806640648,22.026995595296246,66.42268403371175,34.8439809580644,112.65277695655823,10.209794727362066,6.472158229703385,16.210683441162132,14.349126434326195,1012.6404622395833,-6.877809127171834,327.9608563135068,696.4499238332113,26.408807373046898,15.930017089843773,21.03348821004234,72.38935152689616,49.905555625756584,156.20138883590698,11.258002502706939,6.538341815140284,15.191698964436853,15.006618754069052,1011.9149348958333,-1.7359573046366374,298.7733199596405,623.6801617940267,27.956506347656273,15.810113525390648,21.86417922973635,67.02777751286824,36.70370316505432,136.11111044883728,10.632453083899758,6.7370405365603885,16.120295461018884,14.315897878011071,1012.219306640625,-6.458301544189453,321.6711616391937,710.2852398554484,26.526422119140648,15.782556152343773,20.99378102620445,71.37546253204346,43.78657379746437,147.89583253860474,12.007781174982247,7.096679144963553,14.982424672444665,14.725823974609398,1011.9051627604167,-2.1009254852930703,292.96876062452793,655.2374569574991,27.473474121093773,15.609124755859398,21.554285939534527,68.96342579523723,23.80185180902481,135.37499868869781,11.122138611129254,7.09159749608596,15.749171193440759,14.552510833740257,1012.3946842447917,-4.742331266403198,321.9489934705198,691.8620274861654,25.549523925781273,15.722406005859398,20.11722590128583,76.82361141840617,53.68981500466665,227.8194441795349,9.034083182972113,6.492166625528232,14.49280446370443,15.23294601440432,1012.2080013020833,1.3688593705495198,284.07344966257614,530.3126891454061,27.646752929687523,15.753442382812523,21.387742614746116,68.52222331364949,29.26851886510849,123.7500011920929,13.162058042663581,7.476783150046291,15.62354431152346,14.340730285644554,1012.2753385416668,-4.042798360188802,311.7949451295038,685.1071750322977
2021-06-30,25.347161865234398,14.035668945312523,19.084587351481144,70.38379685084026,35.20277808109919,371.5486125946045,10.431494847062838,5.796826814582765,13.629697418212913,12.902761077880882,1009.9162760416667,-0.43990222613016766,264.6831789364417,515.5082920392355,25.070947265625023,14.362512207031273,19.28631998697919,73.47268501917522,35.96296308437983,369.2708349227905,12.425746033097068,6.61356119566432,14.057692464192712,13.755179341634118,1009.9446875,6.918845633665721,281.44601567834616,539.7150252660116,25.647607421875023,13.825036621093773,18.99349238077802,70.48101949691772,39.27546270688375,367.49999713897705,11.552805837073604,6.298008759805165,13.668880716959677,12.762544250488304,1009.93220703125,1.8584001064300537,259.3892200415333,539.2405128479004,24.431054687500023,14.588922119140648,18.77271931966148,74.30648183822632,45.57222247123718,370.6527795791626,15.854899241530791,6.546649911690288,13.739661153157556,13.580176289876306,1009.7738216145833,6.15166163444519,290.9418879399697,489.8783251444499,26.331048583984398,13.359887695312523,19.62952575683596,65.0754623413086,35.11805587013563,276.09027767181396,9.203181003799612,5.919965992364166,13.73660558064779,11.940649922688806,1009.9882421875,0.625988761583964,284.44925297796726,657.9478287696838,24.837915039062523,14.311547851562523,19.21180114746096,73.32361221313477,52.67963035901388,305.84722328186035,13.168249670542552,5.798926076171533,13.789365386962913,13.667962646484398,1009.9176497395833,5.659852663675944,260.71191614369553,524.345740477244,25.706292724609398,13.674707031250023,19.427515920003277,68.30509265263875,39.05555582046509,130.53472089767456,7.762569332573415,5.219382167422192,13.574234263102255,12.647523498535179,1009.9017708333333,1.2445546785990398,268.1524864695966,573.4751354853312,26.016687011718773,13.825830078125023,18.700293477376324,70.43564812342326,48.06064772605896,458.07638931274414,15.804164037687299,7.474384935397153,13.814670817057333,12.30082473754885,1009.953515625,1.0566404660542805,275.659946333617,616.1088151931763
2021-07-01,27.090753173828148,13.307092285156273,20.44516525268557,51.13935136795044,29.768518606821697,41.041667222976685,11.364435331830624,6.679421836068923,14.370707448323571,9.097389475504599,1011.8038444010417,-8.674467960993448,319.98766497770947,683.2441488901774,26.794458007812523,13.224603271484398,19.988027191162132,51.89722204208374,48.97268509864807,413.33331298828125,11.023775975005766,6.431223267654814,13.828151957194052,8.847361501057946,1011.52818359375,-9.307190815607706,322.22970683996874,775.7128222783407,27.719018554687523,13.516625976562523,20.852651214599632,50.33518600463867,25.412500103314716,10.32638880610466,9.697628739273524,6.337547004568194,14.43891550699874,9.153517659505212,1011.702626953125,-9.876556634902954,332.1311877767245,787.8685383796692,27.020776367187523,12.852868652343773,20.252812957763695,52.918980995814,20.277314970890682,408.83331298828125,8.989582401440959,6.808782070710841,14.239082590738974,9.39594167073568,1011.764052734375,-11.326108376185099,335.9545020063718,655.0875159899393,27.886132812500023,13.772210693359398,21.097627258300804,48.635647694269814,25.40833369890849,1.6666667461395264,10.424135290229579,6.6479964486386125,14.742999013264978,8.966172790527366,1011.678544921875,-10.51085638999939,334.89874051014584,774.5599303245544,27.615258789062523,12.894464111328148,20.58468399047854,53.118055740992226,18.840740963816643,295.6458377838135,9.734993461057682,7.038948917205467,14.725335693359398,9.648222859700525,1012.0217805989582,-11.305020372072855,337.04997676610947,672.2046298980713,28.093865966796898,13.662255859375023,20.992335255940777,48.40324036280314,19.434722085793812,0.3333333358168602,10.021751294621895,6.57902702123599,14.700503285725915,8.782755788167321,1011.8157975260417,-10.475321610768637,335.3124834150076,787.3375517527262,27.288201904296898,12.861108398437523,20.35375493367515,52.42175920804342,12.718055680394173,151.37499618530273,9.495274951973292,6.362668232425709,14.160056050618493,9.2772041320801,1012.189453125,-10.38313603401184,333.34652962287265,743.4537467956543
2021-07-02,27.626123046875023,15.579095458984398,21.631365712483746,55.760185877482094,52.97129607448975,15.500000121071935,8.893640507869168,6.112995620689759,14.48872782389327,11.76315841674807,1014.4352897135417,-9.463101267814636,332.76030197987956,710.2790651321411,27.794458007812523,14.811364746093773,21.331081644694034,54.07268524169922,58.9009264310201,47.47916805744171,11.167928219750022,6.970132853296666,14.54768015543624,11.142762756347679,1013.6518131510417,-9.406291405359903,328.50490329042077,735.2508727709452,27.975518798828148,15.332086181640648,21.73331476847333,54.966203371683754,45.015278140703835,15.506944350898266,8.865349736273146,6.444214621502394,14.825163777669275,11.568887329101585,1013.903896484375,-10.026306589444479,338.210189246883,715.7743237813314,27.748529052734398,15.216668701171898,21.509707387288433,54.92083295186361,54.393518875042595,20.666667073965073,8.908770055544657,6.407286032885846,14.4117421468099,11.44156417846682,1013.7533951822917,-9.410434405008951,334.18516780311865,728.8563687006632,28.043847656250023,15.666680908203148,21.717867787679058,52.365278244018555,46.64814772208532,8.381944225169718,9.013799130457334,6.50947695383647,14.823571777343773,10.891955312093103,1013.8513313802083,-11.248196323712667,339.8639232205848,716.651400645574,27.672967529296898,15.590203857421898,21.703014628092472,56.79120381673177,56.22592678666115,21.722221858799458,8.20369354733227,5.9470594723682,14.328373209635458,12.101689910888695,1014.3648860677083,-8.523171265920004,335.186112323155,720.9051098823547,28.210961914062523,15.221612548828148,21.714641825358097,50.522221406300865,49.22314774493376,4.333333380520344,10.011572517974505,6.8719932336152505,14.867335255940759,10.392739868164085,1013.6932161458333,-11.189805030822754,338.45674416795373,744.4309579531351,27.540551757812523,15.716668701171898,21.653391774495464,55.94074058532715,59.64768501122793,22.34722161386162,8.076359962168247,5.8665283542329485,14.362530008951865,11.832744852701865,1014.4112044270832,-9.27195394039154,333.7112769527982,710.6855690479279
2021-07-03,28.834954833984398,16.455468750000023,22.367368316650413,56.85185146331787,89.72916634877522,11.708333626389503,8.69133450271693,6.433132027164497,15.354666646321618,12.751514689127646,1013.9993880208333,-11.128445982933044,310.4502949602902,705.6612184842428,28.421655273437523,16.642755126953148,21.849556223551456,61.294907887776695,90.45092678070068,41.99999910593033,11.212241845385437,6.214676588993663,14.947583770751976,13.373674011230491,1014.3816471354168,-8.00513474146525,272.9641884540518,672.0467166900635,28.635614013671898,16.444360351562523,22.217595672607445,57.818055947621666,86.82037003835042,9.152777714654803,9.234379691057624,6.240085024255497,15.18723068237307,12.908228810628259,1013.9602897135417,-9.355227629343668,293.8393722064793,692.941483338674,28.027795410156273,16.836419677734398,21.52864735921226,61.60046227773031,92.10879611968994,33.583333134651184,8.20583535249189,5.484106728676352,14.852560933430993,13.204260762532556,1014.3011295572917,-5.46837321917216,252.07088442643484,593.4861262639364,28.322808837890648,16.225244140625023,21.867185211181663,57.17638842264811,92.72407499949138,5.916666697245091,9.508246864184411,6.767124818466576,14.978885904947958,12.359348551432333,1014.3239322916667,-8.795685847600302,291.56408879781765,697.6574010848999,28.452813720703148,16.843743896484398,21.796367899576847,61.08981434504191,95.8856471379598,45.2777783870697,8.966572370360405,6.375452870120331,14.899432118733728,13.251576995849632,1014.3425455729167,-6.94206698735555,276.0342048605283,684.4716299374899,28.266870117187523,16.132836914062523,21.858403778076195,54.862499396006264,91.85370349884033,2.5972222546115518,11.761174679962943,7.274582174309532,14.979032135009788,11.798973337809286,1014.346943359375,-8.440390984217325,292.3893704911073,711.4612709681193,28.726770019531273,16.787133789062523,22.151637013753277,58.21527830759684,95.03009223937988,21.20138880610466,11.05417021814127,6.379927534049348,15.192061360677087,12.86560974121096,1013.9854817708333,-8.552883466084799,296.2398388236761,708.7561979293823
2021-07-04,21.576318359375023,14.244989013671898,17.9323071797689,85.30833148956299,86.97407388687134,199.31249922513962,9.729673805114524,5.54954823469519,13.006288146972679,15.277481333414755,1010.9273177083332,18.58861005306244,104.54747949292262,243.26086727778116,21.974877929687523,15.928460693359398,18.79706726074221,88.38749980926514,77.42037049929301,262.8402771949768,8.138614325711082,3.8140733032670937,13.24127858479818,16.74481353759768,1011.3578255208333,12.368531197309494,209.59922161574164,267.89962577819824,21.018670654296898,14.395623779296898,17.839966074625675,87.39351971944173,89.2569448153178,214.72222125530243,10.004164723861319,5.002611340960265,12.882510121663415,15.631416575113974,1011.1293489583333,16.56010765830676,126.74412897229195,222.07651281356812,20.751153564453148,15.608575439453148,18.289549763997417,89.8337968190511,83.22546275456746,228.0069453716278,7.625063027214954,3.966584185699155,13.062637583414755,16.534458414713583,1011.4583430989583,16.54891613374154,150.8385183662176,209.45666646957397,21.026849365234398,15.904779052734398,18.412385559082054,84.19490845998128,92.32314777374268,135.05555546283722,7.416008796301467,4.388068417096392,13.221265411376976,15.600186920166038,1011.1655533854167,14.06408562262853,126.61922278751929,223.62251440684,21.632226562500023,15.750054931640648,18.53572870890302,87.11990737915039,86.24814867973328,170.3333330154419,9.229923024334626,4.511411879347398,13.177358245849632,16.27408625284835,1011.5186946614583,12.567413406446576,193.83465130875507,249.6930215358734,20.708032226562523,14.967065429687523,17.987752532959007,83.17037137349446,91.71574052174886,99.43055688589811,8.798793676081262,4.843524320561996,13.063394165039085,14.992153422037802,1011.3555208333332,16.941039005915325,93.03314895741642,205.86123085021973,19.825952148437523,15.027795410156273,17.989292399088566,85.6351858774821,86.65601841608684,134.52777636051178,8.806666152144224,4.409668061194971,13.002029673258505,15.458052571614587,1011.1507389322917,16.97726572180788,100.40005405495565,189.91043059031168
2021-07-05,26.705560302734398,12.538873291015648,19.9882637023926,62.84074052174886,68.41759274092813,281.33333587646484,8.431807265257618,5.6072646153243,14.360832468668661,11.6997060139974,1011.7921061197917,-13.709951321283976,322.39588764806587,546.6438693205515,26.949975585937523,12.573144531250023,19.806059773763042,62.33564726511637,72.08055504163106,581.4999847412109,8.896194433962306,5.802056399563779,14.65387878417971,11.3934315999349,1011.2622981770833,-12.444481293360392,324.6925017802666,508.05391279856366,26.825219726562523,12.555902099609398,19.974898274739605,62.349536736806236,70.07685262461503,206.66665649414062,9.005205693636377,6.2644510261458235,14.56962610880538,11.55454025268557,1011.6478385416667,-12.981167395909628,330.316663728406,555.2484923998514,26.232202148437523,11.980432128906273,19.384956614176456,62.931018352508545,74.67222221692403,576.8333129882812,9.604569300279532,5.970149724243169,14.626152292887411,11.181003824869833,1011.9807682291668,-11.0205157995224,318.9563538916409,465.1885853211085,26.214898681640648,12.523828125000023,19.636089579264347,65.32129526138306,71.58610995610555,219.83333587646484,8.7648868903635,6.0937291570844225,14.493625895182333,12.124499257405603,1012.3775455729167,-10.277682503064474,318.1201300757627,516.3146839141846,26.805535888671898,12.886743164062523,20.216868336995464,62.55185159047445,63.54027630885442,316.5,8.974110394827878,6.002582741189461,14.478477732340536,11.819210306803427,1011.4761197916667,-12.809560497601828,322.9579727165401,554.7192437648773,26.446008300781273,12.345422363281273,19.659107462565128,63.94629621505737,69.89722214825451,0.6666666716337204,9.077831713964153,6.214830929458117,14.623155212402366,11.754635111490927,1012.1911751302083,-10.692118326822916,326.34508783742785,529.0895029703776,26.712518310546898,12.646569824218773,19.924807484944683,61.324074268341064,62.86481440563997,276.3333435058594,9.196594667685684,6.212563429772021,14.287141418457054,11.303819274902366,1011.89078125,-13.332566738128662,329.82779993116856,546.8913376331329
2021-07-06,27.930474853515648,18.287164306640648,22.628967539469425,61.06759262084961,69.8481482801338,1.2361111184582114,6.843674510778607,4.04705001591286,15.3725410461426,14.373769378662132,1013.4377408854167,-17.14885147412618,256.4983133940647,545.6909897327423,28.009790039062523,16.440209960937523,22.512132263183616,61.084722677866615,30.668981479170423,281.7083339691162,7.472739800285833,4.991475479358653,15.450687662760458,14.176173146565759,1013.9459407552083,-16.066871285438538,265.27728251740336,583.1129939556122,27.668267822265648,18.215325927734398,22.535705820719425,60.3208335240682,68.72731473188226,0.6041666697710752,7.051201328084684,4.122983753320743,15.393936411539755,14.119472757975302,1013.2705143229167,-15.148123025894165,244.43999744641283,533.4770634174347,28.282373046875023,17.083337402343773,22.876878356933616,59.05740769704183,43.547222246726356,207.10416221618652,7.541377902605484,5.149401768835954,15.566009775797568,13.963015492757165,1013.6456217447917,-17.96822029352188,290.54303688183427,629.8001445929209,27.588342285156273,17.317285156250023,22.156496938069683,60.66064818700155,59.44490770623088,0.7013888913206756,6.991118856886208,4.564083322199942,15.058033243815146,13.827636973063193,1013.4169368489582,-13.563668052355448,252.85904790212712,571.3400019009908,28.072015380859398,18.141412353515648,22.773809051513695,60.33564821879069,56.2481481830279,220.5694456100464,6.812937269683605,4.6055552615161,15.463650004069052,14.309381103515648,1013.6603450520832,-17.773171563943226,268.1291156609853,565.8496311505636,27.305566406250023,16.326593017578148,21.917986806233746,60.84259366989136,54.263426487644516,0.902777785435319,7.572018919411179,5.23865607591078,15.068226114908896,13.599324798584007,1013.229189453125,-12.693296929200491,265.44688792775077,584.4877707958221,27.905328369140648,17.915032958984398,22.69759267171226,59.65925963719686,54.584722069480144,1.201388891786337,7.178954520207211,4.953086038350508,15.485733286539755,14.03981424967452,1013.784873046875,-17.06602841615677,266.7291869589438,580.0082972844442
2021-07-07,27.418847656250023,17.754571533203148,22.196126556396507,72.49120283126831,58.3370361328125,103.50000047683716,8.558316182601303,4.265281844255486,15.474345143636071,16.22795766194662,1013.57623046875,-12.050985217094421,275.7459308070441,511.1541870435079,28.334252929687523,18.421197509765648,23.383543904622417,66.82638915379842,44.60925829410553,74.916667252779,7.162451720174494,4.4462100499156145,16.402261352539085,16.09877421061202,1013.5615201822917,-15.780632734298706,308.64144145324826,549.5594127972921,26.930657958984398,17.825128173828148,21.932907358805362,74.63564888636272,62.91157372792562,129.7986114025116,8.317882274625566,4.173896962515026,15.362307484944665,16.485189056396507,1013.7505696614583,-10.600029110908508,258.31812707769376,479.3201127052307,27.866723632812523,18.501489257812523,22.85592422485354,68.54027795791626,53.02175911267599,83.49305494129658,9.028662546848427,5.084197975372242,16.137654876709007,15.951689656575525,1013.3466731770833,-13.28325911362966,291.1392967167,535.3267386754354,27.083673095703148,17.844781494140648,21.916074371337913,72.91388813654582,58.57592638333639,109.8888885974884,8.507266330808838,4.173330450814771,15.318804677327478,16.047012583414755,1013.5637760416668,-10.392102917035421,266.42085436234873,521.5107628504435,27.662805175781273,18.227288818359398,22.66292470296226,68.64398129781087,46.08935137589773,84.93749935925007,8.734652095003959,4.507871166673836,15.783438618977868,15.834827677408896,1013.38791015625,-13.470446745554606,305.3887042645365,527.2302962938944,26.267938232421898,17.735528564453148,21.66809488932294,74.89444510142009,61.77037111918131,130.20138788223267,8.586386124628675,4.478109647761999,15.266227976481161,16.301697031656943,1013.5860611979167,-9.112861355145773,251.4081821727256,480.9566151301066,27.060144042968773,17.822778320312523,22.074147796630882,71.66666587193806,52.109721660614014,101.06944409012794,8.632874706259537,4.204591758595908,15.442371622721396,15.92634226481124,1013.5282486979168,-11.418859481811523,285.8251377778749,512.5040327707926
2021-07-08,25.330743408203148,13.209832763671898,19.14987716674807,84.3671309153239,48.30370418230692,656.4722194671631,15.814875478479655,7.8101160431989625,14.992744700113974,16.053249613444052,1015.9957682291667,7.013313273588817,265.2822338777284,396.3405357996623,25.888543701171898,13.127954101562523,19.7037178039551,82.27777655919392,57.56250055631002,540.5972204208374,20.602771438238094,8.29153169976387,15.304250335693382,16.091130828857445,1015.9185188802082,4.687664786974589,281.77107118504745,449.7629845937093,25.715844726562523,13.649957275390648,19.690618133544945,82.72870397567749,64.1134246190389,627.4513864517212,13.753439184548277,7.076177842898961,15.065216318766318,16.22084197998049,1015.8645279947917,4.917507181564967,236.50296228875717,371.3954661687215,25.564630126953148,13.759362792968773,19.74114634195966,83.39120435714722,55.17361172040304,594.4930543899536,15.23625429648623,7.516140468284047,14.982727305094443,16.438743845621786,1016.0345735677083,6.054624597231547,297.3904809989035,424.2220328648885,24.897393798828148,13.534051513671898,19.552251434326195,84.26990858713786,45.13750012715658,597.4861178398132,11.838870534006695,6.596583526001932,14.755015309651696,16.469923909505212,1015.9929915364582,5.8822410106658936,297.53130114699405,357.6943359375,26.398583984375023,13.805352783203148,19.846894836425804,81.77268441518147,62.4444428284963,547.9513835906982,16.604623198192304,7.837541778082738,15.403895314534509,16.127852376302087,1015.9284407552083,3.33853280544281,292.33897714751464,466.409143447876,24.997033691406273,13.676751708984398,19.340793863932316,84.93148136138916,38.158333172400795,527.3888874053955,10.495942357171023,6.325774618640696,14.595048522949241,16.42200876871749,1015.9485970052083,5.191102941830953,313.8756109550595,366.56999651590985,25.846704101562523,14.218011474609398,19.209919230143253,84.98333358764648,57.573148687680565,659.1666641235352,17.20781731787986,7.55046847643883,15.043281809488974,16.21767069498702,1016.3172916666667,5.537896225849788,288.4597187930097,396.1357316970825
2021-07-09,27.241876220703148,12.038995361328148,19.666350301106792,62.2805552482605,38.85277768364176,802.0000381469727,9.994932383277138,6.940157931870889,13.89548263549807,11.010179138183616,1016.85970703125,-4.815598924954732,339.83403718471527,615.3817620277405,27.430413818359398,11.578210449218773,19.42255554199221,65.78703673680623,26.920369898279507,1262.631965637207,8.975421018985893,6.315428656761505,14.259123738606775,11.622157033284509,1016.5147688802083,-4.908878485361735,331.4455432488273,581.2513016064962,26.927758789062523,11.881799316406273,19.449212646484398,63.796759287516274,30.07175972382538,673.6041717529297,10.084478449200574,6.869347058085846,13.796414947509788,11.337216949462913,1016.7730436197917,-4.7912295659383135,339.5063108590742,586.7305155595144,28.022607421875023,12.164086914062523,19.860117848714214,62.5300931930542,30.355555265831452,1180.2916297912598,10.22997003450425,6.433561648497253,14.21734517415365,11.164175923665368,1016.6318229166667,-8.190398295720419,337.1725972884645,671.9375147819519,26.730676269531273,11.809960937500023,19.301939900716167,64.01898145675659,35.98564894280086,440.99305534362793,9.483517314686166,6.594499674477838,13.792920684814476,11.257362620035849,1016.9627734375,-4.370921969413757,338.363174200058,560.1937972307205,27.725549316406273,12.286096191406273,19.685310618082706,61.53981407483419,39.812962877874575,1187.9722328186035,10.092568939114463,6.5705190421679776,14.075157419840536,10.801452891031943,1016.8283984375,-5.738882303237915,333.9353863373399,642.1118415196737,26.324975585937523,11.751916503906273,19.102165476481144,61.6152777671814,41.54536976789435,15.499999523162842,9.226927079354105,6.569707683470405,13.575898742675804,10.551395670572958,1017.3437044270833,-3.121158758799235,338.0646120067686,548.4592664639155,27.574212646484398,12.105584716796898,19.795718129475933,61.31481520334879,29.561574578285217,1028.3958625793457,9.25291830631137,6.394389953590186,13.930130259196005,10.842651621500693,1016.7626822916667,-6.093096733093262,338.949943151325,657.5620201428732
2021-07-10,27.645593261718773,15.027795410156273,21.4671086629232,56.29490741093954,19.72824079791705,0.0347222238779068,7.953361490883452,5.595226812499718,15.412863667805993,11.878101603190146,1016.0033561197918,-12.228472391764322,329.41067201271653,647.9808384180069,28.333215332031273,15.228784179687523,21.72686920166018,54.120371182759605,25.991666657229263,802.4028091430664,8.534005836392943,5.791943055943008,15.607207234700525,11.457987721761071,1016.035751953125,-13.115363478660583,323.7900744515161,684.1215006510416,27.609735107421898,14.993798828125023,21.383178965250675,57.14907375971476,20.78796272476514,0.05555555736646056,8.057658010600122,5.578996314689001,15.34843470255538,12.056638336181663,1016.1138118489583,-12.020583232243856,328.8270599230503,617.2801131010056,27.624780273437523,15.024255371093773,21.398912048339866,56.84629599253336,38.726852556069694,673.8750095367432,8.161840925562206,5.816169773355544,15.351018524169945,12.072137451171898,1016.1519889322917,-12.212153434753418,320.58344596996903,639.8054319620132,27.400415039062523,14.820825195312523,21.08710632324221,57.28472185134888,21.18935188651085,0.3472222192212939,7.901079599127593,5.756899568621404,15.044901784261071,11.812060292561853,1016.2398860677083,-11.218199928601583,329.56620295283693,616.5988789399465,27.554864501953148,15.137933349609398,21.3822583516439,57.97916762034098,30.04629675547282,441.1111125946045,7.922812262203809,5.477748928741723,15.203494008382165,12.318452453613304,1016.3059440104167,-12.012838999430338,326.6142544929559,641.6546747684479,27.342980957031273,14.692132568359398,21.01748428344729,56.08611234029134,20.13240729769071,0.26388888247311115,7.921768115898673,5.790591387064562,15.059145863850915,11.416867828369163,1016.2301985677083,-10.884070952733358,328.22185356294113,608.9051745732626,27.706170654296898,14.955621337890648,21.25548833211265,56.57685152689616,28.898610711097717,15.687499582767487,8.07664798254555,5.468779480785589,15.199999745686853,11.662759399414085,1016.2139908854167,-12.036993662516275,330.32938295447576,630.0680368343989
2021-07-11,28.986993408203148,15.397424316406273,22.53521372477216,58.748148123423256,19.145370301480096,15.59722226858139,8.997677226921382,5.7462070423904,16.007602945963583,13.105997975667321,1013.734892578125,-13.55332120259603,337.16324689798057,640.6403261820475,29.095666503906273,15.389276123046898,22.41485239664716,61.417129357655845,10.518518537282944,17.659721836447716,9.467553278360612,5.56023830844673,16.12826817830404,13.706386820475302,1014.0130403645833,-13.237756808598837,334.5151856224984,622.8996333678564,28.786584472656273,15.461694335937523,22.389688110351585,60.57268571853638,16.00463001212726,23.527777522802353,8.64489949239367,6.099576426196104,15.852647399902366,13.460029856363974,1013.626669921875,-12.812360604604086,336.6426378370573,650.3918011585871,28.883081054687523,15.354882812500023,22.37559026082359,62.35323905944824,5.239351769598822,21.861110985279083,9.309437611343453,5.602111601695128,16.058875020345056,14.026030476888025,1014.0842252604167,-12.512749751408895,334.2435233872384,623.107676823934,28.151696777343773,14.969293212890648,21.854622141520206,62.62870486577352,18.173147821178038,30.25694328546524,10.262047325532116,6.190071458286806,15.278760528564476,13.513059234619163,1013.572041015625,-10.820898731549581,335.76749223750085,646.6560157140096,28.687188720703148,15.117639160156273,22.100484466552757,60.59583361943563,7.174999823172887,18.02083271741867,7.759671460742313,5.29592540172299,15.735101318359398,13.2629219055176,1014.1787955729167,-12.63780415058136,336.7256882470101,587.9531637430191,28.004266357421898,14.511437988281273,21.63016789754234,63.64629729588827,14.070833177965445,38.17361077666283,10.165795848141654,6.293213220823137,15.121488189697288,13.494484202067099,1013.5812923177083,-9.78839111328125,335.534885354961,647.6553348700205,29.029473876953148,15.395043945312523,22.39666392008466,58.458796660105385,9.61527769640088,11.125000298023224,8.78405695210114,5.914408834351424,16.03801752726241,12.916274007161462,1013.6730859375,-13.885348876317343,336.5130927047382,644.6656018892924
2021-07-12,28.443048095703148,17.200891113281273,22.83393758138023,61.7643526395162,50.21805630531162,2.2638888456858695,9.19602860556368,5.42529612134692,16.41114196777346,14.621013895670615,1012.5748274739583,-12.578893681367239,274.58213151867193,601.836368560791,30.323815917968773,17.762841796875023,23.916312154134136,56.983332792917885,26.89120351274808,19.152777671813965,8.095106698614133,5.774458892812721,17.488879140218103,14.182237243652366,1013.8941276041667,-15.437813719113668,321.33659673606354,704.1065711180369,29.020532226562523,17.380883789062523,22.925916290283226,59.27222188313802,44.280093169771135,3.32638888573274,9.184962551662569,5.762774320434059,16.832529958089196,13.927405293782556,1012.2463541666667,-11.555410861968994,270.93618395800394,621.3909953435262,29.679437255859398,17.527764892578148,23.607703145345074,59.14259195327759,25.724537056405097,28.194443941116333,9.976361166609822,6.168088454200593,17.0914296468099,14.537419891357445,1013.621845703125,-14.670994778474173,316.7656980386625,670.979647397995,29.329919433593773,17.079370117187523,22.94228261311851,57.3912026087443,51.76990797867378,1.750000030733645,8.680274037855451,5.497416104427124,16.599654134114587,13.446560160319052,1012.4088151041667,-12.516928394635519,303.623651334395,666.0712642669678,28.989984130859398,17.360620117187523,23.19320704142255,60.424536069234215,30.601851483186085,32.951388359069824,9.678810044562578,5.647498968441281,16.59455006917318,14.576333618164085,1013.1636360677082,-13.899207492669424,299.86906418949366,640.2082613309225,28.945336914062523,16.475793457031273,22.597422536214214,57.73749987284342,42.52036987245083,2.006944390013814,8.429053008075153,5.600957700298704,16.210022226969443,13.189463551839196,1012.51392578125,-11.641266147295633,299.9034088881065,670.9955172538757,28.561090087890648,17.213708496093773,22.878035481770855,61.50879589716593,38.200925586124264,41.527777671813965,9.384243810709073,5.41141617850561,16.294491068522177,14.591349538167321,1012.8942708333333,-13.18064171075821,285.6651845859985,616.2705760796865
2021-07-13,20.548333740234398,12.897790527343773,18.579086558024112,86.92361132303874,81.22361087799072,404.6180554628372,16.651099890577502,5.92752064748322,13.372548675537132,16.231718953450525,1008.7357584635417,15.242771029472351,219.39423947711475,247.07015705108643,22.904595947265648,14.504663085937523,19.541956837972027,83.281481107076,78.61342557271321,253.15277647972107,9.343065768052687,5.355246917940527,14.26652552286788,16.34108123779299,1008.7630533854167,9.28615933159987,219.71770443037772,300.1385359764099,21.872216796875023,12.814904785156273,18.37183024088544,88.25092538197835,76.43888902664185,414.2222261428833,13.234128172576979,5.451761381334863,13.528394317626976,16.266670481363974,1008.86021484375,15.285196110606194,176.35216412305212,235.9966680208842,22.632958984375023,13.823449707031273,19.392058308919292,82.53055572509766,81.60925896962483,254.57638728618622,16.373930469217168,6.765749149148711,14.250660196940146,16.03891270955404,1008.9009309895832,11.38151271144549,214.52207367432615,328.15089956919354,21.557092285156273,13.389245605468773,18.255893961588566,87.61990674336751,72.19027765591939,384.59027659893036,10.398751778331482,5.063571067886354,13.370879109700525,16.03168385823568,1008.5751497395833,12.818055629730225,185.3465575145868,231.26800346374512,23.490136718750023,13.725183105468773,19.2682192484538,81.7314821879069,80.33703629175822,264.06944608688354,16.59253314205848,7.683392057530341,13.828712717692099,15.68848571777346,1008.9126399739583,11.084114442269007,216.7277937773615,369.77423667907715,19.872399902343773,13.867089843750023,18.10097529093427,87.79814879099528,80.77962968746822,312.68055605888367,8.025354837887143,4.693100625154603,13.416951751709007,15.923280334472679,1008.5240169270833,12.830018570025763,135.12913052303097,222.51122466723123,22.314050292968773,13.748040771484398,18.52400360107424,86.23611132303874,73.1532400449117,359.74999845027924,14.851142989010478,7.787964588867236,13.654264068603538,15.996502176920615,1008.759970703125,14.680529887477556,223.4733364962352,311.923620223999
2021-07-14,22.971215820312523,11.312341308593773,17.335299428304058,73.76435168584187,73.52963034311931,862.0833320617676,9.499777878100495,5.121429730841089,11.200100199381552,11.986680603027366,1011.3006803385417,1.6233370701471965,302.7084507856828,537.4277273019155,23.127770996093773,11.398706054687523,17.207307434082054,73.61759344736735,81.3212963740031,1264.9027709960938,14.132804514065297,5.115487423191716,11.657670593261741,11.841210937500023,1010.480087890625,4.316152771313985,273.26889387285337,503.72063831488293,23.223504638671898,11.835412597656273,17.548652903238956,72.84120496114095,71.67916647593181,758.8888816833496,9.372322069746463,5.230892374360978,11.529641723632835,11.960379536946618,1010.8171940104168,2.13834410905838,301.2931203503783,527.309398730596,24.203057861328148,11.594445800781273,17.78616104125979,66.95833381017049,39.223147908846535,964.0625038146973,11.017937266710272,6.097764557781274,11.99635721842452,10.754453277587913,1011.0100520833333,-0.5706609487533569,327.4994278556357,613.4954601128896,22.372216796875023,11.639703369140648,17.101843770345074,72.05925909678142,62.68564772605896,488.9583320617676,10.135470270020567,5.160857973770708,11.113003031412802,11.503013865153036,1011.3082194010417,3.8415515224138894,312.64149315670755,511.1105608145396,24.022943115234398,11.069635009765648,17.711540476481144,66.7546288172404,44.88842535018921,780.1041793823242,9.035774739729058,6.118844861979333,11.896705881754599,10.703982289632165,1011.0946061197917,-0.2023108204205831,316.8100709432426,602.7780032952627,22.415887451171898,11.137139892578148,16.696288045247417,71.34120400746663,68.6064821879069,32.756944708526134,9.55837269684891,5.154826560521432,10.932176208496116,10.910770670572958,1011.2630338541667,4.724802116552989,288.8105934864531,498.09988292058307,24.067407226562523,11.819299316406273,17.82660827636721,69.36712869008382,56.596296429634094,667.0138854980469,9.864508502283172,6.077972673713647,11.857424672444665,11.345482126871786,1010.8561197916667,-1.2144268105427425,325.00695389028016,615.4893360932668
2021-07-15,23.882623291015648,13.476525878906273,18.603526051839214,69.58518441518147,79.83379713694255,52.20833396911621,7.989331423550126,5.344277619711079,12.103798166910849,12.440877532959007,1013.2808984375,-5.676811257998149,250.17790741752833,494.8540132840474,23.754174804687523,13.917993164062523,18.353879547119163,72.06388854980469,86.48518498738606,896.9374961853027,9.236058549684198,5.119113530455995,12.079314168294275,12.77591222127279,1013.3799381510418,-4.132697701454163,239.00929796726754,465.5753625233968,21.966790771484398,13.351129150390648,17.831946309407574,73.29675928751628,98.89675776163737,68.11111164093018,5.861830399755611,3.8953672122609384,11.550185139973962,12.614680226643884,1013.6551497395833,0.03279321392377218,188.1612948840484,377.9136760234833,24.510766601562523,13.763146972656273,18.964355723063175,68.67685302098592,78.0462969938914,795.1666641235352,11.196560070040805,5.578738752002065,12.575371042887411,12.497383371988974,1013.0858072916667,-6.636183659235637,266.24431877055514,529.3384737968445,23.242883300781273,14.207635498046898,18.336968994140648,73.97222248713176,93.36249891916911,77.3402783870697,11.53145699535147,5.75662958511262,11.263139343261741,13.06221415201827,1013.5537858072917,-0.989317367474238,218.03131580139356,544.4423116842905,24.427423095703148,13.815667724609398,18.758199310302757,67.62407461802165,82.88286972045898,524.7083396911621,10.088110580502423,6.120410569588077,12.400604502360068,12.141318257649743,1013.5164322916667,-7.420255780220032,256.6984817250632,502.21405188242596,22.355981445312523,14.233819580078148,17.70306040445966,74.28703705469768,97.20231533050537,17.979166597127914,8.052949770749564,5.090800818394944,11.136631266276083,12.687866465250693,1013.785380859375,2.4285032550493875,164.3337235810468,417.4838002522786,23.491815185546898,13.223474121093773,18.681385294596378,64.90416685740153,94.60185209910075,63.6597216129303,6.459763534216712,4.507471633486203,12.06357345581057,11.52210642496749,1013.2835286458333,-5.671032746632894,224.05029280716553,469.73668543497723
2021-07-16,23.660760498046898,12.905633544921898,18.001281992594425,80.07962942123413,74.17036906878154,130.15972137451172,9.09568542295036,6.302062733751266,12.2971181233724,14.064630126953148,1014.1976399739583,0.3224109212557475,279.36061211372726,476.5670819282532,26.048608398437523,14.333886718750023,19.65109786987307,62.330092112223305,62.21666685740153,65.42361259460449,8.893411223867211,6.000872160565962,13.620751953125023,11.636257425944052,1013.5930078125,-6.7339293162028,289.39077957952395,590.4831444422404,24.970819091796898,13.448937988281273,18.59846394856773,73.93379751841228,74.76203854878743,56.56249976158142,10.228032202832651,6.848836137158564,12.961794789632165,13.231282806396507,1013.9677799479167,-2.4757500092188516,266.5801864314514,520.3220780690511,25.170312500000023,13.045098876953148,18.83289489746096,67.89212989807129,48.343055725097656,85.31944441795349,9.846335639509533,6.734081551854936,12.925294494628929,12.2185048421224,1013.8271321614583,-6.994335492451985,296.6198159107007,555.7426609992981,24.185754394531273,13.416467285156273,18.330478922526066,75.28194348017375,90.5333350499471,80.41666626930237,11.38533390238114,6.7339275792967115,12.606837209065759,13.30332972208663,1014.34046875,-1.3064053853352864,272.22523720469326,497.9646997451782,23.719506835937523,12.464562988281273,17.758921559651714,76.77685213088989,66.42962952454884,183.31944227218628,12.898810683319375,7.322734808782826,12.105381266276083,13.12997970581057,1014.5328580729167,1.0584501425425212,274.35893164559576,486.4957100550334,26.053643798828148,13.449029541015648,19.14582722981773,70.63379589716594,83.11435222625732,60.21527826786041,8.88536810935169,6.122305002114486,13.098770395914755,12.778440093994163,1014.0803483072917,-4.713544398546219,284.21070459345356,602.0842970212301,23.351098632812523,12.760949707031273,17.834034220377628,73.63703711827596,75.61944437026978,52.63194477558136,10.51204182880959,6.949977370262687,12.15153274536135,12.663916524251306,1014.4155436197917,-0.9969702959060669,272.1636461961704,487.18444029490155
2021-07-17,29.707269287109398,12.819604492187523,21.105794525146507,61.86527752876282,78.01898161570232,54.49999809265137,10.029879797309832,6.350896854928517,16.103075917561853,12.18008702596029,1012.8770963541667,-14.372716108957926,282.5983865041053,567.3160327275594,28.888543701171898,13.061425781250023,20.6996411641439,65.06666692097981,90.0180549621582,208.3333282470703,9.088613575912298,5.1267923084869915,15.916163380940759,12.800372060139978,1012.6801985677083,-16.39512054125468,302.98029575531837,575.6781521638235,29.997216796875023,13.458673095703148,21.791370646158878,57.84675923983256,71.66435186068217,24.0,10.277565105548065,6.855763829705963,16.123654937744163,11.780461883544945,1013.0435514322917,-15.909370839595795,300.9403487025217,656.275284131368,29.564843750000023,13.551690673828148,21.174850718180362,61.79999931653341,67.83009262879689,140.33333587646484,9.200806631893565,5.79531005764839,16.216594950358115,12.346308644612634,1012.479189453125,-15.5860702196757,290.9761309801058,616.6069804827372,29.640863037109398,13.298181152343773,21.616675313313824,58.31759341557821,76.11157369613647,25.465277791023254,9.974540970427057,6.288474320063884,15.938017781575525,11.794489796956384,1013.4770442708333,-13.459734360376993,278.33895164514735,591.175169467926,29.623925781250023,13.213250732421898,21.150940195719425,60.69444338480631,86.50509262084961,131.66666793823242,9.446040662019827,6.408065971078227,16.14831949869796,11.880479431152366,1013.0838899739583,-15.76017032066981,282.26720730250236,578.6119527816772,30.218957519531273,13.683892822265648,21.986245727539085,55.99722274144491,80.08703629175822,7.430555552244186,9.737377829369324,5.904295010334306,15.979001617431663,11.553333536783896,1013.4962955729167,-16.589131156603496,303.61501918022987,670.621097723643,29.163873291015648,13.361352539062523,21.09116134643557,61.40740704536438,88.26018524169922,124.83333206176758,9.464397943871203,6.302616453638858,15.963582611084007,12.042297617594443,1012.9207779947917,-12.011795600255331,285.4862445074832,595.2055115699768
2021-07-18,31.775262451171898,16.582482910156273,23.978725687662784,53.62546261151632,34.774538000424705,1.4999999972060323,9.957491698016142,5.935882583793121,18.084165191650413,12.988248443603538,1010.9377213541667,-18.039564808209736,311.7566039723267,687.5441370010376,32.06524047851565,16.603204345703148,24.13216298421226,52.77592611312866,21.135185420513153,54.618054151535034,9.918504928550146,5.76108681452135,18.343221282959007,13.003589884440146,1010.776611328125,-20.271777629852295,318.16725623231224,678.8636280695597,31.329766845703148,16.620782470703148,23.636651611328148,55.15370305379232,34.99537054697672,1.5138889141380787,10.18645714601663,6.1514257710199445,17.988600667317712,13.309940592447958,1011.291396484375,-17.89026927947998,312.52433172485325,623.0654954910278,32.27349243164065,16.885858154296898,24.33811467488609,51.65370376904806,46.9268513917923,24.375,9.594707049344219,5.511068633193973,18.471648152669275,12.790035502115927,1010.7543684895833,-20.83335518836975,316.8938692571828,707.9439194997152,30.796746826171898,16.654046630859398,23.406396484375023,55.72037013371786,41.409722566604614,1.423611106351018,9.979542668663491,7.046618727366298,17.924548085530603,13.313935852050804,1011.3752376302083,-15.420195778210958,298.6088398657351,577.7014726003011,32.19576416015627,16.667993164062523,24.133789316813175,52.23518522580465,25.753240654865902,26.13194441795349,10.148958389037201,6.321193610613491,18.50433756510421,12.797317759196005,1010.8504557291667,-19.307486534118652,308.20866739373497,694.9464257558187,31.480218505859398,16.843164062500023,23.987140909830753,52.84351825714111,32.99305558204651,0.13888889038935304,10.940997310370301,6.564264204222229,18.40864715576174,13.021733856201195,1011.0949869791667,-19.006676336129505,311.3439224324732,638.3052142461141,32.27068481445315,16.691186523437523,24.102812703450542,51.36527760823568,27.431944052378338,7.555555582046509,9.837925229856602,6.309236998534229,18.260230000813806,12.47901306152346,1010.8516373697917,-18.63959809144338,315.0169307154526,725.9440539677938
2021-07-19,29.833337402343773,16.703424072265648,23.14545084635419,62.13657490412394,38.85925980408987,22.75694489479065,8.915781852715325,6.027264081777779,17.008638000488304,14.789247131347679,1012.5316861979168,-10.777334531148275,298.43303283593076,581.6616894404093,30.667291259765648,17.115136718750023,23.856654103597027,57.8027769724528,23.50324108575781,18.138888895511627,9.417373584363968,5.551594668548586,17.530838267008505,14.207056935628259,1011.2474283854167,-14.052966117858887,308.3162982815605,645.3545959790548,29.940087890625023,16.474572753906273,23.292236582438175,61.695370515187584,30.89583270251751,18.694444179534912,8.847429439736707,6.245348605855715,16.953743235270224,14.736697133382165,1012.4735221354167,-11.705885648727417,309.6624033703508,602.9226024945577,30.250756835937523,17.692651367187523,24.011190032959007,57.288426081339516,19.47037023305893,7.305555641651154,8.503523212148016,5.799781538318289,17.292000071207724,14.443845367431663,1011.7762109375,-14.909236152966818,319.0825899495782,667.0234674612681,30.047204589843773,16.404779052734398,23.247060394287132,61.146295388539635,23.96296238650878,29.166667342185974,9.210660590007695,6.323449622580495,17.05778528849288,14.495767211914085,1012.4976041666667,-11.321897665659586,313.2704570943218,596.2295637130737,30.016656494140648,17.219995117187523,23.515791829427105,59.88981374104818,22.06805546581745,17.7152778506279,9.377749254776827,5.983514536500824,17.05305633544924,14.588367716471396,1012.341875,-13.69937515258789,314.01333213389927,636.5994017124176,30.449395751953148,16.589135742187523,23.48602701822919,58.249073346455894,14.768981365797421,28.659721612930298,9.314478601141587,6.656748831479294,17.29508488972982,13.898365275065146,1012.4136360677082,-12.994905908902487,321.48408846597886,609.0295685132345,30.170526123046898,17.268975830078148,23.8196846008301,58.73240661621094,30.03564868370692,9.270833402872086,9.113166773153562,5.988380496952579,16.851355489095056,14.507155354817712,1012.324560546875,-12.98997700214386,314.422624017209,662.5123416582743
2021-07-20,29.800744628906273,16.447625732421898,23.206243133544945,63.37963024775187,7.468518597384294,48.32638803124428,8.340813687598374,5.827442102039675,17.14210917154952,15.0725087483724,1013.9319498697918,-8.501284062862396,312.4474612871806,621.2832068602244,29.402520751953148,16.427758789062523,22.74546330769859,68.48611068725586,20.2782405714194,78.85416769981384,6.985288382518969,5.002024148320898,16.348675028483115,15.831451670328818,1013.9283854166667,-8.99206850429376,297.86707268158597,610.9019718964895,30.745141601562523,17.111383056640648,23.999944305419945,58.6162044207255,12.104166547457377,27.486111350357533,8.319635452030724,5.2565812657801905,17.55039494832357,14.50074412027999,1013.4464876302083,-9.609768271446228,319.9831165075302,697.5494434833527,29.418817138671898,16.617303466796898,22.92586542765302,67.87314955393474,19.362036988139153,79.12500011920929,7.510471786899062,5.3139611753448435,16.42276535034182,15.866654968261741,1013.65177734375,-8.473419030507406,301.57443974415463,621.7829823891321,31.302697753906273,18.177362060546898,24.74515304565432,51.23240725199381,5.710185290624698,3.430555524304509,8.206741505756266,5.458977091220561,17.813882446289085,13.21662038167318,1013.557685546875,-12.90270193417867,322.66505032777786,784.4514576594034,29.516351318359398,16.515039062500023,22.985463714599632,65.88842598597209,11.908333453039328,73.65972316265106,7.579829016733686,5.739788794410576,16.768694814046228,15.560217793782556,1013.7553548177083,-8.38313756386439,320.0939632455508,647.0040429433187,31.269067382812523,17.842126464843773,24.570419565836612,53.09629774093628,8.417592459707521,7.520833134651184,8.203126590200668,5.565489434250575,17.79896697998049,13.56662267049154,1013.5161360677083,-12.956933657328287,324.30335557460785,744.0597645441691,29.666528320312523,16.481408691406273,23.200702921549503,63.01805432637533,4.591666713356972,61.319443345069885,8.063814952602883,5.76980983202812,17.103723144531273,15.08743820190432,1013.6741959635417,-8.218338509400686,321.9252425233523,632.2067449887594
2021-07-21,31.422235107421898,18.752435302734398,24.868299102783226,54.96898174285889,33.53888956705729,6.96527786552906,6.990955873020909,5.098896976866348,17.70629018147787,14.40046081542971,1016.6278450520833,-12.61430456240972,307.90753012895584,747.8271803855896,29.183374023437523,17.805535888671898,23.189150746663433,65.44814745585124,38.17592612405618,87.97916626930237,8.021308162520508,6.038030728421575,16.680945332845056,15.660386657714866,1017.012822265625,-8.967165033022562,283.82277230421704,618.5621147155762,31.385308837890648,17.616693115234398,24.29557062784833,59.586111545562744,29.06990721573432,22.63888892531395,7.757817368771296,5.125915321527934,17.694270070393884,14.886973317464196,1016.8510611979167,-10.505927830934525,312.05736845731735,728.8755447069803,30.414239501953148,17.626031494140648,23.635082499186222,63.86157385508219,43.573610385258995,57.4583340883255,7.667867101111215,5.378742028712032,16.890368398030603,15.456040954589866,1016.8985221354167,-10.124651590983072,287.91331547498703,673.5218756993612,31.431695556640648,18.352441406250023,24.78163935343427,54.18472242355347,32.431944370269775,3.090277761220932,6.228580161175534,4.654887415998765,17.650984700520837,14.0864082336426,1016.846376953125,-12.237337748209635,312.13149468104046,742.8026096026102,31.247583007812523,18.674645996093773,24.63989664713544,56.05879672368368,35.31203752756119,9.576388850808144,6.421490101590146,5.135980995691806,17.519424692789755,14.489977773030603,1016.61212890625,-12.186676979064941,304.4044965306918,744.4550997416178,31.367608642578148,18.049981689453148,24.626702880859398,55.25833320617676,29.781481208900612,4.819444444030523,6.108618412618253,4.745505289938131,17.683193461100302,14.219270324707054,1016.61166015625,-12.324863513310751,311.8330151637395,723.9247076511383,31.261132812500023,18.228204345703148,24.473232523600284,57.33148113886515,28.740740552544594,15.312500059604645,6.720289366386777,5.062181528444843,17.465600585937523,14.6324452718099,1016.6326171875,-12.219494064648947,309.8047402699788,736.7720537185669
2021-07-22,30.307519531250023,17.034844970703148,23.664685821533226,66.45555718739827,36.32036981980006,159.9583340883255,6.8134475070750735,4.702576212746514,16.49844640096029,15.995446777343773,1017.2774348958333,-7.117346107959747,312.72631961107254,691.6947428385416,30.169335937500023,17.082757568359398,23.527176157633487,68.13148148854573,20.98148196687301,151.4166657924652,7.836099827623739,5.018478296038105,16.37665964762374,16.31511713663741,1017.5326595052082,-6.542863550285499,308.159814397494,673.068066517512,30.002160644531273,16.982141113281273,23.3536201477051,68.2152779897054,36.07824126879374,165.52777743339539,7.257485924530328,4.647488401051891,16.221832529703818,16.160747782389365,1017.5473307291667,-6.292752742767334,311.9213562409083,681.8548442522684,30.358178710937523,17.004968261718773,23.57448603312177,67.5912036895752,27.50740744670232,204.9444456100464,7.676224138869539,4.900041600519384,16.5031511942546,16.234582519531273,1017.510439453125,-7.50531696031491,314.6188118656476,672.2499547799429,29.735528564453148,16.934350585937523,23.090191141764347,69.17499987284343,36.73240792751312,193.90971887111664,7.063151790953004,4.6544727282060245,15.843509928385458,16.169246927897177,1017.7036067708333,-6.263327598571777,310.97381623586017,656.2201312383016,30.397363281250023,16.914880371093773,23.55390319824221,67.43796316782634,31.53564806903402,172.17361044883728,7.217717951207445,4.935511720543324,16.494032796223962,16.13295389811202,1017.55525390625,-6.218055884043376,315.4738965829213,661.6244455178579,29.849542236328148,16.916772460937523,23.04200642903648,69.4495374361674,25.749999582767487,150.90972125530243,7.568588539333427,4.865006989991933,16.034307098388695,16.202939605712913,1017.5508170572917,-5.1713781754175825,315.30744737386703,641.1858730316162,30.363549804687523,17.127191162109398,23.686613972981792,66.99583371480306,44.6824072599411,189.16666686534882,6.924141229049554,4.749743235722712,16.49088567097982,16.134970601399743,1017.28658203125,-7.368980725606282,312.5423318545024,692.1469175020853
2021-07-23,30.599572753906273,16.462823486328148,23.40080032348635,65.7921306292216,37.84722187703786,123.86806011199951,8.192035789484118,5.083253821014601,16.674417114257835,15.520340220133505,1014.9958365885417,-9.209608634312948,304.8489409486453,598.3862568537394,31.077783203125023,17.047631835937523,24.019844309488956,63.30416615804037,31.8592596501112,224.08332443237305,8.274350458865433,5.184246367546064,17.08329289754232,15.397608693440759,1014.8940104166667,-10.642172495524088,302.8109109600385,649.8449988365173,30.184686279296898,16.504235839843773,23.25169652303062,66.77314805984497,34.962961619098984,79.2708351612091,7.943768407719743,5.270736260752742,16.740967051188193,15.656168874104821,1015.1796712239583,-8.571899255116781,302.12585975726444,581.7303845882416,30.594232177734398,17.060693359375023,23.81519470214846,63.707870165506996,38.95231459041437,234.11805820465088,8.529513440324461,5.1777620198470125,17.052824910481775,15.35137837727865,1014.9202408854167,-10.105735381444296,299.24346790711087,613.8660418192545,30.238824462890648,16.960198974609398,23.435002899169945,65.2671292622884,39.844907661279045,57.57638776302338,7.635533604793144,5.491010364576051,16.789144134521507,15.463699595133505,1015.153857421875,-8.78102437655131,310.13711029291153,634.6776192188263,30.436486816406273,16.980371093750023,23.680530802408878,64.12685139973958,33.61898152530193,274.743052482605,8.833359150803108,5.265126273900111,16.761767323811853,15.355481719970726,1015.1261881510417,-10.611270149548849,303.7433499097824,628.3722337086996,29.871087646484398,16.614984130859398,23.08520914713544,68.03472216924031,40.06111111243566,72.56250023841858,7.22502274405022,5.469021794684326,16.47945048014327,15.928483581542991,1015.1080045572917,-6.829603374004364,301.648464123408,613.5383364359537,30.341577148437523,16.599786376953148,23.44576797485354,65.89583412806194,36.916202952464424,227.89584255218506,8.867050814711014,5.280566665166738,16.6457293192546,15.60404739379885,1014.981923828125,-9.812500993410746,302.46338230371475,608.7844683329264
2021-07-24,29.126794433593773,18.711236572265648,23.400833384195987,69.17268419265747,80.28009255727132,49.28472249209881,7.435232225687201,4.780954546647165,17.02904535929366,16.685202534993493,1012.4734114583333,-5.602170856048663,246.56813381115595,547.6982755661011,31.485345458984398,19.472314453125023,25.108934020996116,58.31527821222941,87.13101975123088,138.25000143051147,8.158822686629458,4.6674493091214595,18.368028259277366,15.465867614746116,1012.6611100260417,-13.44835376739502,274.0047881404559,692.5556764602661,29.116662597656273,19.150018310546898,23.736291503906273,66.33981386820476,76.57175922393799,38.22916645370424,8.31585632155763,4.781278155766888,17.176494852701865,16.318813578287802,1012.422783203125,-6.225960776209831,261.376263320446,582.4325423240662,30.330834960937523,18.657891845703148,24.136858876546246,65.38009214401245,91.02036921183269,116.73611092567444,8.221942105649575,4.758741342805506,17.715936279296898,16.3359364827474,1012.8622591145833,-8.866552233695984,264.7059242328008,614.7648973464966,29.177911376953148,19.228448486328148,23.462517038981144,68.08796326319377,78.72129615147908,41.5208333353512,7.112576238146526,4.64800630699715,16.910002644856775,16.443526204427087,1012.6312565104167,-6.529127935568492,254.0722276965777,565.4253152211508,30.157525634765648,19.076623535156273,24.190357462565128,63.217128912607826,77.38009277979533,95.5694432258606,7.475699126315871,4.688375161236732,17.678151702880882,15.878622945149743,1012.6830013020833,-8.238715906937918,280.99181151390076,642.6020647684733,29.817132568359398,19.280877685546898,23.266010538737003,68.3467583656311,79.61898215611775,35.930555352941155,7.759533488480711,4.110689911847711,16.85966262817385,16.25450159708663,1012.6217643229168,-6.051687300205231,243.90780931711197,546.1546270052592,29.206536865234398,18.956811523437523,23.81144485473635,66.0120374361674,77.16990788777669,109.1111114025116,8.465534986565475,4.658494621657804,17.22659835815432,16.275125122070335,1012.5207942708333,-8.242082794507345,264.590639213721,600.8652517000834
2021-07-25,26.354455566406273,18.335260009765648,21.841856892903667,71.92592700322469,87.12036927541097,215.68749856948853,10.389815448806546,5.698983249346102,16.10394185384115,15.847748057047568,1010.2067903645833,1.9026561975479126,229.63184784849486,488.1853195826213,27.955987548828148,17.616754150390648,22.465735371907574,70.93287022908528,78.16203657786052,208.93750047683716,11.245795358216983,5.782762505610772,16.44243647257491,16.058527882893884,1010.890185546875,-3.1935286124547324,241.913556377093,595.4263531366984,26.543237304687523,18.150964355468773,21.86673507690432,71.32777818044026,81.0402774810791,180.0902805328369,10.179608803266484,5.766322732007546,16.13072230021163,15.78610509236654,1010.2687565104167,0.33515385786692303,242.4854642947515,438.0719238917033,28.761102294921898,18.248681640625023,22.65964787801109,69.46203645070393,82.86805486679077,203.7083330154419,7.050304155723412,5.415083750659851,16.50444691975912,15.886711374918661,1010.572158203125,-4.648484071095784,262.7078968683879,586.2001487414042,25.165093994140648,18.004174804687523,21.49884440104169,74.4115743637085,83.15092579523723,195.36111211776733,9.558939907197884,5.182837503052853,15.68058547973635,16.338610585530603,1010.3246875,4.011930853128433,240.11753578980765,397.1919201215108,27.833764648437523,18.000268554687523,22.229608154296898,70.7268517812093,85.50787019729614,236.16667079925537,10.854709401616928,5.88771681731534,16.45008494059249,15.815852101643884,1010.50533203125,-2.1105729614694915,245.36683397491774,538.6168468793234,25.094781494140648,17.372064208984398,21.170105234781925,75.74583260218303,84.53750101725261,157.90972137451172,9.203851654000449,5.665843267816062,15.44971618652346,16.24033126831057,1010.5599772135417,4.8204012016455335,229.9991299112638,395.19953378041583,27.411187744140648,17.894433593750023,21.853751118977886,72.09907484054565,76.59814771016438,205.43055629730225,9.835680522500988,6.080835525294478,16.39220453898116,15.783003743489587,1010.5761686197917,1.1645399034023285,248.14489243427911,519.1787293752035
2021-07-26,24.830194091796898,15.590081787109398,19.77299270629885,85.6041669845581,59.96759192148844,700.4097213745117,9.512095909830947,5.794711181702804,15.392803446451865,17.047668711344443,1012.226298828125,3.7778382698694863,302.7915003995101,305.3416345914205,25.957788085937523,16.467645263671898,20.4443183898926,83.96666606267293,77.29536938667297,715.8958282470703,9.191159523321259,6.159852186156812,15.964859263102255,17.386880493164085,1012.2162955729167,2.0473941365877786,285.2629052201907,338.119043191274,25.146142578125023,15.850030517578148,19.938476816813175,85.4842586517334,66.00370367368062,733.708330154419,8.180665643252633,5.309369408081949,15.256211853027366,17.196652984619163,1012.026552734375,1.8932991921901703,297.15131652355194,320.38114448388416,25.013116455078148,16.155023193359398,20.382024383544945,84.38009230295818,81.54212967554729,689.2708311080933,8.253406278744313,5.476886817799993,15.616153971354208,17.441578165690146,1012.5237630208333,4.7724652998149395,283.77629441022873,315.1257236003876,24.492395019531273,15.823663330078148,19.716755167643253,86.65601921081543,70.49398175875346,661.2916688919067,8.756182776274322,5.18829377869844,15.122696177164755,17.23749440511068,1012.1601139322917,3.275899611413479,284.90118794639903,302.3040312925975,24.642480468750023,16.106683349609398,20.24391835530601,84.34398142496745,67.29120349884033,718.2638854980469,7.744280406251176,5.491962679117823,15.373983001709007,17.31045049031576,1012.499130859375,4.2515154133240385,301.17183641592663,293.8657015164693,24.238305664062523,15.499810791015648,19.136275227864605,88.73611227671306,66.97870373725891,541.687502861023,10.698341501478865,5.532933574771022,14.944292958577478,17.1029042561849,1012.3651822916668,8.044225171208382,288.09217005968094,280.32947731018066,25.461114501953148,15.660272216796898,20.153469340006534,84.40324052174886,55.8861114581426,705.5138921737671,9.175051093903184,5.70765792746014,15.442164357503259,17.193760172526083,1012.3023404947917,3.345410108566284,301.0248729586601,342.83872667948407
2021-07-27,23.132379150390648,15.295800781250023,19.009338633219425,85.54073969523112,66.2680553595225,733.3263874053955,9.108901928565933,5.145185055382014,13.686519877115927,16.39320526123049,1015.7698470052082,0.7701767683029175,236.16010996699333,232.74933083852133,24.982812500000023,15.343041992187523,19.884844716389996,82.12453524271648,61.043055295944214,1209.4583358764648,10.154402190827204,5.145867119941064,14.014004007975302,16.443540191650413,1016.190146484375,-0.6124801635742188,253.68856348097324,373.9714467525482,22.685601806640648,15.228997802734398,18.973943328857445,89.28425820668538,79.33935244878133,721.1597290039062,7.988857735291499,5.191121327009944,13.793457285563193,17.074969228108728,1015.50587890625,2.896320652216673,265.03883483012515,227.65424950917563,24.169519042968773,15.212640380859398,19.597159322102886,85.01435279846191,67.19120478630066,1220.5763854980469,9.759393772993342,5.591700110375302,13.852868652343773,16.785326894124353,1016.0454947916667,1.5421608537435532,276.42116890847683,323.5259499549866,22.886804199218773,15.615777587890648,18.909187571207706,89.90694332122803,79.28564771016438,565.6111116409302,6.712332141118785,4.483023496982329,13.772513326009118,17.127669270833337,1015.7337727864583,2.1859124302864075,268.99818819761276,276.41190218925476,23.257470703125023,15.264123535156273,19.379463450113956,86.62314923604329,60.68796455860138,1192.9444465637207,9.274071318608136,5.29062450561644,13.90882517496749,16.953977203369163,1016.16392578125,1.4651560485363007,285.01129547258216,289.49342823028564,22.527795410156273,15.361108398437523,18.962483978271507,90.09583314259847,82.54953654607137,392.2777786254883,8.273618908994676,4.932354988878382,14.092566426595056,17.21484781901046,1015.6228938802083,3.5078318963448205,258.35446286201477,262.5387771129608,23.483361816406273,15.384851074218773,19.06392695109052,86.78888893127441,63.9013880888621,1063.4305572509766,8.525131776171033,4.714539779370654,13.575297292073571,16.66058502197268,1016.133623046875,1.5948999226093292,264.6001418630282,284.99301767349243
2021-07-28,24.788140869140648,16.983331298828148,19.84146652221682,86.77685181299846,62.97592469677329,617.1319446563721,6.382455470515716,3.424842760885772,14.047709401448571,17.384572601318382,1014.9763541666667,-3.4309468964735665,215.5279258886973,253.8461329539617,25.793695068359398,16.663903808593773,20.25059789021812,82.77916669845581,54.46759187181791,938.6111145019531,7.974784035202696,4.016874947659427,14.462762451171898,16.963447825113974,1014.6129622395833,-5.776346166928609,237.47111495335898,342.6616330544154,24.241571044921898,16.938989257812523,19.420261637369816,88.24027665456136,71.58472243944804,552.9305534362793,6.640044119885459,3.4657295555888887,13.97281417846682,17.264886474609398,1014.9247265625,0.18568193136403957,175.3988347798586,231.00706791877747,25.139520263671898,16.819085693359398,19.863416290283226,85.70787048339844,58.48333299160004,1084.4513893127441,7.248285037796581,3.7304150122528603,14.318190511067712,17.176901753743493,1014.3715169270832,-4.1737323353687925,218.20546302199364,276.0555039246877,23.612695312500023,16.888940429687523,19.250805155436222,89.10324096679688,72.28425935904185,405.11805629730225,7.2284360913161025,3.8605986674345103,13.974638875325525,17.279903666178427,1015.204267578125,0.7417704152564207,167.6877221763134,209.1842802365621,24.541619873046898,16.609643554687523,19.503797149658226,86.16666634877522,62.47777656714121,971.0555458068848,7.299391330702396,3.735018618879448,13.907552337646507,16.92557042439779,1014.9722688802083,0.27378398180007935,205.80646233260632,240.0040942033132,24.252526855468773,17.201776123046898,19.5204419453939,88.23101806640625,72.2722218434016,275.39583444595337,6.894430951745663,3.200999696534962,13.963824208577478,17.354628499348962,1015.095263671875,-0.8748975942532221,192.05555421610674,239.9874736467997,24.354455566406273,16.937585449218773,19.52221196492515,87.7587963740031,68.38564764118443,817.7500057220459,7.086633800085453,3.3500029960659696,13.970758056640648,17.252937571207724,1014.8071907552082,-2.301787629723549,198.85414843757948,230.9485578139623
2021-07-29,27.700646972656273,16.207757568359398,21.93194732666018,69.93611113230388,17.77638869235913,184.97916650772095,7.139883821000831,5.089133161924362,15.953700002034509,15.874349212646507,1014.0615755208332,-15.366451064745585,309.97977793216705,477.51115612188977,27.906152343750023,16.805688476562523,22.136877950032574,72.96990696589152,27.982407450675964,715.1736106872559,7.42526482564,5.168784301860694,16.08065312703451,16.71462529500326,1013.9123046875,-14.973144928614298,290.07761096954346,456.22480877240497,27.620446777343773,15.657952880859398,21.599351501464866,67.93935108184814,6.004629787368079,168.66666555404663,7.438875795436993,5.170998191750139,15.705773925781273,15.019565836588583,1013.9692740885417,-14.387779593467712,312.06511294841766,487.0978608528773,27.898400878906273,16.399774169921898,22.0696362813314,71.24814796447754,18.380093169709045,632.2777767181396,7.432898250165191,5.232986775635981,16.00916697184249,16.25895716349288,1013.7518912760418,-16.3239487806956,305.9565388361613,477.3322953383128,27.470605468750023,15.674615478515648,21.518443044026714,67.10786962509155,11.432407555015137,66.26388955116272,7.724956130664155,5.336690391212393,15.61390329996749,14.80789464314779,1013.9887630208333,-14.0411008199056,306.0478775501251,480.24434693654376,27.843377685546898,16.090142822265648,21.835598246256534,70.11898263295491,20.04675883303086,486.6666679382324,7.52502847209186,5.531244577766291,15.937333679199241,15.780863698323571,1013.9203548177082,-15.366846561431885,305.08494263887405,479.06427510579425,27.226098632812523,15.692559814453148,21.47870025634768,68.84351778030396,11.27361119290193,3.9097221954725683,7.658720469239659,5.440925956529305,15.182912445068382,15.167375183105491,1013.9214713541667,-13.723308881123861,307.3587760925293,499.8344261248906,27.749414062500023,16.297113037109398,21.933049774169945,70.91944487889607,21.80740708873297,360.2361116409302,7.313989857505887,5.204198607937626,15.856511688232445,16.090369160970056,1013.9685286458333,-15.073104977607727,304.9555734395981,482.6929039160411
2021-07-30,27.660455322265648,17.442895507812523,21.728860473632835,75.72453689575195,57.51203723748525,41.97916620969772,9.126997532346362,6.3054687300281955,16.41863276163741,16.916960652669275,1011.8276725260417,-6.795235017935435,230.81824799378714,387.7300678888957,28.047753906250023,17.664392089843773,22.34940617879234,75.90555715560913,92.24305629730225,235.52083683013916,7.397900245650743,5.264947788931541,16.86381556193038,17.54263585408529,1011.1528645833333,-7.939838131268819,227.88220858573914,372.27824505170184,27.644921875000023,17.242944335937523,21.8207094828288,76.97268501917522,56.10601798693339,61.33333343267441,7.87755673143501,5.60573573721814,16.394085184733115,17.29347635904952,1011.61666015625,-7.595553477605184,246.83272051811218,374.8290073076884,26.618981933593773,17.525933837890648,21.671150461832706,77.56573899586995,75.29259280363719,228.52777767181396,7.4173056066698395,4.908140213677886,16.57587585449221,17.33147328694662,1011.4432845052083,-2.5171655416488647,192.01348413030306,323.91685406366986,26.752954101562523,17.683435058593773,21.88965504964195,77.58935165405273,67.08750001589458,64.58333405852318,7.136007820268484,4.979955218770517,16.150650278727255,17.509149169921898,1011.781748046875,-7.849768718083699,242.6730970342954,367.1660936673482,27.505639648437523,17.236993408203148,22.085757191975933,75.30509249369304,70.41064786911011,101.86805629730225,7.3623654756588985,4.858824555602931,16.63079732259115,17.162812805175804,1011.561318359375,-8.658837303519249,244.3791490594546,382.1993684371312,26.267053222656273,17.342156982421898,21.658401743570987,77.01157283782959,67.94722247123718,48.1180554330349,7.964648468849957,5.26301182979464,16.103611246744833,17.15844879150393,1011.90337890625,-4.849020004272461,210.3520530462265,360.16005516052246,27.558648681640648,17.346917724609398,21.972889200846378,74.0499997138977,55.518980860710144,33.71527773141861,7.366759505559571,5.763305471716002,16.33897425333663,16.800752258300804,1011.5611881510417,-8.295257270336151,233.91440425316492,394.0083571275075
2021-07-31,26.497369384765648,16.851647949218773,21.183911895751976,76.31111160914104,61.16712900623679,162.70833253860474,10.325203152870072,5.772440505188553,15.661088562011741,16.5340565999349,1008.526875,-3.3754377365112305,267.71793975184363,458.12568759918213,26.127130126953148,16.428735351562523,20.765963490804058,80.43055550257365,63.42731499671936,243.0277795791626,11.244865472463708,6.165022825853757,15.506645456949911,16.956190999348962,1008.5333268229167,-1.3717713356018066,260.25429404775304,443.7712917327881,26.161889648437523,16.839868164062523,20.82883733113609,82.13101927439372,70.34351762135823,157.7916660308838,10.020571588372546,5.055680893784179,15.79644673665365,17.43900324503585,1008.5254361979167,-1.172277530034383,258.1670504311721,383.6000879605611,26.594445800781273,16.149316406250023,21.07485097249351,79.50833257039388,62.26712965965271,320.6388883590698,14.551544067381299,5.613646487336141,15.4954658508301,17.029209391276083,1008.6747526041668,-2.7838688492774963,281.0225708236297,495.49848381678265,26.136956787109398,17.176110839843773,20.924274698893253,80.81296253204346,67.22407404581706,140.13194298744202,12.356490352888509,5.073594691612038,15.640154774983728,17.28288040161135,1008.5368424479167,-1.9257410615682602,273.2940118610859,403.6409840583801,26.518701171875023,16.615686035156273,21.081304168701195,80.9898133277893,56.95046399037043,261.45833349227905,8.767011286154275,5.274500764125558,15.935426330566429,17.39270680745443,1008.45521484375,-2.479932943979899,281.1285571157932,428.6101458867391,26.076806640625023,16.498956298828148,20.912761942545597,77.78055572509766,57.37500050353507,116.17361110448837,14.617781593274334,5.907591519448462,15.604973093668661,16.61934941609701,1008.7011588541667,-1.942084789276123,289.8322040140629,441.4811677932739,27.222558593750023,16.575463867187523,21.20372289021812,76.37546332677205,54.07824061314265,195.27083492279053,12.397782554937164,6.1720069292068365,16.004917399088583,16.475891367594443,1008.3755533854168,-4.590990781784058,293.53606644272804,502.598202308019
2021-08-01,21.591333007812523,14.720758056640648,17.629406229654972,85.90324052174886,69.60231351852417,928.6666660308838,13.209080242795388,6.396197955016807,13.12398173014327,15.055159505208337,1007.1366796875,12.196867057432732,219.84301630904278,276.9174009958903,24.351831054687523,15.519006347656273,19.108762359619163,79.57962942123413,71.5745374361674,946.1805610656738,8.664546518041366,5.4031321448339655,13.46683273315432,14.962946828206384,1007.0923795572917,6.3792120814323425,257.34016891817254,413.8139697710673,21.726403808593773,14.434136962890648,17.52042414347333,85.18055693308513,68.36666696270306,733.1458377838135,12.39361913527439,5.894670487078318,12.807354227701865,14.808791097005212,1007.333046875,12.714722394943237,213.36144172648588,296.0403292973836,21.336663818359398,13.341485595703148,17.095769500732445,92.18657461802165,72.95370403925578,1184.2986087799072,15.699027622229536,7.148782200209293,13.170752461751306,15.765992736816429,1007.5519466145832,18.3947392826279,204.4978480388721,234.9871037801107,21.404199218750023,14.294458007812523,17.53119812011721,86.35046323140462,65.27407519022624,726.6944408416748,14.835959377360366,6.150815312064158,12.862805938720726,15.058011627197288,1007.0932975260417,11.88740320779228,229.29688934981823,280.5242125193278,22.170343017578148,14.113977050781273,17.510362243652366,88.64074007670085,76.70972283681233,1076.5833320617676,11.684761706983933,7.4252268142631905,13.462044016520224,15.465397135416708,1007.345625,15.296476370344559,204.30848456422487,246.04174105326334,20.784326171875023,14.637475585937523,17.44366099039716,83.7541675567627,68.17916709184647,373.8263874053955,12.27424977302267,7.063777501654553,12.812922414143884,14.405531819661462,1007.0201139322917,12.33316664894422,193.31510948886475,252.37424850463867,21.453210449218773,13.765374755859398,17.13006744384768,88.50139013926189,73.88148196538289,1159.8055591583252,13.19581403245345,7.245232897010126,13.03303171793624,15.057691192626976,1007.3624153645833,18.189102412511904,208.6757400048276,275.0712863604228
2021-08-02,24.175775146484398,12.325402832031273,18.171826934814476,60.66759236653646,17.56064827243487,359.85416316986084,10.434943895466088,6.468383951940647,12.639305369059286,10.034505462646507,1012.6028287760417,-2.1699183185895285,308.7553104162216,524.9577626387278,24.640740966796898,12.578149414062523,18.506890869140648,62.519909063975014,18.100462545951206,1092.1805572509766,9.61718258385389,6.460820300899802,13.28892542521163,10.703716532389365,1012.1570442708332,-2.3074446320533752,303.278527657191,507.57319299379986,24.140527343750023,12.098718261718773,18.040842946370464,60.09490776062012,29.18796330690384,137.56249952316284,10.446759925321231,6.399812788619738,12.561561838785849,9.793616231282556,1012.5920345052083,-1.3140851060549419,308.41394005219144,525.3047839403152,24.210473632812523,12.364526367187523,18.144300079345726,62.052777449289955,20.230092883110046,877.3888931274414,10.357620418625762,6.4319485982350555,12.868222808837913,10.31601486206057,1012.43646484375,-1.9579774339993794,305.74744776884717,501.0347791512807,24.173272705078148,12.053247070312523,18.005527750651066,60.31851895650228,31.53564844528834,18.111111283302307,10.099080821413997,6.523960846276334,12.527810668945335,9.802322642008505,1012.251474609375,-1.6487182180086772,309.6606816649437,532.4804900884628,24.127801513671898,12.178002929687523,18.034604644775413,63.388425985972084,32.632407228151955,909.6735877990723,9.889653353185906,6.336152793534012,12.75518697102865,10.507721201578818,1012.4063736979167,-1.9280080795288086,305.5874765117963,497.4821609656016,23.862908935546898,12.315423583984398,17.825402832031273,60.77916717529297,42.56851875782013,0.41666666651144624,9.433073914300246,5.968555927377235,12.415124511718773,9.780558522542321,1012.542216796875,0.5124604878947139,273.93234501282376,468.887375553449,24.291497802734398,12.134118652343773,18.15982589721682,60.64676014582316,25.863889396190643,481.4513912200928,10.494004317421433,6.47710732618323,12.770338948567712,9.992916361490927,1012.3797591145833,-2.5167908569176993,306.75737261772156,519.1426737308502
2021-08-03,22.038232421875023,12.590020751953148,17.397311147054058,78.79999923706055,73.33888943990071,49.31944486498833,6.953511484887285,4.800430244282086,12.03118794759115,13.496727244059286,1014.5544889322917,2.8659517665704093,253.53448596596718,332.0375181833903,22.693353271484398,13.375360107421898,17.66909052530927,79.79629516601562,74.90740835666656,408.9236173629761,6.6534092576970885,4.738924971270379,12.301914469401083,13.926330820719443,1015.3600813802083,3.252746512492498,200.17236751317978,326.0847261746724,21.989221191406273,12.511468505859398,16.911031341552757,81.12870438893636,77.58472235997517,56.194444596767426,6.577005147761184,4.4737724486179395,11.93594894409182,13.507517751057946,1014.515009765625,6.834989582498868,213.59705141186714,271.41245579719543,21.842889404296898,12.966210937500023,17.5988594055176,81.13194465637207,70.90000065167744,205.3055543899536,7.442501870014004,5.249802917960314,12.153564707438193,14.152542368571005,1014.7681119791667,3.1776646176973977,285.4831627209981,327.3790717124939,22.000268554687523,13.604302978515648,17.031213378906273,78.36527601877849,84.61712980270386,36.430555641651154,6.7392164536048025,4.394831172265194,11.729648844401083,13.091322835286462,1014.623671875,6.011311988035838,199.31298299133778,273.3232572078705,21.871362304687523,13.029809570312523,17.146314239501976,83.77268473307292,70.42500074704488,106.34722208976746,7.012763944505951,4.120570749996459,11.858913675944052,14.219548797607445,1014.5360709635418,5.659558097521464,241.51255448659262,307.9150042931239,22.122583007812523,13.691308593750023,16.894883728027366,82.26990747451782,84.08101844787598,63.3611106723547,6.941899028328278,4.356231756197925,11.552569325764978,13.687614695231161,1014.630556640625,5.64986714720726,215.3473828782638,286.27781665325165,22.355004882812523,13.098321533203148,17.421250915527366,79.85787010192871,80.0180561542511,62.791667222976685,6.731991260460539,4.185514514162552,11.766477203369163,13.729432678222679,1014.5861946614583,3.6568041294813156,239.92928845683733,333.08844717343646
2021-08-04,18.461083984375023,14.066247558593773,15.922774251302107,93.72916762034099,99.11666647593181,340.0277810096741,6.906358312814859,4.831328390406219,11.27265065511068,14.884620920817099,1012.2851139322917,13.426740859945616,56.253184820214905,126.14528131484985,16.457360839843773,14.360772705078148,15.475591278076195,95.03333377838135,99.28657404581706,290.86110830307007,8.2276288996803,5.3766545423644345,11.299798583984398,14.671890513102255,1012.9007649739583,16.20350228746732,23.852777754267056,106.94240093231201,17.905572509765648,14.236138916015648,15.817698415120466,93.47175947825114,99.96249961853027,277.56944370269775,6.784130716619747,4.638764251349127,11.170747375488304,14.743953959147177,1012.3066829427083,13.842610727995634,43.70381416877111,111.44372304280598,17.265985107421898,14.605523681640648,15.667793528238954,94.81574153900146,99.96527767181396,350.96527910232544,7.011216570139149,4.92033441227088,11.219378407796228,14.819140370686853,1012.4446256510417,13.883062756620347,32.88253710915645,111.43043692906697,18.960626220703148,14.358422851562523,15.772920227050804,92.14120515187581,99.04675896962483,253.68749952316284,6.816860166517388,5.617784711718822,11.039005533854208,14.44312438964846,1012.373173828125,12.915431469678879,48.148463209470115,146.94064823786417,17.224725341796898,14.741815185546898,15.631641642252626,94.77638975779216,99.63842582702637,280.6041669845581,6.717414388435425,5.056732202052912,11.124761199951195,14.7821034749349,1012.406962890625,14.895741080244383,28.631575127442677,99.2061808904012,18.705590820312523,14.472222900390648,15.83408381144208,92.53842798868816,98.74722258249919,169.9652773141861,6.620382719157171,5.260610775854013,10.938333129882835,14.57953796386721,1013.008525390625,11.808779987196127,59.12174058457216,145.9053454399109,17.677545166015648,14.060906982421898,15.45154978434247,93.41064898173015,99.29999987284343,335.42360734939575,8.005519587525109,5.663136416720984,11.191311136881552,14.359613037109398,1012.2758268229168,15.41802161683639,43.690758702655636,126.44543552398682
2021-08-05,23.818566894531273,13.334954833984398,18.379969533284527,79.47036981582642,75.52592666943868,785.7638721466064,8.23018255344062,5.359660930698721,13.066880798339866,14.339517211914085,1007.9450260416667,-8.723346089323362,272.35941883114475,405.5439970095952,24.357690429687523,12.034265136718773,18.186045583089214,76.0037031173706,42.54675920804342,671.6111221313477,8.814741833356203,5.203093034527313,13.578552500406943,13.301147715250693,1007.985712890625,-9.312032933036486,293.302839666605,394.19241138299304,24.325524902343773,12.000299072265648,18.282393391927105,75.67777744928996,67.96759112675984,583.5277690887451,8.688386739743589,5.365551903118344,13.83424021402999,13.38855895996096,1007.3657259114583,-8.77727860212326,272.58698832492036,371.52416384220123,24.786950683593773,12.245111083984398,18.49435450236005,74.22592576344807,52.325463791688286,471.4374942779541,9.695520348057357,5.33959270720347,13.55458475748702,13.172135925292991,1007.9490201822917,-10.784020240108172,297.1915013839801,410.56014919281006,24.694451904296898,11.980004882812523,18.397869364420597,75.09861024220784,47.43888874848684,487.097225189209,8.434623434898684,5.46464509653367,13.774771626790368,13.347144063313806,1007.6072884114583,-10.558149745066961,294.9995391815901,390.00663340091705,24.143914794921898,12.449487304687523,18.361388142903667,76.49027681350708,56.74398071567217,580.0069484710693,9.124570369106857,4.559913808449921,13.516615804036462,13.627860005696618,1007.7351009114583,-10.725124140580496,291.6564942120264,387.59170138835907,24.961114501953148,12.336267089843773,18.614698028564476,74.94861205418904,42.20555565754572,79.94444274902344,9.271392185170255,5.801682712117805,13.939300791422568,13.476870473225915,1007.469033203125,-11.279192636410395,300.3682431479295,408.25034952163696,23.863488769531273,13.091149902343773,18.445859527587913,78.27546167373657,67.75555628538132,605.361120223999,9.053514740800088,4.493005830933456,13.488041178385458,14.12192052205404,1008.0881412760417,-10.117419173320135,275.97245871772367,381.74327699343365
2021-08-06,25.353784179687523,13.391137695312523,19.253830210367862,75.52823972702026,39.67222210764885,37.05555588006973,7.921762157320287,5.230517951667513,14.263616180419945,14.422055816650413,1008.8167447916667,-7.668769141038259,300.8144945700963,437.7214520772298,25.061120605468773,13.027764892578148,19.074600474039737,72.35555489857991,30.84814817706744,836.6736183166504,8.19894964580929,5.351268293897337,14.157151794433616,13.544451649983728,1009.187099609375,-7.750591675440471,302.6651548643907,421.3341172536214,25.561059570312523,13.412927246093773,19.41829579671226,72.80509185791016,35.175000021855034,22.048611104488373,8.41725411042633,5.341395410151378,14.597802734375023,14.01618601481124,1008.4682356770833,-7.6666262944539385,301.5740888218085,431.2496745189031,25.108666992187523,12.959802246093773,19.03955993652346,73.31157350540161,33.264814598175384,617.6250133514404,7.769950044076674,5.361310325268401,14.0761543273926,13.721360778808616,1009.135673828125,-7.871730794509252,302.899003336827,436.2772675355275,25.673120117187523,13.889886474609398,19.659782663981144,68.88148053487141,35.40740696589152,4.888888970017433,7.832279178283603,5.427944557676838,15.016538238525413,13.465645090738974,1008.1763834635417,-8.63068143526713,302.63816380500793,439.3824702501297,25.253472900390648,13.241540527343773,19.172994232177757,73.3444447517395,35.47314842045307,519.8333377838135,8.008283174687081,5.443189299164665,14.046558634440146,13.879051462809286,1008.9205305989583,-8.414722899595896,301.3502393066883,454.0635432402293,25.591058349609398,13.934594726562523,19.657360331217472,67.84305540720622,30.624073336521786,1.5277778059244156,7.808685027119991,5.344714612941083,15.110635375976585,13.234971618652366,1007.84853515625,-8.476617773373922,303.2783720990022,436.7914899190267,25.216607666015648,13.241845703125023,19.082293446858746,75.20879697799683,36.0740741888682,125.7430534362793,8.008033430071045,5.273045162310655,14.123454030354821,14.152589416503929,1008.72333984375,-7.261861776312192,300.9719632367293,438.8696423768997
2021-08-07,22.305566406250023,16.971948242187523,19.160059865315777,86.19861094156902,84.9870371023814,82.20138964056969,7.201493913693311,4.221660367268145,13.677267964680993,16.683217620849632,1009.2849348958333,0.7263048440217972,182.51542669037977,261.8419059117635,22.104394531250023,16.589624023437523,18.79496536254885,89.09768581390381,85.78333310286204,127.15277826786041,6.283408479108675,4.730606633333603,13.610993957519554,16.865727996826195,1010.2667154947917,2.6904026369253793,146.28524396568537,230.64391684532166,21.959191894531273,16.739709472656273,19.048211669921898,87.13287035624187,83.15046342213948,86.680554702878,6.897199694119592,4.445929141698493,13.669107055664085,16.74884440104171,1009.3169401041667,1.6880764563878377,177.09616388380527,245.01394828160605,22.176904296875023,16.550805664062523,18.94335581461591,88.19629700978597,82.12962937355042,98.8055557012558,6.335982704887725,4.593106099302637,13.714290873209677,16.855544026692712,1010.054951171875,1.5637811770041783,157.76125701268515,238.09942372639975,22.008813476562523,16.539086914062523,18.999084726969425,85.33796310424805,82.05925865968068,69.50694468617439,7.281673897984475,4.10519779342894,13.59914042154952,16.370717620849632,1009.111083984375,1.4965738157431285,160.5989084839821,242.59962566693625,22.459893798828148,16.572229003906273,18.970600382487003,87.82222239176433,81.9921289285024,84.25000065565109,6.334404347647743,4.24090170081198,13.635577138264978,16.795320129394554,1009.80978515625,1.1403118719657261,166.4278530975183,239.2678185304006,21.582330322265648,16.607202148437523,18.947305297851585,85.0666675567627,80.46805469195048,69.31250039860606,7.78157040254621,4.192781732910725,13.52084884643557,16.24467239379885,1008.9079915364583,0.09453042348225911,152.32942626376948,240.53866267204285,22.328973388671898,16.684136962890648,19.06545155843101,85.98240756988525,79.56388918558757,80.74999986588955,7.802890819387961,4.671816634778769,13.645023600260458,16.524611409505212,1009.4611555989583,0.576230451464653,172.0310207605362,269.6574261188507
2021-08-08,24.448175048828148,13.645471191406273,18.680046335856144,79.22453673680623,62.93750013907751,373.4236068725586,13.189268815203873,6.947161900076428,13.079363759358728,14.6486806233724,1011.8326204427083,-2.476231118043264,257.69466667373973,441.8957012494405,24.622338867187523,14.461083984375023,18.949760691324894,82.48703575134277,80.0638877550761,457.0416679382324,10.306029838736418,5.82110636752288,13.349226888020837,15.566752370198571,1011.5576692708332,-3.5452524224917092,206.95847819621363,337.8529698053996,24.290795898437523,14.023614501953148,18.774290974934917,80.20231485366821,61.94305543104807,360.07639026641846,12.55976211240752,6.796212519769011,13.222839609781943,14.986383056640648,1011.7881966145833,-2.7008382255832353,258.8871802439292,438.665460507075,24.498101806640648,13.538873291015648,18.667039489746116,80.7736120223999,74.7712974647681,481.3402805328369,12.703066084318785,6.127457830951438,13.301714833577478,14.930584208170615,1011.59681640625,-2.2535417477289834,211.8475237774352,350.5800995826721,24.069757080078148,14.112451171875023,18.71785125732424,80.42592668533325,62.969443599383034,299.61805486679077,11.979275765383449,6.806500307256329,13.186560567220056,14.979922231038415,1011.687919921875,-1.9748808592557907,258.1769041419029,418.8426742553711,24.022241210937523,13.391656494140648,18.442346191406273,81.63749980926514,75.40740700562795,387.4652805328369,12.72543556958451,6.591520666133469,13.067478434244833,14.949915822347009,1011.8744596354168,0.5246016482512156,215.16166684031487,365.29057681560516,23.786584472656273,14.205590820312523,18.500848388671898,81.56296316782634,67.71018560727437,161.40277695655823,11.66607420368704,6.614230164781166,13.2341133117676,15.013369496663415,1011.6838248697917,-0.8497935732205709,237.5864624157548,365.9609203338623,23.574090576171898,13.602685546875023,18.405655161539737,81.59398078918457,69.76296278213461,361.3611125946045,12.898140179964173,7.015072944148268,13.119134521484398,14.925955708821618,1012.036806640625,0.9035305380821228,238.55509190013012,395.22580194473267
2021-08-09,26.237847900390648,14.513940429687523,19.84779256184898,67.96574115753174,51.67036976416906,69.54861068725586,9.015119535468465,5.220539989033838,14.559791819254599,13.503558095296228,1017.232646484375,-7.899172266324361,235.58579911788306,397.7341596682866,26.309289550781273,14.195367431640648,20.06512095133466,68.4768516222636,42.849074165026344,406.40278244018555,8.900672474345804,5.3146478402890365,14.466302490234398,13.785315450032556,1017.5933854166667,-10.349648276964823,271.2610045969486,423.9035648504893,25.831628417968773,13.997918701171898,19.733635203043644,69.72499926884969,42.843517661094666,50.833332538604736,9.457115854788968,5.764105093923564,14.560659027099632,13.808025614420615,1017.26609375,-7.199402213096619,267.187704573075,423.0081506172816,26.761285400390648,14.117669677734398,20.139852142334007,69.03796323140462,38.04953706264496,401.9166717529297,8.979411993150999,5.538389932455183,14.632084147135458,13.88932571411135,1017.497607421875,-11.272705634435018,269.16834154725075,443.4170237382253,25.850000000000023,13.992974853515648,19.475001271565777,71.7458324432373,47.79444456100464,28.12500035762787,9.566342995179962,5.439407727016892,14.591687774658226,13.991587575276696,1017.3860546875,-6.837515155474345,250.23114789525667,367.0740250349045,26.530725097656273,14.045709228515648,19.97805048624677,67.74999952316284,39.04490672796965,338.7013854980469,9.26538545515589,5.669813074359034,14.566004689534509,13.505241648356161,1017.4220865885417,-10.660863916079203,271.21856784820557,445.92613164583844,25.995385742187523,14.089593505859398,19.56073150634768,72.06296412150066,42.15046270688375,12.826388984918594,8.900091450827023,5.545268234452315,14.511341349283896,14.132616933186853,1017.1910677083333,-7.1624764402707415,242.22400160630545,390.98008779684704,26.174462890625023,14.159753417968773,19.802925364176456,68.74722258249919,47.3986112276713,200.1875,9.115865226041665,5.473031105865926,14.536953226725302,13.604728953043661,1017.3361881510417,-9.077821850776672,247.10190694530806,396.9928795893987
2021-08-10,28.100335693359398,16.019494628906273,21.891489919026714,64.30555550257365,52.98796224594116,6.333333492279053,7.842154519300342,5.512587637378153,16.53495051066085,14.420529937744163,1018.023701171875,-13.23110314210256,285.9956517914931,414.7902549902598,28.433404541015648,16.286553955078148,22.099409993489605,63.900463581085205,62.57314872741699,71.66666793823242,8.508807847161398,5.363895934978902,16.507695770263695,14.525923665364587,1017.692900390625,-15.137369434038797,282.0712252954642,419.12173223495483,28.005548095703148,15.791070556640648,21.785798645019554,64.60416587193806,58.48333295186361,7.5,7.949261806792544,5.605359436629967,16.47144215901693,14.351047770182333,1018.0653938802083,-12.94049104054769,286.57930210232735,421.0356988509496,28.172235107421898,16.091546630859398,21.847002919514996,66.35879834493001,57.01157410939535,54.33333206176758,8.708245107335392,5.533311649953866,16.54588979085287,14.86854197184249,1017.78671875,-13.85471244653066,281.66968819499016,405.7818343639374,27.915368652343773,15.710351562500023,21.598034159342472,66.02037143707275,42.34444407622019,7.5,7.919554589560713,5.703758655952112,16.17569758097335,14.499105072021507,1018.041728515625,-12.746972521146139,287.69036706288654,429.39587946732837,27.949975585937523,16.068139648437523,21.905624643961612,65.48611036936443,55.03055461247762,32.66666793823242,7.774839219340004,5.582478246557571,16.419159189860068,14.718103027343773,1018.1960677083333,-14.521661122639975,285.0108834505081,415.9637856086095,28.024774169921898,15.829705810546898,21.71838022867841,65.8226850827535,25.29907355705897,1.0000000298023224,8.013077436249612,5.689837242219458,16.08916498819991,14.56129099527999,1017.857490234375,-13.60410968462626,295.0795380274455,452.2607742547989,27.885949707031273,15.883325195312523,21.725132242838566,65.74907461802165,60.02222228050232,17.500000476837158,7.949004540920429,5.555152144768535,16.372396087646507,14.618421173095726,1018.0460514322917,-12.579957485198975,278.7708718776703,386.16635195414227
2021-08-11,30.321771240234398,17.329370117187523,23.492761230468773,58.54444487889608,4.718981383523594,0.0,8.267646518211802,5.278742344665386,19.007989501953148,14.43088302612307,1016.998310546875,-16.42069375514984,295.13210690021515,361.2916270494461,30.630181884765648,17.559136962890648,23.732954915364605,59.2421293258667,19.986110620511074,6.333333492279053,8.406019553550738,5.384821100885884,19.42571919759115,14.7973622639974,1016.810205078125,-17.293825666109722,295.39283479253453,347.86732268333435,30.428491210937523,17.293084716796898,23.491401926676456,57.47870413462321,5.090277693544825,0.0,8.526191845935847,5.3425572450311405,19.023433939615927,14.110341644287132,1017.05296875,-16.2605064312617,295.5767336984475,367.2713623046875,30.454217529296898,17.583001708984398,23.62374649047854,59.37731568018595,30.596758533075143,7.5,8.626800748901577,5.216038469794441,19.24489873250326,14.769011433919275,1016.8474576822917,-16.92454393704732,294.78010893861455,358.4295029242833,30.211450195312523,17.059564208984398,23.326711273193382,57.95185152689616,1.8351852162741125,0.0,8.443519501325808,5.256714174090194,18.76919072469076,14.040429687500023,1017.189306640625,-15.612212975819906,296.1629567841689,374.68573407332104,30.151757812500023,17.367944335937523,23.384175872802757,59.66157499949137,10.5305556251357,7.5,8.163696383628757,5.373218530054127,19.10901285807296,14.649559275309286,1017.1708463541668,-16.293328205744427,294.72356395920116,358.0943001111348,30.232232666015648,17.118341064453148,23.309536234537784,58.20740683873495,6.537037201225758,0.0,8.492936023711687,5.267040538542567,18.800499216715536,14.09561436971029,1017.1975651041668,-15.708604017893473,294.13579003016156,367.5777977705002,30.201562500000023,17.227807617187523,23.365244801839214,58.73240741093954,3.509722222962106,1.0000000298023224,8.547987929947983,5.364721556182016,19.055721537272177,14.379328664143884,1017.1257096354167,-15.781694173812866,295.4477641085784,358.4392621914546
2021-08-12,31.439904785156273,18.839562988281273,24.694375610351585,57.12546173731486,14.3939810548909,0.0,8.824393999948612,5.551048975159571,19.006010945638025,15.09945958455404,1019.4314420572917,-17.277680317560833,288.03297704458237,468.2166833082835,31.420159912109398,19.103509521484398,24.894459025065128,58.16342639923096,16.435185054317117,0.0,8.500375335784543,5.712916703509634,19.247141774495446,15.641439056396507,1019.8564518229167,-17.240944782892864,287.91043079396087,458.3800594806671,31.828118896484398,19.021081542968773,25.07033437093101,54.424537340799965,17.58518518631657,0.0,9.34817216170686,5.621096194308897,19.176540629069052,14.666694895426474,1019.344677734375,-18.133908987045288,290.57379484176636,505.0518264770508,31.655877685546898,18.943414306640648,24.933081563313824,56.86018625895182,24.818981540234137,0.0,9.145279806410256,5.883877229281676,19.320153808593773,15.257164255778036,1019.905029296875,-17.610387047131855,289.6211511840423,466.3756136894226,31.810815429687523,18.905541992187523,24.958098347981792,54.103704611460365,15.094444319450607,0.0,8.825470675937936,5.453617645405582,19.166318511962913,14.465955352783226,1019.3467317708332,-18.301210800806682,291.5551690061887,504.11848680178326,31.564416503906273,18.816674804687523,24.792448933919292,56.87175861994425,19.055554882002372,0.0,8.699863859769248,5.714424090551536,19.138491566975915,15.127924855550134,1019.7660904947917,-17.698651711146038,289.6631526350975,466.93945240974426,31.686944580078148,18.761102294921898,24.82967910766604,54.34120400746664,13.751851829777783,0.0,8.70325761523489,5.47775240341777,19.092638905843103,14.433736419677757,1019.2821907552083,-17.779104868570965,292.3102058271567,491.91278378168744,31.329034423828148,18.770776367187523,24.654766337076847,57.363425731658936,16.91990674675132,0.0,9.054814907027017,5.6275462492054515,18.9395525614421,15.14063415527346,1019.5799544270833,-17.138808727264404,286.84831204017,471.76225026448566
2021-08-13,32.88430175781252,20.113977050781273,26.063213602701847,53.37731536229452,36.14259219169617,0.0,8.60245720964505,5.682385721132917,20.13945032755538,15.050590769449911,1020.1861197916667,-18.519402901331585,287.5194082309802,476.69997787475586,32.5964294433594,19.771997070312523,25.836741383870464,55.299537340799965,32.53009259700775,0.0,8.467922701356335,5.617208313649061,20.12123260498049,15.477199808756552,1020.1021256510417,-17.875335057576496,287.290873448054,444.507599512736,32.20037231445315,19.836175537109398,25.68896891276044,55.84444411595663,32.84351934989294,0.0,8.666798416168563,5.52746619703727,19.91626129150393,15.586690521240257,1020.4431966145833,-17.34895881017049,286.7193280110757,439.0896697839101,33.07668457031252,20.050073242187523,26.20836156209312,53.241666634877525,42.172685424486794,0.0,8.760238777413637,5.711522722830356,20.31107610066732,15.118867492675804,1020.434736328125,-18.745311816533405,287.9652985036373,475.7550525665283,32.12700805664065,19.880883789062523,25.651657358805362,56.637962341308594,41.46712992588679,0.13194444542750716,8.736377937405033,5.619707431270688,19.689399973551474,15.73576380411788,1020.6505110677083,-17.40528217951457,287.3793198764324,454.04521918296814,32.91289672851565,19.915307617187523,26.079446411132835,53.63749933242798,30.087962587674458,0.0,8.788919316903673,5.679352448096189,20.130933380126976,15.119958496093773,1020.1654850260417,-18.572012583414715,288.64386494954425,479.3574776649475,31.943688964843773,19.855645751953148,25.623447672526066,56.072685877482094,54.0856484969457,0.2013888917863369,8.737224599088968,5.581430830072224,19.77188898722335,15.593999481201195,1020.5773372395832,-16.942456642786663,285.6488306472699,435.0984787940979,32.95192871093752,20.363000488281273,26.139520263671898,53.21759366989136,41.21990738312403,0.0,8.866365341774125,5.577755451792799,20.086114501953148,15.047856903076195,1020.0636848958333,-18.8536057472229,287.1623028963804,489.4533502260844
2021-08-14,33.29342041015627,20.459161376953148,26.497699991862003,55.34166876475016,10.417592670458058,2.701388902962208,8.794490477094989,5.80382472102455,20.53613942464193,15.950855509440146,1019.5132942708333,-18.06289831797282,286.1311874439319,522.4213858445486,33.79342041015627,20.716638183593773,26.885051981608097,51.786110957463585,3.1212962294618287,0.0069444444961845875,8.93823693918218,5.635011945454573,20.74386876424154,15.305031077067099,1019.1724674479167,-18.353076537450153,287.0935720304648,561.3662603696188,33.10555419921877,20.404138183593773,26.367763773600284,54.477778593699135,8.030092491962327,0.9930555857717991,8.680513476789734,5.86074175470153,20.386155700683616,15.627168273925804,1019.7013346354167,-17.15703288714091,286.70674204826355,514.8044420083364,33.3477722167969,20.505609130859398,26.557860310872417,53.61342636744181,3.8731481935828924,0.3958333367481828,8.858761440467601,5.680397586179505,20.699932352701865,15.594758605957054,1019.1368001302083,-17.892667055130005,287.0362211018801,502.6265640258789,32.89849243164065,20.183496093750023,26.145173645019554,54.62361145019531,6.232407403799395,0.6527777826413512,8.551315874223402,5.654916972770207,20.11768747965499,15.54693501790365,1019.8855859375,-16.789222240447998,286.78432119389373,512.0610822836558,33.27224121093752,20.547937011718773,26.548421478271507,53.89768520991007,14.279629584401846,0.5416666804812849,8.95460239654515,5.631756885640809,20.584135945638025,15.614151255289755,1019.4554264322917,-18.130571365356445,286.56029010812443,508.0488148530324,32.7790466308594,20.192193603515648,26.108968353271507,55.1694442431132,5.030092542991042,0.1666666679084301,8.429183752306342,5.678898104959942,20.12182769775393,15.732755279541038,1019.7045865885417,-16.396058241526287,286.51770875354606,502.4724380970001,33.1695495605469,20.378961181640648,26.4046086629232,54.36250082651774,13.657870230575403,1.402777787297964,8.805442849136673,5.722722998452755,20.52454020182296,15.595358784993493,1019.359755859375,-17.893115758895874,286.5361163119475,504.26739557584125
2021-08-15,33.19951782226565,20.127770996093773,26.30228195190432,56.23240836461385,2.7962963222526014,4.500000098720193,8.211004930927595,5.397457946700393,20.633816019694052,16.10296783447268,1014.8235319010417,-13.474420626958212,285.9020357628663,540.4636002381643,33.3290954589844,20.383325195312523,26.422766621907574,55.65138912200928,1.4916666361192863,7.541666805744171,7.988433858273922,5.615329662391093,20.923796590169275,16.099900817871116,1015.170732421875,-13.59929088751475,286.7119287798802,499.7590238253276,33.3117614746094,19.679071044921898,26.24177703857424,56.986574014027916,5.564815054337184,8.74305571615696,8.203200377931994,5.097187962121828,20.709425862630212,16.14167175292971,1014.814501953125,-13.937548279762268,285.41490565737087,511.7792851130168,33.32253417968752,20.645715332031273,26.58553339640302,54.55555582046509,0.3499999934186538,1.916666716337204,8.428832739869595,5.31108043308014,20.847679392496786,15.987285868326865,1014.9857747395832,-14.847658157348633,285.87238642076653,533.7992915312449,33.15508422851565,19.786889648437523,26.077602640787784,55.81620422999064,1.9009259231388569,5.701388968154788,8.7046629890422,5.2276150398364365,20.502725219726585,15.72522888183596,1014.9803157552083,-13.758749524752298,286.42574955523014,506.77180282274884,33.0944763183594,20.494439697265648,26.425008392334007,54.66851886113485,4.560185264796019,2.9166666008532047,8.454437409806122,5.365315606893507,20.685386912028036,15.853855387369833,1014.777353515625,-14.622773011525473,285.650612394015,537.3155394395193,32.86959228515627,19.967034912109398,26.103175099690777,54.36157353719076,5.528703612896304,3.3055554926395416,8.641652693950313,5.221049097717692,20.216189320882165,15.402920023600302,1014.853046875,-13.86221468448639,286.6993555724621,530.2922467390696,33.25911865234377,20.395776367187523,26.394441223144554,55.087962786356606,1.0662037062769134,2.131944418884814,8.50615181090653,5.368045411487799,20.712547556559286,15.88983052571615,1014.8548697916667,-14.02421498298645,286.1963700999816,536.00901055336
2021-08-16,30.046838378906273,17.641076660156273,23.061963653564476,65.76296361287434,4.971296326567729,34.006944224238396,14.542198879594501,6.804429444089185,18.647978719075525,15.45047276814779,1009.9000846354168,2.3034743269284568,269.77874319752055,549.5856014887491,31.015435791015648,18.392419433593773,24.303166961669945,61.894907315572105,10.214351713812599,36.86805549263954,10.449985256334845,4.956911496491455,19.047861989339196,15.719469960530603,1010.7672623697918,-5.7961539427439375,278.7635575880607,578.14608335495,30.082025146484398,18.175042724609398,23.55795059204104,63.77777719497681,6.482407361889879,33.40972229838371,14.134611666247787,6.437458245160819,18.551259613037132,15.467905934651696,1009.9815690104167,0.2759675482908885,269.74061459799606,584.8163477579752,30.559716796875023,18.234613037109398,23.85800196329755,63.86805582046509,13.464351694099605,47.47916707396507,14.450513090708125,6.474217471298431,18.75600077311202,15.769010162353538,1010.439619140625,-2.4024616281191506,275.2557552456856,573.8773431777954,30.313500976562523,18.289880371093773,23.728536224365257,62.25277932484945,16.197685020044446,36.472222186625004,15.21619951160038,6.1243777317281625,18.396967824300134,15.22591044108077,1009.9607649739582,-2.4827577074368796,276.5308857957522,604.0154746373495,30.957330322265648,15.201043701171898,23.46855443318687,66.45000076293945,21.182870715274476,112.04166567325592,24.63312022361024,7.434542575174906,18.48495254516604,15.806923166910849,1010.210234375,2.3379698395729065,278.0521436110139,641.58553759257,29.751519775390648,17.414056396484398,23.172999318440777,63.988888104756676,15.54027764375011,34.39583361893892,15.748840517598811,6.472804159291006,18.105559285481775,15.071066792805993,1010.032021484375,2.457613706588745,272.9534930338462,561.5027844111124,29.604821777343773,17.399041748046898,22.783195749918644,66.16481479008992,5.333333329025966,43.62500052154064,15.36917669280152,7.064255781065992,18.532563781738304,15.375010426839196,1009.9547819010418,4.388641178607941,268.2042986154556,516.0064171155294
2021-08-17,28.525323486328148,14.220483398437523,20.974092102050804,48.627777655919395,66.77222297092278,125.04861450195312,14.619010110095237,8.571729386680419,15.594865417480491,8.664622243245446,1011.740498046875,1.1440915043155353,266.2215933948755,702.7083657582601,28.235406494140648,14.412622070312523,21.18125432332359,49.34490672747294,65.39999946951866,75.02777767181396,15.082501338924734,7.705599093857745,15.65298741658529,9.338650004069052,1011.5734602864583,1.0716967185338337,260.24390854934853,642.0983098347982,28.612359619140648,14.408715820312523,21.16620788574221,47.89120372136434,54.30787099649509,83.86805605888367,14.764591498701142,8.54132959313197,15.710295613606775,8.802253977457724,1011.7892154947917,1.0449234346548717,278.0119984348615,730.2488069534302,29.257104492187523,14.743524169921898,21.67563908894859,46.92037057876587,73.02453511953354,56.854167222976685,15.48085346708143,8.72480758683424,15.960557556152366,8.9800849914551,1011.3767936197917,-0.7488208015759786,272.73451031247777,717.4434413909912,27.940209960937523,14.473565673828148,20.87378082275393,50.83611027399699,71.88287018984556,98.8611068725586,13.851863483064754,8.313417616313268,15.43182271321615,9.488273874918661,1011.9473828125,3.05548927684625,258.4427606860797,670.0843807856241,28.987268066406273,14.976770019531273,21.70489145914716,47.590740044911705,79.79490691423416,57.0625,15.987126245324955,8.671590328437368,15.84955495198568,9.23613001505538,1011.18435546875,-0.05583657821019491,272.3703067402045,724.8954785664877,28.412225341796898,14.761102294921898,21.285602823893253,49.03333306312561,59.67407377560934,0.6666666716337204,12.631828887994331,7.682878069018085,15.516890462239587,9.24906946818038,1011.797197265625,-0.5401147454977036,273.98401396473247,737.006272315979,29.160485839843773,14.463800048828148,21.332260386149112,47.333333810170494,56.963888401786484,76.33333396911621,15.274892732065961,8.783297119623562,15.836977895100915,8.511804199218773,1011.4014029947917,-0.0010093186671535175,275.90160863598186,740.7833703358968
2021-08-18,27.391992187500023,14.941491699218773,21.531167602539085,48.809259255727135,19.25370354950428,0.0,8.051626202557388,5.364224473260958,14.032743072509788,9.595883941650413,1013.9015494791668,-4.2977055211861925,285.7204866781831,688.2444151242574,27.416619873046898,14.776208496093773,21.106444295247417,49.79166714350382,9.074537228870517,125.83332824707031,7.840990545409516,5.368849945473116,13.955787913004599,9.303716278076195,1013.8962239583333,-3.0173466155926385,287.11068292707205,633.7445635000864,27.639337158203148,14.957818603515648,21.560533142089866,47.6351862748464,19.344444302221138,0.31250000232830644,9.18401716363548,5.791198646448133,14.350845591227255,9.18430099487307,1013.6203645833333,-3.9422859052817025,286.54039210577804,662.5677062273026,27.639581298828148,14.927972412109398,21.396335856119816,50.2018518447876,23.083796599258978,85.8194432258606,8.329674216100438,5.472322444265306,14.286729431152366,9.755118306477868,1013.53873046875,-4.364349057277043,286.03874000906944,653.0158491929373,27.357049560546898,14.472192382812523,21.002605692545597,47.63472127914429,14.145833601554235,0.0,10.363577928673417,6.121426924802077,14.115251159667991,8.692263539632165,1013.9460677083333,-2.6663183023532233,286.32929538935423,657.3687554597855,27.368341064453148,14.761071777343773,21.380059814453148,50.50324090321859,20.98981491258989,99.32638788223267,8.073082264464002,5.251321778536432,13.966382598876976,9.988345082600915,1013.7035579427082,-5.703968584537506,285.6076115369797,672.0954945882162,26.971276855468773,14.270318603515648,20.560289001464866,48.00833344459534,15.796759416659674,0.0,10.696638541770028,6.314385555209692,13.685103352864587,8.35023142496749,1014.4844368489582,-1.15067408233881,286.7111546471715,677.6736734708151,27.403588867187523,14.915490722656273,21.567363993326847,48.78287076950073,34.855555848528944,0.6666666716337204,8.104843881600457,5.353529893785538,13.995361582438193,9.620818074544275,1013.637802734375,-4.919887602329254,285.2065417965253,693.4860022862753
2021-08-19,27.948785400390648,15.592797851562523,21.619961039225284,50.34444522857666,7.149074139694373,0.0,8.128676602837857,5.119076986753661,14.506252543131552,9.998489634196005,1013.84380859375,-7.246682802836101,281.53394092122716,672.2742083867391,28.056939697265648,16.038873291015648,21.931633249918644,52.464351177215576,8.89629653096199,0.0,8.700490682676005,5.085892757291938,14.446040089925134,11.042525227864587,1014.1711588541667,-6.601021250089009,279.077965396146,682.9604164759318,27.770684814453148,15.949487304687523,21.58375447591148,49.97175884246826,8.937499942878881,0.0,8.259388332725093,5.239795859120002,14.41803894042971,9.780274963378929,1014.0727669270833,-6.0965243975321455,280.8662953476111,674.2994669278463,28.096826171875023,16.569818115234398,22.129998779296898,51.94907490412394,16.549999952316284,0.3333333358168602,8.309316978677913,5.040268505993445,14.68793894449874,11.112126922607445,1013.6366764322917,-6.493056158224742,273.87344642728567,681.8261916637421,27.467614746093773,16.049096679687523,21.350044504801456,51.611573696136475,19.619906956950825,0.0,8.084414086787644,5.187709863345373,14.027934010823571,10.08389561971029,1014.4329069010417,-5.766818165779114,274.64874076098204,681.6278455257416,28.008081054687523,16.169946289062523,22.090453084309917,50.14490683873495,16.778703967730205,0.0,7.6252396587859455,4.668619029204251,14.68524831136068,10.48965733846029,1013.7294596354167,-7.524050056934357,276.5250581949949,664.7675909996033,27.226983642578148,15.770288085937523,21.07053654988609,52.23703638712565,20.73009251554807,0.0,8.138100519057886,5.00006622551407,13.753947194417321,10.054898834228538,1014.6660904947917,-4.600107828776042,263.690411431094,657.0314135551453,27.943780517578148,15.666436767578148,21.647140757242862,50.27592579523722,6.413889043033123,0.0,7.8926034757502945,4.939992298501886,14.535571034749353,10.03445968627932,1013.857841796875,-7.655000925064087,281.4055421203375,662.6385908126831
2021-08-20,29.120629882812523,17.579400634765648,22.829966481526714,50.56435147921244,30.34259218474229,0.0,8.563820828071824,4.954983620157474,15.703759765625023,11.085758463541708,1014.6729915364583,-12.196311394373575,274.64118180423975,653.1641144752502,29.568933105468773,18.715356445312523,23.26235224405927,48.76527818044027,38.643055771787964,0.13194444542750716,7.2307215579445945,4.85513191080318,16.23317108154299,11.03272145589193,1014.2460677083333,-11.606398383776346,260.221105478704,651.0568181673685,29.250024414062523,17.316644287109398,22.85453313191734,49.85324144363403,22.54166702926159,0.0,8.4350151261711,5.045114422100432,15.658837890625023,10.9454170227051,1014.7848958333333,-12.373127937316895,279.4784570808212,655.4527254104614,29.758508300781273,17.835626220703148,23.082430775960308,49.23240780830383,36.419444769620895,0.0,8.253493452363253,5.152769710817327,16.23169860839846,10.858209228515648,1014.2954459635417,-12.648069461186727,270.50230257958174,678.0878454844157,28.975488281250023,17.800805664062523,22.634818013509136,50.72083314259847,26.798611243565876,0.0,8.09857462918984,5.125101870149969,15.265810902913415,10.970601654052757,1015.14390625,-11.40121074517568,271.57077857106924,670.2228418986002,29.522515869140648,17.040826416015648,22.896733856201195,49.75277781486511,30.01064846167962,0.0,7.984047084758377,4.899372216820617,15.99942550659182,10.862111663818382,1014.6166731770833,-12.773889501889547,278.4772010073066,654.2005897363027,28.783349609375023,17.500329589843773,22.482909138997417,51.01018476486206,24.848148122429848,0.0,8.06940083601058,5.234647565891327,15.117514546712243,10.897082265218103,1015.12890625,-10.770133177439371,272.26377213249606,665.927133401235,29.119927978515648,17.013391113281273,22.629246012369816,50.61759320894877,21.54999991754691,0.0,8.373738802951845,5.066285310043372,15.749922688802087,10.899583435058616,1014.6427766927083,-11.599724531173706,278.63842723766965,643.5760490099589
2021-08-21,30.510736083984398,17.222406005859398,23.48373184204104,51.68750023841858,11.450000159442425,0.013888888992369175,7.600287801104002,5.232516602847904,16.76701380411788,11.956033325195335,1017.5743489583333,-12.983362436294556,276.2099829390645,675.3089655240377,30.672204589843773,17.340875244140648,23.675391133626324,51.3967600663503,8.284259170293808,0.020833333488553762,7.8785186290291085,5.272724803592665,17.139841969807946,11.959953562418661,1017.0380598958333,-13.114694277445475,276.7966878687342,666.4819389979044,30.241784667968773,17.363061523437523,23.40516560872398,52.640741189320885,26.60231469074885,0.06250000139698386,7.625857668053137,5.259356841037049,16.639577484130882,12.256658172607445,1017.6015755208333,-12.18147075176239,270.7918725088239,647.8219335873922,30.899743652343773,17.431695556640648,23.732467905680362,50.747685273488365,11.503703718384108,0.020833333488553762,8.01994003391026,5.339512573124229,17.13443781534835,11.862488047281943,1017.1455794270832,-13.107997179031372,275.0784995853901,672.1564540068308,29.958245849609398,17.100885009765648,23.18317565917971,53.48935238520304,15.72638867298762,0.0486111119389534,7.777731768405556,5.196506534471045,16.351055399576865,12.294761912028036,1017.6927734375,-11.918806076049805,274.76833062867325,649.4781494140625,30.647088623046898,17.188562011718773,23.513899739583355,51.10972309112549,7.294907386104266,0.020833333488553762,7.788478768919601,5.319491074442396,16.922813669840536,11.779593404134118,1017.615849609375,-12.84051744143168,276.8283326874177,668.8000249862671,29.835198974609398,16.951989746093773,23.05736058553062,53.19629685084025,13.36064808567365,0.06250000093132257,7.604315983680784,5.156470026315933,16.13531646728518,12.08222351074221,1017.723193359375,-11.645578940709433,275.8857394134005,642.0702128410339,30.500207519531273,17.176812744140648,23.426044718424503,51.21111027399699,10.88194439560175,0.020833333488553762,7.451565365746645,5.194609288229784,16.721913909912132,11.737048085530603,1017.4976790364583,-12.905080199241638,276.87349784374237,665.6216866175333
2021-08-22,30.173425292968773,18.010797119140648,23.347952779134136,56.09259287516276,77.04583311080933,2.3333333376795053,6.973658560655738,4.782813438403437,17.349656677246116,13.278731282552087,1016.1834212239582,-9.06105351448059,240.20957081889114,566.022767384847,31.146295166015648,18.267236328125023,23.688946024576847,55.07361133893331,55.412499944368996,2.6875000270083547,8.31504798705911,5.858884873775119,17.938892618815146,13.006949361165368,1016.25515625,-8.756091396013895,255.44427983338633,638.3111128807068,30.022912597656273,17.941735839843773,23.19229914347333,57.24999968210856,85.40509223937988,4.194444488734007,6.7545120310866045,4.5229424443398525,17.30841471354171,13.403838094075525,1015.993525390625,-6.360785881678264,238.27147908881307,567.2892325719198,30.138909912109398,17.964562988281273,23.409876759847027,56.35509125391642,65.77222116788228,3.590277837589383,8.404523737751594,5.768649237139182,17.57678883870443,13.249533589680993,1016.0694759114583,-7.07955280939738,237.52924184376994,599.430814743042,29.855187988281273,17.921228027343773,23.040952301025413,58.32037019729614,87.42129532496135,4.2083333265036345,7.306075866245944,4.701028965233619,17.00409088134768,13.555824534098349,1016.1711295572917,-6.236968199412028,234.2243695370853,589.3644388516744,30.320245361328148,18.046594238281273,23.459933217366558,56.11481444040934,73.14305480321248,4.472222253680229,9.309359254002402,5.652379543228584,17.409705098470056,13.204888916015648,1016.3411328125,-9.044021765391031,249.4960613064468,638.0790351231893,29.568872070312523,17.890588378906273,23.00272903442385,57.39305464426676,86.97870349884033,2.791666690260172,6.907518009406748,4.747974528730121,16.796750640869163,13.233450826009118,1016.2285416666667,-6.5504656235377,230.7829762113591,597.5839454332987,30.063134765625023,17.947167968750023,23.12341715494794,56.94907442728678,78.33796374003093,5.618055624887347,9.120025726647217,5.520814368012293,17.148440297444665,13.13987757364913,1016.2130403645833,-7.925838232040405,237.9604375573496,614.6731162071228
2021-08-23,27.625451660156273,14.764093017578148,20.73746515909833,65.16666666666667,34.38657302657763,72.15972208976746,11.936392248500031,8.805560618679651,14.954412078857445,12.817909495035849,1014.353984375,5.203578482071559,243.744758627067,693.8257373174032,28.178735351562523,15.378930664062523,20.98670349121096,62.30601898829142,9.489814611850306,28.583333730697632,17.494691753478573,8.934621156823022,14.977675374348962,12.368361409505212,1014.4585579427082,4.687866610785325,264.315139465034,701.4044253031412,27.094262695312523,15.094598388671898,20.618596649169945,65.84490664800008,40.30000042915344,70.25000071525574,11.329211240828132,8.761776505862391,14.917607879638695,12.977377827962243,1014.4474739583333,5.236211955547333,245.11016146590313,662.0760202407837,27.216668701171898,14.764367675781273,20.626763916015648,63.50833304723104,10.16898163796092,42.4513885974884,14.680744375295099,8.940569696945408,14.765056864420615,12.417714691162132,1014.2385091145833,5.544732795407374,266.06079504142207,667.3660850524902,27.069299316406273,15.433038330078148,20.276003774007183,67.91296211878459,36.82222215334574,79.0138885974884,12.067297425969892,8.758010006566582,14.489443715413415,13.185994720459007,1014.7828776041667,9.145491234958172,222.6700008586049,623.820789972941,26.891137695312523,14.622613525390648,20.641680653889996,62.53611056009928,11.306944642215967,44.777777671813965,10.664423985611165,8.495633008147694,14.93442052205404,12.246888732910179,1014.45697265625,5.294722845156987,252.70198026051125,656.3746217091879,26.491967773437523,15.000451660156273,19.960674540201847,69.18657525380452,28.456944346427917,69.8541659116745,15.039922144651475,9.16402111026036,14.106689707438193,13.243638610839866,1015.0012630208333,8.736629724502563,240.83125910287103,625.9186944961548,27.606011962890648,14.951043701171898,20.529879506429058,65.63333400090535,30.770833681027096,49.659722089767456,13.813026271757845,8.62001348213025,15.011509195963583,12.841643269856775,1014.4751334635417,7.825833002726237,237.64316944777966,607.6223073005676
2021-08-24,26.804376220703148,13.714288330078148,20.093193308512394,60.41203816731771,38.051851193110146,31.805556058883667,7.627442148357495,5.185579846002915,13.041104888916038,11.143122609456384,1015.6351432291667,-2.921198606491089,257.145334392786,653.2068360646566,26.851953125000023,13.918725585937523,20.5180488586426,57.413888931274414,32.94490740696589,93.17361164093018,7.512722993358709,4.9138117970534525,13.215339914957724,10.79373703002932,1015.19015625,-3.1543149817734957,254.7415183161696,672.5022702217102,27.123620605468773,13.980371093750023,20.263621266682964,59.70833365122477,29.813426117102306,25.7847221493721,9.166918196793018,5.63883327410554,13.384104665120446,11.199229176839196,1015.3855631510418,-2.0987256094813347,258.3279865992566,632.7858381271362,26.913110351562523,13.725610351562523,20.391233062744163,59.6226855913798,22.17685191829999,92.84722352027893,6.985796924851067,5.19614370152936,13.229667917887411,11.236402130126976,1015.5633072916667,-4.101037686069806,268.6755734135707,671.5371294021606,26.902917480468773,13.744775390625023,19.99576339721682,59.411574045817055,28.352315088113148,39.50694453716278,8.641666104847003,5.736239636653984,13.355320231119833,10.899930572509788,1015.5680110677083,-0.5405825326840082,256.4179058490942,627.3969667752584,26.681481933593773,13.430108642578148,20.032813008626324,60.98287041982015,35.71064829826355,112.6944432258606,6.894895793844325,4.758986797778994,12.8553291320801,11.245133972167991,1015.7141764322918,-3.484737033645312,263.1301085942735,635.4353876113892,27.232934570312523,13.857843017578148,20.132900492350284,57.680091381073,23.942593316237133,28.416666567325592,8.72461477851014,5.6721990320991695,13.571888224283896,10.476678466796898,1015.3798111979168,-1.6504977097113926,265.02655589580536,634.4291353225708,26.488519287109398,13.166284179687523,19.86197433471682,60.32129700978597,25.89490746955077,108.54861116409302,6.907984331886405,5.2021817076964005,12.768762207031273,10.86607386271163,1015.7961360677083,-3.0846597154935202,267.2490696857373,647.0365188916525
2021-08-25,26.222924804687523,16.568719482421898,20.661756134033226,60.032870292663574,65.19768436749776,28.65277761220932,8.052334641218632,4.237136164662701,12.761061604817712,11.843545532226585,1015.059873046875,-3.1676549911499023,216.50281650945544,680.5253308614095,25.672204589843773,15.953027343750023,20.18155441284182,64.27453549702962,66.84351873397827,78.49305582046509,8.165496830161459,4.598778770619599,12.595283762613974,12.37851486206057,1015.3556640625,0.31207456191380817,198.8828116065512,646.438240369161,26.002984619140648,16.577264404296898,20.554586029052757,61.25509230295817,57.46064702669779,43.145833253860474,8.475658239146277,4.6418602100399475,12.77516581217452,12.027515665690146,1015.0417513020833,-4.718546291192372,229.9697801489383,702.5082991917928,26.009240722656273,15.983331298828148,20.397696431477886,65.0634256998698,74.03518549601237,123.14583373069763,8.505770703664687,4.984183908721748,12.713244374593103,12.779448445638025,1015.0908365885417,-1.900672161951661,216.6616812425976,636.116511185964,25.635583496093773,16.361108398437523,20.17733790079755,61.74074093500773,53.95972204208374,44.94444465637207,9.419225110514,4.898354368774585,12.280657704671228,11.74771652221682,1015.2715755208333,-4.303407963675757,213.74420675449073,704.9493684768677,25.303674316406273,16.762384033203148,20.562524414062523,61.90231434504191,59.67036978403727,93.9652771949768,8.142234311811873,4.973842125748231,12.704563395182333,12.172812398274743,1015.1438509114582,-2.102832794189453,197.81959414606294,692.5284455617269,25.415734863281273,15.833917236328148,19.808919525146507,63.87268543243408,52.675000747044884,48.60416668653488,8.088022142728876,4.803973843418253,12.027698771158896,11.941682434082054,1015.3332454427083,-1.8402177294095357,205.81217271462083,666.0210614204407,25.052270507812523,16.605737304687523,20.318289693196636,62.3430552482605,65.67731396357219,73.61111116409302,8.128716656185553,5.073836358616131,12.600628153483115,12.083064015706384,1015.206484375,1.8591452240943909,188.18946067802608,668.211598555247
2021-08-26,27.422875976562523,14.602258300781273,20.664122517903667,55.927313804626465,12.500462849934896,23.868056058883667,7.77798659107998,5.330779595808268,14.262350972493493,10.704689280192099,1009.4881380208333,-6.051495333512624,268.9707177473853,563.7415051460266,27.799859619140648,14.803491210937523,21.14914983113609,55.16481383641561,24.040278017520905,32.499999046325684,7.498713483712887,4.984076883913451,14.495618438720726,10.90531692504885,1010.5582454427083,-6.022722085316976,267.05577633312595,571.7420401573181,27.619073486328148,14.438500976562523,20.82541427612307,56.152777671813965,24.95879675944646,9.701389074325562,7.2233954313584645,5.042911112083988,14.367637888590536,10.804573313395224,1009.3942317708332,-6.296722332636516,266.031944182391,570.6483888626099,27.888543701171898,14.880975341796898,21.04398371378583,56.09166717529297,24.390740474065144,48.833335876464844,7.466588773731424,5.0015495374188434,14.735773976643884,11.037141418457054,1010.094775390625,-6.531003554662068,266.3498220673452,556.7246699333191,27.340203857421898,14.292779541015648,20.51244633992515,58.73472261428833,27.201851298411686,4.201388746500015,7.0814582563768855,5.206502001683387,14.007972971598349,11.180739339192712,1009.8122526041667,-6.638944943745931,264.10205566324294,566.4034949938456,27.475152587890648,14.435571289062523,20.75269978841148,55.63379669189453,27.52314884463946,50.50000190734863,7.321891313490707,5.2099086863828665,14.483280436197958,10.611995951334677,1009.997333984375,-5.081705967585246,261.81805685535073,536.6768616040548,27.326135253906273,14.307000732421898,20.52710622151695,58.35046132405599,16.57777790228526,4.597222208976746,6.934928306671648,5.068727977095815,13.845217641194665,11.111184692382835,1009.9095475260417,-7.351635634899139,267.5779696473231,580.3525265057882,27.617425537109398,14.415032958984398,20.70029220581057,56.03564771016439,20.787037014961243,57.833335876464844,7.707400015156095,5.368382126310866,14.421856180826865,10.62333450317385,1009.8845377604167,-5.87728997071584,267.5981300709148,548.3545467058817
2021-08-27,20.717858886718773,14.718591308593773,17.51205978393557,66.14999930063884,50.83703738451004,6.5833333395421505,13.819669153685627,8.620144412358856,11.522796885172568,10.880887603759788,1009.8839615885418,17.048961400985718,181.10907383573553,542.6751778920492,20.114434814453148,15.126672363281273,17.55191574096682,65.02453660964966,63.75092617670695,31.854166746139526,10.937213028674075,7.239383030495893,11.20612742106124,10.683401997884118,1010.1221614583333,16.78257355093956,160.12431556902206,521.2000694274902,21.955499267578148,14.762872314453148,17.938548024495464,65.03148206075032,45.5787036617597,6.611111134290695,15.032138363667107,8.686195646522334,11.907977040608728,10.989137268066429,1009.6143424479167,14.880595614512762,213.79988817932704,567.1243549982706,19.607934570312523,14.801354980468773,17.442061360677105,65.20231501261394,55.352314949035645,17.486111164093018,11.730717109268642,7.46638778041669,11.016993459065759,10.578729248046898,1010.3674348958333,15.909759243329367,202.5026315251986,532.2031675974528,20.914300537109398,14.805566406250023,17.66760406494143,65.99305582046509,39.88842580715815,6.423611083999276,12.461359100480884,8.28079843283358,11.892458852132165,10.999281819661462,1009.9995930989583,14.934219747781754,213.24902283617607,526.8737529118856,20.271020507812523,15.247583007812523,17.465011850992862,65.93888743718465,52.23240649700165,11.5625,12.447724167674926,7.593442397863704,11.321585591634118,10.76978708902999,1010.28333984375,17.90683369524777,190.9697595151762,528.4244963328043,21.591302490234398,14.772210693359398,17.835279083251976,64.61157369613647,42.654629389444985,5.340277757495642,13.093606721337524,8.764459114633814,11.785400644938193,10.80241165161135,1010.0530989583333,13.720857610305151,220.71564732057354,571.4883187611898,21.656945800781273,15.603967285156273,17.96007054646812,62.68148104349772,44.623610734939575,9.11111107468605,14.010959255224725,8.339584045127307,11.583571370442712,10.4661689758301,1010.1089518229168,13.77000206708908,224.5191068298494,595.0465138753256
2021-08-28,24.545465087890648,11.472192382812523,17.998611704508487,55.51990723609924,37.03518439332644,20.152778029441833,10.215204385731486,5.422548375944867,10.678464508056663,7.52287317911788,1011.7025032552083,-2.987886885801951,267.4523731097579,763.4298617045084,23.676385498046898,11.373590087890648,16.27842992146812,66.10370333989461,58.927778442700706,61.02083384990692,9.963512244293986,6.6034027769733825,9.575480397542321,8.673973337809286,1012.0583170572917,7.444356044133504,244.50462936749682,682.9132315317789,24.424005126953148,12.038873291015648,17.93244323730471,57.74351851145426,39.38101830085119,30.958333373069763,8.946198057709163,5.406258907685093,10.643825785319052,8.099549865722679,1011.782548828125,-0.8212132453918457,266.15022437786683,737.21311378479,24.333367919921898,11.126306152343773,16.75589523315432,64.48518602053325,49.024536510308586,46.59722173213959,12.237797840861274,6.547434109595816,10.068685150146507,8.517598724365257,1011.9361979166667,4.352453192075093,252.4816651766499,708.5463711420695,24.463281250000023,11.891473388671898,17.97815856933596,55.07222167650858,38.40277695655823,14.20833358168602,8.285456516093051,5.039838127055837,10.483083343505882,7.467657979329431,1012.029072265625,-2.4856876929601035,268.45958311033127,751.1294654210409,24.464379882812523,11.722222900390648,18.014204915364605,56.34120321273804,42.30833351612091,28.249999940395355,9.072924415667119,6.090844479456263,10.46235046386721,7.805051422119163,1012.0023990885417,-3.442868153254191,266.99494163971394,786.4557981491089,24.110131835937523,11.836663818359398,17.803913370768253,57.64166553815206,43.00416646401087,34.597222447395325,8.230925010547738,6.01932137624825,10.46952845255538,8.097343699137411,1012.0653483072917,1.573817213376363,266.2160407708337,757.4496467908224,24.248742675781273,11.636987304687523,17.900626118977886,56.56898204485575,40.76851908614238,22.9652778506279,7.97664780062488,5.611035370268787,10.532908376057946,7.919254557291708,1011.8821223958333,-2.6619630555311837,265.6119669739467,792.2932281494141
2021-08-29,23.740899658203148,10.743890380859398,17.165050760904972,55.34629535675049,18.413888891537983,35.513888359069824,8.512250789270231,5.603011343199532,10.144132232666038,7.139892832438193,1012.6437858072917,0.962865968545278,265.9433688199303,643.7793608506521,24.080743408203148,11.377465820312523,17.82448603312177,49.21574115753174,27.845833440621693,23.51388919353485,9.77996919393792,5.879517485165677,10.417714691162132,6.157468414306663,1012.45107421875,0.5978519916534424,267.20687590981834,708.3168602784475,23.400323486328148,10.786889648437523,17.030088043212913,55.00462945302328,16.307407264908154,24.00694388151169,8.620101109490099,5.970201144406722,10.186785634358728,7.038362121582054,1012.6837272135417,2.7659159700075784,266.8337022980365,625.948443810145,24.199670410156273,11.505548095703148,17.787634785970074,51.03101944923401,25.09675893187523,37.166666865348816,9.548496670324369,5.717153888677923,10.426057434082054,6.590605672200525,1012.5807421875,0.3124142487843831,266.45035636463825,716.5264163017273,23.642846679687523,10.901452636718773,17.130241648356144,53.11620314915975,16.09120335181554,10.472222208976746,9.193128073559448,5.988685332830708,10.357999420166038,6.610800679524743,1012.9216276041667,2.271746883789698,266.91245731843327,631.6895796457926,24.020593261718773,10.983880615234398,17.358059183756534,53.38796281814575,19.797221899032593,25.534722089767456,8.911042799637281,5.510547478172128,10.23849767049154,6.755083974202478,1012.9002701822917,0.7245656053225199,266.8616860252805,693.181563536326,23.529351806640648,10.850030517578148,17.095564778645855,52.701389153798424,20.647221982479095,8.680555433034897,8.971028721303256,5.9629265074608,10.247721608479821,6.48752110799154,1012.8210188802083,2.4754332453012466,266.5231997326482,626.5011572043101,23.856530761718773,11.170892333984398,17.446369425455753,54.448148250579834,38.52129639188448,52.416668176651,8.707697353647761,5.333820948218651,10.011234537760458,7.184022521972679,1012.6482356770833,-0.7742303808530172,263.9425359392383,672.3103659947714
2021-08-30,24.229394531250023,15.195275878906273,19.00188852945966,50.14537111918131,69.04212967554729,1.298611103091389,7.825878713401145,5.228725387711038,11.226650492350302,7.871311442057333,1013.0478873697917,-3.152426759401957,224.90830980922328,681.1902424494425,24.049218750000023,14.495263671875023,18.650749460856144,51.055092334747314,57.2583335240682,36.777777671813965,7.726087345215841,5.30595909432974,11.001819864908896,7.821711476643884,1012.8029720052083,-1.2322620153427124,218.02733076088285,644.5781680742899,24.648889160156273,14.154321289062523,19.006438191731792,49.402777671813965,56.430092891057335,0.6666666786186397,8.395248290580174,5.506498661092318,11.507544453938806,7.620960489908896,1012.8891373697917,-4.055721551179886,237.83404117283257,716.1800827980042,23.023461914062523,14.837182617187523,18.036904907226585,53.94212977091471,68.3324081103007,28.75000011920929,7.552140105886557,5.328079556984606,10.573578135172568,8.145544942220056,1013.2489029947917,0.5245532691478729,197.67214721057098,552.5170933405558,24.416650390625023,13.142297363281273,18.633107757568382,50.237499713897705,45.579629023869835,1.2083333325572312,8.514864709021458,5.788578319218607,11.55318094889327,7.418227132161462,1012.96404296875,-2.8396421869595847,243.9333325784731,697.5139323870341,23.913262939453148,14.021020507812523,18.626307423909527,50.46342579523722,63.81620478630066,11.229166626930237,8.104374897444801,5.645823926334221,11.373283640543661,7.619171396891318,1013.07353515625,-1.9703775644302368,216.95901992930644,618.4908414681753,25.179223632812523,13.483331298828148,18.757571156819683,50.193056424458824,29.632869958877563,0.5416666665114462,9.370626112092635,5.367704603895071,11.92630284627279,7.371986643473349,1012.8370963541668,-5.340358116004306,251.7744269205335,683.9172709782919,24.322961425781273,14.062554931640648,18.674717203776066,50.004629611968994,58.41805569330851,9.194444358348846,8.557849244511932,5.3609947821068715,11.289381917317712,7.489387766520224,1013.2067740885417,-2.982391128937403,226.25358895227933,661.9257621765137
2021-08-31,25.638909912109398,12.555902099609398,18.723194376627628,58.41203594207764,19.82268505046765,19.00694450736046,6.956458060144477,4.948567534879442,12.374155934651696,9.462227121988974,1015.5980436197917,-2.977535863717397,253.26464116443336,568.7106778621674,26.399316406250023,12.541833496093773,19.170404052734398,52.33981537818909,18.906018707280356,6.0,8.55466912323095,5.48055137857331,12.779445902506552,8.202336883544945,1015.4370670572918,-6.836610575517018,258.3127772161776,594.6368074417114,25.123132324218773,12.238000488281273,18.36128387451174,60.91064771016439,19.699073895812035,44.729166090488434,7.225640236478841,5.306810903514397,12.038531239827478,9.794961547851585,1015.846455078125,-0.9652131795883179,252.60231720712423,556.5734008948008,26.154901123046898,13.192620849609398,19.328666941324894,52.98935103416443,22.278704028576612,4.611111178994179,7.5631127312712,5.197884261661586,12.60407155354818,8.58796335856124,1015.5911848958333,-5.742894367004435,257.9276833005909,641.363299369812,25.263879394531273,12.550317382812523,18.442903137207054,58.7726853688558,17.065740587810676,31.05555632710457,6.90123849604243,5.159852100893417,12.230867004394554,9.414895629882835,1016.0654329427083,-0.7495416005452474,251.6878913541053,538.2625399827957,25.882348632812523,12.702294921875023,18.793483988444034,55.83888943990072,15.889814615249634,12.01388892531395,7.955542718419811,5.562628743388076,12.409890747070335,8.819717661539755,1015.7901692708333,-4.551864897211392,254.46375675555706,621.5377219518026,25.019738769531273,13.156823730468773,18.353122965494816,58.538888136545815,24.414351801077526,29.631944693624973,7.561167833413854,5.234000468499357,12.073487854003929,9.323915100097679,1016.1366145833333,0.1722233792146047,245.2411409255777,543.4135859807333,25.705834960937523,12.613397216796898,18.664623514811222,57.74490658442179,19.365740845600765,18.09722238779068,8.35128365311904,5.60965084269353,12.547522481282556,9.263358052571618,1015.62416015625,-1.4202361702919006,251.41928222193383,590.4312148094177
2021-09-01,26.452264404296898,13.030725097656273,19.41797790527346,51.234258810679115,1.2435185161884874,27.500000953674316,8.605148767458436,5.619412058571203,12.986613210042321,8.428226725260458,1019.5070247395832,-7.667290449142456,258.55450180048746,568.0448738336563,26.672235107421898,13.252984619140648,19.618249511718773,52.15787092844645,3.7703703525864207,26.12500035762787,8.176416880971184,5.341458361377025,13.04611485799154,8.905422465006552,1018.8609635416667,-7.842443327109019,257.72148282205063,583.4819448391596,26.445520019531273,13.408837890625023,19.62942276000979,50.65138975779215,6.955555527160565,1.5,8.314543754703214,5.454592500119879,12.875700887044275,8.52121251424154,1019.6808268229167,-7.386649131774902,255.19559271012744,606.4282677173615,26.359033203125023,13.654840087890648,19.658935801188175,52.12268543243408,7.192592673391725,50.798611879348755,8.292988758622517,5.359622677937302,12.623148854573571,9.010007476806663,1019.2918587239583,-8.24939606587092,256.7364586613451,581.1857328414917,26.487084960937523,13.113305664062523,19.510120646158878,50.48472293217977,1.215740741075327,0.1666666679084301,8.829069157434345,5.472806881559879,12.907496388753259,8.310608164469443,1020.002978515625,-7.470020870367686,258.1465753999849,576.3395626147588,26.627008056640648,13.877984619140648,19.749196624755882,50.819443702697754,9.892129810992628,37.78472113609314,8.293883737035813,5.512616585609623,12.999204254150413,8.702809906005882,1019.4600358072917,-7.9779777725537615,255.79948983124146,567.4690460364023,26.419458007812523,13.096246337890648,19.42724761962893,51.18796364466349,1.4652778258702408,0.0,8.234410585781664,5.376622874293825,12.602103169759118,8.399069722493493,1020.0647981770833,-7.342077851295471,258.06876319957274,589.7371354103088,26.409448242187523,13.406335449218773,19.416827138264996,49.83379650115967,11.44953709297503,36.0,9.173495639436942,5.7843872299423404,12.865740712483728,8.026119486490927,1019.6018684895832,-6.889742648229003,253.05116208052883,579.6896470387777
2021-09-02,26.856805419921898,14.885705566406273,20.471481577555362,53.034722646077476,8.43750000310441,0.14583333441987634,8.198218313105658,5.816469623844111,13.40916468302413,9.66382751464846,1021.7662955729168,-7.694978475570679,238.99803893920034,689.5137290557226,26.224725341796898,15.339654541015648,20.07199630737307,54.34351825714111,27.300925850868225,27.500000953674316,8.339327314297478,5.2701126856004885,12.9514149983724,9.879136657714866,1021.8307161458333,-7.8264537652333575,215.80159387364984,608.6493581136068,26.469567871093773,14.759301757812523,20.25638351440432,53.5861120223999,6.523148036251466,0.13194444542750716,8.430169506957274,5.773200886111794,13.170070902506552,9.673113759358728,1021.8940787760417,-7.247946858406067,241.13881156003723,666.8671787977219,26.796685791015648,15.207940673828148,20.44579594930015,53.33888991673788,21.668055050540715,1.5972222685813904,8.526565122435112,5.449013906639759,13.186485544840536,9.782810465494833,1021.8168391927082,-8.390407820542654,230.62973864438632,677.292629400889,26.404351806640648,14.636254882812523,20.12219899495445,54.43240769704183,8.24398148797142,0.15277777891606092,8.082920389838389,5.576644402892678,12.964738464355491,9.799373881022177,1022.0684993489583,-7.001704374949138,240.7154409205541,658.592631816864,26.594445800781273,15.271020507812523,20.311613972981792,53.26944510142008,19.527315138528746,0.24305555736646056,8.434914560546698,5.312713866774658,13.220544433593773,9.727292633056663,1021.9563053385417,-7.675957719484965,221.085405782486,624.3188112576803,26.046075439453148,14.546990966796898,19.926136271158878,55.226388931274414,11.92546324028323,0.07638888945803046,7.7919785561970425,5.319051652230538,12.638911183675134,9.817791239420615,1022.1734212239583,-5.975704590479533,232.4206299499298,645.1217840512594,26.516656494140648,14.872430419921898,20.3180976867676,52.997220834096275,11.388888641726226,0.08333333395421505,8.350196619853987,5.733501260514827,13.194421386718773,9.533380126953148,1021.8405240885418,-6.76072343190511,238.26729596282044,691.8084425926208
2021-09-03,25.511560058593773,14.770104980468773,19.981992340087913,53.28472216924032,69.58796230951945,0.1666666679084301,8.553288409564793,5.231949326464545,12.723297373453818,9.459364827473962,1019.119580078125,-3.655489929020405,211.63453298931321,541.4591924349467,26.876214599609398,14.776818847656273,20.578965759277366,52.95601908365885,24.341666450103123,0.3333333358168602,7.750491215148135,5.535914019583402,13.460247294108115,9.713147735595726,1018.890751953125,-6.706323226292928,249.85138675104827,643.1253804763159,26.288568115234398,16.183312988281273,20.503560638427757,51.6393526395162,76.2259255250295,0.1666666679084301,7.702984291623415,5.008622240773916,12.784384663899743,9.348200734456384,1019.0704850260418,-7.8755980630715685,225.90981236239895,655.2690451145172,26.505761718750023,14.638513183593773,20.388073221842472,53.79120381673177,34.8990743275499,0.3333333358168602,8.087498856505361,5.647812310166217,13.27037073771163,9.851104990641318,1018.8960807291667,-6.426052927970886,243.7531481239324,639.5406902631124,25.978112792968773,15.838891601562523,20.074863688151066,53.143981297810875,72.7851829926173,0.1666666679084301,7.787065244856269,5.009939692611442,12.493517812093103,9.385499572753929,1019.530546875,-6.196602801481883,217.1984813089172,600.5719505151113,26.199700927734398,14.516107177734398,20.199619547526066,54.0865740776062,39.46342575127104,0.3333333358168602,8.738083248072456,5.496019486924858,13.10925954182943,9.755668894449911,1018.962568359375,-5.4753400683403015,236.7919674028332,578.276964267095,26.005792236328148,15.309838867187523,19.909036254882835,53.86851898829142,60.64999878406525,0.0,7.598664060286485,5.2110830849430405,12.359188334147177,9.361182149251306,1019.5832975260417,-6.334386924902598,234.6181784562456,642.021359205246,25.281274414062523,14.438806152343773,19.68964029947919,54.517130851745605,71.371758411328,0.1666666679084301,8.189679213978316,5.264526367172962,12.59627176920577,9.526445007324241,1019.0900911458333,-1.6835688849290211,192.3593544671312,512.3335424661636
2021-09-04,27.123895263671898,14.640924072265648,20.52933527628583,52.099536975224815,64.76203719774882,0.18750000232830644,7.148206424899709,5.124989523574058,13.869791920979821,9.388391113281273,1015.432900390625,-7.835905611515045,241.81455332630625,576.0561146736145,26.944024658203148,15.130364990234398,20.4635686238607,52.200926542282104,66.38425898551941,0.1666666679084301,8.138464636581954,5.924647555715481,14.011614735921228,9.422303771972679,1015.328544921875,-6.640485227108002,238.5370186320506,576.8471865256628,27.077416992187523,14.598657226562523,20.642898813883487,52.35370381673177,60.87499932448069,0.11111111519858241,6.998054746303735,4.9015191934188,13.792942301432333,9.53666712443038,1015.5921028645832,-8.223390181859335,241.35259336822978,574.3930884599686,27.439599609375023,15.061090087890648,20.870272572835308,50.95509258906046,58.939814488093056,0.2777777840383351,7.0998082082241165,5.256686194718988,14.164908345540368,9.372410074869833,1014.8615006510418,-8.49913994471232,248.44583275510618,607.4101250171661,26.869195556640648,14.216638183593773,20.31555836995445,52.97777779897054,50.71064813931783,0.10416666930541396,6.8712623467425455,4.8034069447221635,13.360274251302087,9.364031728108728,1015.8211165364582,-7.636717398961385,247.34516480161497,587.2927790880203,27.249200439453148,14.869531250000023,20.77207463582359,51.396296977996826,68.78425947825114,0.5486111175268888,7.230741858427826,5.057093838553606,13.992653147379599,9.42121022542318,1015.2059309895833,-9.058018068472544,245.41174564821026,581.07732351621,26.382592773437523,14.245416259765648,20.033371225992862,54.81620343526205,50.75509166717529,0.40277777845039964,7.537181777896509,5.049972914417922,12.994910176595056,9.689555104573571,1015.8518619791668,-5.720946749051412,241.85988933437815,572.1517759164175,27.161157226562523,14.550042724609398,20.49789454142255,51.59398070971171,59.314351081848145,0.09027777845039964,7.795519438911379,5.284380125472053,13.909370676676474,9.211670176188193,1015.3678743489583,-8.054284453392029,246.8340546892335,602.7697314421335
2021-09-05,27.723687744140648,15.090478515625023,21.056277211507183,53.6652774810791,25.950462838013966,2.680555544793606,7.297336291763345,5.229766009918214,14.272231038411462,10.255522664388025,1017.1499576822918,-9.986355165640513,243.16973590959483,609.2311756213506,28.045159912109398,15.328424072265648,21.48403701782229,51.90092627207438,36.92175831180066,2.2013889104127884,7.972093642634261,5.316357450089569,14.681242879231775,10.137310282389365,1016.877578125,-10.661530911922455,243.94277886658287,590.0521581967672,27.670007324218773,15.198388671875023,21.174737548828148,53.64953772226969,15.221296856800715,4.395833402872086,7.30265569315662,5.252039303143161,14.204334513346396,10.410258229573571,1017.3740234375,-10.25578753153483,246.8964595805543,621.6455496152242,27.334924316406273,15.381127929687523,20.966082509358746,53.93842522303263,43.09953614075979,1.9791666641831398,8.732680301238815,5.324506084606573,14.508884684244833,10.276836649576865,1016.9539127604168,-7.56483515103658,222.51088174292818,521.120488246282,27.442681884765648,14.830499267578148,20.88345108032229,52.84027814865112,9.365277717510859,1.2083333656191826,7.634163615741045,5.257450472053715,13.851694997151696,9.853560384114587,1017.626455078125,-9.594009359677633,247.5453440754985,600.5286078453064,27.387292480468773,15.172204589843773,20.83858388264976,53.27175855636597,36.62870438893636,1.756944466382265,8.460230130958557,5.382393730040952,14.39433314005538,9.910503641764365,1017.0554557291667,-7.9734223286310835,227.9577796072699,527.8829441865286,27.346795654296898,14.627496337890648,20.674595133463566,53.3768515586853,5.560185146828492,0.868055562954396,7.495599733079587,5.135464273126623,13.661960856119833,9.78944803873702,1017.66173828125,-8.892533302307129,247.8518280199108,584.8670250177383,27.596704101562523,14.991632080078148,20.85445302327476,54.33194430669149,29.987962692975998,3.624999985098839,7.969605461578119,5.442429817771838,14.27045338948568,10.244954681396507,1017.1929264322918,-9.456523497899374,237.1702228000698,591.3886065085729
2021-09-06,27.438897705078148,16.095330810546898,21.318897501627628,50.63101935386658,34.44120370348295,10.041666835546494,8.430390778358595,5.49726400957731,13.853604888916038,9.50961583455404,1020.95943359375,-7.68737115462621,241.6858861425038,667.6656812826792,27.878533935546898,17.605737304687523,22.032659149169945,49.33101828893026,52.37175856033961,10.194444507360458,7.622057274864566,5.35839040495454,14.20538228352865,9.712766265869163,1021.1768587239583,-9.14923258125782,227.92205660246933,711.7017841339111,27.578759765625023,16.876428222656273,21.585862731933616,49.756944020589195,38.189814269542694,8.076389104127884,8.262481532684639,5.325807054796749,13.86902770996096,9.556092834472679,1021.0712239583332,-9.476725935935974,239.7026622762593,683.267134308815,27.489465332031273,16.110467529296898,21.386303202311222,53.59351873397827,47.55601849158605,24.180555999279022,8.25461206221301,5.545689045110817,14.1325508117676,10.388293202718103,1020.9554036458333,-5.162025809288025,231.78816144370163,603.2232825756073,27.012078857421898,16.313378906250023,21.128401692708355,52.854630629221596,36.19722251097361,12.763889133930206,7.815243919865105,5.304581247992404,13.223072306315146,9.972294108072958,1021.5631477864583,-8.101029833157858,242.07659321270572,675.2653042475382,27.641168212890648,15.724481201171898,21.332448577880882,52.062962452570595,31.41296259065469,12.305555954575539,8.00310033860521,5.249715293030161,14.050711568196618,9.885999298095726,1020.9537076822917,-8.379234398404757,244.4404968742747,630.1347655852636,26.666314697265648,15.850946044921898,20.492667134602886,59.344444274902344,43.87083351612091,35.69444394111633,8.407721241747454,5.337459781275034,13.014625803629599,10.985693868001306,1021.57677734375,-5.528119732936223,233.77073764048205,630.2836664915085,27.463616943359398,15.335565185546898,21.059512074788433,52.45092535018921,19.778703699509304,11.208333224058151,8.599295394808427,5.597394189881734,13.895385996500693,9.708767191569052,1020.9232486979167,-7.720101525386174,243.96983563147174,645.8821717500687
2021-09-07,26.679833984375023,15.338403320312523,20.661333974202496,48.25879740715027,57.739352544148765,11.166666984558105,7.3523223172632,5.401536130783305,13.54863001505538,8.281339263916038,1021.5507454427083,-4.0060596366723376,219.30009857437108,544.1885348558426,27.104638671875023,16.031762695312523,21.286003367106144,45.84814898173014,72.57453759511311,11.166666984558105,7.313014674433408,5.3342543889510985,14.135652160644554,8.092417653401696,1020.99166015625,-4.623878230651219,218.93573967239354,568.570890824,26.582910156250023,15.278192138671898,20.79879531860354,47.880556424458824,71.99490690231323,0.1666666679084301,7.167695979089455,5.365991621307451,13.51596603393557,8.305664316813193,1021.4691341145833,-4.376758866012096,215.75160055976207,558.7597298622131,27.450952148437523,15.712915039062523,21.305004374186222,46.14768441518148,39.37407469749451,8.333333015441895,7.287628179694338,5.297672923409613,14.260715738932333,8.204813893636071,1021.1159342447917,-6.389909327030182,235.27525875589345,543.7592749595642,26.674127197265648,15.143579101562523,20.726230875651066,49.09166773160299,60.34583330154419,0.1666666679084301,6.805794382303269,5.1570457310941356,13.281516011555993,8.5892158508301,1021.7692252604168,-5.4065165023008985,225.42331019660924,568.0340708494186,27.446191406250023,15.460809326171898,21.095435078938824,47.480554819107056,35.905555407206215,13.000000476837158,7.729651163878515,5.178000141633496,13.962094879150413,8.389932250976585,1021.3660514322917,-7.207392831643422,238.33537556351317,546.8342541853586,26.967187500000023,15.072839355468773,20.71534118652346,49.696296532948814,59.887499849001564,0.0,6.924444355077524,5.2409610660545605,13.364797210693382,8.714697774251306,1021.7503776041667,-5.6513795504967375,227.14172368865306,568.3625644842783,27.042687988281273,15.196862792968773,20.76974512736005,49.17453646659851,47.58981454372406,37.83333206176758,7.723476846842216,5.21714673428754,13.723298645019554,8.597478485107445,1021.4677180989582,-6.810931106408437,230.89649825911815,518.719944636027
2021-09-08,26.661553955078148,17.325189208984398,21.488950347900413,43.05879577000936,62.41712896029154,0.0,6.960553058352755,5.309441215136993,13.254600779215536,7.615238444010458,1019.5149153645833,-8.572332839171091,231.65390998125076,743.3547937870026,26.950006103515648,17.019830322265648,21.330923970540386,43.742592573165894,44.758796195189156,11.166666984558105,7.450277515702991,5.2809106262301615,13.61491419474288,7.700134531656943,1019.3065006510417,-7.753315731883049,229.55014355977377,714.9817215601603,26.505639648437523,17.269616699218773,21.008299763997417,44.79398242632548,64.69259262084961,0.0,8.073241154109104,5.556725939621638,13.30378112792971,7.692539469401083,1019.381865234375,-3.5620818734169006,212.24831422170004,670.667067527771,26.868280029296898,16.811059570312523,21.43993657430015,42.53472185134888,48.9740735689799,0.1666666679084301,7.489733958063363,5.306095032790785,13.313657379150413,7.359878794352255,1019.4643229166667,-8.150934194525083,235.53448311487833,750.3976946671804,26.438867187500023,15.970269775390648,20.61124191284182,45.97268501917521,63.77129522959391,0.0,7.151704567332019,5.449938756668612,13.018828328450525,7.631770070393884,1019.62888671875,-4.588495135307312,231.7271896203359,711.8530422846476,26.550012207031273,16.435815429687523,21.15649566650393,43.388425985972084,43.83657352129618,0.1666666679084301,7.7814871006345285,5.279759231040752,13.111712392171228,7.417901611328148,1019.7490755208332,-6.347785651683807,238.61097929875055,727.2165746688843,26.190576171875023,14.937554931640648,20.16938171386721,47.57222207387289,65.9560186068217,0.0,7.587051842033168,5.620573713054451,12.756684875488304,7.719134267171228,1019.61572265625,-3.2987921039263406,235.06301548083624,688.4173755645752,26.576684570312523,16.899499511718773,21.38917439778648,42.9532417456309,57.777777910232544,0.0,6.86629065458164,5.221248159073124,13.162271118164085,7.522734578450525,1019.4733138020833,-7.475679636001587,232.05202428499857,727.3670299847921
2021-09-09,26.408959960937523,14.466149902343773,20.37705256144208,44.78935194015503,24.19768502811591,0.0,7.890790192537949,5.233409227933254,13.24142735799154,7.067313130696618,1016.8927180989583,-4.5010186942915125,241.54192157586417,630.2203794320425,27.003778076171898,15.423333740234398,21.230847930908226,41.176851749420166,34.017129162947334,0.0,7.143561970287791,4.813525931188753,13.839945729573571,6.603645579020224,1017.3912532552083,-6.2758427659670515,242.53146694103876,656.3093609809875,26.527703857421898,14.954827880859398,20.752632395426456,43.44305570920309,32.40277802944183,0.0,7.404486735754667,5.081784560860577,13.358094787597679,6.981623586018884,1016.8357682291667,-5.815250039100647,241.2433667977651,655.2867540518442,26.780053710937523,15.392205810546898,21.082474009195987,41.687037547429405,33.78518435359001,0.0,7.789984742872643,5.302892032320635,13.724870300292991,6.685364023844443,1017.1984147135418,-6.234814544518788,242.08493038018545,649.387450059255,26.301446533203148,15.410455322265648,20.778340911865257,44.507407108942665,42.8574072321256,0.0,7.968225268073874,4.5496489449972195,12.99894485473635,7.409827168782556,1017.1047037760417,-6.945213506619136,237.68211738268533,652.8363650639852,26.549890136718773,14.907617187500023,20.746172841389996,43.242592652638756,27.364815376078088,0.0,7.328488581418402,5.110562222676553,13.452835337321005,6.923760986328148,1017.13890625,-5.102409332990646,241.382181763649,627.2471713225046,26.222985839843773,16.160607910156273,20.741901652018253,45.677778561909996,38.48888832330704,0.0,7.418804443961298,4.535474986591929,12.842160797119163,7.848636881510458,1016.977412109375,-7.005477967361609,239.4703061580658,664.5468097925186,26.461114501953148,14.435083007812523,20.411302185058616,44.27499961853027,29.224536164663732,0.0,7.960230911202474,5.329444675311232,13.35020472208663,6.894629414876306,1016.9495345052082,-4.76527052372694,241.73870432376862,618.1089950402578
2021-09-10,25.824212646484398,17.253930664062523,20.53610254923505,47.98935159047445,90.59305604298909,0.09722222294658422,7.613303761767867,4.341787310451278,13.428768412272177,8.549810028076195,1016.5960872395833,-3.3531261260310807,165.31453546881676,492.42792320251465,24.616693115234398,16.816979980468773,19.74394505818687,47.288426081339516,91.82453775405884,0.020833333488553762,7.3227118303815155,4.967404538748352,13.289929962158226,7.664333597819052,1016.7040494791668,0.2053726315498352,123.56311280528705,371.06991322835285,26.282952880859398,17.471154785156273,20.74810434977216,47.241203943888344,89.06805515289307,0.2500000079162419,6.980899664496827,4.097039924372875,13.6207099914551,8.441925303141318,1016.3321744791667,-5.237996503710747,176.67113615075746,509.46925830841064,26.192803955078148,16.698388671875023,20.54114430745445,44.88981509208679,84.84583401679993,0.0,7.457456563870703,4.669842276939535,13.761055246988974,7.507825469970726,1016.618203125,-4.650162701805432,175.5100379884243,510.18789863586426,24.143975830078148,16.133630371093773,19.35542958577476,50.73749923706055,91.17037041982015,0.0,8.078593116545598,4.565407878093009,13.053735351562523,8.332182820638025,1016.9964518229167,3.6661938279867172,127.32799710830052,328.6199275652568,26.231988525390648,16.248651123046898,20.362519836425804,46.186110417048134,79.17314751942952,0.0,7.410610116442037,4.8291791806147275,13.709739939371786,7.67686487833663,1016.7222786458333,-4.413891116778056,200.76527673006058,535.0609553654989,24.600152587890648,15.396264648437523,19.71232121785484,48.72916714350382,88.66157452265422,0.0,7.786805671365255,4.717450716581504,13.008802032470726,7.917974090576195,1016.768544921875,0.9803829193115234,160.44309417406717,409.62971528371173,25.144830322265648,16.931512451171898,19.9617261250814,48.59953657786051,90.63842519124348,0.0,7.764794479255214,4.27051117031376,13.533485666910849,8.249061838785849,1016.4453548177083,-1.3224234506487846,147.6954454680284,342.08452184995014
2021-09-11,27.399224853515648,15.690270996093773,21.07978973388674,48.88935112953186,51.322222570578255,0.18750000139698386,7.694131678267153,5.298989538091171,14.297022755940759,9.152000681559286,1016.1268880208332,-8.797170877456665,230.3000526825587,581.5313864549001,27.572625732421898,16.850427246093773,21.63895441691083,46.763426065444946,47.90092611312866,0.3333333358168602,7.603685512246909,4.618120332473915,14.322134908040368,8.996821339925134,1016.1644921875,-10.293925156195959,227.1006456812223,623.4820474783579,27.549615478515648,15.940759277343773,21.216821289062523,47.79907464981079,44.771760284900665,0.013888888992369175,8.393605855591101,5.0504589463190905,14.37338790893557,8.871355946858728,1016.094912109375,-10.16769057760636,231.40411096811295,590.0648438930511,27.550042724609398,17.334954833984398,21.678089396158878,46.56759270032247,54.38796336452166,0.8333333730697632,7.307075005691769,5.06394524030697,14.611305491129599,8.979398345947288,1016.1480436197917,-8.737441410621008,227.43673872947693,610.3249761263529,27.449792480468773,16.665948486328148,21.276189422607445,48.15138872464498,52.03240665793419,0.0,8.241734057443042,4.944280027671007,14.233576711018884,9.094466145833337,1016.3935221354167,-10.46381413936615,225.83277908960977,601.9951203664144,27.247247314453148,15.183343505859398,20.793752288818382,48.873611768086754,45.63750006755193,0.0,8.054271940559735,5.121632323320207,14.178422546386741,8.860888417561853,1016.4126236979167,-11.1128924091657,232.56712885697684,577.6433227856954,27.425897216796898,16.787133789062523,21.31742375691734,47.982407331466675,52.62129629651705,0.2638888955116272,7.995205628091091,4.883431496983035,13.996937052408896,8.986744181315146,1016.447646484375,-10.96218424042066,224.79553560415903,582.7403346697489,27.417626953125023,15.545587158203148,21.03247477213544,47.64305591583252,49.451389173666634,0.0,7.687624746563375,5.04419935930475,14.288429514567099,8.764087931315146,1016.0887141927083,-10.729886134465536,232.30052320162454,575.7177990277609
2021-09-12,28.035943603515648,15.499078369140648,21.265977478027366,49.48888826370239,2.267592577380128,0.0,8.17556546508586,5.145073564825156,14.902955627441429,9.26935984293624,1015.4819921875,-7.8622715671857195,233.00180840492249,572.7843813896179,27.814721679687523,15.579614257812523,21.29057591756187,51.571296532948814,5.620833367109299,0.3333333358168602,7.436809079457117,5.113827099528264,14.818133290608728,10.0888496398926,1015.145390625,-7.95177020629247,231.08413195610046,578.1966665585836,28.099664306640648,15.501367187500023,21.346501922607445,50.373610417048134,11.69722247379832,2.8333332538604736,7.9462173073192925,5.283175204409675,15.016334788004599,9.500445302327478,1015.5572428385417,-8.136276106039682,232.5177973707517,572.6840213139852,28.014947509765648,15.509851074218773,21.326015726725284,50.92638945579529,8.773148278395334,0.1666666679084301,7.125060550840862,4.987588580095281,14.961952463785849,9.897205607096396,1015.225966796875,-8.129408240318298,231.08657530943552,584.0265960693359,27.867669677734398,15.270349121093773,21.13895950317385,50.78981455167135,13.20462908106856,3.0,8.058078628594174,5.197148597853001,14.628032938639365,9.409538523356161,1015.7892057291667,-8.054883420467377,232.72694545984268,573.8901392221451,27.924554443359398,15.483911132812523,21.239197031656925,50.729629119237266,4.658333415786426,0.0,7.611101539160125,5.14186491052708,14.815789794921898,9.726158396403036,1015.644990234375,-8.28201566139857,231.34490849574408,578.9291331768036,27.881127929687523,15.229699707031273,21.10456237792971,51.26713037490845,6.003703770538171,2.4999999403953552,8.019332149660569,5.181445090361194,14.567047373453818,9.46973826090499,1015.8377766927083,-7.798907816410065,232.7693378329277,562.1320270299911,28.068963623046898,15.294488525390648,21.179503377278667,49.920833587646484,2.611111156642437,2.0000000596046448,8.213821720753199,5.1389502170072205,14.869341786702478,9.141961669921898,1015.559990234375,-7.599508901437123,233.74117626746497,568.7154970963796
2021-09-13,28.613702392578148,16.121881103515648,21.737722015380882,47.114352544148765,50.34166717529297,0.0,7.886070290335925,5.118670491343912,15.858902231852255,8.901205952962243,1015.4946744791667,-8.575634678204855,228.87555493911108,570.892740646998,28.579064941406273,15.850000000000023,21.7018384297689,47.44629661242167,38.29398123423258,0.04861111147329211,7.4372289648051275,5.286641092440807,15.916980997721396,8.845604197184286,1015.105380859375,-7.88262555996577,228.10757772127786,599.4208139578501,28.731347656250023,16.193719482421898,21.836863454182964,47.28148174285889,44.852314591407776,0.0,7.700379674393261,5.030042158556948,15.87161534627279,9.110707855224632,1015.5996809895832,-9.11180849870046,229.12342580159506,575.3413313229879,28.708856201171898,16.042230224609398,21.81638615926109,47.37685203552246,49.46250009536743,2.8333332538604736,7.421271126545803,5.337201697830831,16.02866134643557,8.944813028971396,1015.1377115885417,-8.584967454274496,228.18620586395264,589.6384840011597,28.445397949218773,16.041131591796898,21.603630320231144,47.72685186068217,43.21898106733958,0.0,8.073173986875867,5.036739626189862,15.443214670817099,8.975572204589866,1015.9061067708333,-8.815743764241537,229.62649736801782,567.7813450098038,28.592797851562523,16.019586181640648,21.65233128865562,46.918981870015465,50.73564847310384,3.0,7.5959756502839575,5.244056514762314,15.865748341878259,8.619157409667991,1015.3974869791667,-8.393028736114502,228.05401496092477,571.129278977712,28.373620605468773,15.884637451171898,21.482904052734398,47.78148078918457,42.53333296378454,0.0,8.089252588751863,5.000683128454528,15.224128977457724,8.886240895589196,1016.011337890625,-8.489668389161428,229.76057344675064,556.1683736642202,28.598382568359398,15.944757080078148,21.714468892415386,47.736574014027916,52.8828710714976,2.4999999403953552,7.776204363193253,5.073517630550895,15.841060892740927,8.973696645100915,1015.3527897135417,-9.020779490470886,230.15088707208633,574.3182936509451
2021-09-14,26.727777099609398,16.323724365234398,21.020322418212913,59.387038230895996,83.0745374361674,3.631944417953491,7.295147483232451,4.829410834376114,15.061077372233115,12.281009928385458,1016.522646484375,-0.6309243043263754,163.26759487390518,469.9433716138204,23.783349609375023,16.384301757812523,19.452547963460308,64.01990683873494,91.27592674891154,8.854166843928397,5.708952396295647,3.8779756018621456,14.427774047851585,12.228286997477255,1016.4094401041667,7.326931794484456,105.9740568002065,254.06222661336264,26.815545654296898,16.501580810546898,21.108546193440777,58.523147900899254,89.9898141225179,1.7499999986030161,6.26092918203831,4.242554888496617,15.047257995605491,12.195676422119163,1016.7464811197917,-1.2332345843315125,167.8849808772405,467.84526268641156,25.159448242187523,16.447839355468773,20.37823893229169,60.524538358052574,84.10833326975505,7.388888882473111,5.568319466219656,3.8821983245494303,14.981080627441429,12.149558003743493,1016.3457779947917,2.9200950860977173,133.6968148549398,346.7465705871582,27.096124267578148,16.373529052734398,21.281767781575542,55.495371182759605,82.63425890604655,0.2152777803130448,6.388729939407166,4.47743406582511,14.985616302490257,11.497385915120446,1016.9812662760418,-5.118327299753825,187.4232209722201,494.06407896677655,26.742974853515648,16.252954101562523,21.036592102050804,56.380091985066734,87.94444306691487,1.7013888787478209,6.217515124334022,4.308683919544273,15.08191579182943,11.555773671468103,1016.5302994791667,-1.2539496421813965,161.03850173950195,435.9535957972209,26.739526367187523,16.349969482421898,21.308300272623722,54.72361024220785,72.79629635810852,0.24305556388571858,6.588967527592877,4.210909831160742,14.864621734619163,11.343353525797568,1016.8226171875,-2.3602755665779114,178.27901848157248,499.9928110440572,27.096582031250023,16.264001464843773,21.362847900390648,55.401851971944176,87.72314627965291,1.4444444105029106,6.848579561497026,4.5296176531161345,15.215669250488304,11.561989084879599,1016.5736165364583,-3.7151149113972983,188.45638579130173,518.3520741462708
2021-09-15,22.192346191406273,17.723229980468773,19.365359242757183,79.24027665456136,96.94907251993816,94.89583480358124,6.945547716891241,3.979264823312833,13.649746195475302,15.49908345540365,1016.243896484375,13.559252972404161,84.51092424988747,203.8727380434672,25.119805908203148,16.968621826171898,19.886141713460308,72.34907372792561,92.13101863861084,39.95138919353485,8.50649197743222,3.98445914287259,13.821408843994163,14.419700876871786,1016.5482161458333,3.450493097305298,136.97935012976328,300.6460075378418,21.117333984375023,17.764428710937523,19.26272354125979,79.01157410939534,98.343518892924,87.27083340287209,6.081931285325114,3.4970827452402276,13.604133860270224,15.35718434651693,1016.4995930989583,11.879824958741665,93.76233484347661,146.11589018503824,26.422082519531273,17.564355468750023,20.501509602864605,69.78657499949138,95.30786895751953,54.64583349227905,6.793537231906148,4.062520368344045,14.07881571451827,14.38599802652999,1016.7464973958333,-0.10548367102940877,145.46640620628992,370.69081592559814,20.157708740234398,17.207543945312523,18.45528437296552,80.48564879099528,99.20555591583252,67.86111132800579,8.400916011647782,4.568330761478491,13.235687510172568,14.89949442545577,1016.88501953125,13.822352940837542,72.86988925933838,145.74722878138223,25.027001953125023,18.095849609375023,20.32368621826174,71.62037022908528,91.71944363911946,38.027778416872025,6.337974597402716,3.908873843507255,14.182753499348962,14.739076232910179,1016.763935546875,5.336904401580493,125.35720486442249,296.7075406710307,20.088586425781273,16.802941894531273,18.39759979248049,81.21944459279378,98.31990877787273,63.61111150123179,8.905750772311364,5.333333663911066,13.165797170003259,14.98779958089193,1016.8434635416667,14.756145501509309,79.18996202945709,164.44998677571616,22.482690429687523,17.242944335937523,19.56186701456708,78.75138886769612,97.98240725199382,94.40277747809887,6.597644578673021,3.8883398023589932,13.624505615234398,15.578237152099632,1016.394375,9.63140495494008,103.11903602878253,217.90586598714194
2021-09-16,21.421228027343773,16.455865478515648,18.378603871663433,88.58009211222331,95.123610496521,410.1874952316284,7.760251731030507,4.48207448494566,12.861193593343103,16.39407119750979,1014.6075260416667,4.826058883219957,161.23610611756644,197.2388354142507,21.132836914062523,16.053857421875023,18.338736470540386,89.04768562316895,95.998610496521,491.19444370269775,10.279851195038718,4.71548831016333,12.840711212158226,16.41752649943038,1014.7107942708333,8.588245158394178,114.1200904448827,150.9718198776245,19.868280029296898,16.116693115234398,17.783773040771507,91.87222131093343,98.06203715006511,451.81944942474365,6.288584094657162,4.419072647772839,12.416309611002646,16.41938425699874,1015.1388444010418,9.42624635497729,116.30794374148051,176.3131549358368,20.593041992187523,16.574212646484398,18.19681574503583,90.38888867696126,93.90185260772705,368.7638883590698,7.164918269926769,3.0507356963212313,12.7145985921224,16.55063400268557,1015.306650390625,6.213025649388631,92.7393686324358,107.1966921488444,20.640649414062523,16.576043701171898,18.140046691894554,92.26111062367757,99.87592506408691,434.56250381469727,6.13504151899615,3.973375824913637,12.310478464762411,16.820911661783896,1015.0273404947917,7.058516224225362,120.24037001778682,171.50655643145242,20.668298339843773,16.462884521484398,18.212187703450542,88.96527862548828,99.89907391866048,343.5694417953491,6.053875445920984,3.636007231088785,12.670768992106161,16.301283772786462,1014.869072265625,7.238239993651708,89.85137030482292,108.34674954414368,18.436639404296898,15.394464111328148,17.346128082275413,94.47222264607747,99.83749993642171,300.8888908624649,9.654336776102122,4.763907779267659,12.183081563313806,16.42464726765951,1014.7495735677082,14.18669144809246,44.51016701261202,145.72383109728494,21.014031982421898,16.188562011718773,17.99271163940432,89.1092602411906,96.7958329518636,373.0486168861389,6.574494222572736,4.125819853912053,12.677055613199911,16.1043690999349,1014.6795475260417,7.138333236177762,135.46646106243134,167.46361112594604
2021-09-17,24.090905761718773,13.725427246093773,18.38074391682945,76.39768409729004,54.28009295463562,615.8541679382324,7.532962590966109,4.612928697495252,13.361802673339866,13.708875274658226,1011.734091796875,-5.193077305952708,215.25883094469705,348.6648101011912,23.914971923828148,13.872827148437523,18.472305552164737,76.93101914723714,76.71435197194417,946.3125114440918,6.726917435389742,4.6551939902372625,13.759221649169945,13.918060557047568,1011.7149934895833,-1.0148840447266896,199.17550083001456,301.6060623327891,22.691339111328148,14.481530761718773,17.82906875610354,82.80324220657349,69.57731439669926,1242.8263969421387,7.804680006281294,4.493924559115764,12.441111501057946,14.594756062825525,1011.8424088541667,0.6199072996775309,197.5365116993586,346.3231809536616,23.499414062500023,13.994470214843773,18.222811635335308,76.69814825057983,86.993057568868,1075.5069313049316,8.026268869435995,4.8874057251899865,13.652823384602868,13.664066569010458,1012.1784635416667,-1.7399769475062687,193.28165018558502,290.93315569559735,23.468804931640648,14.217858886718773,18.241750335693382,78.31851879755656,75.11805566151936,879.1180534362793,7.316715119349328,4.31189768576158,13.1033760070801,14.05127614339193,1011.7803385416668,-1.360325664281845,203.358704050382,320.8929674625397,24.100366210937523,14.202844238281273,18.647128041585308,77.72916793823242,65.73379627863567,1233.1944694519043,6.982446010499717,4.415050925049843,13.882179514567099,14.24321009318038,1011.7826106770833,-2.8233121062318483,211.13978240887323,320.124969681104,23.909387207031273,13.485681152343773,18.170251464843773,76.21250009536743,51.80833396315575,372.9722194671631,7.328127679503989,4.76227147589704,13.536445871988974,13.460022226969443,1011.5994140625,-0.9984505971272787,213.14789106448492,322.89513476689655,23.410913085937523,13.935327148437523,18.10292714436851,78.44722286860149,68.31620327631633,1104.5833282470703,7.323106425104611,4.307644638234532,13.35413258870443,13.912435150146507,1011.6991276041667,-2.812349408864975,204.90402048826218,336.00395107269287
2021-09-18,22.205346679687523,14.352197265625023,18.135368601481144,78.76435248057048,35.10509284337362,43.49999979138374,6.328973963686499,4.3064271534486425,12.443624114990257,14.22474314371749,1011.9832421875,2.3120726545651755,186.50270400444666,299.37993303934735,21.246118164062523,14.884790039062523,17.517087554931663,84.832870165507,70.60046350955963,702.6180534362793,6.523697886377117,3.938957037750088,12.0738515218099,14.794908142089866,1012.134169921875,8.637204686800638,142.35227738817534,298.84258059660596,21.946099853515648,14.276635742187523,18.074419911702496,80.9375015894572,38.434722070892654,38.18055535852909,6.871809945807791,4.478558159867638,12.442494964599632,14.57486495971682,1012.10564453125,3.032529274622599,167.44749824206033,332.04459500312805,22.638818359375023,13.548822021484398,17.754710133870464,76.88657267888387,45.017129262288414,1266.5416793823242,6.048649881947892,4.438587616139292,11.7741689046224,13.404097493489587,1012.5789485677083,-0.018106043338775635,187.81796407699585,329.7274979352951,21.429193115234398,14.341760253906273,17.93326848347984,82.49814796447754,48.28888853391012,42.29166689515114,6.842441202410445,4.345767682021074,12.341322835286462,14.76713333129885,1012.3936979166667,3.798826893170675,152.14976142843565,306.12614727020264,22.191064453125023,14.804956054687523,18.124828592936222,79.44351736704509,58.6939811706543,898.0902786254883,6.094200299237086,3.672803689325962,11.787478383382165,14.333418782552087,1012.4427734375,3.406511664390564,147.65001764893532,301.2320463657379,21.250604248046898,14.475488281250023,17.845230356852237,82.84999910990398,52.44259258111318,40.14583307504654,6.525941217928323,4.675631603354186,12.384842173258505,14.776582336425804,1012.3993587239582,6.37649725874265,143.7181296547254,297.9833558003108,21.402459716796898,14.527795410156273,17.93597056070966,80.17638683319092,47.87222229441007,402.06944370269775,6.020386655806991,4.029415356901545,11.916355387369833,14.340300496419275,1011.974462890625,3.263629307349523,157.03989299138388,301.4008540709813
2021-09-19,17.303887939453148,10.321221923828148,14.532348887125673,91.36990801493327,93.19861221313477,664.6597306728363,17.259738108918317,9.609600931950078,10.44012349446615,13.09468485514327,1010.4387532552083,30.270660718282063,78.57520321632425,274.42770624160767,16.417840576171898,11.476647949218773,14.600119527181013,91.67916711171468,87.35972158114116,714.2361087799072,15.628824164034215,7.46774999724911,10.73496017456057,13.201628621419275,1011.2834895833333,32.889132142066956,34.556369211524725,215.3283567428589,16.830590820312523,10.227777099609398,14.32349548339846,93.13611157735188,92.69120319684346,714.6944353580475,19.052677876562328,10.004527972384908,10.259974416097009,13.189449564615927,1010.6403743489583,33.32036526997884,37.847203720360994,321.0562740961711,16.437738037109398,11.463098144531273,14.727405802408876,88.87176005045573,78.8194449643294,592.9652843475342,16.051169505571067,8.156053886084289,10.903716023763025,12.802457427978538,1011.3186653645832,30.858617266019184,67.23661140600841,214.98190355300903,16.587915039062523,11.172174072265648,14.47297312418622,93.89305559794109,93.16481526692708,939.208330154419,16.9471642148455,8.81060740222969,10.2930898030599,13.470965321858728,1011.021220703125,31.897065838177998,54.48612995197376,288.81716442108154,16.532312011718773,11.631250000000023,14.825022633870466,88.96157423655193,78.78009291489919,730.8680543899536,17.597497896408036,8.072937275377152,10.662332153320335,12.911295827229821,1011.09578125,29.759206493695576,81.56016826629639,222.0971340338389,16.557214355468773,11.638208007812523,14.556784566243513,94.89722188313802,99.64120356241862,857.381941318512,15.951948318006352,9.298537293533611,10.022233581542991,13.721378580729208,1010.6156380208333,30.68263679742813,32.84479642535249,323.3982632954915,16.999993896484398,11.716668701171898,14.595183308919294,94.10416634877522,94.7675929069519,818.9236187934875,12.130579826756888,6.380961734035089,10.432814534505212,13.63337351481124,1010.959736328125,30.40581528345744,18.547759269674618,169.13578494389853
2021-09-20,21.022821044921898,9.424279785156273,14.407401021321638,70.02546405792236,63.90277751286825,1402.076358795166,9.462940708057914,6.188405809306179,9.915745035807333,8.52757288614913,1014.5080794270833,4.846671899159749,194.49991021553674,363.8104841709137,19.343438720703148,9.465661621093773,13.981740570068382,68.0347220102946,71.19537035624187,1127.21529006958,11.567510452121919,5.977497229983033,9.497441864013695,7.879401143391931,1014.928095703125,6.624795734882355,155.375110467275,309.19793009757996,20.700982666015648,9.621148681640648,14.376245117187523,70.31342474619548,48.12685239315033,1011.3472099304199,10.514926894749431,5.547562799417347,9.78861007690432,8.574625905354821,1014.2697395833333,3.271107296148936,183.08754762013754,338.989727973938,19.833276367187523,9.734399414062523,13.991296386718773,75.11574061711629,65.62546265125275,1301.298583984375,10.400489843317558,6.175747450415933,9.339705403645837,9.288775380452478,1014.0069661458333,6.096803526083629,195.99009005228677,352.66327540079754,20.476739501953148,9.554528808593773,14.358551279703798,68.83611075083415,35.490740483005844,306.63889503479004,10.456297593683665,6.439477524479265,9.677592213948571,8.220896657307946,1014.3389225260418,5.065394639968872,209.62212554613748,388.5192070007324,20.076745605468773,9.990472412109398,14.144549306233747,69.79907369613647,75.36990801493327,1571.5764465332031,9.340225800583381,5.680939201382407,9.42292429606124,8.26678365071615,1014.0611263020833,7.576261594891548,172.62561137477556,341.4705278078715,20.618066406250023,9.837823486328148,14.493928527832054,69.43888823191325,41.330091774463654,5.833333345595747,10.362818332225823,6.311030928577807,9.838053639729821,8.520290629069052,1014.171826171875,4.3953728675842285,188.44412769873938,362.5350706577301,18.783349609375023,10.498986816406273,14.14936218261721,75.8009246190389,90.01944510142009,1684.2361068725586,11.242176862250995,5.591867147426186,9.259437815348349,9.627632395426474,1013.885078125,12.799916240076223,118.49563074111938,294.15910172462463
2021-09-21,20.440240478515648,11.238916015625023,15.272789255778017,77.51851685841878,30.44583309193452,110.65972447395325,7.7000992641888955,5.273206629964284,8.977165476481161,11.06746317545577,1021.7878776041667,3.399275243282318,203.42573860287666,391.076407233874,20.579309082031273,10.685815429687523,15.19992345174156,69.58703692754109,10.903703643009067,1407.6111183166504,8.054492781055371,5.442323200429087,9.100122070312523,9.44397633870443,1022.1264453125,2.261672616004944,209.9586885968844,374.35838349660236,19.920739746093773,12.321160888671898,15.326824442545595,79.38287130991618,55.90972313502183,162.3819441795349,7.023074107782504,5.11013453885307,8.757196044921898,11.52292404174807,1021.900166015625,4.341389487187068,170.20990780989328,376.1707173188527,20.742944335937523,10.548211669921898,15.267193094889345,70.49074077606201,21.594907827675343,1044.465259552002,7.85406037993994,5.364594823485352,9.112021382649743,9.591003672281943,1021.2055924479167,2.237461725870768,210.1862380107244,373.48978714148205,19.962792968750023,12.668084716796898,15.621704355875673,77.88426033655803,54.1796292004874,155.48611307144165,6.635939762574963,4.578465914792283,8.791688537597679,11.527097320556663,1022.1809244791667,3.5611993124087653,179.8102566798528,406.9760520855586,20.112329101562523,10.875909423828148,15.01437657674156,76.97361199061076,32.2037034034729,408.3055543899536,7.7547129699154365,5.522701855632294,8.869964853922568,10.716658528645837,1021.4560026041668,4.887438798944156,200.5230380098025,375.4894044796626,19.842309570312523,12.350000000000023,15.32157160441083,78.26990667978923,48.73888922855258,91.01388907432556,7.276522410990887,4.755024979524683,8.43753585815432,11.321111297607445,1022.1409830729167,2.6727655033270517,184.68837010860443,395.1847819884618,20.311059570312523,11.176751708984398,15.148407236735048,74.9791652361552,37.0907409110417,69.29166674613953,8.134323043772216,5.565173389206258,8.84686177571615,10.45475540161135,1021.7402376302083,3.4256299436092377,198.6495536764463,394.3651528755824
2021-09-22,21.395928955078148,11.293756103515648,15.799712117513044,72.86712980270386,36.07777775451541,0.8333333730697632,6.75921601551717,4.47328339940444,10.240942891438806,10.614380137125693,1022.1415234375,-0.6866493026415507,203.50033742189407,296.71046805381775,21.193261718750023,11.582696533203148,15.915882364908876,73.52824179331462,46.627777156730495,117.16667175292969,6.858034778638096,4.669210994513783,9.762298838297568,10.895481363932333,1021.9179947916667,0.17731173833211264,184.09551590681076,317.86921525001526,20.823510742187523,11.021783447265648,15.513907368977888,72.6467604637146,25.63379650733744,0.0,6.8084064686055035,5.026951284763857,9.86039505004885,10.32764587402346,1022.1368782552083,0.4714817802111308,206.3499068816503,313.8721134662628,20.866876220703148,11.287744140625023,15.637507375081404,72.55138874053955,54.21296309726313,168.33333206176758,6.657944706526777,4.861155874488117,10.1285224914551,10.399263000488304,1021.9296028645833,2.2312526603539786,184.42212844888368,286.16489760080975,20.877862548828148,11.009057617187523,15.456225331624372,72.2087968190511,28.612500061281025,0.0,6.6874863404311755,4.832448226582987,9.819478607177757,10.201140340169275,1022.5863802083333,0.6470217704772949,202.57163911064467,308.9919898509979,21.094476318359398,11.447045898437523,15.918074544270857,72.60138877232869,33.399536849348806,159.1666717529297,8.64122311685483,4.8174362586654915,10.272537485758505,10.705059305826865,1022.275849609375,-0.40765583515167236,204.63766207297644,310.5543626149495,20.603387451171898,11.031213378906273,15.435703531901064,72.17592557271321,36.94953730826577,0.0,7.103955533183505,4.945047792790942,9.466321563720726,10.194136555989587,1022.263359375,2.1335180203119912,200.8313696285089,327.31231872240704,21.182733154296898,11.938226318359398,15.876913960774763,72.58148145675659,36.91018528429171,95.33333587646484,7.814469430111797,4.574744494310553,10.280215199788415,10.654864247639978,1021.9472395833333,0.40455857912699383,201.55285135904947,293.4531654516856
2021-09-23,19.616632080078148,13.585473632812523,15.762539164225283,74.99027792612712,76.66527700424194,3.493055527564138,5.492212164736234,3.2645769665917643,8.29915262858077,11.059058125813806,1022.424501953125,1.1294623215993245,149.7715370853742,357.82598499457043,20.283197021484398,13.390527343750023,16.094472503662132,74.55694437026978,69.29490586121877,2.3194444812834263,6.658038393867746,4.073733786345472,8.851619974772177,11.241190846761071,1021.425341796875,-0.24234533309936523,160.5226253569126,368.1636513074239,19.112359619140648,13.517358398437523,15.565193430582704,76.7175931930542,78.94166672229767,2.9930555312894285,6.253984462032426,3.565643724280894,8.326088205973349,11.267045593261741,1022.325927734375,4.175239652395248,130.35635571181774,344.57720180352527,19.961785888671898,13.249353027343773,15.868456776936872,75.16666682561238,70.07176001866658,2.1250000395812094,6.308868541935181,4.073462983968219,8.704927062988304,11.179134623209677,1021.0887923177083,1.0496023098627727,157.36600109934807,365.5342943271001,19.253228759765648,13.758355712890648,15.807935333251976,76.30231587092082,75.6875003973643,4.013888888992369,5.372691401678553,3.2264726968290476,8.300330098470056,11.408057149251306,1022.4697037760417,3.0616458455721536,126.41418318450451,347.7108361721039,19.776574707031273,13.005578613281273,15.704768117268904,75.2921306292216,70.0583336353302,1.6249999874271452,5.638502931757658,3.93351289258462,8.517724609375023,11.018056488037132,1021.5719921875,1.4483376542727153,158.2449963192145,374.46542406082153,19.256860351562523,13.945733642578148,15.645603434244814,80.06759293874104,78.94213120142619,6.319444393739104,5.49658743143093,3.259207846491607,8.572993214925134,12.037995910644554,1022.5112727864583,2.9824744388461113,122.23664700984955,306.90310831864673,19.769830322265648,13.307397460937523,15.759623463948591,75.18796396255493,74.92685238520305,3.124999982304871,5.571384859112442,3.474416829487827,8.363139088948571,11.084658559163415,1021.4564322916667,0.3907628158728282,152.38027854263783,347.26928738753
2021-09-24,21.891778564453148,11.498071289062523,16.256228383382183,72.09166733423869,1.6587962957564741,5.333333373069763,6.181520867958823,4.686302016167724,12.087152099609398,10.850136057535849,1018.8035970052083,-4.214978555838267,207.53198073307672,274.6881866455078,22.117364501953148,11.606835937500023,16.36658376057945,70.16851838429768,2.1606481863030544,4.9999998807907104,6.541219319749908,4.689862542255649,12.089749908447288,10.524551645914755,1018.8856217447917,-3.7276576161384583,208.42974372704825,268.97114777565,22.327935791015648,11.811547851562523,16.612368520100933,70.11296240488689,1.656018573557958,3.3333334922790527,6.388890172713401,4.827323622108046,12.135503387451195,10.739820098876976,1018.6716666666667,-4.284416874249776,207.606754531463,287.22546859582263,21.969689941406273,11.482690429687523,16.232522583007835,70.71296294530232,1.2981481465200584,4.333333253860474,6.39449143082439,4.776412383334441,12.207794443766318,10.505873616536462,1018.8379231770833,-3.460504174232483,208.8121258119742,267.84909363587695,22.332208251953148,11.826440429687523,16.622847493489605,69.52268489201863,1.6509259541829426,0.3333333358168602,6.42685592970858,4.82582405268051,12.018617248535179,10.611168162028036,1018.819912109375,-4.0706833600997925,207.30366757512093,288.1798388163249,21.921289062500023,11.569085693359398,16.283492024739605,71.03425884246826,1.3087962681117158,5.5000001192092896,6.361006558752859,4.752922934837759,12.00619786580404,10.648763275146507,1018.738076171875,-2.947197178999583,207.90981539090475,274.56380418936413,22.379632568359398,11.925561523437523,16.691851552327496,70.3490743637085,1.341666670399718,0.0,6.38522858375613,4.782711372577075,11.943051910400413,10.859761810302757,1018.6641927083333,-4.46684064467748,207.10372304916382,290.1144847869873,21.875482177734398,11.537622070312523,16.268640136718773,71.87407525380452,1.6365740589487057,8.666666507720947,6.190229046729222,4.709492724641268,11.99325841267904,10.821321105957054,1018.67453125,-4.112842698891957,207.6430923740069,277.0584724744161
2021-09-25,22.052117919921898,13.518701171875023,17.582046763102237,74.36250114440918,60.23935310728848,0.6250000023283064,6.428741901911439,4.393483765676393,11.012237803141318,12.692908223470056,1020.5316861979168,-5.556008855501811,155.00418813029924,333.90234704812366,22.045495605468773,13.183435058593773,17.33060989379885,75.03009430567424,61.89074106514454,6.868055507540703,6.343601868223832,4.346769745519504,11.101405080159509,12.62629089355471,1020.5521321614583,-7.079168577988942,169.04958895842233,323.45834986368817,22.160668945312523,13.537744140625023,17.573803202311222,74.47268486022949,56.77268640945355,0.5833333390764892,6.3608162650358056,4.5648419656917225,11.18412551879885,12.712831115722679,1020.5512923177083,-6.091172566016515,168.8167942961057,324.6889942884445,22.356408691406273,13.505548095703148,17.57395197550458,73.55648152033488,65.97916605758171,6.270833447575569,6.17144062079553,4.1716306939134595,11.18077112833663,12.514656321207724,1020.3569401041667,-6.80057917535305,176.52374576528868,336.03304147720337,22.185662841796898,13.203332519531273,17.36828765869143,73.67129675547282,40.05092626328891,0.06250000046566129,6.272305495783671,4.765089931848615,11.234157816569052,12.332236226399743,1020.5415266927083,-5.628489414850871,178.277739216884,327.52031552791595,22.288507080078148,13.217553710937523,17.427359517415386,73.29259316126506,52.33425870537758,0.9375000111758709,6.567673524822752,4.62405439764523,11.080019887288415,12.300431823730491,1020.5148079427083,-6.035679489374161,175.26480915149054,336.4651583433151,22.167626953125023,13.358178710937523,17.604297892252628,73.52870400746663,41.738889689402036,0.3125000069849193,6.53688135046979,4.719210466020214,11.231631215413415,12.533286031087243,1020.4119173177082,-7.038166637221972,174.05301822225252,329.13620332876843,22.183709716796898,13.339318847656273,17.507933553059917,73.46157455444336,60.296295845260225,0.33333332976326346,6.492923341749213,4.4762116696220176,11.018276468912802,12.419422403971396,1020.4789453125,-6.0634715755780535,170.97075932224593,343.8476083278656
2021-09-26,17.969506835937523,16.072229003906273,17.015452321370464,87.62916628519694,98.90555636088054,36.118055641651154,5.751370612310576,2.9272941765653493,11.239973958333337,14.866197204589866,1020.10763671875,10.674848159154257,16.396610975265503,74.82043512662251,17.114404296875023,15.942498779296898,16.477217610677105,91.91203784942627,97.69907442728679,63.58333337306976,4.804799993952238,2.598406895475229,11.157205200195335,15.127212778727255,1020.0809993489582,14.211457709471384,14.331222320596376,68.92748387654622,17.787591552734398,15.983331298828148,17.063218688964866,87.97824001312256,97.02592627207439,74.70138849318027,5.18474597200816,2.8516712243491953,11.30775095621749,14.97161763509115,1020.143740234375,8.884013788153728,41.87190773586432,104.38097659746806,17.058374023437523,15.706781005859398,16.62927652994794,90.81111081441243,98.25972207387288,45.201389104127884,5.661296554796902,2.5012698758280574,11.240104929606161,15.086817677815759,1020.0259147135417,12.810684621334076,15.95170350621144,60.97104096412659,17.552636718750023,16.154321289062523,16.820017751057964,92.84999783833821,99.44398180643718,79.9861110150814,5.828617417346796,3.029471605010501,11.144213612874353,15.61121520996096,1020.23740234375,10.3296599984169,18.152444794774055,87.33893831570943,17.190332031250023,15.452416992187523,16.601215616862003,86.69351895650227,94.17685174942017,23.138888456393033,6.227493052376645,3.19296225461785,11.136500295003259,14.301072692871116,1020.0892643229167,12.250546952088675,18.839870184659958,73.07417352994283,17.436090087890648,14.883325195312523,16.713072713216167,93.77037080128987,92.26851844787598,171.9305546283722,5.34247300715044,3.446715196323352,11.334228769938193,15.667864735921228,1020.0164322916667,11.421230990284434,41.28827762727936,120.7954576810201,18.336907958984398,15.784509277343773,17.158954874674503,85.65370464324951,97.6148141225179,25.15277836471796,5.177485339657078,2.4986473054346225,11.26401290893557,14.645956929524743,1020.0150423177083,9.594619190941254,23.330315711597603,64.45254611968994
2021-09-27,21.836267089843773,13.013574218750023,17.061751302083355,80.64120372136433,56.713426073392235,273.0,6.0494031202642145,4.016819766686829,12.452617899576865,13.471646881103538,1017.5119010416668,-5.660067717234294,158.9034080604712,223.99491186936697,22.857843017578148,13.453546142578148,17.850523885091167,78.4791677792867,65.6925934155782,96.8333306312561,5.910429534796952,4.035627355562237,13.012499745686853,13.742442067464196,1018.00103515625,-11.230572819709778,176.662610967954,245.4506541887919,21.375268554687523,12.787622070312523,16.881243642171246,79.08981482187907,60.31342593828837,397.8055648803711,6.618983232143918,4.3032819608634885,12.272537485758505,13.00575663248702,1017.5933463541667,-3.9627780516942344,155.52712732553482,214.89543163776398,22.480737304687523,13.399468994140648,17.690742746988956,79.27824036280315,61.76990775267283,170.31944179534912,5.413438716787357,3.757144506867114,12.912129974365257,13.77580286661788,1017.6582356770833,-10.620676279067993,176.23650547862053,256.5161700248718,21.372247314453148,12.902124023437523,16.8208684285482,80.08657423655193,61.45740739504496,354.83333587646484,6.585640969406113,4.264346890400906,12.2558418273926,13.154300944010458,1017.7133138020832,-3.9281174143155417,153.83679714798927,220.52004289627075,22.804437255859398,13.694421386718773,17.764311726888042,79.09073972702026,69.46574103832245,193.56250381469727,6.3661343329016695,4.0496376652653625,12.665877278645837,13.799364980061853,1017.9319140625,-12.259811381498972,176.93632811307907,244.4330407778422,21.620477294921898,12.879022216796898,16.826408640543644,81.10138909022014,67.00231583913167,5.333333373069763,6.251625846558944,4.166281188539187,12.341644541422568,13.3345937093099,1017.7943098958333,-5.030350506305695,166.3903872668743,228.05209501584372,22.171075439453148,12.981164550781273,17.202081298828148,80.38472255071004,55.10277728239695,284.0902729034424,5.481665883294613,3.840639872609605,12.86456197102865,13.54191360473635,1017.483251953125,-8.799962679545084,173.3236452539762,241.63831957181296
2021-09-28,22.802667236328148,13.252923583984398,17.48278961181643,69.83148288726807,62.83888934055964,8.131944512948394,7.539523850877351,4.973985721310136,12.900296783447288,11.622459665934286,1019.8142513020833,-4.004182040691376,159.25273841619492,248.39220372835794,22.665002441406273,13.538568115234398,17.654046630859398,71.66851822535197,60.36620399980651,298.16666316986084,7.549353376399912,5.193303538608549,12.94599558512374,12.20342915852865,1018.7102734375,-4.452961365381877,156.54649899403253,246.58349911371866,22.785729980468773,13.419763183593773,17.503503417968773,70.55833148956299,67.57129561901093,12.250000060535967,7.292345823013299,4.975940445490435,12.88972880045577,11.814762369791708,1019.8608984375,-4.6885775327682495,162.84029618899027,250.61887816588083,22.852410888671898,13.379357910156273,17.632780965169292,70.5490738550822,64.39305557062228,417.28472900390625,7.606754276456044,5.278860546974709,13.073954518636071,11.924570973714196,1018.7493424479167,-5.75143434604009,167.28324262301126,248.8112424214681,22.574639892578148,13.210351562500023,17.289521789550804,71.38287178675334,68.03101881345113,13.437499847728759,6.838144025546122,4.73095876050099,12.60110753377279,11.792785898844443,1019.7616927083333,-4.712837765614192,163.4457938571771,248.39074993133545,22.670220947265648,13.283319091796898,17.431656138102237,71.45370213190715,70.08148144682248,373.14583587646484,7.720355258406094,5.229333135046094,12.720240529378259,11.927103932698571,1019.54669921875,-3.777973175048828,156.0010367234548,250.2248114744822,22.619073486328148,13.192987060546898,17.314009602864605,71.89583237965901,62.795832673708595,10.34722226113081,6.6444987934531845,4.669983545155588,12.738575236002646,11.92973353068038,1019.5994661458333,-5.232377390066783,164.27566535274187,255.87014317512512,22.721978759765648,13.338891601562523,17.49130274454755,70.63842487335205,70.68657390276591,17.13194414973259,7.502992785227502,5.088333614853954,12.889578755696618,11.793943023681663,1019.66123046875,-4.476167102654775,160.15879383683205,245.93358413378397
2021-09-29,22.220727539062523,13.969323730468773,17.193179066975933,77.28981463114421,56.9990740219752,267.72221994400024,10.456181387482575,5.755664994710284,11.2055653889974,12.776797231038415,1018.395771484375,-0.2542666370670001,172.05229849119982,307.42673834164935,21.194421386718773,13.522637939453148,16.627370452880882,78.43796300888062,65.3925930261612,371.7777738571167,9.951210336708739,6.97054381642567,10.8179921468099,12.462738291422568,1019.02833984375,6.096207062403361,156.81385392695665,264.8000316619873,22.289819335937523,13.919580078125023,17.144732411702496,77.99213059743245,55.29305539031824,254.16666555404663,10.236860505977644,5.64875316607472,11.163503265380882,12.883607482910179,1017.9814908854167,-1.0346711079279582,171.04357587297758,315.57259766260785,20.341821289062523,14.448052978515648,16.525350189209007,80.95185391108195,93.11342493693034,377.45138692855835,9.589398363883712,6.41460855931868,10.815819040934286,12.949048614501976,1018.5143912760417,7.677239288886388,131.1378476743897,216.03034726778665,22.127770996093773,14.012658691406273,17.2623115539551,76.84259414672852,58.78472149372101,248.1805558204651,9.466292868872356,5.531514019974416,10.86630528767904,12.743397013346396,1018.0312532552083,-1.3427670001983643,168.47551649312177,327.8019727071126,21.014062500000023,13.649987792968773,16.63231175740562,78.39814964930217,84.01435216267903,383.847225189209,9.836935096200268,6.552497503065168,10.783149973551474,12.46790211995443,1018.1715462239583,5.016279757022858,147.57058930397034,257.09108034769696,22.055200195312523,14.023889160156273,17.140826161702496,77.1611115137736,60.51388834416866,222.37499833106995,9.82310543058333,5.69085691324504,11.03555577596029,12.719300842285179,1017.8290299479168,-0.5102026263872782,158.24682768682638,290.65857911109924,22.195275878906273,13.828851318359398,17.089022572835308,77.14120356241862,54.42407433191935,346.6388921737671,10.260677893674215,6.019452296161646,10.97723286946615,12.60881067911788,1018.09478515625,0.24366366863250732,169.38544636964798,326.67070666948956
2021-09-30,19.403131103515648,11.726342773437523,15.02640558878583,68.30833355585735,42.078703413407005,145.07638883590698,10.392019963603047,6.725450163752458,9.075091298421228,9.02774581909182,1023.478076171875,15.36551214257876,153.97872173289457,342.89229106903076,19.878778076171898,11.682885742187523,15.413683827718122,66.71296262741089,36.249074161052704,316.9027795791626,10.62974360931612,6.0960930699323965,8.795668538411462,9.01172790527346,1024.607822265625,10.330303847789764,166.09812586009502,397.00804646809894,18.462213134765648,11.948999023437523,14.92080968221031,69.75231424967448,48.499074106415115,14.826388776302338,10.831114525561697,6.641292016696949,9.118796284993493,9.2736640930176,1023.7642805989583,18.66444178794821,125.58751482268174,293.13917207717896,18.628778076171898,11.755334472656273,14.841065979003929,70.02407471338908,43.573610531787075,298.37499713897705,10.547896737903871,5.883306449903057,8.649985249837243,9.260227457682333,1024.0455794270833,17.921408245960873,129.4393865863482,316.27046545346576,18.887963867187523,11.707513427734398,14.949850972493513,67.63472143809001,39.932870770649366,2.819444440305233,11.201683886730637,7.1507126685473095,8.984003957112634,8.848743693033896,1023.8348990885418,13.712603280941645,149.013261894385,342.9552917480469,19.644281005859398,11.385858154296898,15.132368977864607,67.26851924260457,27.496759404738743,291.79861545562744,9.84569970949348,6.329247379354311,8.826009368896507,8.871476745605491,1023.3938313802083,13.002791211009026,170.40850438177586,376.1873315175374,18.367822265625023,11.588708496093773,14.877712504069033,68.7643518447876,39.334721960127354,2.11805556435138,11.191013096675727,7.0360727555935005,9.373094177246116,9.004309590657556,1023.5166927083333,15.736464555064837,131.65368903179964,308.7673306465149,19.395440673828148,11.286279296875023,14.935793813069685,67.14953708648682,24.790740887324016,262.54860496520996,10.227714563196798,6.835742359769893,8.893978373209677,8.650891876220726,1023.1092447916667,13.018901894489924,173.88572338720164,364.4040069580078
2021-10-01,19.281701660156273,13.590966796875023,15.56564610799156,71.81944513320923,81.2981481552124,10.965277805924416,5.68190396073047,2.9425880628326264,8.07709655761721,10.113389587402366,1023.2582552083333,-1.3758776585261028,131.77814757327238,271.2392141819,19.660577392578148,13.637536621093773,15.819764709472679,71.76388756434123,77.44999917348225,152.65277814865112,5.0460774496712375,2.700252861809499,7.8164840698242415,10.41263097127279,1023.2588671875,-1.6278241927890729,156.70815275112787,360.89200989405316,19.135339355468773,13.341851806640648,15.285539245605491,73.77083317438762,76.77268552780151,18.04166653752327,6.157938980774447,3.0351789145454835,7.896291351318382,10.268813069661462,1023.3655826822917,-0.3654442032178243,131.2964458266894,297.23115889231366,20.108514404296898,13.317651367187523,15.979458109537783,69.53796370824178,64.49675885836284,26.347222328186035,4.806843103849065,3.0772299334070126,8.090188598632835,9.986046091715536,1023.40216796875,-3.8087183435757956,176.34884844223657,352.1216501394908,19.065820312500023,13.513024902343773,15.500791168212913,71.1162052154541,74.54861068725586,5.7916666977107525,5.498310847462143,3.019145293381152,7.913641866048181,9.999620056152366,1023.4837565104167,-0.019218961397806805,127.11618501444657,322.0374367237091,19.605004882812523,13.910485839843773,15.794119771321638,71.00463024775188,79.98888953526814,10.118055522441864,6.266756831738912,3.0124595335731184,7.8828114827474,10.238718922932946,1023.5320377604168,-1.0844156940778096,147.24038278559843,349.4102021853129,18.385369873046898,13.494256591796898,15.26330464680992,72.60462919871013,78.89814869562785,5.687500037718564,6.156426844126225,3.0556420240826125,8.08305384318038,10.146624501546228,1023.2291764322918,5.0545936326185865,106.23540635655324,275.7001905441284,18.570794677734398,13.531579589843773,15.493508911132835,71.03703705469768,85.66018454233806,13.020833492279053,6.181481230702016,3.093489820488244,8.010463968912802,9.86602681477865,1023.337802734375,1.5508752192060153,120.55316755920649,254.4662586847941
2021-10-02,18.330804443359398,13.136041259765648,15.173571523030622,70.4055544535319,92.43796284993489,7.715277582406998,6.488620777221403,3.4762689717647555,8.463875071207724,9.619585927327478,1019.2295475260418,1.4990063508351643,82.83670452112953,217.00686796506247,18.550653076171898,13.046960449218773,15.130689239501976,71.64953692754109,91.80694548288982,15.131944715976715,6.094050835143265,3.8119952844849863,8.350311533610068,9.834099070231161,1019.4051009114582,6.125532408555348,85.91701670984428,222.63364009062448,17.669702148437523,13.624993896484398,15.18961359659833,70.39398336410522,96.48610941569011,1.8472222462296486,6.225373889197494,3.6605995622694145,8.373161570231161,9.641868845621786,1019.2831705729167,3.254694605867068,68.44546322027843,207.7329932053884,17.607507324218773,12.330560302734398,14.765339152018251,72.7222220102946,92.23935063680013,22.444444179534912,6.1546818338196285,3.8209987930992093,8.380089060465536,9.768684641520224,1019.402744140625,7.35198545952638,81.83218755821387,205.1106637318929,17.732781982421898,13.632897949218773,15.223786926269554,70.39907519022624,94.58333206176758,1.201388904824853,6.073185806254961,2.8627981452710656,8.218068695068382,9.662594095865927,1019.4649869791667,1.4966964622338612,74.20348027596872,206.54073651631674,17.475091552734398,12.665795898437523,14.731094614664736,73.22268581390381,92.11018562316895,8.118055433034897,5.82197929285621,3.6776179788916914,8.328288014729821,9.81883265177413,1019.4809993489583,7.782808264096578,76.84355680644512,189.4359831015269,17.742211914062523,13.811425781250023,15.349028523763044,70.78425947825114,93.42916647593181,1.798611093312502,5.943288074905021,2.7242680862205098,8.283757781982445,9.836545562744163,1019.298134765625,1.702599061653018,78.36849911262591,217.70642046133676,17.535577392578148,12.921197509765648,14.678206380208357,73.40416638056438,96.31527646382649,8.888888984918594,5.904024500928958,3.789953868311351,8.422957356770837,9.809013621012411,1018.9955696614583,6.1763677299022675,64.14668378730615,168.7477421760559
2021-10-03,15.037805175781273,13.704370117187523,14.259940083821638,85.58286921183269,97.10324064890544,40.22916704416275,5.57870471000001,3.459932811815174,8.461175537109398,11.8070058186849,1018.5038313802083,14.381190647681555,24.076630026102066,118.69123752911885,16.206353759765648,13.150415039062523,14.39932530721031,84.3087952931722,95.8662052154541,40.4652778506279,5.275994001528178,2.8994413683673668,8.70792922973635,11.689665730794275,1017.3265462239583,11.807299636304379,46.09483326474825,124.54308144251506,15.501428222656273,13.591882324218773,14.427776590983095,87.69814745585124,98.65601793924968,70.79861146211624,4.830924039153067,2.457962359827526,8.610733286539755,12.348348236084007,1018.2186458333333,12.140188033382097,31.344519204149645,125.41769822438557,16.756982421875023,13.096520996093773,14.599582926432314,84.08240985870361,96.87129592895508,41.124999821186066,6.124160927498614,3.0469075632613514,8.745341237386071,11.82776540120443,1017.5612630208333,8.275462408860525,55.00281449158987,143.07652505238852,15.740838623046898,13.571008300781273,14.378678894042991,87.40185260772705,98.84583377838135,69.88888907432556,4.676263819514221,2.5356241878555763,8.66334940592452,12.232312774658226,1018.2402408854167,11.367672075827917,31.788870093102258,140.243363459905,15.194451904296898,13.621118164062523,14.42968648274742,83.70462862650554,98.21898174285889,34.8125,5.39493653967707,3.8419793511479363,8.482539113362634,11.59080530802413,1018.091103515625,13.234870575368404,23.461888570338488,130.392631371816,16.568139648437523,13.443963623046898,14.66104914347333,87.39074071248372,98.37638886769612,83.2916669845581,4.44081017885729,2.376469597936062,8.767601267496786,12.502956644694052,1017.81005859375,7.344733481605847,55.95357497408986,162.98668694496155,15.618157958984398,13.814630126953148,14.565766906738304,83.18425909678142,98.00694561004639,36.38888853788376,5.039821917595143,3.6254590826651203,8.443719482421898,11.622178649902366,1018.0663216145833,10.282788783311844,32.6130747894446,143.10315036773682
2021-10-04,16.323205566406273,14.087945556640648,15.072474416097029,93.56064732869466,97.99166520436604,275.0,8.189652592403501,2.8850266605231254,9.93824412027999,14.010516103108728,1017.98978515625,7.034769299129645,34.45648184046149,109.32770546277364,15.814080810546898,13.756921386718773,14.638469950358095,91.74490801493327,97.57870324452718,127.19444537162781,8.165394560803492,3.2091474497640555,9.615361785888695,13.279868062337243,1018.79287109375,5.962256655097008,24.022722634176414,88.60759035746257,15.686730957031273,14.231835937500023,14.973550415039085,94.82731501261394,98.9342581431071,316.2222204208374,5.466926055645114,2.8412024589226745,9.895241038004599,14.118913269042991,1017.8527408854167,7.707697944094737,22.846814692020416,117.48147678375244,15.998406982421898,14.118890380859398,14.868642425537132,90.7143497467041,99.36435159047444,162.51388883590698,7.490759886808888,2.912392370671121,9.70508982340499,13.330519612630212,1018.7108658854168,4.617637087901433,34.24413016438484,89.71896934509277,15.314019775390648,14.165887451171898,14.824731445312523,95.24814860026042,98.52500025431316,376.89583349227905,7.373033947509698,3.7145379060414387,9.848322804768884,14.047896321614587,1016.564365234375,8.855204292495424,20.112741130093735,178.17102479934692,16.377465820312523,13.588067626953148,14.858804321289085,90.39536984761556,95.5259256362915,149.45833468437195,10.082527755111252,3.3184536817805195,9.687636311848962,13.264948781331384,1018.6178971354167,2.6878962566455207,41.04086970413724,107.54530334472656,15.506127929687523,14.379144287109398,14.889754231770857,95.70925966898601,99.3185183207194,602.5416688919067,8.410479461794075,4.0790934841894435,9.991030629475915,14.179622904459677,1015.8900553385417,8.310720679660639,20.728833563625813,218.36338647206625,16.189263916015648,13.727105712890648,14.983514404296898,90.57222175598145,94.8393513361613,199.57639026641846,10.12472330482381,3.1519188894884596,9.773110961914085,13.405381774902366,1018.202119140625,5.896323634932439,38.42207417078316,100.59663168589275
2021-10-05,14.913842773437523,13.178247070312523,14.000850931803408,94.66944471995036,98.9652779897054,2329.715286254883,10.870417681095235,5.132597054858866,8.313958740234398,13.132853444417321,1012.2711165364583,13.181050539016724,27.038630080719788,219.06719859441122,15.072869873046898,12.353540039062523,13.852274831136091,94.71388975779216,99.33935228983562,1989.3680477142334,9.362639838318312,6.683243232209507,8.846687571207724,12.993446604410849,1012.9111295572917,16.7129708925883,26.53448077912132,263.8011061350505,15.299798583984398,13.280816650390648,14.119837697347029,93.24675909678142,98.09768549601237,2416.680549621582,11.011421739679767,5.024590683283414,8.315915679931663,13.00031433105471,1012.5925032552083,10.295228878657023,35.06692489981651,177.3092654546102,16.139398193359398,12.467004394531273,14.48319778442385,94.40555540720622,99.40879599253337,1803.6041736602783,10.012281864308184,7.57418875728321,9.129696146647177,13.548406219482445,1012.154384765625,9.794046352307001,36.31983278132975,310.6972459157308,14.783349609375023,12.856927490234398,13.650205230712913,94.07824198404948,98.87638823191325,2113.6528091430664,9.294464483962306,5.351354591443883,8.25849558512374,12.67887903849288,1012.898486328125,14.088104399542013,31.31761097162962,205.15346972147623,14.655236816406273,12.833428955078148,13.611786142985048,94.87777678171794,99.98935222625732,2585.4791870117188,7.58390495909252,5.076233119588081,8.894358571370446,12.780559794108115,1011.520966796875,11.971125558018684,38.97731473964328,257.2117420832316,15.268304443359398,12.736627197265648,13.887493387858095,93.43333212534587,98.74120394388835,1411.729160308838,9.913071789521963,4.514739432224574,8.187113698323571,12.804910278320335,1012.8613118489583,15.892032124645388,23.52249968610704,241.4308869043986,15.234887695312523,12.609857177734398,13.673182423909529,93.95972315470378,99.7055549621582,2577.0138931274414,10.399180592010081,4.8667701344150025,8.520670827229821,12.693716939290368,1011.5994498697917,15.319306034594774,31.56535219276945,225.04689280192056
2021-10-06,14.160546875000023,8.020013427734398,11.817898050944033,78.54027716318767,82.3958314259847,824.7847175598145,12.893930166518372,9.402158901801345,6.479361470540368,7.908085123697958,1014.7185188802083,26.979284840325516,96.55542504539092,392.3339036305745,13.486932373046898,8.162377929687523,11.806261952718122,79.7175931930542,93.14444382985432,2777.798629760742,16.190728343415277,9.281591642542159,6.545936838785849,8.12842712402346,1013.685224609375,25.755099043250084,102.35725770145655,353.23875109354657,14.244805908203148,8.147790527343773,12.010804748535179,79.08564647038777,86.0537036259969,469.395827293396,14.553297103644166,8.77194738990937,6.67145945231124,8.193613942464196,1014.3927571614582,25.62115401526292,96.42898317892104,372.4683720270793,14.984399414062523,7.990899658203148,12.067404683431013,78.56620343526204,89.2787028948466,2876.347236633301,13.868168607670272,8.672673953126619,6.61701354980471,8.118314361572288,1013.8778385416667,22.519635677337646,114.12259501218796,397.5219841003418,13.797479248046898,8.164056396484398,11.951923624674501,78.55555550257365,84.74027856190999,243.40972089767456,17.003851760825484,9.214328060763345,6.632956441243493,8.04255320231124,1014.12494140625,25.5096913749973,110.36215101803343,344.32710043589276,15.073266601562523,8.043511962890648,11.951678212483747,78.5046280225118,78.91481441259384,2679.6249771118164,14.944886484423586,9.66199842030648,6.47336095174154,7.9707021077474,1014.2934798177083,22.770210295915604,113.09503783720236,410.5526533126831,14.544854736328148,8.324975585937523,12.211076354980491,77.22453610102336,78.21666669845581,132.31249916553497,17.24713526612448,9.193402728064193,6.8299486796061615,8.01477711995443,1013.99349609375,22.590662350257237,118.60737016052008,335.3916498819987,15.022515869140648,8.237329101562523,12.046211496988954,77.47453737258911,82.12083367506663,1885.1528015136719,14.653691634578536,9.068813006819287,6.543027496337913,7.858266448974632,1014.74798828125,22.15178772310416,124.09581418583791,405.73109849294025
2021-10-07,17.352105712890648,6.299218750000023,10.805263773600283,60.09027862548828,3.1101851550629362,144.1666717529297,11.396119533738974,7.091027020219268,6.1292956034342865,2.9377367655436615,1018.3004915364583,11.773646831512451,178.87993919849396,365.49520953496295,16.451196289062523,6.013452148437523,10.548031107584658,61.044444719950356,0.41851851099636406,871.6666259765625,11.203329833436644,6.6805505823590465,6.417438761393271,2.970185852050804,1019.2830696614583,15.453975995381674,179.01477480928102,287.3749311765035,17.218316650390648,6.459191894531273,10.916886901855491,60.91712999343872,7.83981477158765,48.33333206176758,11.510779466765571,6.5646648155473,6.1761884053548215,3.268244679768884,1018.4737565104167,12.81148354212443,176.55159453550974,348.19041164716083,16.890039062500023,6.314782714843773,10.692554728190126,60.62083307902018,1.6537036611698568,518.4999847412109,10.539033824274293,6.587559858493702,6.385892486572288,3.0115269978841184,1018.5186100260418,13.738688488801321,179.33786913752556,318.3684989611308,17.331414794921898,6.757684326171898,11.04534810384117,60.034259955088295,7.086573973298073,0.3333333358168602,11.092714667126,6.971291945376868,6.247574106852255,3.1927848815918196,1018.43474609375,13.784223318099976,177.95083439350128,361.43201144536334,16.876519775390648,6.126855468750023,10.611033376057966,60.38888883590698,14.923611105885357,295.3333282470703,10.323253333767783,6.803430360760506,6.064959462483728,2.8479298909505246,1018.0185188802083,13.718536257743835,176.4291860560576,360.88202444712323,17.304101562500023,6.826470947265648,11.089130655924501,59.87592649459839,15.926852438637676,0.0,12.068008387294839,7.114696405838008,6.284126536051474,3.196974690755212,1018.0736002604167,13.331957519054413,173.45809279878935,369.1259512901306,17.237573242187523,6.501367187500023,10.867606099446638,59.79398155212402,21.008333469585825,178.3333282470703,10.138705132172236,7.282443079719066,6.145504252115927,2.9144442240397552,1017.896357421875,13.005154192447662,173.503647317489,369.45403416951496
2021-10-08,16.816369628906273,7.986474609375023,11.68635203043622,64.40555588404338,39.547223011652626,0.0,8.242553895893568,4.882975762490813,6.371210988362634,4.931567128499353,1021.3613509114583,9.525862311323484,166.05868658175072,297.96001895268756,17.388879394531273,7.714379882812523,11.619870758056663,61.58472235997518,24.336110830307007,144.1666717529297,8.847524883199464,4.513350046994255,6.653951263427757,4.136493937174521,1021.929443359375,6.5257328897714615,171.74606012304625,239.60701123873392,16.947869873046898,8.169458007812523,11.886135355631533,64.67407608032227,49.972222089767456,0.013888888992369175,7.716204967623566,4.851271721943434,6.42535298665365,5.1952313741048215,1021.3300325520833,7.199020152290662,169.099054073294,306.0335539976756,17.136224365234398,7.754113769531273,11.724558766682966,63.553703943888344,24.905555586020153,48.33333206176758,7.885280851328249,4.718778529061855,6.526266988118493,4.716461435953818,1021.59478515625,6.4907657106717425,172.90020594745874,268.01357952753705,16.691796875000023,8.154046630859398,11.867094930013044,65.82685200373332,46.420369585355125,0.03472222248092294,7.798056109945429,4.930249115905392,6.252140299479208,5.447682952880882,1021.4226302083333,7.751555025577545,167.1759478573998,332.7534311612447,17.034051513671898,7.741693115234398,11.630690511067732,63.60555553436279,45.343981901804604,0.3333333358168602,8.646814110103257,4.7039738059699925,6.658770497639978,4.65579503377279,1021.7176692708333,9.114417833586534,164.65694241722426,252.03045852979025,17.129541015625023,8.241998291015648,11.982029215494814,65.40231545766194,38.97638909022013,0.013888888992369175,7.770906999221691,4.7825516336633385,6.652712758382165,5.45185496012374,1021.2789127604167,7.948230445384979,169.08914950489998,306.698829015096,16.716821289062523,7.698693847656273,11.519499715169294,63.95925839742025,19.059722155332565,0.0,8.439143013986536,5.118531092238166,6.462630208333337,4.628301239013695,1021.4792805989583,10.316628475983938,170.32103666166464,270.15034631888074
2021-10-09,12.228601074218773,9.942681884765648,11.385341898600283,78.46435228983562,89.89907328287761,13.65972226113081,5.795851091323771,2.7700112282770255,3.7555480957031477,7.516913350423181,1024.23595703125,21.18832074602445,31.38351874705404,333.4255832036336,11.511895751953148,10.565087890625023,11.124509429931663,79.45879554748535,94.7393520673116,8.291666699573398,4.456457115909995,2.8928038914627394,3.3851053873698334,7.552681223551474,1023.8365169270833,20.8351016441981,21.52992625068873,273.72956959406537,12.414605712890648,10.253717041015648,11.56314620971682,77.74953715006511,91.53009271621704,15.833333313465118,5.1661620137820705,3.163336516481026,3.658162689209007,7.5355761210124115,1023.913837890625,19.964367926120758,37.6970175486058,373.54297773043317,11.976617431640648,10.296044921875023,11.3582219441732,80.61481507619222,94.39814885457356,11.409722276031971,5.974498938765979,3.111388934581166,3.5890861511230696,7.9614120483398665,1023.9879720052082,20.81122426191966,25.39648152515292,294.30583874384564,12.304742431640648,10.428186035156273,11.577082570393904,78.59722137451172,93.19305578867595,19.763888746500015,3.9411769719335203,2.652147263360974,3.702694193522177,7.726922607421898,1023.8494563802083,20.27233702937762,35.15703729353845,370.29601494471234,11.968225097656273,10.183343505859398,11.258955891927107,80.3583329518636,96.0064811706543,10.048611119389534,5.900392915377574,3.4326065809320756,3.6842882792155365,7.833748118082724,1024.18041015625,21.32926332950592,23.65327793204536,282.72926266988117,12.642602539062523,10.752221679687523,11.696851348876976,78.7888895670573,96.563889503479,32.75,4.497629444467328,2.852520356670879,3.5975039164225677,7.878479258219443,1023.917705078125,19.743747277806204,32.56735128226379,394.26280244191486,11.952203369140648,10.321069335937523,11.2593818664551,77.65092500050862,91.97824048995972,8.583333289250731,5.330238512202184,3.211981720817951,3.4840611775716184,7.251032765706384,1024.182099609375,21.11995479464531,29.253462949146826,328.91335105895996
2021-10-10,14.309503173828148,9.096459960937523,11.502177174886091,68.99722115198772,65.17361167569955,18.201389014720917,5.252909537995432,2.927110547239573,2.798195139567099,5.66800460815432,1021.787734375,8.085752050081888,127.22426063319047,438.70232160886127,14.572229003906273,8.645898437500023,11.373773193359398,70.05138953526814,59.423147320747375,18.243055284023285,4.928647088686668,3.1784014379530077,3.2679128011067746,5.736506398518884,1022.21169921875,4.35082175831,140.58107367902994,370.5259540081024,14.364373779296898,8.872674560546898,11.313523864746116,68.93287007013957,52.06574129064878,17.854166448116302,4.9602019968801345,2.9840776497320376,2.874823506673181,5.410932159423851,1021.6617024739583,6.253865818182628,144.78033160666624,425.87550099690753,14.807214355468773,9.240502929687523,11.528445180257185,68.12453730901082,57.905555049578346,20.583333492279053,4.425113203134745,2.901329588501539,3.3574806213379134,5.467397308349632,1022.482626953125,4.559230546156566,145.27944519122443,381.14333685239154,14.367547607421898,8.888940429687523,11.328790283203148,67.28333218892415,55.708334163490996,4.256944417953491,5.021514635420977,3.464266118925952,2.878400421142601,5.046339925130212,1021.7598372395832,7.261139025290807,139.84344379107156,452.4116623401642,14.527795410156273,9.107537841796898,11.423693593343122,68.55324061711629,50.458333778505526,24.819444060325623,4.791110115820184,2.3579305906450343,2.9400611877441634,5.447979227701865,1021.5742154947917,4.468341569105784,147.23737137019634,407.7012828191121,14.194451904296898,8.644433593750023,11.102777099609398,66.52500136693318,59.13101976085454,2.229166617617011,5.931253730094531,3.8210030925554137,2.784614817301474,4.608422851562523,1021.7566178385417,8.615134457747141,137.9718528216084,459.48600085576373,14.461114501953148,9.383294677734398,11.596941884358747,69.60740820566814,64.14305543899536,38.895833015441895,4.5470226223403785,2.7350634997009426,2.9797709147135834,5.877654012044275,1021.9003287760418,5.113802413145701,135.1310595770677,408.9686984221141
2021-10-11,15.167016601562523,5.787805175781273,10.074124908447288,58.2736120223999,21.84907437011134,1.5,6.789167841835549,4.8108914588942495,6.674661254882835,1.9158175150553802,1019.9887630208333,14.781509121259054,168.71595908453068,233.5488506158193,14.830224609375023,6.134332275390648,10.119070943196638,63.801851749420166,13.935648271813989,18.666666984558105,6.30169178386163,4.486328928567129,5.561530049641931,3.276203409830771,1021.0235514322917,14.843462824821472,166.57525775333247,271.723504781723,15.317956542968773,5.969567871093773,10.202691650390648,59.52083476384481,26.822685042396188,0.0,6.886806839324377,4.725283966843711,6.817522939046228,2.340468343098962,1020.0685481770832,13.614404519399008,168.2475943515698,232.98456406593323,14.868249511718773,5.901818847656273,9.94415181477867,60.74536927541097,9.820833644519249,18.16666603088379,6.858481420440602,4.565679326934377,5.680458323160849,2.4199246724446652,1020.5217513020833,14.598475416501364,170.2640388906002,262.14346957206726,15.337548828125023,5.821313476562523,10.13101730346682,56.4532413482666,32.04953694102975,0.0,7.051167424199979,4.572445078915371,6.957765197753929,1.4189684549967865,1020.19701171875,15.111136078834534,167.81916350374618,222.20816024144492,14.883325195312523,5.895410156250023,10.029673512776716,61.32638820012411,29.67175925336778,4.5,6.75871347427024,4.681425708962309,5.9220812479655365,2.664740498860681,1019.9231119791667,14.131940325101217,167.08920557051897,258.1576862335205,15.583276367187523,5.882409667968773,10.238727823893251,55.91203753153483,29.42222198843956,0.0,6.788005686353324,4.773784473223752,7.1524215698242415,1.3982953389485715,1020.2448404947917,14.414510329564413,168.93092491477728,217.19712754090628,14.826440429687523,5.611352539062523,9.859878794352236,59.69120454788208,17.843981739288818,2.4999999403953552,6.590273691282204,4.659398062922899,6.145239766438806,2.0812380472819427,1019.84587890625,15.420889099438986,170.09774034221968,244.30395142237344
2021-10-12,15.710565185546898,7.059747314453148,10.869023895263695,56.410186449686684,62.7407408952713,0.0,7.752361392203892,5.140322031847708,6.410712178548181,2.227204895019554,1016.4076985677083,9.051143983999888,161.1094247897466,254.56301609675089,15.658502197265648,7.789605712890648,10.967009480794294,55.33425998687744,64.37129753828049,1.5,7.7390305717338626,4.819707199498297,5.748438771565759,2.0632568359375227,1016.0940625,6.761223832766215,162.3910557217896,288.19918664296466,15.599938964843773,6.935235595703148,10.753527577718122,55.70601797103882,54.30138869086901,0.0,7.524531827541502,5.293965549340065,6.197066243489587,1.9811035156250227,1016.4749739583333,9.512535611788431,163.1422066775461,266.89798100789386,15.284051513671898,7.008447265625023,10.551946258544945,57.69768524169922,46.259259263674416,0.0,7.994593119599634,5.041365058921179,5.803127543131552,2.2887308756510834,1016.0831803385418,9.932105044523874,165.8677798844874,277.5742070674896,15.461114501953148,6.966516113281273,10.662018076578798,54.61250146230062,56.715740442276,0.0,7.751540569100589,5.330072501558963,6.120388285319052,1.6290590922038177,1016.6482747395833,11.024755756060282,158.15498022238413,273.3238951365153,15.530999755859398,6.826928710937523,10.697632090250673,55.18750031789144,56.61249895890554,0.0,7.781894313426957,5.022014897642933,6.287758127848349,1.7282908121745209,1016.2405501302082,8.981517016887665,164.12756177286306,254.49459449450174,15.555688476562523,7.125268554687523,10.770051574707054,54.36805534362793,59.57222278416157,0.0,7.569034393187925,5.41272886600004,6.14134241739913,1.6813229878743527,1016.5009928385417,10.633744498093924,157.37772039075693,278.057466506958,15.569635009765648,6.846398925781273,10.688713328043642,55.59675852457682,55.44536964098612,0.0,7.905182658600509,5.149177773103703,6.323406473795615,1.8270876566569427,1016.3118587239583,9.422309875488281,162.12486956020197,249.66884883244833
2021-10-13,16.683343505859398,6.935479736328148,10.878371175130232,58.45046250025431,6.857407633913681,0.0,9.610684725569632,6.340169856194912,4.989686584472679,2.5674860636393646,1017.498701171875,8.874172369639078,164.84139054641128,355.29910405476886,16.838891601562523,6.778192138671898,10.78382008870445,57.10555553436279,5.407870519906282,0.0,10.786629664904675,6.348719395613486,5.390632883707724,2.115028635660849,1016.4142057291667,10.120301087697348,164.5542198282977,352.59686183929443,16.320764160156273,6.965966796875023,10.858018493652366,58.86111148198446,26.121759571135044,0.0,9.73309963096783,6.0262754207729365,4.9490765889485715,2.6522626241048215,1017.3534114583333,9.68347156047821,156.59857108816504,350.68615945180255,17.345147705078148,6.835229492187523,10.96958948771161,55.98194456100464,7.777777863045533,0.0,10.629771216474854,6.745181065290389,5.269349670410179,1.9231671651204465,1016.26091796875,7.659677604834239,165.62088929240903,389.1025279362996,16.264245605468773,6.965936279296898,10.758229827880882,59.29120286305746,23.20416696369648,0.0,8.917844204198984,6.130721920728939,4.87488708496096,2.6619506835937727,1017.6791796875,11.231782366832098,154.7572087670366,355.77979977925617,16.928552246093773,6.802331542968773,10.812548573811872,56.71944443384806,6.478703687588374,0.0,10.67295370251921,6.4132098318762365,5.090763346354208,2.0395802815755246,1016.9175325520832,8.548428257306417,164.5219265036285,347.53188101450604,16.439721679687523,6.960412597656273,10.785980478922548,59.000463008880615,28.523610879977543,0.0,9.02873267671854,6.366277912988234,4.949171956380212,2.611775970459007,1017.5180598958333,11.210390309492746,155.02831262598434,355.2145986557007,16.683343505859398,6.713525390625023,10.758234914143904,57.56620248158773,4.7708334277073545,0.0486111119389534,9.097514838850108,6.657250474350331,4.863678232828818,2.210267639160179,1017.4927962239583,9.474188009897867,165.41161246349415,378.86942831675213
2021-10-14,13.981072998046898,5.855615234375023,9.403995768229189,57.17916711171468,15.490277965863546,0.0,9.143365199862195,5.741810902544863,2.9492825826009152,1.0397672017415402,1023.5088509114582,17.02650781472524,160.49653303499022,360.4754050572713,14.143151855468773,6.198785400390648,9.724485015869163,58.00972207387289,20.521759510040283,0.0,9.54507277590746,5.760999068172299,2.8958374023437727,1.566896057128929,1023.4340690104167,14.213574806849161,158.18766945476332,383.4209806919098,14.005761718750023,5.758081054687523,9.409861501057966,56.707407315572105,11.932407441238562,0.0,9.258462586167093,5.634905553917625,2.917263285319052,0.9224487304687727,1023.7518587239583,16.504579464594524,160.71498302121958,353.7357448736827,14.194146728515648,5.858880615234398,9.661587015787783,58.309258778889976,17.867129464944203,0.0,9.39116674469961,5.680165525875367,3.2275939941406477,1.5691340128581146,1022.8295540364583,14.219143450260162,160.04903701444468,370.10109933217365,13.810479736328148,5.658197021484398,9.257356262207054,56.629167238871254,14.840740844607353,0.0,9.390196483129742,5.723797313347404,2.628157552083337,0.7654014587402571,1024.0334342447918,17.621143698692322,159.8566881728669,381.8685170809428,14.231958007812523,6.091241455078148,9.66851704915367,57.78842639923096,19.95879665017128,0.0,9.085310650150157,5.448138625230993,3.0514808654785384,1.4547910054524777,1023.7692447916667,13.230439901351929,159.92424489930272,353.6636773745219,13.854638671875023,5.735681152343773,9.242567952473982,55.75601847966512,13.434259206056595,0.0,9.754424187054386,5.9537454253495286,2.7318664550781477,0.5031461079915402,1024.0330240885417,17.95907719930013,160.16700418914357,389.17299032211304,14.093591308593773,6.071130371093773,9.552125549316429,57.468982219696045,13.249999796350798,0.0,9.006211166916136,5.678852463794222,2.916408793131552,1.2493733723958371,1023.60255859375,15.297147691249847,160.4654991912345,360.48091554641724
2021-10-15,14.146966552734398,5.820855712890648,9.53824386596682,66.5949068069458,50.053704619407654,0.0,5.969560046539376,4.429646016285846,4.347890472412132,3.2851259867350677,1019.6976627604167,10.33029188712438,150.13085259869695,273.37088282903034,14.296411132812523,6.200860595703148,9.858335113525413,68.45740683873494,64.13101913531621,0.0,5.714547701813457,4.456184381682454,4.457794443766318,3.9910090128581146,1020.0641145833333,9.239760200182596,150.05740727856755,281.5442476272583,14.249993896484398,5.859277343750023,9.665302530924501,67.67592573165894,30.25648186604182,0.0,5.774368991057634,4.430789413967269,4.591986592610681,3.664778645833337,1019.4572233072918,9.538356383641561,156.88461066906652,276.15789103507996,14.271356201171898,6.137231445312523,9.810862477620466,68.11527729034424,45.11666615804037,0.0,5.66554340217702,4.5172059891837515,4.130673980712913,3.8488492329915402,1019.4733430989583,9.701101606090864,152.10990515351295,290.8627807299296,14.325189208984398,5.771539306640648,9.630877431233747,67.37175846099854,28.69074077407519,0.0,5.612959129389458,4.371264752403428,4.708314514160179,3.5697303771972884,1019.448251953125,9.88913713892301,156.9434065980216,270.78544481595355,14.224389648437523,5.822045898437523,9.640323893229189,67.443519115448,30.000462969144184,0.0,5.8430237776802505,4.522685257122991,4.1520248413086165,3.518830871582054,1019.5698177083333,10.029797534147898,158.06748091429472,284.01080560684204,14.441796875000023,5.942315673828148,9.807234700520857,67.88796202341716,24.888426224390667,0.0,5.631798956587802,4.404590381355935,4.9246142069499115,3.8442741394043196,1019.3279654947917,8.738105922937393,157.69590776786208,267.3084614276886,14.315637207031273,5.830834960937523,9.61957956949872,66.82963021596272,37.80787035822868,0.0,5.8235074439033845,4.476321390176225,4.222591654459677,3.3825724283854584,1019.761318359375,10.076205879449844,156.47996128350496,280.2847617467244
2021-10-16,16.308374023437523,7.966302490234398,11.463838195800804,62.833333333333336,49.966203371683754,0.0,5.667429676311943,4.311238624990167,6.4822008768717865,4.268914794921898,1018.6699544270833,1.0048555334409077,152.31750234837332,245.14843225479126,16.242395019531273,7.443719482421898,11.104868825276716,60.813888708750405,46.91574106613795,0.0,6.286753314098428,4.527218358063361,6.046355183919275,3.426545715332054,1018.9834765625,2.6424624919891357,153.18525983331105,255.60642504692078,16.457910156250023,7.863244628906273,11.493377939860048,62.4555549621582,44.86388945579529,0.0,5.635396177680982,4.332647202498591,6.518262481689476,4.197768147786462,1018.7833951822918,1.1243958870569866,153.51444563145438,253.7379834651947,16.428399658203148,7.380487060546898,11.159045155843122,62.59953864415487,38.91527740160624,0.0,5.942924547269879,4.347755096732924,6.383562978108728,3.8884559631347884,1018.75701171875,2.3457352916399636,153.3697036250184,240.92170985539755,16.126977539062523,7.661096191406273,11.25797805786135,63.016204039255776,35.95370375240842,0.0,5.817878896467596,4.311317747548816,6.351111348470056,4.10017038981124,1018.9382975260418,1.881941556930542,154.01838527061045,252.1816554069519,16.383355712890648,7.561090087890648,11.278989410400413,62.378703594207764,35.92916668454806,0.0,5.775068992764722,4.274183809149971,6.357874806722009,3.9524093627929915,1018.9032389322917,1.6230731010437012,153.69989364780486,248.06168174743652,16.143090820312523,7.638940429687523,11.255339558919294,63.506944020589195,34.21620306869348,0.0,5.9497056057223965,4.157366071560087,6.398010508219443,4.202325439453148,1018.7768815104167,1.6759294271469116,153.9355939204494,247.3508907953898,16.305566406250023,7.613671875000023,11.333880360921247,62.686111768086754,41.87083297967911,0.0,6.014894889671624,4.327682938027032,6.310456848144554,4.095057423909509,1018.718857421875,1.3490242063999176,153.08858936466277,253.0553568204244
2021-10-17,16.394433593750023,7.760522460937523,11.478645579020204,67.44027646382649,5.7625001693765325,0.0,6.6895816081180275,4.617071993104422,5.803016916910849,5.216814931233728,1020.59685546875,2.9345360596974692,152.29009423901638,261.7618678410848,16.001031494140648,7.691186523437523,11.292658742268904,68.47685225804646,11.349999808085462,0.0,6.138735094687671,4.401680284393287,6.009240722656273,5.3131945292155365,1021.1052278645833,5.577342520157496,148.07873934755722,252.70246124267578,16.409295654296898,7.774407958984398,11.476857757568382,67.8013900121053,4.705555561309059,0.0,6.769183223164975,4.6869051718877,5.899748738606775,5.28985493977865,1020.519296875,2.8154428203900657,152.31069137901068,258.03245369593304,16.134332275390648,7.612207031250023,11.283804829915388,67.27916669845581,12.077314737563333,0.0,6.157678715800763,4.396699719276195,5.8883224487304915,5.0500287373860715,1020.9288313802083,4.798093110322952,149.60537292808294,257.8376837174098,16.327722167968773,7.634423828125023,11.369524892171247,66.68055486679077,5.671759150767078,0.0,7.060924197810162,4.867834969508412,5.765997823079431,4.9404286702474,1020.7188346354167,3.4276052018006644,152.9011264120539,261.5745356082916,16.131066894531273,7.614923095703148,11.28711853027346,67.09259303410848,7.294444377223651,0.0,6.136998455363568,4.496917660401197,5.925575510660849,4.987308756510458,1020.9182486979167,3.714686999718348,151.22494048128524,253.3573670387268,16.378747558593773,7.603387451171898,11.377706146240257,65.67314910888672,2.6685185794097683,0.0,7.115463232347461,4.890452849319396,5.896105702718103,4.745145416259788,1020.5508626302083,3.4249813656012216,153.13862914592028,256.0598759651184,16.427758789062523,7.737115478515648,11.455882008870466,66.70138883590698,8.424074141929546,0.0,6.390632330059,4.56070341738669,5.998506164550804,5.04069544474288,1020.7917805989583,2.9793617129325867,152.30533523112535,255.74538977940878
2021-10-18,17.059106445312523,8.817407226562523,12.263162231445335,65.97824160257976,68.24027832349141,0.0,5.82509551644775,4.073088839515003,7.887439982096396,5.757362620035849,1023.5211946614583,-0.18562060594558716,145.77212911689034,211.166229168574,16.972619628906273,8.841302490234398,12.31802902221682,67.23101727167766,54.4953700552384,0.0,5.674238449922467,4.088874254340072,7.570948537190759,6.066167449951195,1022.6620638020833,0.09937079747517903,147.54253712731102,227.5035880804062,17.036584472656273,8.776574707031273,12.269785817464216,65.33055702845256,60.20370374123255,0.0,5.982068253710953,4.192304506479427,7.884116109212243,5.612248992919945,1023.5514778645833,-0.38073190053304035,147.87990607662746,214.0758731762568,16.971490478515648,9.477624511718773,12.426433817545595,67.99814748764038,60.526851733525596,0.0,5.5116807794984455,3.869863167596138,7.516461944580101,6.344702657063806,1022.7447265625,-1.2064642906188965,148.20364681258798,233.54441920916238,16.772241210937523,8.385278320312523,12.001148478190126,64.20555686950684,55.575462974607944,0.0,5.906931523129278,4.1439583819572325,7.710881805419945,5.090699768066429,1023.971591796875,0.2903661827246348,149.71118504119417,220.59555792808533,16.949243164062523,9.218957519531273,12.312945302327497,66.53333346048991,72.37268527348836,0.0,5.610816221787834,3.964039014974096,7.700407918294275,5.93134714762374,1023.22943359375,-1.0246051947275798,143.78666449027756,216.29271964232126,16.807763671875023,8.460321044921898,12.029326375325544,64.2490743001302,58.67685194810232,0.0,5.924953453812106,4.192889821518207,7.690436299641931,5.135275777180993,1023.9522916666667,0.42041568954785663,148.2702230286474,221.24239548047385,17.005548095703148,9.007470703125023,12.267666117350283,65.39537143707275,63.25509322186311,0.0,5.779950380836692,3.9902593706749876,7.9034833272298215,5.6281054178874115,1023.3351725260417,-0.6741803487141927,146.65238921778896,209.8031895160675
2021-10-19,16.094445800781273,9.207269287109398,12.284636433919294,69.63194465637207,83.80879592895508,0.0,5.759012164950858,3.9672186221217736,8.580696360270224,6.60324376424154,1027.4834733072917,6.500526989499728,99.01061197246115,167.2351812918981,16.270776367187523,9.483422851562523,12.356216684977236,70.6351858774821,91.36435238520305,0.0,5.5534097528999675,3.8455291560608225,8.594080861409509,6.939876810709677,1026.911396484375,5.086510876814525,100.69505465154846,154.10923449198404,15.829583740234398,9.142327880859398,12.151595052083357,70.07361157735188,82.86342589060466,0.0,5.565824758450637,3.890768100784564,8.5919013977051,6.610598500569665,1027.42078125,6.373452328145504,100.00650148248921,158.13763626416525,16.479211425781273,9.687280273437523,12.523940022786482,69.84676011403401,89.05185174942017,0.0,5.901418410211633,4.019766487328222,8.557363128662132,6.908298746744833,1026.9836783854166,4.2323523710171385,106.83288775353383,175.438587586085,15.966607666015648,9.083337402343773,12.16946690877281,69.67314831415813,88.14166720708211,0.0,5.7218950678159475,3.8310608871482383,8.559814707438193,6.539893086751306,1027.6431217447916,6.413043320178986,100.4029210076357,164.31367588043213,16.242303466796898,8.945336914062523,12.138541158040388,69.37823979059856,77.47175912062328,0.0,5.8212674628250785,4.126150996928172,8.622486368815146,6.413336690266931,1027.358173828125,6.630945752064387,106.47401981738706,165.8360855182012,16.372216796875023,9.009698486328148,12.262626902262392,67.26712958017985,89.94305531183879,0.0,5.90777190365009,3.972185352055544,8.663649495442712,6.106988525390648,1027.5269661458333,4.193588977058728,115.17451697867364,175.9215604464213,16.347039794921898,8.934167480468773,12.345245615641298,68.90925979614258,80.88425922393799,0.0,5.84883762728455,4.012185192178223,8.531825002034509,6.505183156331384,1027.5787923177083,3.8237267335255942,109.43781390072157,170.9565667708715
2021-10-20,14.549584960937523,9.093225097656273,11.827570851643904,76.09629487991333,68.43611081441243,0.9861111184582114,5.308436423787281,3.2253349372119935,6.482330576578818,7.6165875752766965,1024.7428483072918,9.546538432439169,60.708407913024224,135.16845083236694,14.127465820312523,9.197015380859398,11.754986063639345,76.7564811706543,69.10370389620464,0.9027777826413512,5.6631168535582415,2.9811583356560276,6.492335255940759,7.682693735758505,1024.5874055989582,11.105191407104334,53.45520385851463,118.20760520299275,14.578515625000023,9.116174316406273,11.862573242187523,75.5125002861023,71.11898136138916,1.3055555392056704,5.289424478486071,3.160717123150839,6.4987719217936615,7.536486562093103,1024.791259765625,9.816910445690155,60.953168097728245,135.46009731292725,14.142968750000023,9.105523681640648,11.658306376139345,77.11759281158447,69.24166599909465,1.375000050291419,5.864571439290844,3.0793285738536813,6.513655598958337,7.656613922119163,1024.6470735677083,11.231991390387217,54.35814857700219,119.28180845578511,14.267114257812523,9.290795898437523,11.794206237792991,77.09073988596599,65.55925909678142,1.7777777728624642,5.341495020910002,3.207805627382498,6.551639811197958,7.786834971110068,1024.7573697916666,10.650295555591583,50.8189265060549,116.64931678771973,14.365777587890648,9.131982421875023,11.759334818522158,76.53703721364339,68.05324045817058,1.194444433785975,5.747219804255233,3.207647062629526,6.4368085225423215,7.632587687174521,1024.888935546875,9.977394118905067,59.69899974623695,127.85806488990784,14.623681640625023,9.213128662109398,11.884773508707704,76.68981552124023,64.00416680177052,2.1458333367481828,5.008037405173689,3.2913714637557043,6.6690167744954465,7.785688018798851,1024.61330078125,10.107561767101288,58.62701737321913,131.37741804122925,14.319055175781273,9.265039062500023,11.794390614827497,76.18148024876912,71.65555504957835,1.3333333535119891,5.427587068916245,3.1718961538166943,6.523194885253929,7.6099716186523665,1024.6693977864584,10.931767908856273,53.170592644096665,121.36887272198994
2021-10-21,15.027795410156273,10.733605957031273,12.294428761800154,89.31851736704509,78.50185191631317,130.2569444179535,4.315688868183177,2.9154397182871983,6.537637329101585,10.502651468912802,1014.664677734375,0.8028782904148102,75.48664779464404,191.60194989045462,14.149774169921898,11.481927490234398,12.406667327880882,89.97083282470703,99.38379669189453,98.89583426713943,2.6469213844107924,2.048042853279524,6.439614868164085,10.73858540852865,1014.6866276041667,1.4607811570167542,44.84131448467573,185.42856526374817,15.027795410156273,10.735925292968773,12.309757486979189,89.64444351196289,78.86898199717204,158.06249904632568,4.699506757099721,3.0187233544675465,6.629810587565146,10.562566375732445,1014.5608138020833,0.42539192239443463,70.24411110083263,194.31900493303934,13.961114501953148,11.451196289062523,12.314881896972679,89.77453708648682,99.80648199717204,115.95833432674408,3.4293618299239395,2.1632304563474567,6.33175938924154,10.603286997477255,1014.8782975260417,1.9371742283304532,42.61890878280004,182.7239899635315,14.763146972656273,10.427178955078148,12.085224405924501,90.45509147644043,77.62824059526126,143.49999952316284,5.731968252488795,2.8081225328046933,6.594496663411462,10.496734873453818,1015.01091796875,2.3945483900606632,67.0333502093951,176.64068686962128,14.361077880859398,11.394677734375023,12.497037506103538,87.25509325663249,99.21666622161865,107.39583373069763,4.33389765314216,2.4030749835963636,6.300768788655603,10.313161468505882,1014.74486328125,-1.3928104142347972,55.880035738150276,216.99874981244406,14.927789306640648,10.633264160156273,12.196195220947288,90.77083524068196,77.38240760564804,136.17361176013947,5.310318787620707,2.619446175419805,6.6220019022624115,10.666220601399743,1014.720322265625,0.7119299620389938,65.57011238733928,165.83770656585693,14.836694335937523,11.376306152343773,12.42288996378583,88.4231481552124,91.817129611969,110.34027767181396,4.189833029214059,2.861621762539418,6.320581054687523,10.46785380045577,1014.4576790364583,1.6852521946032841,64.1728522380193,204.8640160560608
2021-10-22,17.148889160156273,7.764001464843773,11.719950612386091,65.28518486022949,11.305092741114398,132.1666717529297,8.396894190127648,5.864487544840833,7.618604278564476,4.909120178222679,1016.5509895833333,4.413060903549194,141.43022464743504,208.49963410695395,17.392266845703148,8.027795410156273,11.932988739013695,66.42083358764648,19.014814690997202,159.33333206176758,9.514062649272235,5.436690905373562,7.57902552286788,5.300986226399743,1015.0640299479168,2.9715404907862344,140.20285184215754,216.75365074475607,17.256372070312523,7.872216796875023,11.79559224446617,65.32962862650554,4.86111128454407,32.499999046325684,8.78570857483536,6.006965551249155,7.921050008138025,4.995069122314476,1016.0620182291667,4.823345343271892,141.6794966760402,203.02526783943176,17.209741210937523,7.885034179687523,11.847426350911482,66.95509227116902,14.49629604575845,190.5,8.636039563314393,5.591432385248635,7.676777140299521,5.371523793538415,1015.868623046875,3.3846166531244912,141.38055045437068,202.23138976097107,17.289666748046898,7.755273437500023,11.761795298258486,65.49675846099854,1.6981481756083667,0.3333333358168602,8.510272561094984,5.861654335634661,7.544632212321005,4.960321044921898,1016.2029915364583,4.361467440923055,141.44231405605873,213.3012913862864,17.068170166015648,7.783349609375023,11.694043731689476,66.95879650115967,5.428703703451902,170.16666412353516,8.186914058634029,5.473429173854288,7.558399454752646,5.2484120686849,1016.7366438802082,3.1978057622909546,140.9261443518723,199.31500927607217,17.336968994140648,7.683374023437523,11.72732823689781,64.773610273997,0.7412037023653587,0.0,8.856383208364507,5.912678437276289,7.606998697916708,4.750587717692099,1015.9760286458333,4.637023250261943,141.96685209621987,216.81795076529184,17.430596923828148,8.138696289062523,11.99271163940432,67.55416615804036,8.983333446861556,163.6666717529297,8.037793460428826,5.546155181190723,7.705237325032556,5.6562057495117415,1016.3119596354168,2.023352007071177,140.4740197562302,205.30018532276154
2021-10-23,16.455682373046898,7.241662597656273,11.278906758626325,59.63101784388224,1.3370370209837954,3.4999998807907104,9.194229428042947,5.981377729634346,6.820752716064476,3.442519124348962,1022.2030631510418,8.074665745099386,138.80826205713674,223.44213982423148,16.330895996093773,7.372186279296898,11.252033487955751,61.06990750630697,0.4754629697029789,132.1666717529297,8.7778188833472,5.970208697482238,6.61175435384115,3.764717356363974,1022.1198177083332,7.469255566596985,138.95648275517547,230.3199470837911,16.378198242187523,7.172235107421898,11.18690134684247,58.91574048995972,0.4944444485396768,0.0,9.050072611106435,6.001164974407846,6.815211232503259,3.1749600728352902,1022.234140625,8.45447035630544,139.82183427317068,218.12270212173462,16.538873291015648,7.305993652343773,11.31216964721682,59.93148152033488,0.2870370429009199,32.499999046325684,9.088905999210693,6.133069921115779,6.77627843221029,3.5356842041015852,1022.32955078125,7.486667672793071,138.9017060866269,230.42307345072427,16.262078857421898,6.984796142578148,11.074985758463564,58.197686195373535,3.414352028630674,0.0,9.25565357441233,6.193415999515686,6.771227773030603,2.9061218261718977,1022.2982877604168,8.957081834475199,138.85944957239553,217.1481970945994,16.445153808593773,7.372186279296898,11.338073984781923,60.105092684427895,0.22222222201526165,0.3333333358168602,8.976654978038521,5.996286187794659,6.628210957845056,3.5981562296549896,1022.2844596354167,7.306146423021953,138.76870301070934,226.9860431353251,16.119866943359398,6.859307861328148,10.966204579671247,57.38842741648356,4.768055432088052,0.0,9.088965429306793,6.138882839948283,6.736484781901083,2.583942667643271,1022.23939453125,9.792565623919169,138.71370016240203,214.68262791633606,16.435113525390648,7.320794677734398,11.27604446411135,59.01203695933024,1.7143519138917327,0.0,8.930786593470433,5.993197123169604,6.739088948567712,3.2673380533854584,1022.001591796875,7.628011147181193,139.3689259161862,221.6167813539505
2021-10-24,15.814874267578148,8.261102294921898,11.069643910725935,64.32546265920003,32.732407715792455,0.0,8.474489095559711,4.841152127415402,5.284655507405603,4.43137130737307,1027.1826595052082,6.085503240426381,118.01999847094218,230.14798923333487,15.517633056640648,9.050012207031273,11.30021692911786,68.54305521647136,33.24861008642862,4.083333268761635,7.906678158184167,4.742135665281981,5.117710367838583,5.569567616780603,1026.678671875,5.90935410388435,108.02564732233684,220.29859125614166,16.100640869140648,8.421655273437523,11.217154439290388,62.87824010848999,25.757869506138377,0.0,8.568822982260276,4.540230959826499,5.177723185221396,4.215679423014365,1027.2307975260417,5.619783639907837,119.28249581654866,240.9454006354014,15.521661376953148,8.216668701171898,11.041683451334658,66.6083312034607,18.04814786463976,0.0,8.030859320928482,5.000470388187739,5.485585784912132,4.896929677327478,1026.8297884114584,7.053273955980937,120.82092475891113,218.7360693613688,15.774957275390648,8.161126708984398,10.987931823730491,63.42592604955038,34.50833420595154,0.1111111119389534,8.339887580641262,4.482343608688331,5.135219828287802,4.1437609354655365,1027.3396647135417,6.778823286294937,110.8133157491684,224.70099850495657,15.970544433593773,8.852807617187523,11.36144917805992,64.36851898829143,26.300462804734707,0.0,8.010552955197092,4.421535060646891,5.478787994384788,4.667043304443382,1027.1236165364583,3.4576391776402793,129.4657414754232,258.5150678952535,15.705102539062523,8.238061523437523,10.962675984700544,62.51018635431925,44.63657446593667,0.3333333423361182,8.449404771264142,4.448728831495708,5.242306009928427,3.8814992268880246,1027.1942610677083,7.136784310763081,109.87029711405437,228.86151790618896,15.727807617187523,8.905541992187523,11.351647949218773,65.17962948481242,41.00416690177129,0.5138888931833208,7.825664721297661,4.325570447144456,5.1557543436686615,4.880619303385458,1027.21013671875,3.8085283637046814,116.55462956428528,257.39403772354126
2021-10-25,14.292840576171898,8.508752441406273,10.685995992024763,65.97037013371785,86.9384258588155,2.0000000596046448,5.085246080905036,3.348901883355237,6.730401611328148,4.414547220865927,1023.4158138020833,14.896819631258646,77.13629738489787,154.8417477607727,15.453637695312523,8.538049316406273,11.098855590820335,66.32453648249309,89.98935238520305,0.0,6.141526017606357,3.6561778354533083,7.253238932291708,4.816522216796898,1023.896552734375,6.93194595972697,115.61397870381673,189.67663208643594,13.861108398437523,8.318658447265648,10.4682072957357,65.34953753153484,89.24907398223877,0.0,4.937675056811489,3.0747796286825113,6.805973307291708,4.063484446207724,1023.5962760416667,14.595874605079493,76.35685237248738,155.73615368207297,15.170159912109398,7.693811035156273,10.656779225667341,64.23564783732097,84.77546270688374,0.0,6.620549918049453,3.976311796475398,7.519971466064476,3.883185323079431,1023.6120052083332,12.267272492249807,103.70083077748616,167.6394809881846,13.683862304687523,8.297143554687523,10.407256062825544,67.53888765970866,78.92777836322784,0.0,5.274845690517799,3.459210414795622,6.8195905049641965,4.426021830240927,1023.575888671875,12.39522232968981,92.97064781188965,186.91244991620383,14.770257568359398,7.409936523437523,10.308174387613954,63.59490696589152,80.15879678726196,0.1666666679084301,6.262035604562178,4.104440793242458,7.532746887207054,3.434528605143271,1023.566064453125,12.99162021279335,104.19972308476765,147.49181016286215,14.530297851562523,8.334649658203148,10.606398518880232,67.5972220102946,76.51898088057835,0.0,4.873265968036722,3.468567845136063,6.703757222493493,4.592586771647177,1023.5076920572917,9.702656100193659,109.70398338635762,216.6763174533844,14.001977539062523,8.910577392578148,10.858631388346376,63.25509373346964,99.75185203552246,0.5000000149011612,6.020702175410349,2.9803259486443126,7.6209948221842865,4.020655568440759,1023.2209407552083,13.70593711733818,62.357590993245445,143.28185923894247
2021-10-26,14.858789062500023,6.792321777343773,10.118178304036482,67.05925941467285,41.137036894758545,0.0,4.807785531566516,3.564924745641012,7.084316507975302,3.9783505757649777,1022.1958756510417,9.823871692021688,123.23833258946736,172.33049734433493,15.469323730468773,6.896844482421898,10.438720957438173,60.855554739634194,26.577777369879186,2.0000000596046448,5.368037071413619,4.102947774502372,7.036856587727868,2.896816507975302,1021.4655696614583,6.876752197742462,128.43343051274618,175.61487197875977,14.869897460937523,6.537774658203148,9.956052398681663,66.62360986073811,35.498611107468605,0.0,5.360039541171318,3.8848177001871975,7.071130371093773,3.6957145690918196,1022.3230143229167,10.123135129610697,124.74259010950725,164.1991994380951,15.170739746093773,6.920770263671898,10.237222290039085,61.7185173034668,30.20138951142629,0.0,5.416837895828044,3.8269841620951435,7.438423411051474,2.9331642150879134,1021.750244140625,7.91226593653361,130.28907553354898,178.06023184458414,14.794183349609398,6.215936279296898,9.832416788737001,67.94027868906657,22.953704153498013,0.0,5.336071389334818,3.8435797323381835,6.888004557291708,3.8470677693684934,1022.3524283854167,9.435527284940084,128.16185442606607,171.56804831822714,14.883508300781273,6.570947265625023,10.052026367187523,65.23981507619222,24.831943780959893,0.0,5.139867743124988,3.7328099457430617,7.332620239257835,3.526972707112634,1022.0235611979167,8.224239945411682,131.03796354929605,170.846320549647,14.904107666015648,6.370843505859398,9.951104736328148,68.54629627863567,32.397222047050796,0.0,5.14666232406913,3.892179337691948,6.918688710530603,4.091579691569052,1022.067490234375,8.934949159622192,126.75527699788411,172.14423179626465,14.865075683593773,6.738885498046898,10.109773254394554,67.16064834594727,27.073148348679144,0.0,5.102575016563289,3.6479272597468424,7.079273478190146,3.9895670572917084,1021.97220703125,9.605046490828196,130.4024078051249,180.6910835901896
2021-10-27,16.480279541015648,7.166528320312523,10.976899719238304,63.222686449686684,1.95416670331421,0.0,7.032028097128979,4.3993149888474585,6.136734263102255,3.8190640767415402,1025.5602571614584,3.1859479546546936,129.17546399434408,185.45783213774362,16.154351806640648,7.491113281250023,10.99369583129885,62.43888854980469,48.62500011920929,0.0,6.627131052588197,4.214897520733306,6.4638661702474,3.6996767679850677,1025.7993001302084,3.9217694997787476,125.99527661005656,167.96548330783844,16.178887939453148,7.037042236328148,10.799479420979841,65.23379516601562,4.398611069191247,0.0,6.580818866394782,4.160890770204175,6.139316813151083,4.157769775390648,1025.7602408854168,3.0796599984169006,128.88487275441489,171.49694859981537,16.066735839843773,7.154229736328148,10.801460520426454,62.84027814865112,3.8796295995513597,0.0,6.514984439262951,4.465993227402427,6.10599034627279,3.5949010213216184,1026.0252897135417,4.122905910015106,129.26463063557944,177.7052791515986,16.229516601562523,7.197137451171898,10.840740458170595,61.850926558176674,11.741203665733337,0.0,7.106177407212931,4.367144800016516,6.413327789306663,3.427888488769554,1025.6311588541666,3.746486703554789,129.44174162546793,171.74867033958435,16.232720947265648,7.165399169921898,10.877412414550804,63.696759382883705,14.500000337759653,0.0,6.6325268620220665,4.500514205496437,6.408953603108728,3.874622599283896,1026.0209635416668,3.036100447177887,129.105073928833,168.82292739550272,16.276055908203148,7.232934570312523,10.828042602539085,62.10787057876587,14.75555550881351,0.0,7.052627366483721,4.324149014322689,6.291682179768884,3.4577499389648665,1025.514423828125,3.6927476127942405,129.18585427602133,169.9449315071106,16.145623779296898,7.214654541015648,10.88363927205406,63.96805461247762,3.4037036957840123,0.0,6.652154895706958,4.376045407325548,6.214527384440146,3.9390719095866302,1025.4652897135418,3.2795254588127136,129.10766442616782,176.83962086836496
2021-10-28,16.098992919921898,7.501855468750023,10.942037200927757,63.11203670501709,17.056944362974416,0.0,6.783120047408521,4.689309829764505,7.460248565673851,3.814252471923851,1022.907294921875,5.958062609036763,128.4430367151896,165.85475317637125,16.278924560546898,7.704644775390648,11.252366638183616,62.407870610555015,30.050925709307194,0.0,7.4802450283227095,4.382213829674576,7.829241689046228,3.9494923909505246,1022.7132063802082,5.01702078183492,127.36457236607869,160.81428682804108,15.914147949218773,7.412225341796898,10.846782938639345,63.064815839131676,22.350000499437254,0.0,6.673561906750395,4.447642170396148,7.186274464925134,3.7042900085449446,1022.92802734375,6.106145838896434,127.74388837814331,172.1289183696111,16.251641845703148,7.652612304687523,11.199283854166689,62.678702195485435,27.86666676774621,0.0,7.139481581176784,4.544398549312247,7.85746790568038,3.9812192281087277,1022.9773502604168,4.435364544391632,127.31110874811809,160.57783337434134,15.934350585937523,7.381433105468773,10.844197845459007,63.10509332021078,22.176851876157645,0.0,7.089158305790071,4.458033205776258,7.1900255839030365,3.7140289306640852,1022.9757682291668,6.23397038380305,128.18161042531332,169.5247521797816,16.085321044921898,7.410729980468773,11.021997070312523,61.50648180643717,19.08379607523481,0.0,7.053307495350164,4.637646513610737,7.876143391927087,3.5190966288249115,1022.688046875,5.872317214806874,128.46344089508057,158.09592600663504,16.013604736328148,7.418664550781273,10.883671061197939,62.963889280954994,18.716203885851428,0.0,7.232428232621503,4.39244131857146,7.251374816894554,3.7162694295247434,1022.93193359375,5.9061097502708435,128.4485561052958,169.0370658636093,16.084008789062523,7.501245117187523,10.96064147949221,62.08101717631022,39.36990812793374,0.0,6.98332852209881,4.53021937525334,7.479737854003929,3.590804036458337,1022.7641145833333,5.724387367566426,127.75270493825276,163.47963519891104
2021-10-29,14.834405517578148,7.576043701171898,11.002757008870466,60.33981450398763,84.90462841590245,0.0,6.687439556711082,4.319735752327049,6.175602213541708,3.395801798502646,1019.5691178385417,6.383130033810933,100.85064681371053,193.4970267613729,14.939874267578148,7.590875244140648,10.749224599202497,61.23333247502645,86.13286956151326,0.0,6.671641598898475,4.179576621462942,6.496985371907556,3.3600034077962277,1019.282021484375,7.515427768230438,109.04499769210815,173.0767699877421,14.527429199218773,7.518487548828148,10.83481623331708,60.2740740776062,82.44444368282954,0.0,6.359414815409747,3.9069242796911303,6.00174484252932,3.2417643229167084,1019.2497200520833,7.1477978229522705,94.4517593383789,187.5891931851705,15.242211914062523,7.331658935546898,10.824830627441429,60.490278244018555,80.46759285529454,0.0,6.565455731983922,4.285774222444647,6.432654317220056,3.1951703389485715,1019.1010904947917,6.061090429623921,111.90194241205852,180.9561289946238,14.862878417968773,7.248559570312523,10.795293426513695,58.310184955596924,80.9458334048589,0.0,6.620073291790635,3.9256307597672837,6.295776621500693,2.702742513020837,1019.2855631510417,5.810714483261108,112.48675791422527,182.8879290421804,14.840173339843773,7.210565185546898,10.660537974039736,61.20324087142944,66.6527777115504,0.0,6.493029274059257,4.407002362474869,6.025451914469443,3.246069844563806,1019.3995475260417,8.164532820383707,109.79259252548218,188.55415511131287,14.726312255859398,7.313317871093773,10.658511098225935,56.66203753153483,80.31805475552876,0.0,6.637684536294422,3.8184469958222373,6.3403119405110715,2.1642306009928802,1019.2855989583333,6.339524348576863,111.26861222585042,168.80279262860617,14.562127685546898,7.342706298828148,10.81473312377932,60.55740626653036,78.37870397170384,0.02777777798473835,6.522318148903142,4.01166629667194,6.065649922688806,3.2518046061198334,1019.47560546875,6.425827383995056,94.30064789454143,183.58670409520468
2021-10-30,11.234887695312523,8.780969238281273,9.962178802490257,73.02685181299846,99.56620407104492,30.701388519257307,6.622170479865279,3.2546325594126686,3.6311024983723996,5.134138997395837,1019.1589029947917,20.84639498591423,14.211018482844034,168.91162196795145,11.460015869140648,9.115411376953148,10.260695393880232,75.92222325007121,99.86018498738606,54.72222238127142,4.69307582792946,3.049468778626455,3.828590647379599,5.96235046386721,1019.3895540364583,19.76445968945821,11.531296332677206,146.59002129236856,11.172540283203148,8.783715820312523,9.95875193277997,72.70462942123413,98.91342576344807,24.222221793606877,7.4008238011169505,3.630288013833754,3.7232401529948334,5.070458984375023,1019.0552994791667,20.752362469832104,14.053703625996908,156.9937081336975,11.203820800781273,8.669427490234398,9.895096079508486,77.686110496521,99.91481431325276,78.80555526912212,6.785282349394386,3.9613137561480762,3.4348083496093977,5.955168660481775,1019.0772819010417,21.471353550752003,10.391944527626038,159.38074366251627,10.784844970703148,8.929498291015648,9.533375040690126,72.55370394388835,96.56620407104492,16.82638917537406,6.2626314189404635,3.938267693109538,3.7587435404460052,4.675836181640648,1019.2721712239583,22.311094821741182,19.891388932863872,159.8342720667521,11.201257324218773,8.838189697265648,10.104127502441429,73.58564885457356,99.875,38.72916664741933,6.4695555331140255,3.5205400157341242,3.5870707194010834,5.340946451822958,1019.434990234375,20.28461687763532,13.52824087937673,186.12930170694986,10.399346923828148,8.327783203125023,9.09744796752932,71.68796300888062,92.35046275456746,17.826389074791223,7.327447187118704,4.519315850791748,3.7006202697754134,4.06632003784182,1019.070478515625,25.262097905079525,16.471203605333965,146.54748582839966,10.715539550781273,8.489343261718773,9.65727259318036,74.51064777374268,99.23703734079997,39.81250034691766,5.9420119247531105,3.524054725484883,3.2981074015299896,5.108520762125693,1019.4218033854168,22.953304926554363,8.330740749835968,159.9423394203186
2021-10-31,9.559838867187523,8.851434326171898,9.285219726562524,90.64666625976562,100.0,108.89583194255829,4.92870197421959,2.212820762002089,4.5750915527344205,7.77496337890625,1017.789646875,14.916901016235352,5.1410666847229,85.98669845581054,9.637841796875023,9.153558349609398,9.346987304687524,89.85111206054688,100.0,218.12500166893005,4.981477542883499,2.730235966531223,4.248699951171886,7.700578613281266,1018.25345625,15.734668884277344,3.3783111429214476,106.07831604003906,9.580041503906273,8.803765869140648,9.296976318359398,90.33644378662109,100.0,109.54861044883728,4.806466430386551,2.2515275019394356,4.681474609375016,7.745341796875039,1017.616425,13.476597480773925,4.801511101722717,81.22100677490235,9.578576660156273,9.158471679687523,9.375888671875023,89.91822235107422,100.0,201.06250023841858,4.369186174986294,2.5865287709245504,4.329128417968775,7.748555908203173,1017.9323593749999,15.727440719604493,4.7769778442382815,105.42350769042969,9.735498046875023,8.660974121093773,9.237716064453148,89.45644317626953,99.99733367919922,100.20833373069763,4.275790412696589,1.942957740922706,4.646802978515666,7.543043212890666,1017.602178125,13.17639837026596,7.525333275794983,90.59587524414063,9.787133789062523,9.106225585937523,9.485882568359397,89.26933349609375,100.0,95.18055582046509,5.060406232247018,2.525618245161528,4.637288818359423,7.752404785156273,1018.0053375,13.546047859191894,4.345244336128235,78.63312179565429,9.236871337890648,8.731164550781273,9.047941894531272,91.53377655029297,100.0,64.43749991059303,4.449707782859659,1.8548512705298577,4.398193359375,7.713106689453127,1017.4987249999999,15.128165588378906,4.185955533981323,87.65762435913086,9.471582031250023,8.653100585937523,9.139747314453148,91.5804443359375,100.0,161.2777762413025,5.220718439134751,2.1056073284701293,4.480922851562525,7.804602050781284,1017.6302968750001,14.038152141571045,4.793600034713745,92.68810317993164
2021-11-01,9.300592041015648,8.760430908203148,9.14680124918622,94.54074096679688,99.78472232818604,254.45833492279053,4.985840793532124,2.2186008732875107,4.15780919392904,8.2965077718099,1008.1636751302083,13.392069935798645,3.2634259164333344,111.86901315053304,9.232263183593773,8.450006103515648,9.009352620442732,95.33009306589763,100.0,547.1458377838135,11.129425531870247,3.9284553556591404,4.182681020100915,8.283647155761741,1007.602177734375,16.49629282951355,3.03351853787899,151.9682912826538,9.309136962890648,8.524957275390648,9.060074106852236,94.34768581390381,99.63703695933025,285.444442987442,7.471328763701072,3.1020611745139406,4.17137171427413,8.181061045328818,1007.6430794270833,14.790672500928244,2.94777782758077,131.6291937828064,9.300744628906273,7.902581787109398,8.850663757324241,94.42407290140788,99.36712996164958,620.9444417953491,13.139902170182948,4.771748672366581,4.163456217447958,7.974902089436853,1008.000859375,17.69949797789256,2.3231481164693832,176.5161813100179,9.492944335937523,8.373742675781273,9.01093444824221,93.84768486022949,99.66898123423259,312.3333373069763,8.64917909319342,3.7725885434578452,4.023344930013025,8.050645446777366,1007.4745670572917,16.43454658985138,3.405462920665741,162.02962334950766,9.284753417968773,7.095086669921898,8.789754486084007,94.14907519022624,96.1449073155721,501.6597218513489,10.834143084884046,4.635439244747561,4.147583262125693,7.874710337321005,1007.565625,18.380670428276062,2.8712962940335274,166.98775418599448,9.500268554687523,8.023919677734398,8.939758555094423,93.90694459279378,99.71990744272868,358.5694442987442,11.303216240294715,4.639584918725104,4.112549082438193,7.983707682291708,1006.9679850260417,17.376060207684834,2.912314916650454,181.98823579152426,9.251580810546898,8.445672607421898,9.02111714680992,94.57731628417969,99.70740699768066,392.3541660308838,6.978467926617524,3.288111484872397,4.090364074707054,8.18006540934249,1007.6384830729168,14.350737651189169,3.4409259210030236,130.3792716662089
2021-11-02,14.263848876953148,5.597924804687523,9.221527353922548,71.03611183166504,50.212500020861626,597.8610973358154,8.8304515746783,5.253283461279698,5.561476643880212,3.8188466389973996,1002.567041015625,7.343231121699016,114.7485179901123,193.33209880193075,13.491265869140648,6.375604248046898,9.463759358723982,76.85323969523112,54.48518551513553,387.47917652130127,6.401129382811951,4.4505501167445285,5.249134318033896,5.374525960286462,1002.58828125,5.500819365183513,113.70833555857341,196.39176654815674,13.614434814453148,5.107904052734398,8.684110260009788,73.0106479326884,40.713889295856156,700.0138740539551,8.191155353647472,5.1221300737397035,5.268280283610068,3.7359901428222884,1002.7758821614583,10.146529813607534,114.09111309051514,172.5863962173462,13.761865234375023,6.130914306640648,9.296022033691429,75.70138756434123,63.32962996171167,533.4861068725586,7.005580762916639,5.0109855833901635,5.627393341064476,4.930855051676474,1002.2224934895833,6.971340904633204,108.763889392217,192.2956130107244,13.724084472656273,5.493188476562523,8.858155822753929,72.3240737915039,43.352314760287605,241.66667556762695,8.191975925641445,4.954007485241511,5.195797220865927,3.7766878763835052,1003.0132096354167,9.49261317650477,113.46462885538737,175.1332684357961,13.567651367187523,5.532800292968773,9.036553955078148,72.37916660308838,55.45185156414906,621.3888969421387,8.046876841874028,5.294697071658009,5.804406738281273,3.973792012532556,1002.0270149739583,9.21699470281601,111.59342471758525,175.75763460000357,13.532678222656273,5.376794433593773,8.724596913655622,72.87638839085896,45.787036180496216,2.1666666455566883,8.033842051473444,5.21152765834801,5.102003987630212,3.8064908345540402,1002.7534602864583,10.005793859561285,110.74425800641377,179.558168053627,13.900811767578148,5.371026611328148,8.902710215250673,71.50046157836914,42.804629723230995,740.4374866485596,8.66415953026943,5.351990649991041,5.931434885660849,3.6421320597331146,1001.6984147135418,9.222365260124207,115.35527618726094,175.44139305750528
2021-11-03,8.404809570312523,6.894342041015648,7.577343241373721,92.85555617014568,97.86249987284343,435.2916701287031,7.1123690716064685,5.078997024832469,3.1425033569336165,6.462723032633505,1004.5867350260418,23.077719529469807,3.8217592438062034,287.83062171936035,8.015832519531273,6.880426025390648,7.528208669026715,90.74722226460774,98.7134256362915,856.5486087799072,8.15162987673269,5.424819506994578,2.9726615905761946,6.074049886067712,1005.3406087239583,24.00189749399821,3.2909258902072906,258.0201015472412,8.361047363281273,7.494409179687523,7.894057210286481,92.61342589060466,96.9189813931783,363.7847257107496,6.306896461903131,4.690098221541352,3.5099960327148665,6.739102935791038,1004.0635546875,19.4360697666804,2.7401851564645767,328.640100479126,7.970941162109398,6.687707519531273,7.212224578857445,92.0393517812093,97.37453715006511,1084.645839691162,8.245675040714547,5.801310482275146,2.8144762674967865,5.970180765787802,1005.376943359375,25.484537839889526,3.761388828357061,240.0231475830078,8.158227539062523,7.424920654296898,7.881421661376976,91.87777868906657,97.20092598597209,348.75694365799427,7.425117471372157,5.494296161662948,3.512044525146507,6.610550181071005,1003.319736328125,20.393923203150432,2.7760185102621713,338.22371673583984,8.092126464843773,6.195367431640648,7.144638315836612,92.26435057322185,97.50046316782634,666.2361125946045,9.298224630949008,6.200633815375023,2.8537638346354584,5.941280619303427,1005.1387369791668,27.274012804031372,2.9792592227458954,250.88080660502115,8.210717773437523,6.808862304687523,7.6722274780273665,91.79027716318767,97.37453683217366,406.9791669920087,8.885150107328641,5.872258795225695,3.334851837158226,6.385090128580771,1003.1374479166667,21.624921957651775,3.4704629778862,324.89264996846515,8.448144531250023,6.760583496093773,7.48212585449221,92.4541670481364,97.51157410939534,395.4930551350117,9.014436474549646,5.205345623328294,2.9757362365722884,6.30577112833663,1004.9029036458332,24.205939292907715,3.7448148677746453,268.97474161783856
2021-11-04,11.012597656250023,4.424005126953148,7.427083587646507,76.83101717631023,69.25879685084026,835.2430515289307,12.881967798527278,6.422037774887575,1.7807619730631927,3.3579930623372434,1005.990458984375,15.928851763407389,97.24852168560028,351.17803223927814,9.831811523437523,4.000726318359398,7.053998565673851,81.86666584014893,81.38657283782959,1086.305564880371,11.303525957922986,7.59789967063733,1.9429616292317746,3.9898480733235715,1006.354853515625,18.371690347790718,64.58407625555992,277.3096653620402,11.060357666015648,3.8273864746093977,7.161280568440778,80.00601959228516,60.541666309038796,958.2777881622314,11.57348593887175,6.196327936042597,2.049342091878259,3.737495676676474,1006.0953938802082,18.26144156853358,104.46203780174255,309.27345792452496,10.159204101562523,3.8414245605468977,7.10843429565432,80.00509468714397,68.33101900418599,1073.416660308838,11.673426335962374,8.353840048561269,2.0261716206868527,3.6513979593913177,1006.4499674479167,19.684332688649494,81.72768545150757,317.944039662679,10.793481445312523,3.4648071289062727,6.845225270589215,79.42638905843098,62.176851853728294,786.2847099304199,13.583558698385403,6.5458366284473755,1.7697692871093977,3.3297846476237396,1006.0832389322917,20.26332636674245,100.62638795375824,313.8122742176056,10.529870605468773,3.6637512207031477,6.986371612548851,79.69768476486206,65.28981510798137,1000.2222385406494,11.383617861975036,7.239837451493391,1.7340802510579465,3.4877932230631927,1006.0297721354167,19.261064638694126,91.50305519501369,331.3433159987132,10.267541503906273,3.5486694335937727,6.641901906331403,79.95462830861409,70.91018428405125,534.4722137451172,13.351248726362956,6.874882007876391,1.6091807047526459,3.2119906107585052,1005.7206640625,22.210914035638172,92.09453848997752,307.4886091550191,10.724694824218773,3.7451416015625227,7.021759287516299,81.41064850489299,66.76203711827596,1153.4513931274414,12.92126560124163,6.143517008575529,1.8843284606933821,3.8442474365234602,1005.7108561197917,15.689096694191297,96.60139058033626,306.28426424662274
2021-11-05,11.171655273437523,2.4792419433593977,5.936537679036481,62.00000031789144,13.578703610847393,198.97222900390625,9.984335568094926,6.395860630350193,1.6925394694010834,-1.1614262898762604,1019.6670279947917,25.23328207929929,113.21629460652669,197.9188412030538,11.379876708984398,2.2489562988281477,5.726715342203799,59.418055375417076,7.936573906025539,856.9999694824219,10.906172941769144,7.319438190324067,1.9767814636230696,-2.0462402343749773,1019.7791015625,26.562946011622746,113.54676175117493,199.7555879751841,11.352807617187523,2.4904113769531477,5.955628967285179,59.33981577555338,1.247222213423811,0.8333333730697632,9.36234341364509,6.417393144039232,2.257992045084677,-1.8397697448730241,1019.8942740885417,26.202722708384197,114.14916960398357,188.37077883879343,11.184594726562523,2.2382446289062727,5.661856587727887,63.154629707336426,9.363888844226798,1006.5,10.623636065002467,6.959264673895796,1.8263755798340071,-1.2029073079426666,1019.8991243489583,26.48869244257609,112.7951815923055,190.00832343101501,11.350152587890648,2.4364562988281477,5.926315561930362,59.18425893783569,2.9032406981568784,1.6666667461395264,9.988967078132344,6.477049330151048,2.2462402343750227,-1.9288111368815066,1019.9259602864582,26.53088707725207,114.35028044382732,191.35691471894583,11.130700683593773,2.0358825683593977,5.494128163655621,61.90370432535807,4.762037013812612,827.1527938842773,10.025095556585539,7.049382790234534,1.8564036051432709,-1.6784729003906023,1020.2202994791667,26.645803848902386,113.9096310933431,187.96857996781668,11.517755126953148,2.4204956054687727,5.959436035156273,58.84120416641235,5.043981558332841,0.6666666716337204,9.685413277139837,6.4236276879347365,2.327400461832724,-2.0009165445963504,1019.7823893229167,26.020395537217457,114.67222531636556,191.42409404118857,10.917657470703148,1.9577880859375227,5.4592758178711165,62.823611895243324,4.650926099236433,582.0,10.154027075777119,6.605601429187339,1.9082733154297102,-1.5074422200520416,1019.9763248697917,26.256479561328888,113.8818515141805,186.05405823389688
2021-11-06,11.481500244140648,3.4029174804687727,6.531292215983096,57.2958337465922,7.768518323699634,0.0,8.999535634344149,5.706872073239649,2.7299603780110715,-1.5539090474446198,1025.9774837239584,17.9530144110322,111.34518520037334,166.30875635147095,11.216973876953148,2.3702331542968977,5.857851918538434,59.28009223937988,22.206018654008705,199.00000762939453,10.279332903790086,6.538485531383659,2.3614669799804915,-1.918369038899698,1025.0662369791667,20.92667059103648,108.26953895886739,184.3691488901774,11.209008789062523,3.5992370605468977,6.555014546712262,58.956480979919434,19.237499959999695,0.0,8.52560571111606,5.7366924515950055,2.4385925292968977,-1.1264060974120866,1026.1250227864582,18.08126810979532,111.17120130856831,176.15635307629904,11.394860839843773,2.5928283691406477,6.03299738566083,57.0328696568807,8.02592592065533,0.8333333730697632,10.320190669348102,5.835629211076356,2.7107457478841184,-2.2826738993326785,1025.790810546875,19.635320981343586,112.31991028785706,162.58413724104562,11.209222412109398,3.3509460449218977,6.400229390462262,56.80601851145426,8.262500072751815,0.0,8.943584949583654,5.627946633948855,2.7772448221842865,-1.8012794494628679,1026.1351236979167,19.3793283700943,112.46555574735005,158.34826719760895,11.378442382812523,2.4680114746093977,5.93588790893557,57.60601997375488,6.412036965290706,1.6666667461395264,10.027169837792316,5.878134200526442,2.461452738444052,-2.263950093587198,1026.2231803385416,20.0864014228185,112.55963198343913,168.70480620861053,11.153802490234398,3.3208251953125227,6.371333058675153,57.12592569986979,5.35277776455041,0.0,9.240155039848553,5.710383888476955,2.7301383972168196,-1.7434257507323991,1026.0787858072918,19.735892561574776,112.26981321970622,165.2685840924581,10.203790283203148,2.5463806152343977,5.7839319864909085,57.81388807296753,54.22268569469452,0.6666666716337204,10.272828269722266,6.503098242818649,2.665204620361351,-2.262955729166663,1026.0614778645834,22.20543162027995,84.85657246907552,156.3915654818217
2021-11-07,12.366571044921898,3.3005310058593977,6.707786814371768,50.86111076672872,19.16157436432938,0.0,8.327605316532553,5.840245683219355,6.27159144083663,-3.2676973978678348,1019.9278938802083,15.461245563191673,111.84157307942708,109.38575812180837,12.626702880859398,3.5849853515625227,7.024968719482445,48.075925985972084,26.13657387594382,0.0,8.533347207772303,5.486789084900278,6.549933369954431,-3.6920468648274323,1019.9644759114583,13.296177913745245,109.75592390696208,107.89453407128651,12.608789062500023,3.4528747558593977,6.9002039591471585,50.3643524646759,17.898610731586814,0.0,8.053800277354078,5.517594784680405,6.414458211263025,-3.192020161946573,1020.2433854166667,13.431915273269018,112.03416546185811,109.47660001118977,12.464440917968773,3.6176391601562727,6.891044871012393,50.64629586537679,19.26944470840196,0.0,8.035878702227981,5.380710171086839,6.105330403645837,-3.0978785196940066,1020.1570670572917,14.698975245157877,111.63861163457234,108.76880085468292,12.283624267578148,3.3705078125000227,6.854024505615257,48.711573918660484,12.812037285417318,0.0,7.965539047426561,5.667952412191653,6.669714864095056,-3.7191375732421648,1020.5309147135417,14.69017098347346,112.97574575742085,107.80550718307495,12.445336914062523,3.2221313476562727,6.690763092041038,48.7115732828776,25.87268536382665,0.0,8.796225256585965,5.44335639862759,6.150847371419275,-3.8712893168131473,1020.2432356770832,15.51505849758784,113.28129736582439,101.57683074474335,12.341424560546898,3.5128723144531477,6.904960886637393,47.842129627863564,14.492592662960911,0.0,8.084409744269275,5.1679319853419905,6.849811808268271,-3.877282206217444,1020.5669140625,13.222937862078348,112.36879507700603,105.20906519889832,12.314202880859398,3.3152099609375227,6.721425628662132,48.95462989807129,18.099537291874487,0.0,8.230129818896968,5.447850983775809,6.217739359537802,-3.773111724853493,1019.82875,15.259258215005199,113.17490704854329,104.55905159314473
2021-11-08,11.543481445312523,4.740014648437523,7.339781697591168,62.44537162780762,28.360648022964597,0.0,9.099673606247,5.42230362117423,4.772030131022177,0.32207005818685275,1017.428759765625,8.962115839123726,103.23870054880778,203.0928486188253,11.367669677734398,3.8254333496093977,6.6092798868815335,62.74490785598755,8.268518844308952,0.0,8.601318602628426,6.0917205815521855,4.080960845947288,-0.2694712320963504,1015.3078483072917,14.7198725938797,105.77990500132243,201.3324134349823,11.409417724609398,4.923730468750023,7.275128936767601,63.38703838984171,31.168518816431362,0.0,8.430611469517862,5.25988543799864,4.691594696044945,0.4829625447591184,1017.3051953125,12.606299857298533,95.79407302538554,196.17587645848593,10.437249755859398,4.050561523437523,6.569390869140648,63.878241539001465,20.12175949414571,0.0,9.184260115312364,6.015016235963365,4.3577679951985715,-0.014419301350869773,1016.1219694010417,15.771835591644049,97.35536988576253,204.80760153134665,11.039727783203148,4.530755615234398,7.2936365763346585,64.28842417399089,39.100926319758095,0.0,8.755813310371778,5.488003763608121,4.542949930826865,0.6646718343098996,1017.507763671875,9.57528367638588,97.70509274800618,218.25211707750955,10.663598632812523,4.188500976562523,6.841845448811871,65.23564863204956,33.75740728341043,0.0,8.755280728221592,5.785153076362158,4.1657577514648665,0.5045524597168196,1017.0565983072917,13.961611568927765,93.18036953608195,206.59390457471213,10.866723632812523,4.700402832031273,7.27579778035484,64.65555540720622,40.73842557271322,0.0,8.204135984339127,5.501357931865371,4.623059844970726,0.7409467061360715,1017.6674837239583,9.842770477135977,93.89129777749379,211.58789324760437,11.033197021484398,4.494104003906273,7.050246175130231,64.7277774810791,25.36620359122753,0.0,9.414927884910039,5.63038497149471,4.705902353922568,0.570734914143884,1017.18265625,13.78082842255632,93.24518585205078,187.63115231196085
2021-11-09,11.729730224609398,4.125421142578148,7.233448282877627,68.77777783075969,10.952777927120527,0.0,7.80608060406491,4.935934482285808,4.125684356689476,1.7020711263020871,1025.6550520833332,11.186147193113962,102.66148332754771,158.1079205671946,10.893518066406273,4.190301513671898,6.880577341715518,69.02314647038777,11.997685499489307,0.0,7.095725244991142,5.188549778377374,2.8328275044759152,1.4329658508301009,1026.0809928385418,14.513026088476181,103.46018234888713,192.45001753171286,12.037866210937523,4.235620117187523,7.434148406982445,67.54490836461385,12.068055103222529,0.0,6.710952584390605,4.975778277962639,4.5193038940429915,1.6108871459961165,1025.6874055989583,8.664645512898764,102.52629502614339,149.2675779660543,9.925988769531273,4.108575439453148,6.757122294108096,71.85231415430705,28.95555528268839,0.07638888945803046,7.78693317850514,5.17906157901941,2.0417050679524777,1.9060201009114621,1026.01544921875,18.325200994809467,71.17712859312694,190.1848112742106,11.573663330078148,4.170922851562523,7.302671051025413,65.30000066757202,29.688888798157375,0.0,7.941868382749189,4.9252097370195935,4.540578460693382,1.022828674316429,1025.7762858072917,11.17571129401525,84.05851606527965,128.36216747760773,11.068475341796898,4.180993652343773,6.931347147623721,71.48564767837524,10.605555222059289,0.0,7.102635912947238,5.169541721567455,2.455511983235681,1.9821678161621321,1025.9425390625,13.857595900694529,102.37999951839447,199.45733757813773,11.502954101562523,4.255731201171898,7.51380310058596,65.76249917348225,34.29814815272888,0.0,7.476681478157409,4.9101010072423135,4.631684875488304,1.338283793131552,1025.524013671875,7.871259450912476,84.25648128986359,125.96658937136333,11.209252929687523,4.204156494140648,7.160119628906273,69.53472248713176,27.961574494838715,0.0,7.426825042928268,4.729164851412511,3.6536473592122434,1.8292836507161496,1025.4037239583333,11.702178041140238,100.37323840459187,172.19341913859049
2021-11-10,13.177758789062523,7.997521972656273,10.10953038533531,70.42963012059529,97.95277786254883,1.486111116129905,6.342003949091664,3.8292278355022145,7.553505198160849,4.774982706705771,1026.61943359375,-4.6540616620332,35.35527813434601,61.633274952570595,14.140832519531273,6.218530273437523,9.59677912394208,66.19814856847127,83.25694370269775,0.0,8.715143436101817,4.203128277606441,7.6140851338704465,3.3574335734049896,1026.9540104166667,-2.7154541015625,75.29166599114735,82.86236763000488,13.019982910156273,7.699670410156273,9.794539388020857,75.26574007670085,94.38333352406819,10.888888673391193,5.667906932858119,3.413936583926297,7.35498962402346,5.471891021728538,1026.9690006510418,-4.668767316266894,40.199906880656876,75.21276954809825,14.327172851562523,6.418725585937523,9.636856333414736,65.77731418609619,83.58287048339844,0.0,7.303690812991846,3.9182441111685278,7.920362091064476,3.282356516520224,1026.984140625,-2.8926280736923218,81.64564736684163,87.5973048210144,13.271081542968773,6.868188476562523,9.584034220377626,73.41666793823242,91.10324001312256,3.3055555266328156,7.3090085417576685,3.809841480359978,7.468022918701195,4.898169453938806,1027.2236751302082,-6.856984928250313,52.11814786493778,74.51448953151703,14.735223388671898,7.321832275390648,10.16907399495445,66.54490852355957,93.1967585881551,0.0,7.027753622583115,3.7520589840198064,7.892582194010458,3.9797238667806027,1026.692275390625,-5.282009194294612,62.49620342254639,81.28005071481068,13.374291992187523,6.750115966796898,9.749870554606142,79.54675769805908,95.48842652638753,37.45138765918091,6.704077698573176,3.370665883119685,7.220204925537132,6.288491821289085,1026.9482584635416,-8.223076144854227,55.34981550524632,96.1206529935201,13.831994628906273,7.968011474609398,10.28935012817385,71.1990737915039,94.04768498738606,3.673611190635711,6.150350305012174,3.790124244539639,7.537496185302757,5.1002606709798215,1026.80826171875,-7.69217907016476,51.50361190239588,76.62033911546071
2021-11-11,14.879052734375023,8.470971679687523,11.053514099121116,80.37175846099854,60.95416752497355,40.66666603088379,5.152532185460984,3.3757213313851064,8.431409454345726,7.689162190755212,1023.3358626302083,-5.92914883295695,94.78731354077657,111.86785157521565,15.840997314453148,8.440942382812523,11.309358215332054,77.62268447875977,65.14860979715984,3.3333334922790527,5.28153581975032,3.5431541131253557,8.66432596842452,7.365581766764365,1023.3135970052083,-7.5222951372464495,94.2076841990153,103.85982271035512,14.973809814453148,9.047692871093773,11.146407063802107,80.95833396911621,77.57314840952556,7.979166895151138,4.988059309579497,3.0136794373160622,8.192899322509788,7.892767842610681,1023.48087890625,-8.026791776220003,92.47851991653442,110.17763582865398,15.519708251953148,8.496606445312523,11.205684916178408,78.80463027954102,65.68379656473796,16.66666603088379,5.678253185744076,3.820996471512773,8.660190836588583,7.504538472493493,1023.2594856770833,-8.060090601444244,94.54916604359944,104.8652133544286,15.207055664062523,8.932427978515648,11.167583719889345,79.81110954284668,82.50324122111003,0.8333333730697632,4.960997634312826,3.0266863795918257,8.324080403645837,7.692215220133505,1023.40689453125,-8.098812619845072,93.77111055453618,106.96026559670766,15.361230468750023,8.637963867187523,11.176155344645204,78.58009243011475,54.00648192564646,5.333333373069763,4.9649887245011115,3.0675959612021457,8.471124267578148,7.439894612630212,1023.1648372395833,-8.373833775520325,94.37703617413838,103.15739357471466,15.024804687500023,9.678948974609398,11.388674672444685,79.81111017862956,84.99722194671631,2.5277777817100286,4.657765154885015,3.2407282866408376,8.07221120198568,7.92115427652999,1023.4273502604167,-10.553296784559885,90.12620572249095,116.06685038407643,14.724633789062523,8.492730712890648,11.147341664632185,81.94490782419841,67.75555578867595,50.166664123535156,5.6454571083212155,2.629973001091119,8.587302144368493,8.08648579915365,1023.0013606770833,-5.70261538028717,93.70740743478139,106.07499786218007
2021-11-12,14.704553222656273,8.409692382812523,10.77897415161135,78.9740743637085,69.75092474619548,6.500000238418579,4.904735700414182,3.437346505605356,8.054494476318382,7.1621566772461165,1019.3785677083333,2.5187368392944336,87.41453782717387,108.17385959625244,14.163507080078148,8.480187988281273,10.61036071777346,81.0726858774821,82.96990712483723,40.66666603088379,5.535696552347633,3.4341697367431507,7.69345372517904,7.397859191894554,1019.155703125,2.799462676048279,82.76500137646993,109.34782234827678,14.379998779296898,8.700830078125023,10.821604665120466,79.56249904632568,82.7652763525645,0.0,5.224136111384738,2.9885502001209168,8.235494232177757,7.327856953938806,1019.3809440104167,3.1907803813616433,82.75805524984996,102.60234034061432,14.402246093750023,8.468988037109398,10.702256774902366,79.88055769602458,79.28472097714742,8.000000238418579,5.879178886820511,3.3398134539713573,8.173051452636741,7.253057098388695,1018.8708333333333,2.704505761464437,85.071018298467,103.45371615886688,14.875512695312523,8.838403320312523,11.073496754964216,78.83333253860474,63.166204154491425,0.0,5.6649095864367816,3.2433707449933054,8.513037618001306,7.421614583333337,1019.440302734375,0.15529743830362955,92.16194538275401,112.6924550930659,14.358392333984398,8.466638183593773,10.664175923665388,79.37731583913167,71.49120426177979,0.8333333730697632,5.248130627421847,3.5325129020653168,7.623915608723962,7.122743225097679,1019.2498697916667,2.5533568064371743,89.65851696332295,115.32812182108562,14.536248779296898,8.573510742187523,10.857385253906273,77.75787003835042,61.7624996304512,0.0,6.603643363215179,3.3380407804742216,8.576562500000023,7.013942972819052,1019.2752018229168,1.6024006207784016,89.99675973256429,104.68319380283356,14.669519042968773,8.538385009765648,10.821858978271507,80.656018892924,68.92685310045879,3.0,5.499608328337787,3.4107276752283417,7.756223297119163,7.509352620442712,1019.3765201822918,1.2192612489064534,89.8040743668874,119.68488192558289
2021-11-13,12.546166992187523,7.590600585937523,9.911494191487654,83.24768543243408,61.238888631264366,7.597222088370472,4.400822859394555,3.1629811192572124,5.227405802408896,7.106793975830101,1016.7556022135417,6.807570477326711,55.74750053882599,140.77986816565195,13.115838623046898,7.656793212890648,10.083336130778017,83.77037048339844,60.037037233511604,9.284722328186035,4.8807019935251805,2.859303822492904,5.582850392659509,7.38670374552413,1016.65779296875,7.333322087923686,63.96268490950266,130.8749837478002,12.297753906250023,7.535485839843773,9.80118586222333,84.02222188313802,56.395832707484566,6.826389008201659,4.1096566922954745,2.8197026792502484,5.146291351318382,7.138669586181663,1016.584443359375,8.467698166767756,51.857221722602844,136.1244436899821,12.877618408203148,7.624536132812523,10.188221232096376,84.35185146331787,52.59212984144688,4.9027777523733675,5.066663182727706,2.7224683974320656,5.37128601074221,7.57795359293624,1016.4367903645833,2.7820149660110474,68.50314740339915,135.7676661411921,12.533166503906273,7.481011962890648,9.912831878662132,83.31250063578288,45.61944496259093,3.972222208045423,4.669380598643122,3.5735538485935496,4.983510589599632,7.102215067545615,1016.8087858072918,6.038403908411662,66.33944459756215,173.69645150502524,13.041589355468773,7.834161376953148,10.309035237630232,84.97870413462321,42.571759002904095,5.986111137084663,4.910325602721898,3.0057140514864678,5.3040634155273665,7.795078531901083,1016.6432877604167,2.9033567110697427,71.6993514696757,155.70961594581604,11.257989501953148,7.458673095703148,9.460168457031273,84.40277926127116,54.82268506536881,13.0486109838821,4.510904493699362,2.905531396946131,4.9408800760905365,6.857230122884118,1016.7484114583333,10.046403030554453,42.092871268590294,130.6704033613205,12.740991210937523,7.581079101562523,10.014580027262392,84.80046272277832,45.97731433312098,15.937500076368451,4.4212817488903005,3.160456579821988,5.114563242594443,7.4706525166829465,1016.64783203125,4.584340850512187,67.15574200948079,162.15502770741782
2021-11-14,9.242272949218773,7.714746093750023,8.43332697550458,90.97407309214275,100.0,302.3888864517212,11.184562603173914,7.018479706352102,2.773519134521507,7.025674438476585,1015.551513671875,16.877224882443745,4.632129654288292,224.2944450378418,9.743005371093773,8.000207519531273,8.845577494303408,91.96759382883708,99.90277735392253,363.0625,9.957347733952219,6.063046688612123,3.038153584798181,7.595480855305993,1014.7283333333332,19.1598717768987,9.285555591185888,208.64756774902344,9.053674316406273,7.599786376953148,8.111043548584007,89.66481494903564,100.0,433.3611145019531,9.420893612622212,7.878224163135516,2.6986480712890852,6.481243387858115,1015.92716796875,21.522521257400513,4.254722200334072,235.19139035542807,10.897210693359398,8.089746093750023,9.340119934082054,89.14583206176758,99.55787086486816,185.4861102104187,10.32989817748133,3.389697923824425,3.207424418131552,7.577162679036462,1014.0208268229167,13.708635285496712,22.993055899937946,177.17706139882407,8.907708740234398,7.421136474609398,8.085900878906273,91.25648212432861,100.0,435.5625009536743,10.751182625957338,7.858125218526631,2.4701540629069427,6.726627604166708,1015.9352734375,20.114861766497295,4.07675942281882,234.30119832356772,9.678674316406273,8.039575195312523,9.028310394287132,92.5504633585612,99.99722258249919,263.2916672229767,9.410845123133688,5.13589013510674,2.960187530517601,7.871931966145837,1015.2872688802083,17.412979046503704,3.598981405297915,227.17017555236816,9.181970214843773,7.361138916015648,8.095381673177107,91.63009357452393,99.99953715006511,503.0624966621399,10.722047255142597,8.318448263044518,2.5692611694336165,6.792278544108115,1016.0845052083333,20.250420570373535,6.0635185440381365,247.93270301818848,9.377160644531273,7.570001220703148,8.398309326171898,90.80046240488689,100.0,347.5208349227905,10.759695730707598,7.191760406592831,2.5322484334309934,6.95724767049154,1015.590029296875,20.104578256607056,5.584444319208463,240.1200828552246
2021-11-15,9.922998046875023,7.895349121093773,8.810076649983747,86.93611081441243,99.97824096679688,688.8333320617676,8.371278560646497,5.187672225617376,3.9385594685872434,6.725751495361351,1020.270615234375,8.287275032450756,10.03092622756958,73.97286160786946,9.832452392578148,7.939355468750023,8.975235239664736,86.88518524169922,99.88610967000325,675.3472232818604,11.217513679422684,6.898712467615373,4.08818079630538,6.887087758382165,1019.9544205729167,8.648286392291388,7.677592366933823,91.71813114484151,9.951623535156273,8.088342285156273,8.892601267496767,87.28842671712239,100.0,585.6944446563721,8.4300844362955,5.100715753420716,3.953619893391931,6.86402537027999,1020.2274283854167,6.7175449666877585,10.383148218194643,79.93003575007121,9.445672607421898,8.112084960937523,8.761585489908876,88.63749980926514,97.58750025431316,738.402774810791,8.590526611773216,6.766872233521599,3.9012746175130246,6.960262552897177,1020.508837890625,8.839074107507864,3.7377778391043344,104.42486906051636,10.394372558593773,8.080529785156273,9.125395711263044,87.09675852457683,99.99768543243408,477.42361640930176,7.964513840728394,5.562739841199495,3.8687377929687727,7.064570363362634,1020.0968977864583,4.422780309803784,12.627778043349585,88.12043746312459,9.253198242187523,7.709405517578148,8.514878845214866,89.44074153900146,99.93055566151936,974.8125076293945,9.856678406189587,7.500776734254427,3.590791320800804,6.859648640950525,1019.95740234375,8.95640954375267,5.608518540859222,124.30706850687663,10.319329833984398,8.213861083984398,9.038950856526716,87.59074147542317,99.81249968210857,144.81249976158142,7.821530317375841,5.346841430433895,3.8658424377441634,7.067700958251976,1020.2493131510417,6.136660738227268,9.955463180939356,82.5930806795756,9.065606689453148,8.188989257812523,8.70081736246747,89.74953746795654,99.85323969523112,1016.6875,9.292930508612544,6.06070081203783,3.6149714152018646,7.092070515950525,1020.1360286458333,7.341109937988222,5.949722270170848,94.63476451237996
2021-11-16,12.053582763671898,6.978936767578148,9.208210245768251,83.23055585225423,77.40694423516591,180.43750429153442,5.326726988778535,3.3809308406946337,4.880695597330771,6.4272628784179915,1020.19294921875,3.422537406285604,77.05148323376973,117.48972856998444,13.287347412109398,8.500512695312523,9.992044067382835,82.35092480977376,91.40787013371785,765.2152881622314,6.303722548854394,4.127234308917674,5.094172414143884,7.037580108642601,1020.2543619791667,-2.0801615615685782,72.61944417158763,103.98341413338979,11.848596191406273,6.663323974609398,8.850887552897158,84.34120464324951,64.792129834493,224.66665649414062,4.854531929220729,3.3593776241708895,4.7735763549804915,6.281903839111351,1020.0287337239583,5.585022171338399,85.40666508674622,122.81602728366852,13.001916503906273,8.518151855468773,10.083683268229189,82.72546259562175,92.34722169240315,650.7083282470703,5.63459555479084,3.297522702720169,5.007512664794945,7.20810216267904,1020.0719140625,-2.886763781309128,80.01055721441905,113.97028811772664,10.833673095703148,6.495568847656273,8.558390553792341,86.11990769704182,86.45277865727742,139.75000286102295,4.801668713932813,3.1432174319643154,4.4971112569173215,6.313094075520837,1020.2437337239583,8.017250567674637,60.209073305130005,117.26065679391225,13.053796386718773,8.085961914062523,9.908565775553408,83.34814898173015,72.91296263535817,533.8750076293945,5.537013921313003,3.6835232314326602,4.956913248697958,7.125355021158896,1019.9114388020832,0.15358383456865946,87.92666713396709,124.8498082558314,10.511651611328148,6.330621337890648,8.255244191487654,85.07361094156902,77.23148171106975,10.013888627290726,6.225317775307211,3.5436569036535737,4.246198272705101,5.8314618428548215,1020.141044921875,11.219307336956263,54.15222309033076,129.4374712308248,12.927056884765648,7.966882324218773,9.799434916178408,82.0416669845581,53.63472225268682,192.31250953674316,5.809599878499829,3.6827113465300023,5.133192952473962,6.79239171346029,1020.1376920572917,0.6227160096168518,88.31407237052917,121.80490410327911
2021-11-17,10.153558349609398,8.292016601562523,9.089250183105491,90.92638778686523,99.42500019073486,113.90972137451172,3.52437598398107,2.114359452834142,4.829464213053427,7.671932474772177,1019.2569401041667,4.831745974719524,16.92296311010917,52.802998065948486,11.550317382812523,8.012719726562523,9.31163050333661,83.01064840952556,92.24583276112874,184.61805486679077,6.026982550515967,2.889708981058449,5.0708786010742415,6.516700998942099,1019.132119140625,8.531352480252584,43.714721302191414,100.700057665507,10.174188232421898,8.341333007812523,9.033108011881533,92.4805539449056,99.33842500050862,149.0555543899536,3.0846785160335646,1.9825203046733861,4.86841735839846,7.870215352376306,1019.4160904947917,4.7340195427338285,16.86037050311764,54.87392429510752,11.643395996093773,7.064263916015648,8.64143015543622,81.3273156483968,62.78889020284017,224.86805152893066,6.365298360562145,3.4458293334282515,4.759221649169945,5.537321980794275,1019.2451497395833,11.777062447120747,60.34731539090475,83.80178578694661,9.793206787109398,8.249414062500023,8.923989868164085,93.70277786254883,99.72083346048991,132.5972216129303,2.9322559292010495,1.5252980334875907,4.978370920817099,7.953668212890648,1019.3498274739583,6.007510889321566,12.828333551685015,62.82344734668732,10.563317871093773,7.976251220703148,9.05670064290367,90.88611157735188,93.08194541931152,184.8819456100464,3.7120192793466944,2.16909746935203,4.902300771077478,7.633809661865257,1019.2325520833333,7.049414058526357,24.9960178732872,68.56761455535889,10.000329589843773,8.484216308593773,9.052154795328798,93.03472232818604,99.52777735392253,88.68055462837219,3.8711630741227685,1.941141531562046,5.111319478352868,7.9755849202474,1019.1896549479167,4.625675551593304,23.2424074113369,91.92445874214172,10.433770751953148,8.138482666015648,9.122206624348982,90.06157366434734,97.83287080128987,83.63194441795349,3.0841760106836626,1.9209556884900458,4.695193227132165,7.556478118896507,1018.8027213541667,5.669820219278336,22.065555383761723,69.08008233706157
2021-11-18,12.302514648437523,6.851312255859398,8.862400309244814,79.88333400090535,72.45231409867604,59.66666793823242,6.651535065167926,4.064147397192138,5.451323445638025,5.4558514912923215,1024.8930696614582,10.108006358146667,63.918702602386475,74.4385373989741,13.097283935546898,6.645471191406273,8.882166798909529,75.42453654607137,70.74351874987285,119.16666412353516,7.763490441899032,4.797742942155246,5.368445332845056,4.594046529134118,1024.686494140625,7.174211273590724,78.60786938667297,88.29428307215373,12.491571044921898,6.905328369140648,9.00473302205406,79.5837950706482,67.54537026087444,44.333333015441895,6.670909054373751,3.926312694608173,5.641906992594443,5.528986867268884,1024.941181640625,8.92103123664856,69.36962964137395,75.0336377620697,13.192651367187523,6.917260742187523,9.233674621582054,77.30601851145427,71.9763883749644,159.0,6.57559178524764,3.873667987721973,5.380886332194052,5.281753794352255,1024.5078255208332,4.464312523603439,81.34935077031453,94.05256450176239,12.580682373046898,6.901055908203148,9.033001200358095,80.52500200271606,62.91157348950704,6.0,6.2553570698695875,3.889489076784187,5.828144327799521,5.745413716634118,1025.0779296875,6.503908857703209,76.85537068049113,82.18836192289989,12.814843750000023,6.985864257812523,8.929522450764997,79.15046230951945,77.4782411257426,148.83333206176758,6.717697979317991,3.9831419550294043,5.259839630126976,5.33543421427413,1024.7504427083334,6.22172649204731,76.76981357733409,83.75451004505157,12.634881591796898,6.821862792968773,8.895513153076195,80.32823912302653,51.89907431602478,0.0,6.470666523624315,3.9554968417085923,5.815003967285179,5.563158925374353,1025.1648763020833,7.1540917952855425,79.053240497907,80.36114835739136,12.320611572265648,6.569116210937523,8.63587341308596,78.1041669845581,64.91944392522176,101.49999618530273,6.828983201355371,3.8481545032069433,4.849434153238974,4.8626940409342865,1024.8327994791666,11.575097481409708,68.90305604537328,77.17675177256267
2021-11-19,11.893823242187523,5.904229736328148,8.20793177286786,70.0810194015503,49.60416599114736,0.0,6.019294637468408,4.225157152158517,7.6322125752766965,2.8874120076497434,1028.4654622395833,13.113332693775495,79.9073157509168,82.33256653944652,12.067315673828148,5.635522460937523,8.1090764363607,71.30509201685588,15.76712962022672,59.66666793823242,5.893891139643104,4.059897522058169,6.5774767557780365,3.0347318013509152,1027.9597005208334,12.148576055963835,85.62926054000854,88.62087766329448,12.476342773437523,5.917382812500023,8.379192606608095,68.1342601776123,18.548611025015514,0.0,5.9802129889447935,4.239462921558746,8.120993550618493,2.626173909505212,1028.4465852864582,11.622938315073648,87.58231566349666,81.45202350616455,11.930047607421898,5.662988281250023,8.11966730753583,71.69444306691487,27.007407665252686,44.333333015441895,5.8971386273305635,3.9015298502216442,6.605081176757835,3.118873850504599,1028.204033203125,13.242927176256975,82.30194274584453,88.11569281419118,12.635003662109398,5.777551269531273,8.399956003824892,66.89120419820149,9.023148236175379,0.0,5.935331674153991,4.153205847888285,8.507563527425134,2.368909454345726,1028.30134765625,11.812768658002218,88.27490981419881,74.80144162972768,11.938928222656273,5.758569335937523,8.157786305745466,72.23888874053955,37.181019028027855,6.0,5.611708848216028,3.9590136260294257,6.895026143391931,3.2630795796712277,1028.3302897135418,13.032070032941798,83.90537011623383,89.71144485473633,12.420587158203148,5.735131835937523,8.29220860799156,66.77175919214885,8.60138875246048,0.0,5.873797237467575,4.054592890936589,8.419087982177757,2.2537335713704465,1028.2257584635418,12.495582461357117,88.31527694066365,77.30262804031372,12.028039550781273,5.979180908203148,8.251570638020857,72.10833263397217,37.51296317577362,0.0,5.663775098419851,4.049540235566008,7.2060040791829465,3.3471911112467865,1028.2042936197918,11.109870659808317,84.29944602648418,92.07439311345418
2021-11-20,13.359246826171898,6.465722656250023,8.943451182047548,65.30833292007446,5.84814836581548,0.0,5.529363992885924,3.9402860198001206,9.569722747802757,2.6215237935384152,1023.4543294270833,7.41167829434077,87.71749715010326,62.14431846141815,12.986169433593773,6.373284912109398,8.835953013102236,66.9953711827596,52.437036633491516,0.0,5.289883837562046,3.747555344388765,8.809758758544945,2.889222717285179,1023.68251953125,6.871130665143331,83.93629443645477,63.06735301017761,13.182855224609398,6.453088378906273,8.903131103515648,66.32222159703572,7.994907359282176,0.0,5.497730658238203,3.8991729746175015,9.4365058898926,2.8012189229329465,1023.4066764322918,7.951239446798961,87.47592385609944,62.75330909093221,13.253350830078148,6.451409912109398,8.89957453409833,66.16944328943889,23.165740966796875,0.0,5.428964295189954,4.039069847784959,8.91326802571615,2.755713399251306,1023.7099544270833,8.188534647226334,87.21175758043925,65.80511717001598,13.205834960937523,6.418359375000023,8.895425415039085,65.74490785598755,10.306481460730234,0.0,5.686891071617008,3.9467343760487914,9.58868306477865,2.6647341410319427,1023.36478515625,7.828585346539815,87.50638808806737,61.65575238068899,13.381616210937523,6.514184570312523,8.98233311971031,64.95648161570232,19.323148171106975,0.0,5.2878905001111844,3.9050945160091675,9.338098144531273,2.5705657958984602,1023.7432682291667,7.634015798568726,87.44907114903133,63.643846909205116,13.186273193359398,6.421655273437523,8.870912170410179,65.89444430669148,9.497222344080607,0.0,5.467016260684864,3.8185348723771426,9.606203969319665,2.663014984130882,1023.2468294270833,7.894903143246968,87.36472022533417,61.62954270839691,13.376733398437523,6.477593994140648,8.946326192220075,65.25046253204346,10.96620366970698,0.0,5.468527961820469,3.935202072182569,9.45291417439779,2.6048446655273665,1023.38080078125,7.493231415748596,87.69249888261159,62.49616662661234
2021-11-21,11.545312500000023,5.829064941406273,8.386983489990257,70.90787076950073,31.168981302684795,1.6527777817100286,5.207575225214689,3.23389460391988,4.804199473063193,3.2909777323405365,1013.04587890625,7.043156117200851,77.34407359361649,106.75907671451569,11.402124023437523,5.846063232421898,8.293291982014997,70.98148250579834,35.065277418121696,0.5347222206182778,4.594119255321705,3.2269751873989065,4.906563059488974,3.236714935302757,1013.1732194010417,7.965062782168388,81.54711124300957,108.65056629975636,11.562341308593773,5.835015869140648,8.40446497599286,70.63981405893962,30.599536808906123,1.1180555722676218,5.053776960831056,3.138779866094214,4.874066925048851,3.263459777832054,1013.4517252604168,6.60351850092411,79.10064799586932,105.17648935317993,11.450219726562523,5.813470458984398,8.299431101481142,71.56250127156575,34.01898129284382,0.3402777877636254,4.503209650457563,3.1770583757506903,4.809353129069052,3.3553329467773665,1013.1684505208333,7.723151326179504,81.43244436383247,105.77140394846599,11.130670166015648,5.730676269531273,8.19523646036786,70.5337971051534,42.93055512507757,1.0208333670161664,4.734026174025525,3.1215219274161172,4.774883524576865,3.0497604370117415,1013.3571614583333,9.44004695614179,67.14814892411232,95.47564272085826,11.670495605468773,5.870233154296898,8.398341115315779,70.8731484413147,28.00833356070022,0.42361111752688885,4.64704838076264,3.365740624728291,4.917923227946005,3.3076937357585052,1013.103388671875,6.336868758002917,83.52648296952248,106.30638496081035,11.312371826171898,5.693536376953148,8.186877187093122,69.09814818700154,43.4078698605299,0.7013888792134821,4.823971065945219,3.165226352286126,4.8276471455891965,2.7499799092610715,1013.4766536458333,9.14101239045461,73.59564956029256,98.84848233064015,11.634484863281273,5.839929199218773,8.399270629882835,70.95370292663574,24.967129198213417,0.3680555559694767,4.704469265791525,3.3277234040800905,4.835009511311853,3.3246945699056027,1013.239951171875,6.242757538954417,82.46166545152664,108.62880325317383
2021-11-22,8.733575439453148,7.347894287109398,7.865277862548851,88.79351902008057,99.4351847966512,143.09027808904648,4.720666552498335,3.8086301058968477,2.569576517740927,6.112387593587243,1013.2679817708333,13.432475954294205,11.512962919970354,126.65872971216838,9.849694824218773,7.245385742187523,8.091844177246116,86.31527773539226,99.85462919871013,163.49999737739563,6.469661365986475,4.7852178903060585,2.634687042236351,5.89299036661788,1012.1155533854167,10.51278785864512,26.602036606520414,163.93311715126038,8.728479003906273,7.501702880859398,7.939912414550804,89.80926036834717,99.93194484710693,265.51388746500015,4.588233950160799,3.8658798506173793,2.3936464945475677,6.3480150858561615,1013.4057259114583,11.515004724264145,11.00444432037572,135.71806494394937,9.092828369140648,7.581140136718773,8.082873280843122,87.79999923706055,99.96944459279378,140.92360949516296,5.867156372704362,4.374377642165353,2.7335919698079465,6.1538190205891965,1012.7390299479167,12.723257546623548,14.695092256491384,141.92326776186624,8.513909912109398,7.312036132812523,7.803103383382184,90.89073944091797,99.95138867696126,211.15277874469757,4.495510939503401,3.0704574004587966,2.120203908284509,6.395443216959677,1013.3074088541667,12.474697460730871,9.386666782200336,121.67863702774048,8.311761474609398,7.335656738281273,7.764621988932315,89.44398212432861,99.94166692097981,294.8125067949295,4.9624913919031695,4.234945736100889,2.1367584228515852,6.112360890706384,1012.7789290364583,14.67678870757421,5.361851925651233,140.39532454808554,8.424951171875023,7.219476318359398,7.737644449869815,90.56851991017659,99.88796361287434,150.78472512960434,4.294706725979345,3.1870184050384562,2.1182126363118527,6.277087148030603,1013.234052734375,13.080647843889892,12.578425916532675,127.37567059199016,9.262322998046898,7.465600585937523,7.95996500651044,87.77361170450847,99.91388893127441,169.8680557012558,4.922662343504611,3.807090498644366,2.670721944173181,6.028716023763025,1013.2857584635417,11.228555912772814,18.720184619228046,129.41429297129312
2021-11-23,7.984185791015648,5.221551513671898,7.118076578776065,88.56481456756592,91.47083298365276,269.6041660308838,3.8522924463794834,2.4586765574739755,1.1574137369792084,5.314444478352868,1022.4461100260418,18.101979954789083,13.285370235641798,173.46326875686646,8.261010742187523,5.799768066406273,7.52799504597984,87.2319434483846,88.60138909022014,247.18750286102295,4.7986862400573225,2.7853691518734904,1.051301574707054,5.484667714436853,1022.4410904947918,13.36742594713966,14.002037117878595,163.73860891660055,8.113214111328148,5.186578369140648,7.14039001464846,87.00740782419841,87.44398196538289,112.07638955116272,3.5313713391630586,2.1156640086566916,1.139808909098349,5.0702746073405365,1022.3975716145833,16.210170656442642,19.734721885373194,181.5716334581375,8.257012939453148,5.553002929687523,7.5335759480794495,86.73750082651775,84.93981647491455,409.3680543899536,4.1780282186140685,2.5758947404749355,1.0908739725749115,5.389966583251976,1022.3215690104167,15.458428626259169,19.08666694412629,191.9596753915151,8.016137695312523,5.321954345703148,7.224182383219424,85.87083339691162,88.61203614870708,69.74305564165115,4.0150461917064755,2.636780293507351,1.0145558675130246,4.967749532063806,1022.4803092447917,15.381621234118938,17.84777802353104,190.04024267196655,8.443688964843773,5.346795654296898,7.424008941650413,86.26898288726807,84.79675889015198,456.2986078262329,5.651740608942341,3.215673220742543,0.7314112345378021,5.208538309733115,1022.425703125,14.209600349267324,26.1404625972112,195.76051342487335,7.991265869140648,5.770776367187523,7.326840972900413,85.332870165507,93.32638835906982,80.055555164814,3.971455474064778,2.438616022024915,0.940644836425804,4.966395314534509,1022.2779817708333,13.762065842747688,16.339814972132444,200.05530389149985,7.800897216796898,5.250543212890648,7.146539306640648,87.72638893127441,87.41990685462952,348.88888931274414,4.183854607754762,2.6225654450626315,0.740748341878259,5.194660441080771,1022.3940592447917,17.17135189473629,12.882870502769947,181.38133132457733
2021-11-24,9.380822753906273,4.043511962890648,6.000245666503929,81.48101711273193,6.93101833628801,84.16666603088379,5.199337143906563,3.8133249596340417,2.0556325276692746,2.9720614115397552,1021.3188444010417,19.998581853384774,81.40055528283119,117.48950330416362,8.589410400390648,4.435571289062523,6.353462473551455,82.81481488545735,96.00648053487141,282.01388454437256,4.982960609471823,2.519949912845403,1.3617060343424896,3.5916674296061615,1020.9339029947918,13.374424874782562,42.656481524308525,107.48049493630727,9.430993652343773,4.134545898437523,6.0998499552409085,82.09814834594727,13.012037365076443,13.833333492279053,4.794834649545117,3.2646990252432837,1.979341125488304,3.1760052998860715,1021.2679329427083,20.123686119914055,80.9156464934349,116.53559549649556,8.645288085937523,4.074884033203148,6.1382105509440335,82.0500005086263,90.76851924260457,125.09028100967407,5.363844647744495,2.915907427927401,1.7750907897949446,3.2375490824381927,1021.3642708333333,15.215588281551996,57.49731361865997,110.38336435953777,9.483514404296898,4.253564453125023,6.246653493245465,82.29259300231934,25.949074149131775,0.3333333358168602,5.291240982232792,3.318746682273997,2.119649505615257,3.3543271382649777,1021.0724446614582,19.356793905297916,80.51027796665828,117.31932477156322,8.926477050781273,3.9993225097656477,6.219018554687523,81.56713072458903,64.70046232144038,83.0486114025116,5.068252865104552,3.294010961229412,1.618221537272177,3.2260719299316634,1021.5719140625,15.556672895948092,66.19222200910251,129.27204366525015,9.358911132812523,4.196557617187523,6.1610783894856995,82.66574033101399,13.407870306633413,0.0,5.125570315266098,3.1959663533075346,1.9326975504557709,3.335516866048181,1021.2469205729167,20.236335615317028,80.61518500248592,119.35897902647655,9.340295410156273,3.9201599121093977,5.98874944051109,81.37546253204346,14.54398149996996,94.84027647972107,5.20132826075024,3.417782775474727,1.7356150309245209,2.937477366129599,1021.2777083333333,20.45372209449609,81.61453512310982,124.75918014844258
2021-11-25,6.178247070312523,4.186761474609398,5.137888844807965,88.82870388031006,98.23194408416748,90.23611089587212,5.409867324919848,3.424442087847775,0.39300308227541336,3.4138033548991302,1012.2155110677082,24.649736146132152,17.25740736226241,137.85516691207886,5.458551025390648,4.345208740234398,4.937633768717471,90.62546412150066,95.9874997138977,249.95833325386047,5.147829453911267,4.0301029227764005,-0.0024322509765397626,3.5128774007161496,1012.2568815104167,24.03265957037608,7.4371296390891075,152.2821477254232,5.625115966796898,4.221215820312523,5.183574930826846,88.96481482187907,98.13009262084961,42.28472192212939,4.703802216372539,3.0663032839488653,0.311683909098349,3.489453887939476,1012.901328125,22.251459459463756,15.941758915781975,132.71480719248453,5.416040039062523,4.249749755859398,4.895447031656924,91.3837963740031,95.6995374361674,165.16666811704636,6.093499378567204,3.900650358594561,0.18490626017256773,3.589515940348349,1012.2575944010417,24.76410134633382,4.668703677753608,127.99209809303284,5.678491210937523,4.391839599609398,5.111998494466168,88.73194535573323,99.10879707336426,65.35416679922491,5.4771627913791185,3.1805250473134077,0.25839640299483335,3.354962921142601,1012.7423404947917,22.720081508159637,12.344444115956625,156.78079811731973,5.504815673828148,4.478997802734398,4.90134201049807,91.21249898274739,98.32175985972087,177.06249998603016,5.240019332074526,3.844999732003837,0.021539306640647737,3.5629618326823334,1011.75275390625,26.12744875748952,6.647499988476436,163.17744572957358,6.100976562500023,4.578271484375023,5.148887888590518,89.34305508931477,99.03148174285889,76.78472255170345,5.607177124514403,3.1056248979175245,0.2041488647461165,3.4940162658691634,1012.6828352864583,22.90615999698639,12.761388848225275,166.5539838473002,5.623498535156273,4.180200195312523,5.019036865234398,90.01111062367757,96.09537076950073,85.2777780815959,5.0395586828554615,3.3368095245937397,0.05887374877931961,3.4941129048665402,1012.1401302083333,24.70206292470296,13.98129653930664,139.67322699228922
2021-11-26,8.636041259765648,5.173272705078148,6.223158772786481,86.98425928751628,87.67916711171468,441.58333015441895,7.088460151501481,3.6624981574150097,1.539253489176474,4.1652936299641965,998.3161881510417,6.0152055112024145,56.8685192031165,161.87007323900858,7.178552246093773,4.736444091796898,5.990890757242862,91.31342728932698,99.8578707377116,479.3472194671631,6.0541344286567735,3.904653102360965,0.913551584879599,4.658734893798851,998.0210611979168,10.533168012897173,28.167314396550257,166.4030009905497,8.442285156250023,5.063500976562523,6.134931182861351,87.10509236653645,94.07361189524333,456.9861145019531,6.2977662815066635,3.3910455159160358,1.5636878967285384,4.099627431233728,998.331884765625,6.3755679080883665,50.840092903623976,149.1499191125234,7.515893554687523,4.596246337890648,6.032295481363955,89.14861234029134,99.78842671712239,245.40277767181396,6.422462364241616,3.5058259984280418,1.004298146565759,4.349881744384788,998.7997200520833,9.380938075482845,33.76703826710582,177.03593158721924,8.630609130859398,5.079156494140648,6.2426417032877835,86.56388854980469,87.12870422999065,377.2638921737671,6.623330232932398,3.5398593790121304,1.4172772725423215,4.10049972534182,998.2250065104167,4.782483243693908,60.98259184757868,172.18265855312347,6.371911621093773,5.463006591796898,5.881260172526065,93.1578722000122,99.98055458068848,468.6180582046509,4.142910124520179,2.4247121828093436,0.5010709126790402,4.847553507487021,999.2341373697917,11.266316697001457,12.057129685456554,153.4708547592163,8.177819824218773,4.977929687500023,6.139424896240257,84.91944376627605,97.30509217580159,108.93055582046509,5.898556928579868,4.0555720007046645,1.7202913920085052,3.7249745686848996,997.988681640625,8.540161391099295,53.53203739474217,155.68380920092264,7.226312255859398,5.540490722656273,6.12430343627932,91.3763910929362,99.83425935109456,422.15277767181396,4.043171028262896,2.967204997733292,0.9321266174316634,4.797096506754599,998.7924251302082,7.284012256811063,23.858796572933596,165.48654778798422
2021-11-27,5.849786376953148,2.1776977539062727,4.279604848225934,82.6949068705241,90.94305515289307,48.36805568635464,11.160202695980322,4.292861979125141,-0.4683263142903229,1.5266446431477902,991.3422330729168,24.232919921477635,34.19083274155855,204.7090490659078,6.427026367187523,2.2211547851562727,4.3212448120117415,78.59536997477214,82.50185283025105,473.1666717529297,12.185162494359231,4.187281333432741,-0.6178624471028229,0.8415796915690521,992.444228515625,22.997422804435093,52.68749986588955,214.46389865875244,5.869714355468773,3.0383544921875227,4.487823740641299,83.00323994954427,85.60046434402466,36.08333272486925,9.35979904625001,3.763823532188042,-0.215788269042946,1.7969706217448334,992.02751953125,25.272942175467808,28.32620318730672,225.94610611597696,6.268395996093773,2.2831054687500227,4.23798014322919,77.65694491068523,88.52314774195354,468.77083587646484,9.330796788318645,3.717701387097739,-0.5877988179524323,0.6065854390462277,993.1548014322917,25.949947521090508,41.73657384514809,182.40930859247842,5.949731445312523,2.8890625000000227,4.31095148722333,83.96064853668213,87.91388924916585,45.57638816162944,6.517144177244335,3.5861335568011223,-0.3727567036946198,1.7737759908040402,992.461787109375,25.146180624763172,27.685740617414314,238.225031375885,6.304193115234398,1.9955078125000227,3.8885055541992415,81.49768384297688,67.16388841470082,421.9166679382324,9.62705863040694,4.155906159717921,-0.7711191813151004,0.8766888936360715,992.3085579427083,33.68334444363912,34.78046303987503,209.74083741505942,6.422296142578148,2.8704772949218977,4.624739583333356,81.64305369059245,83.77129650115967,33.45138860307634,5.696350760963987,3.885562512165315,-0.10868428548172915,1.674342091878259,992.52056640625,22.911466260751087,36.855462615688644,252.53543059031168,6.310449218750023,1.9790893554687727,4.077845509847028,79.8013874689738,74.94537083307902,133.81944704055786,10.935857030954319,4.07514798342694,-0.6001164754231354,0.8055778503418196,991.9964583333333,28.438175077860553,39.486481711268425,197.55175971984863
