Date,temperature_2m_max_run_00Z_day1_gfs,temperature_2m_min_run_00Z_day1_gfs,temperature_2m_mean_run_00Z_day1_gfs,relative_humidity_2m_mean_run_00Z_day1_gfs,cloud_cover_mean_run_00Z_day1_gfs,precipitation_sum_run_00Z_day1_gfs,wind_speed_10m_max_run_00Z_day1_gfs,wind_speed_10m_mean_run_00Z_day1_gfs,temperature_850mb_mean_run_00Z_day1_gfs,dew_point_2m_mean_run_00Z_day1_gfs,msl_pressure_mean_run_00Z_day1_gfs,ground_heat_flux_mean_run_00Z_day1_gfs,downward_shortwave_mean_run_00Z_day1_gfs,boundary_layer_height_mean_run_00Z_day1_gfs,temperature_2m_max_run_00Z_day2_gfs,temperature_2m_min_run_00Z_day2_gfs,temperature_2m_mean_run_00Z_day2_gfs,relative_humidity_2m_mean_run_00Z_day2_gfs,cloud_cover_mean_run_00Z_day2_gfs,precipitation_sum_run_00Z_day2_gfs,wind_speed_10m_max_run_00Z_day2_gfs,wind_speed_10m_mean_run_00Z_day2_gfs,temperature_850mb_mean_run_00Z_day2_gfs,dew_point_2m_mean_run_00Z_day2_gfs,msl_pressure_mean_run_00Z_day2_gfs,ground_heat_flux_mean_run_00Z_day2_gfs,downward_shortwave_mean_run_00Z_day2_gfs,boundary_layer_height_mean_run_00Z_day2_gfs,temperature_2m_max_run_06Z_day1_gfs,temperature_2m_min_run_06Z_day1_gfs,temperature_2m_mean_run_06Z_day1_gfs,relative_humidity_2m_mean_run_06Z_day1_gfs,cloud_cover_mean_run_06Z_day1_gfs,precipitation_sum_run_06Z_day1_gfs,wind_speed_10m_max_run_06Z_day1_gfs,wind_speed_10m_mean_run_06Z_day1_gfs,temperature_850mb_mean_run_06Z_day1_gfs,dew_point_2m_mean_run_06Z_day1_gfs,msl_pressure_mean_run_06Z_day1_gfs,ground_heat_flux_mean_run_06Z_day1_gfs,downward_shortwave_mean_run_06Z_day1_gfs,boundary_layer_height_mean_run_06Z_day1_gfs,temperature_2m_max_run_06Z_day2_gfs,temperature_2m_min_run_06Z_day2_gfs,temperature_2m_mean_run_06Z_day2_gfs,relative_humidity_2m_mean_run_06Z_day2_gfs,cloud_cover_mean_run_06Z_day2_gfs,precipitation_sum_run_06Z_day2_gfs,wind_speed_10m_max_run_06Z_day2_gfs,wind_speed_10m_mean_run_06Z_day2_gfs,temperature_850mb_mean_run_06Z_day2_gfs,dew_point_2m_mean_run_06Z_day2_gfs,msl_pressure_mean_run_06Z_day2_gfs,ground_heat_flux_mean_run_06Z_day2_gfs,downward_shortwave_mean_run_06Z_day2_gfs,boundary_layer_height_mean_run_06Z_day2_gfs,temperature_2m_max_run_12Z_day1_gfs,temperature_2m_min_run_12Z_day1_gfs,temperature_2m_mean_run_12Z_day1_gfs,relative_humidity_2m_mean_run_12Z_day1_gfs,cloud_cover_mean_run_12Z_day1_gfs,precipitation_sum_run_12Z_day1_gfs,wind_speed_10m_max_run_12Z_day1_gfs,wind_speed_10m_mean_run_12Z_day1_gfs,temperature_850mb_mean_run_12Z_day1_gfs,dew_point_2m_mean_run_12Z_day1_gfs,msl_pressure_mean_run_12Z_day1_gfs,ground_heat_flux_mean_run_12Z_day1_gfs,downward_shortwave_mean_run_12Z_day1_gfs,boundary_layer_height_mean_run_12Z_day1_gfs,temperature_2m_max_run_12Z_day2_gfs,temperature_2m_min_run_12Z_day2_gfs,temperature_2m_mean_run_12Z_day2_gfs,relative_humidity_2m_mean_run_12Z_day2_gfs,cloud_cover_mean_run_12Z_day2_gfs,precipitation_sum_run_12Z_day2_gfs,wind_speed_10m_max_run_12Z_day2_gfs,wind_speed_10m_mean_run_12Z_day2_gfs,temperature_850mb_mean_run_12Z_day2_gfs,dew_point_2m_mean_run_12Z_day2_gfs,msl_pressure_mean_run_12Z_day2_gfs,ground_heat_flux_mean_run_12Z_day2_gfs,downward_shortwave_mean_run_12Z_day2_gfs,boundary_layer_height_mean_run_12Z_day2_gfs,temperature_2m_max_run_18Z_day1_gfs,temperature_2m_min_run_18Z_day1_gfs,temperature_2m_mean_run_18Z_day1_gfs,relative_humidity_2m_mean_run_18Z_day1_gfs,cloud_cover_mean_run_18Z_day1_gfs,precipitation_sum_run_18Z_day1_gfs,wind_speed_10m_max_run_18Z_day1_gfs,wind_speed_10m_mean_run_18Z_day1_gfs,temperature_850mb_mean_run_18Z_day1_gfs,dew_point_2m_mean_run_18Z_day1_gfs,msl_pressure_mean_run_18Z_day1_gfs,ground_heat_flux_mean_run_18Z_day1_gfs,downward_shortwave_mean_run_18Z_day1_gfs,boundary_layer_height_mean_run_18Z_day1_gfs,temperature_2m_max_run_18Z_day2_gfs,temperature_2m_min_run_18Z_day2_gfs,temperature_2m_mean_run_18Z_day2_gfs,relative_humidity_2m_mean_run_18Z_day2_gfs,cloud_cover_mean_run_18Z_day2_gfs,precipitation_sum_run_18Z_day2_gfs,wind_speed_10m_max_run_18Z_day2_gfs,wind_speed_10m_mean_run_18Z_day2_gfs,temperature_850mb_mean_run_18Z_day2_gfs,dew_point_2m_mean_run_18Z_day2_gfs,msl_pressure_mean_run_18Z_day2_gfs,ground_heat_flux_mean_run_18Z_day2_gfs,downward_shortwave_mean_run_18Z_day2_gfs,boundary_layer_height_mean_run_18Z_day2_gfs
2021-04-01,19.956781005859398,7.809869384765648,13.205871836344423,70.2574070294698,44.9166667064031,5.062500070780516,13.953157253898118,9.937375911424963,9.053311920166038,7.408856964111351,1019.3771842447917,-14.813899834950766,226.9693333952067,469.2055168946584,19.572229003906273,7.806848144531273,13.110547637939476,72.40740919113159,36.03703753153483,9.868055489379913,13.054971694434013,9.315320653186905,8.78216451009115,7.739531453450525,1019.152587890625,-14.603498935699463,228.47144181017453,428.6265865166982,20.142510986328148,7.803948974609398,13.296754455566429,70.2638889948527,36.60972184936205,7.430555619299412,14.665797914410765,10.187382262100824,9.187708791097009,7.499330139160179,1019.5997884114582,-15.607956171035767,232.260145768368,471.6860022544861,19.550012207031273,7.694421386718773,12.943077341715517,72.47500085830688,24.27407419681549,8.180555492639542,15.060105415960138,10.43806715268932,8.477239227294945,7.596685028076195,1018.853837890625,-13.904504537582397,231.87518829588467,483.8798002401988,20.264855957031273,8.299432373046898,13.430825805664085,70.19120327631633,55.871759325265884,5.000000044703484,18.188996195834694,11.41855763306961,9.32355651855471,7.678022003173851,1019.3122135416667,-15.571473995844523,225.5699661024846,515.1700910727183,19.648706054687523,7.457849121093773,13.096158599853538,69.23194456100464,24.64166693886121,1.5763888731598854,12.0900480392179,8.720000659315314,8.81437708536788,7.06305847167971,1019.9022981770833,-14.66862932840983,235.29846654816842,424.6131416956584,20.386926269531273,8.602166748046898,13.613220469156923,70.31064701080322,59.53888809680939,9.854166666045785,17.44193642922781,11.50324802418496,9.507716115315759,7.91965001424154,1018.9501139322917,-16.172696749369305,224.5032162515757,487.8371021747589,19.834588623046898,7.730096435546898,13.226279195149763,69.5625,40.74351786573728,2.805555571336299,12.38821138371515,8.923626779349565,8.938676452636741,7.282430267334007,1019.75783203125,-14.990204890569052,230.21578000470376,442.306502978007
2021-04-02,11.378686523437523,5.317895507812523,8.760624186197939,81.31157398223877,72.60231447219849,77.01388907432556,13.248364589589398,8.950386562274046,3.479000345865927,5.500075276692712,1018.018330078125,11.56794406970342,122.10525753690551,421.6988682746887,10.887597656250023,3.8583618164062727,8.666822052001976,80.05463027954102,76.14907423655193,98.93749904632568,17.202373628517247,12.8828123047362,2.120448048909509,5.14446919759115,1017.9676627604167,12.049935261408487,138.40636856974257,624.867307027181,11.577172851562523,4.974633789062523,8.742031351725283,79.96481418609619,67.75833280881245,69.93750047683716,13.447375247185935,9.602970517598514,3.465229288737021,5.215039825439476,1017.8493196614583,9.72267065445582,132.57009306146452,438.04504950841266,9.381066894531273,3.9956298828125227,8.144873555501325,86.206480662028,80.63287047545116,95.44444489479065,16.566162821649346,11.020606650844806,2.878034210205101,5.848430887858115,1018.2244303385418,18.130118240912754,63.85237151539574,421.89013926188153,11.968804931640648,4.604760742187523,8.64646937052411,78.82361110051473,66.30879712104797,56.04861068725586,13.6306799038088,9.552775201856718,3.2959508260091184,4.836172993977868,1018.1413997395833,9.154504882792631,153.1435906747356,460.19296312332153,12.183312988281273,5.205590820312523,8.485552724202497,74.04212935765584,73.90740696589152,43.7430557012558,13.051088406469766,9.573345298102451,2.5324378967285384,3.7694933573405365,1018.8790397135417,9.249412814776102,192.073463128414,536.3353401819865,11.884271240234398,4.240075683593773,8.698459879557314,79.50694624582927,67.00231464703877,38.20833337306976,14.141028138762053,10.114659746708426,3.5471359252929915,5.017725880940759,1017.9444303385417,9.100349853436152,154.26153898828974,471.25115331013996,12.265222167968773,5.537652587890648,8.660400644938173,77.32824087142944,75.49953619639079,62.41666626930237,11.247060663102445,8.623443729875234,3.0729855855306027,4.525276438395224,1018.2551334635417,10.177412758270899,171.47963327433294,455.8698507944743
2021-04-03,8.208978271484398,1.8247314453125227,4.652577972412132,64.40462795893352,76.77962930997212,6.256944417953491,15.510543703715735,11.36353100396193,-3.1382291158039948,-1.8908383687336823,1021.9983626302082,14.566365510225296,197.03910548069203,826.0343828201294,6.454217529296898,1.5093933105468977,3.8587877909342674,70.64675919214885,79.6374986966451,94.9375,19.322243184823783,13.568819702015839,-3.8145571390787723,-1.1548179626464616,1020.8084114583332,19.00526523590088,180.20333142749345,737.7624894777933,7.329156494140648,2.1447692871093977,4.537630971272809,65.68750047683716,80.3476866086324,5.3055555783212185,14.14187825668065,10.597679209190527,-3.2647956848144304,-1.6390174865722429,1022.3952962239583,16.76958758632342,172.19806003834432,784.6616535186768,6.859643554687523,1.3602233886718977,4.049710845947288,68.84907452265422,76.11481467882793,80.97916626930237,18.216557858593017,13.331226523627512,-3.9112520853678348,-1.367393239339151,1021.565029296875,17.221006607015926,183.0288512846455,787.1683705647787,7.475946044921898,1.5933166503906477,4.302994028727237,68.10046370824178,71.77268552780151,5.13888886757195,12.463522286864903,9.963893533462901,-3.366715494791663,-1.376315816243448,1022.40345703125,16.577453484137852,176.71888691016161,718.0275917053223,7.441888427734398,0.8991333007812727,3.960352834065778,67.09259303410848,73.76342527071635,64.26388955116272,18.514623086629452,13.010356268503083,-3.767764790852823,-1.8953180948893191,1021.935244140625,16.380974799394608,180.04147512403628,827.640627861023,6.703485107421898,1.5164123535156477,3.9588002522786687,70.34861008326213,77.72916682561238,4.07638887129724,12.745747478796549,10.086457815555173,-3.7357060750325104,-1.1905019124348541,1022.5521158854167,18.888794745008152,152.29588983270028,674.544492483139,8.259881591796898,2.3018127441406477,4.639402008056663,65.86388921737671,80.61944611867268,45.09722173213959,15.754689635485503,11.311786467387085,-3.1147000630696198,-1.6375907897948991,1021.9794596354167,14.034334014945975,182.60275895427912,832.9105670452118
2021-04-04,9.347283935546898,-1.4204467773437273,3.811263020833356,61.873610973358154,15.663889358441034,16.833333492279053,8.29126510071622,4.39778217538928,-3.067662302652991,-3.471885426839151,1022.411455078125,4.013350486755371,251.94324197309712,488.086622317632,9.873284912109398,-0.36899414062497726,4.60074386596682,58.36944468816122,36.51481435696284,9.0,7.623155659120925,4.300276970205635,-2.299594624837198,-3.206133270263649,1020.8979361979167,1.123652418454488,241.95077417232096,591.5189273754755,9.091607666015648,-1.4935668945312273,3.6839538574218977,63.33749930063883,15.488426188627878,16.326389491558075,8.253735790822601,4.323448853664441,-3.2556912740071198,-3.3229507446288835,1022.30033203125,3.542008022467295,251.9293898244699,497.99680773417157,9.988580322265648,-0.5233825683593523,4.584305063883487,58.02777751286825,24.06944441298644,9.500000238418579,7.31675204522855,3.482493173381087,-2.3618225097656023,-3.293505096435524,1021.7589029947917,1.2589961389700572,246.8389607463032,551.3685770432154,9.060693359375023,-1.6011108398437273,3.571883138020856,60.45138883590698,9.31388839147985,6.333333492279053,8.459691121820027,5.109130482825349,-3.1796936035156023,-4.0907793680826785,1022.5828515625,4.885586102803548,253.12293989459673,499.323725938797,9.872308349609398,-1.2486328124999773,4.066714223225934,57.46203724543253,9.194444255903363,13.166666507720947,7.845469232560498,4.268326867881702,-2.5842409769693973,-4.15178527832029,1022.23142578125,4.421857873598735,252.04583591160676,458.59386372566223,9.188226318359398,-1.0233520507812273,3.8433319091797102,61.36296304066976,16.78518497943878,0.1666666679084301,9.083091862146224,5.685929197794593,-3.034824117024698,-3.412803395589151,1022.28642578125,4.42485689620177,250.02422585027912,562.1121118863424,9.499902343750023,-1.4010375976562273,3.936353302001976,60.69814840952555,14.727777899553379,10.166666507720947,7.976549286064492,4.372281997367129,-2.8446538289387604,-3.5503308614094635,1022.4214127604167,2.7921036084493003,251.5685405128946,486.09981826941174
2021-04-05,11.883996582031273,-2.1237548828124773,3.8585805257161687,72.69166723887126,64.72222218910854,37.54166729003191,34.4037789709136,19.74605238923328,-0.9195515950520416,-1.030125681559241,1011.443427734375,2.0394658744335175,174.63885841332376,831.8667624791464,12.130761718750023,-1.0969299316406023,4.800291951497418,68.64629554748535,65.75185200944543,39.7986114025116,34.29296009933979,21.651191545887865,0.2693229675293196,-0.9227152506510379,1011.1330501302083,1.6182239055633545,177.09681296224394,902.9511871337891,11.919458007812523,-2.0385803222656023,3.836836751302106,72.79768594106038,64.88981490582228,37.48611171217635,35.437639628901714,20.32733231236658,-1.0438980102538835,-1.0209564208984148,1011.430712890625,2.566332737604777,172.28664767866334,861.7311061223348,11.722528076171898,-2.0388854980468523,3.9813514709472884,69.21342420578003,66.07916646823287,46.430556297302246,34.49964529205673,19.94660909261691,-0.6178726196288835,-1.6402458190917741,1011.696513671875,3.0956491827964783,177.14535432619354,830.4762582778931,11.700311279296898,-2.7166503906249773,3.679766591389997,72.93333212534587,62.422221563756466,32.5138887912035,34.678625237534206,19.767143094965803,-1.1731335957844635,-1.1820460001627566,1011.8945182291667,2.566814422607422,178.8947067670524,839.5859967867533,12.239526367187523,-1.6727355957031023,4.277062988281273,67.72916587193806,63.71342608332634,29.847222059965134,33.638032015328534,20.097885346918524,-0.31817855834958664,-1.6374725341796648,1011.6229557291667,0.4140746792157491,186.99168067301312,855.8661090532938,11.630822753906273,-2.4889892578124773,4.015467580159528,71.22222185134888,62.244444224983454,31.687499836087227,34.47357943356875,20.488810866184682,-0.8246342976887604,-1.1859217325846316,1011.734228515625,2.036729613939921,185.76327574936053,874.4133448600769,11.937921142578148,-2.1147216796874773,3.928698476155622,71.8805562655131,63.804166896268725,33.18749995948747,34.49440923015514,20.31607988871062,-0.840934499104776,-1.1065607706705691,1011.37212890625,2.7617704967657724,173.51007402812442,858.7296228408813
2021-04-06,1.6765380859375227,-5.172247314453102,-1.7072331746419043,81.03564929962158,82.26898018519084,187.38194465637207,24.239827315562106,20.00388969078406,-8.625175221761026,-4.696759287516272,1014.9240950520833,27.338565637667973,208.16531692817807,923.1296145121256,1.2611022949218977,-4.891333007812477,-1.8673703511555761,84.83240763346355,97.06527741750081,235.13194274902344,22.92900842842217,17.584748835570267,-8.662209574381507,-4.222233835856116,1015.2445735677082,23.860861877600353,205.21780075877905,815.0790964762369,1.7174621582031477,-5.236914062499977,-1.6112681070963315,81.20138994852702,81.86990722020467,176.20138692855835,24.760329358595765,20.275491713452503,-8.580267333984352,-4.582851155598917,1014.6214908854167,26.949735442797344,217.5626780303816,941.6212768554688,1.6978393554687727,-5.542303466796852,-1.8634717305501074,82.33472283681233,71.88657418886821,212.4791660308838,24.07503634954403,19.928050444186628,-8.446031951904274,-4.6271868387858035,1015.3055045572917,25.145497779051464,226.08134270335236,898.154982248942,2.0668273925781477,-5.114935302734352,-1.4383542378743261,81.38333288828532,79.81203683217366,175.31249904632568,26.249364124521232,20.32144983393221,-8.450575256347634,-4.381002807617165,1014.3986002604167,27.393800706913073,219.0155575039486,942.5413309733073,1.4354797363281477,-5.204168701171852,-2.04140446980792,84.01944287618001,82.7583339214325,209.04861164093018,23.85946654159144,20.1914634432205,-8.64411900838212,-4.494814300537087,1015.42859375,22.77657022078832,217.6880490531524,864.4625727335612,2.4890380859375227,-5.226995849609352,-1.3079615275064878,81.67036994298299,76.09583314259847,116.79861068725586,27.170122787429737,20.209848442327896,-8.186204020182288,-4.235534413655557,1014.0653873697917,26.296807852884132,233.23116618643203,944.1793200174967,1.5166870117187727,-5.372229003906227,-1.9152091979980241,82.97685146331787,87.61388842264812,216.13194465637207,23.980097216820923,19.348290418399188,-8.711702728271462,-4.578251902262366,1015.53044921875,26.181788971026737,196.21631603936353,877.4642537434896
2021-04-07,1.7180725097656477,-3.1264709472656023,-0.9364837646484148,85.34120480219524,99.81666660308838,112.7152771949768,35.23683330836268,24.784789765941255,-8.424238586425759,-3.2823076883951785,1017.5133333333333,15.277567972739538,201.78622536733747,1247.0272394816081,0.6394287109375227,-4.667333984374977,-1.4313072204589616,89.1398156483968,92.42453686396281,295.1875,41.57252644402522,25.81443464193497,-8.741575622558571,-3.076518758137979,1019.2588639322917,19.16475184758504,165.43833309412003,1098.1948521931965,2.0846496582031477,-2.8712219238281023,-0.627110544840472,85.1199065844218,97.89675776163737,116.70833277702332,32.9827187925927,23.449690980782346,-8.153237406412757,-3.0370137532551666,1017.13369140625,13.661643028259277,210.7587220047911,1238.4257227579753,0.5394836425781477,-4.710180664062477,-1.5195704142252378,89.64259338378906,92.03425900141399,289.9513912200928,41.429845693999674,26.333011133701536,-8.734154764811194,-3.071274820963538,1018.7691178385417,19.296227037906647,170.88231504460177,1099.4021860758464,2.1852966308593977,-3.1471008300781023,-0.681266530354795,82.34490823745728,97.30601851145427,88.0347226858139,31.552106422931008,23.758105858736325,-8.230031077067054,-3.569486999511696,1017.3126790364582,15.469556224842867,211.05264652272066,1269.6269302368164,0.38298950195314774,-4.348028564453102,-1.4750338236490659,88.48657480875652,93.74629592895508,287.74305725097656,40.881277765818226,25.927209411501096,-8.87960535685221,-3.2387972513834598,1018.4576985677082,18.8902241786321,169.10499970739087,1135.5472056070964,2.1833740234375227,-3.4138244628906023,-0.736442311604795,81.40277814865112,98.31435203552246,56.18749985098839,30.140008201796995,23.544832188444715,-8.219770812988259,-3.767754618326819,1017.5148600260417,16.362580850720406,207.8928889532884,1256.287208557129,0.39827880859377274,-4.043951416015602,-1.3452247619628679,87.78194395701091,97.04213078816731,230.62500143051147,40.24676396286341,25.67603417426369,-8.711993916829385,-3.2253695170084598,1017.8381803385417,17.9739750623703,172.4861841623982,1165.441635131836
2021-04-08,3.9741455078125227,-2.6068176269531023,0.2815465291341373,88.6199083328247,84.28148237864177,270.6597261428833,29.43513079749448,14.55789715403038,-6.453799947102823,-1.460752868652321,1025.9526595052082,5.577761585513751,204.49774226173759,786.9423115253448,3.8717285156250227,-2.9838317871093523,0.04467035929364253,87.9490737915039,81.90000049273173,284.3194417953491,27.688657867538655,14.019997701690755,-6.588986460367835,-1.8126955668131473,1026.0381412760416,4.812895501653354,202.07164827361703,721.7201640208563,3.8127685546875227,-1.8940795898437273,0.45529963175458005,89.33240699768066,87.97361119588216,235.7569441795349,28.755785704823843,15.052752930880091,-6.320291900634743,-1.1664985656738054,1025.8314453125,5.339674231906732,196.5527006611228,768.7272925376892,3.7910400390625227,-3.1035522460937273,-0.06790771484372726,87.3694445292155,72.75555527210236,307.68750286102295,24.648046072111494,14.199314854125808,-6.756759389241495,-2.051982625325479,1026.28572265625,5.36701914605995,216.90105881541967,743.0810307661692,4.571282958984398,-2.7953857421874773,0.4327356974284082,86.31342538197835,84.1268515586853,163.26388788223267,30.20978149433714,15.893554828693865,-6.178475443522132,-1.7153559366861941,1025.8239127604168,5.192571692168713,203.15912944699326,821.2447141806284,3.9104248046875227,-2.9592041015624773,-0.0564687093098731,87.23611164093018,75.88009119033813,290.97222423553467,27.88187342566938,14.528576606064648,-6.722533925374307,-2.0583404541015398,1026.1919954427083,5.602980740368366,221.58086405694485,769.4330237706503,5.016473388671898,-2.4480651855468523,0.6356547037760644,84.82083288828532,84.77731498082478,112.95833504199982,29.968437051139404,16.030131989837447,-6.142388407389319,-1.7847707112629791,1025.7401106770833,4.141667078559597,201.44103456040224,848.5402066707611,4.143029785156273,-2.8674072265624773,0.11713053385418941,87.41851711273193,76.6652773420016,261.1736092567444,26.146590718707856,14.884368993374679,-6.674925231933571,-1.8458071390787723,1026.1554166666667,5.2772810980677605,217.61516657099128,813.8667250076929
2021-04-09,13.478356933593773,-2.6977294921874773,4.8402369181315335,70.98518323898315,72.01990763346355,64.5,9.023184580678679,7.962307244608582,2.5561525980631927,-0.6270545959472429,1020.3358626302083,-16.037137230237324,211.68120791763067,345.41104737917584,12.202172851562523,-3.9982360839843523,3.7315294901530174,81.18796300888062,74.43981552124023,297.3333435058594,8.790334648507862,7.229599886485507,2.2814575195312727,0.46909866333010086,1020.924443359375,-12.182342847188314,211.40789096057415,236.19536272684732,13.566674804687523,-2.7258056640624773,4.863015747070335,71.41435352961223,65.44675914446513,22.999999523162842,9.266315804965261,8.043946933019528,2.6184974670410384,-0.5198221842447879,1020.4129622395833,-16.192784667015076,217.93374605476856,336.41658381621045,12.296868896484398,-3.4842590332031023,3.974629974365257,80.09120607376099,68.13425954182942,262.5,9.098879136761969,7.063244204479768,2.543860371907556,0.5133911132812727,1020.7323763020833,-12.311617384354273,206.13273784021536,230.67435443401337,13.686853027343773,-2.9594177246093523,4.861257171630882,71.38564777374268,66.67129627863567,2.166666626930237,10.154037886894562,8.228433320308755,2.6190099080403684,-0.5376978556315066,1020.6489388020833,-16.38501516977946,219.82818375279507,340.98592766125995,13.157769775390648,-3.4422668457031023,4.35535074869794,74.31388998031616,58.398611625035606,183.99999618530273,8.442110882404256,7.332027596634141,2.4648122151692746,-0.39055480957028976,1020.4093294270833,-14.206700444221497,218.4037010719379,295.6244281133016,13.791528320312523,-2.9128479003906023,4.86783879597984,71.46666765213013,68.882869998614,0.0,11.185150488087794,8.175914607055494,2.665594991048181,-0.507810974121071,1020.4304329427083,-16.797005037466686,220.84674286097288,330.97003801663715,13.203790283203148,-3.1580566406249773,4.593129730224632,72.85046323140462,67.46712966759999,132.83333587646484,8.976761083801923,7.69136317379315,2.4263397216797102,-0.46062825520829165,1020.278134765625,-15.23385347922643,213.46319933235645,315.86754806836444
2021-04-10,14.517846679687523,2.9042297363281477,8.182576751709007,66.52176014582317,90.65000120798747,0.0,12.881221233770942,9.141702249375427,4.610916392008505,1.9330612182617415,1015.9718880208333,-20.127076268196106,203.0146848782897,478.15901891390484,13.448846435546898,2.1523681640625227,7.415105438232445,69.22453689575195,87.35833438237508,64.5,11.978854862277206,7.65165933665419,4.514710998535179,1.7650034586588959,1015.5964485677083,-18.60506296157837,198.97942482928434,361.7621603012085,14.430444335937523,2.9814086914062727,8.137405649820986,65.30879640579224,88.7597222328186,0.0,13.757479687468079,9.441408463337451,4.554163869222009,1.6897127787272552,1016.0756966145833,-17.33901317914327,201.29530965040126,475.995418548584,13.895715332031273,2.4477478027343977,7.710056559244815,69.35046307245891,88.41713031133015,22.999999523162842,12.413141277659136,7.772037294487181,4.5161847432454465,2.012019093831384,1015.6295833333332,-19.37691644827525,202.03507643441358,374.58850773175556,13.949334716796898,2.7949462890625227,8.026316579182966,65.8143499692281,88.62546348571777,0.0,12.175650572099023,9.385573057166889,4.532927449544275,1.6926005045573334,1016.119921875,-15.350826025009155,196.33629659066597,471.31474781036377,14.111749267578148,3.1820007324218977,7.921844736735049,70.25972175598145,94.71388975779216,2.166666626930237,13.213250128939498,8.297281393992025,4.355765279134118,2.4543574015299896,1016.4246451822917,-21.330996870994568,204.17751835038266,414.5220715999603,14.380029296875023,2.8644958496093977,8.238434092203798,66.09490919113159,93.20833333333333,0.09722222294658422,13.781540495894006,9.453564702824542,4.626608784993493,1.9634236653645871,1015.7404947916667,-16.197664499282837,200.05018599083027,489.25667333602905,14.315576171875023,3.1307922363281477,8.000750478108747,70.09490648905437,89.04166730244954,0.0,14.442535732864615,8.523475525338968,4.4774159749349,2.5126497904460052,1016.1133756510417,-22.059184074401855,202.90736932307482,422.4663766225179
2021-04-11,16.088311767578148,4.852990722656273,9.943134562174501,67.08703740437825,85.69583322604497,0.5000000149011612,10.153981994418654,7.765950714495084,6.607611592610681,3.698482767740927,1011.6547265625,-15.335097630818685,206.46994620313248,367.1749578317006,14.632684326171898,5.483300781250023,9.644178009033226,67.72314882278442,89.06898140907288,0.0,9.807669514246571,6.923820764920509,6.300372060139978,3.7048800150553802,1011.4980338541667,-12.767680406570435,150.52114382882914,297.5113038221995,15.843835449218773,5.065087890625023,9.979183451334658,66.27361186345418,87.79583251476288,0.8333333730697632,8.904191697820899,7.187818847025722,6.666852569580101,3.5947814941406477,1011.6804915364582,-14.757667462031046,187.79018850127855,324.42976411183673,14.388330078125023,5.086602783203148,9.338419850667341,68.77823972702026,99.25925890604655,0.0,9.228252671128072,7.423723616243943,6.382597859700525,3.654017384847009,1011.5701432291667,-11.854807734489441,151.88976070284843,258.8612817923228,16.003350830078148,5.341760253906273,10.139466857910179,65.81759325663249,91.57175938288371,1.5,9.860098899997567,7.23268604504582,6.570218658447288,3.659430440266931,1011.8506608072917,-15.115909020105997,194.56237510591745,354.34780128796893,15.920648193359398,5.008813476562523,9.571249898274763,67.38564825057983,93.47036997477214,0.17361111799255013,11.410717364799021,7.4186077874602185,6.50025583902999,3.5545809427897552,1011.362900390625,-14.085795640945435,178.01961236447096,269.9865984916687,16.408715820312523,5.558923339843773,10.278339640299501,66.17638826370239,89.73657353719075,0.0,9.601473864611982,7.446710011572318,6.515054321289085,3.8661361694336165,1011.5993131510418,-16.81996214389801,211.1965385104219,380.7906417051951,16.498071289062523,4.982904052734398,10.100835418701195,65.35000069936116,96.27685260772705,0.3333333358168602,9.493408584642822,6.832443027248783,6.681387837727868,3.4971061706543196,1011.1597005208333,-16.324564536412556,217.31639104088148,353.28757548332214
2021-04-12,7.638269042968773,1.1831298828125227,3.5533424377441634,96.61064942677815,93.23842573165894,114.8680545608513,17.935629058384077,11.52414083238659,-2.1611452738443973,3.043751017252646,1022.588603515625,25.255474368731182,25.360166927799582,342.80374081929523,7.772821044921898,0.5596252441406477,4.091577148437523,94.8884261449178,86.6476856470108,102.22222208976746,19.259011595442693,13.19730699861311,-0.6111320495605241,3.295758819580101,1019.50810546875,23.302847385406494,11.715500014834106,430.9193817774455,8.339196777343773,1.1769653320312727,3.583472188313825,96.38796265920003,95.63287035624187,123.60416642576456,18.097679414711397,11.944614936711202,-2.3934717814127566,3.035774485270224,1022.8029817708333,26.22532256444295,27.826944866683334,366.43271255493164,7.629449462890648,0.19967041015627274,3.689590708414736,96.32916736602783,90.1328710714976,102.40277674794197,19.14894410604384,12.019609601638779,-0.7909492492675554,3.1249608357747434,1019.7778385416667,23.024322152137756,12.750333368778229,348.5149393081665,8.139489746093773,0.7133117675781477,3.333846028645856,96.52685101826985,95.85046275456746,169.58333338797092,18.590956913965396,12.285901801855536,-2.847863260904944,2.8117398579915402,1023.5119921875,27.214659492174786,37.74607427107791,396.04000091552734,7.364251708984398,0.09697875976564774,3.653206125895205,96.41157309214275,88.10046299298604,78.94444455951452,18.571316001300115,12.561553622374348,-1.0383056640624773,3.1161895751953352,1020.7894563802083,23.902052680651348,16.940759243754048,369.0506633122762,8.373956298828148,1.0374389648437727,3.5481671651204656,96.01388867696126,94.84953737258911,206.00694477558136,19.33080996087412,12.566937862893505,-2.766923014322913,2.9522694905598996,1023.2374674479167,27.001471479733784,38.466833086218685,441.054594039917,7.804406738281273,0.8396240234375227,3.599941507975283,96.74212869008382,90.82962997754414,88.94444563658908,18.85851874099777,12.620125737915437,-1.7469696044921648,3.100063578287802,1021.7923697916667,24.909485419591267,21.713592801708728,373.11192258199054
2021-04-13,5.857751464843773,-0.018865966796852263,2.254471079508486,86.08333396911621,99.91064771016438,337.65972423553467,11.810710828115791,7.939232985913048,-5.597790781656897,-0.03545735677079165,1029.4097037760416,8.145363616446653,183.55410958826542,516.1115500132242,4.976586914062523,0.28270874023439774,2.1453542073567937,87.13657315572102,99.99861113230388,326.2083349227905,6.146216665615024,3.865736794520965,-5.6528762817382585,0.04575881958010086,1029.3155436197917,8.413654044270515,150.51146425803503,387.79581451416016,6.076165771484398,-0.8493103027343523,2.0890619913737205,82.37916739781697,97.80416711171468,214.8888897895813,13.128568042699614,8.26007695332456,-5.409646097819007,-0.8676971435546648,1029.5324576822918,9.670595973730087,194.59001422921816,538.4284679492315,5.024530029296898,0.31600341796877274,2.1001627604166893,90.1851847966512,99.99953715006511,360.06249809265137,8.669841062266457,4.951459260305713,-5.651140594482399,0.517677561442099,1029.2285091145832,7.608046983679135,157.8037788781027,388.86879444122314,5.203393554687523,-0.5329956054687273,1.9040987650553614,82.78796132405598,99.9805555343628,85.7291669845581,12.215980617845378,8.267235407247728,-5.86888732910154,-0.8996922810871979,1029.5889453125,10.26955996453762,174.8455942297975,515.9214647610983,5.353417968750023,0.019464111328147737,1.9455670674642154,90.57870451609294,99.82222207387288,419.46527576446533,7.901433559947668,5.045421566229005,-5.68887049357096,0.4465563456217865,1029.6332259114583,7.425688693920772,178.6675037816167,384.8469309806824,5.187066650390648,-0.6973022460937273,1.7702117919922102,81.64212894439697,99.80138874053955,35.88194444030523,12.2705184951839,7.750585553175518,-5.956748708089151,-1.2485221862792741,1029.7342805989583,10.597096690287193,180.53844197591147,505.5431687434514,5.713311767578148,0.016473388671897737,2.3225405375162986,86.89629554748535,99.9962968826294,409.4513883590698,9.692688607144264,6.452591967408618,-5.65687535603837,0.18529408772786837,1029.4198404947917,8.231940207382044,171.21018325040737,490.8914737701416
2021-04-14,7.114282226562523,-3.3127197265624773,1.9236440022786685,68.282408396403,65.95323912302653,82.3541669845581,9.70157880568125,6.022573073126949,-4.80538660685221,-3.909696960449196,1027.5260319010417,6.677995935082436,245.86831418673196,668.9409880638123,6.716699218750023,-2.2058776855468523,2.179987843831403,78.02777814865112,73.89583428700765,419.50694274902344,7.895552204875461,4.975764164697208,-5.099384053548135,-1.7480161031086823,1027.8016048177083,4.871869703133901,234.50742972890535,553.925863901774,6.795861816406273,-3.3956665039062273,1.7575279235840071,71.19398132960002,65.58101924260457,69.63888931274414,9.599903567899158,5.886649266389232,-4.923887634277321,-3.4683898925781023,1027.6850065104168,7.292155861854553,242.94356562197208,633.0878599882126,6.717309570312523,-3.6336120605468523,1.7774571736653872,72.52129761377971,60.98286990324656,259.2430534362793,9.12404514654592,4.945443644205397,-4.93752772013346,-3.129632059733069,1027.8955989583333,8.927551398674646,241.55874660114446,574.5550442934036,6.659326171875023,-3.4295410156249773,1.7346562703450747,69.00833352406819,67.72129615147908,36.895832777023315,9.63380451322915,5.873261181438995,-5.221660359700479,-3.8416338602701785,1027.7766015625,7.64670463403066,239.5577164043983,617.3749710321426,6.649346923828148,-3.7751525878906023,1.6652834574381739,74.10833358764648,69.21435324350993,145.23611116409302,10.455223573839504,5.799835181115355,-5.223656717936194,-2.938584391276038,1028.2338671875,6.554142435391744,242.57097936669985,571.842666943868,6.700219726562523,-3.6190551757812273,1.6854771931966372,70.19907220204671,68.75740762551625,14.923611164093018,10.031668841634428,6.507016656568389,-5.3902725219726335,-3.688998921712198,1027.8122786458332,7.408163587252299,242.51720223824182,618.0620275338491,6.521936035156273,-3.7074035644531023,1.547626749674502,73.25185171763103,67.27453756332397,90.27083325386047,10.55384168597519,6.164850681380539,-5.222064717610635,-3.1984619140624773,1028.20763671875,7.836331099271774,241.61972351868948,582.7111246585846
2021-04-15,7.515435791015648,-3.1944335937499773,2.018684641520205,64.24860986073811,65.43842665354411,15.763888955116272,13.215465937464586,8.757433745090982,-4.561991119384743,-4.721587880452432,1025.6004622395833,4.121674311657746,243.38532954454422,760.3054294586182,7.761743164062523,-2.6297363281249773,2.1117594401041893,70.0064811706543,78.01018540064494,103.91666579246521,11.010302512855244,6.8398116108446,-4.3334487915038835,-3.385776265462198,1024.8823828125,4.459611614545186,245.73318531612554,667.9006851514181,7.700097656250023,-3.1467041015624773,2.1646972656250227,64.68472321828206,66.77083333333333,18.28472238779068,14.101495482249666,8.572485967032682,-4.464379374186194,-4.509335581461585,1025.6865559895832,3.6781299859285355,242.87069789568582,759.7112627029419,7.271630859375023,-2.3885559082031023,2.1136833190918196,71.67314783732097,88.41574160257976,105.13194417953491,10.682033263759404,6.059811147281046,-4.444687906901038,-2.9335477193196198,1025.2133463541668,4.823627223571141,239.59866310159364,602.7398107449213,7.556726074218773,-3.3862670898437273,1.8805328369140852,63.777314027150474,63.37592609723409,4.604166701436043,12.938606738012062,8.025109798185388,-4.761399332682288,-4.967193349202432,1025.8556868489584,5.197225918372472,241.44925813376904,766.2253878911337,7.431359863281273,-3.0277770996093523,1.9407020568847884,68.17083247502644,69.52453780174255,61.486111640930176,12.999279421934236,7.423830212867749,-4.570530954996741,-3.975976053873694,1025.4540397135418,4.92364318917195,246.3715017437935,717.9659914573034,7.272241210937523,-3.3623107910156023,1.7928736368815332,62.6023154258728,55.51296293735504,1.0763889010995626,12.758416555291852,7.67492638388067,-5.194887542724587,-5.268071238199866,1025.9860221354168,5.847553506493568,242.2635503858328,775.0322814782461,7.330773925781273,-3.3394836425781023,1.8259343465169497,70.03009112675984,63.70740874608358,39.51388943195343,13.454633517585663,7.6329052697004185,-4.793723805745401,-3.726456705729163,1025.7839127604168,4.911721357454856,247.1582800745964,692.4697500069936
2021-04-16,8.348748779296898,-3.7271789550781023,2.1062650044759343,70.53194522857666,43.42268625895182,9.41666665673256,14.583164947695094,7.619733802966015,-4.058866882324196,-3.2973452250162723,1023.4216145833333,1.7840978503227234,251.1134026713747,589.5391819477081,8.306542968750023,-3.6060546874999773,2.1226860046386946,71.93240865071614,32.07685236136118,17.652778148651123,14.996950335617852,7.981583650790189,-3.940280659993448,-2.9926335652668854,1023.2514095052082,2.302038460969925,254.3216025431951,562.2885347207388,7.922875976562523,-3.5970520019531023,1.9409233093261946,70.7069452603658,63.89027746518453,18.930555760860443,14.18110013652446,7.284255752367376,-4.372507476806618,-3.3676043192545535,1023.57693359375,2.8136439820130668,231.66288965618392,572.7597535451254,8.949975585937523,-3.6305908203124773,2.4301137288411687,70.84074179331462,32.262499849001564,20.45833307504654,13.640348022372189,8.689709787116014,-3.437371317545569,-2.946171824137366,1023.033076171875,0.9013567169507345,257.088478376468,586.7982486883799,7.738458251953148,-3.6796325683593523,1.8714703877767154,69.6259258588155,71.16527803738911,2.4236110895872116,13.109328725890775,6.913630971109,-4.64649937947587,-3.6345797220865848,1023.8185872395833,2.975466320912043,225.3301158117829,576.030187368393,8.274774169921898,-3.6938232421874773,2.093246714274111,70.23472340901692,31.492130001386005,7.527777791023254,14.574959056599969,8.067433651433335,-3.9100593566894304,-3.363408152262366,1023.0965234375,2.2451125582059226,256.63664711193024,578.9941263993582,7.841180419921898,-3.6698974609374773,1.8941195170084864,68.65833330154419,57.47268450260162,0.35416667675599456,13.608492963704082,6.783813122349717,-4.665844980875647,-3.814909362792946,1023.626630859375,2.4395523071289062,241.23039087331077,597.8313322067261,8.461083984375023,-3.7166503906249773,2.062790171305361,70.55925846099854,29.871296167373657,2.9097222834825516,14.807346353757,7.965575314236047,-4.026583099365212,-3.339164479573526,1023.2573795572918,1.8868515491485596,262.4698305594502,587.20090619723
2021-04-17,7.882806396484398,-2.6088012695312273,3.254165903727236,76.73148123423259,50.49722226460775,1.5347222611308098,8.974005715697755,4.717116039325706,-2.628032430012979,-0.7662261962890398,1020.9578125,-3.741719656934341,161.45020320394542,448.35625143845874,6.996057128906273,-2.4915832519531023,2.908911641438825,77.71064869562785,53.18287003040314,10.388888835906982,9.942548628969032,5.572819112403669,-2.8712295532226335,-0.8599978129068973,1021.4724837239582,-0.4869321684042613,146.95629124894427,412.7282501061757,8.307733154296898,-2.5493835449218523,3.3310714721679915,76.49629672368367,50.486573934555054,1.736111145466566,9.047034267632808,4.674798360379508,-2.533715311686194,-0.7785107930500885,1021.043583984375,-4.233983318010966,174.5597263184803,459.707133769989,7.723291015625023,-2.4227966308593523,3.085481262207054,77.66157452265422,62.918519020080566,20.048611164093018,9.085393798014865,4.196156560995207,-2.7899472554524323,-0.7665822347004791,1021.166923828125,-2.481094400087992,150.3903860457552,436.1066729227702,7.860467529296898,-2.6176208496093523,3.093277231852236,76.77963050206502,52.663887898127236,0.6319444612599909,9.760034753744547,5.236789371652154,-2.8877319335937273,-0.9300916035969635,1021.0765625,-2.5564935406049094,167.72935069007022,454.5191082557042,7.251519775390648,-2.3571228027343523,3.0247131347656477,77.4199086825053,61.090741316477455,3.520833298563957,9.450881942748092,4.3825259911923675,-2.870097859700479,-0.8293696085611941,1021.2114615885417,-1.7400109966595967,144.59897859644843,414.8406945466995,7.400323486328148,-2.6190246582031023,2.786934153238955,77.91666603088379,59.63703727722168,0.73611113242805,9.467497624674571,5.522641932835595,-3.3291699727375885,-0.9795923868815066,1021.1556217447917,-0.9208514044682184,160.8245935512435,443.1608232657115,7.370568847656273,-2.6232055664062273,2.877606964111351,77.26573991775513,52.717129369576774,1.527777787297964,8.704163073650598,4.211504150221201,-2.743920389811194,-1.0112429300943973,1021.0259928385417,-0.9732836286226908,154.59616698898995,416.0248331228892
2021-04-18,5.954095458984398,1.4459472656250227,3.002764638264997,90.44120407104492,99.9092591603597,11.652777954936028,7.341592514769087,4.467211787956626,-2.7300539652506473,1.5337209065755246,1020.072958984375,-2.630816653991739,62.52616619388573,272.4193232854207,7.434594726562523,2.3655029296875227,4.592935180664085,86.58425871531169,99.99675973256429,23.687499836087227,6.546820472331127,4.7527266010315286,-1.9042521158854129,2.462164815266931,1019.764736328125,-6.484624341130257,82.21244384001086,395.6933053334554,5.025842285156273,1.6623779296875227,2.9459116617838768,90.46481323242188,99.99953715006511,15.979166716337204,7.494921323364462,5.494035659495414,-2.9804773966471316,1.4944664001465071,1020.2642415364583,-1.8646420215566952,49.59657455557802,292.2595354715983,6.754663085937523,2.0799499511718977,3.8444254557291893,89.76666609446208,99.73379643758138,16.02083346247673,8.305356253772473,5.54332954331153,-2.1362365722656023,2.262977854410849,1020.0230598958333,-3.706776281197866,69.60396229491259,343.7180856068929,4.978997802734398,1.1106811523437727,2.749829864501976,88.30277824401855,98.90925884246826,7.986111149191856,7.013241819322117,5.02801153984477,-3.2764241536457916,0.9413848876953352,1020.7394921875,-1.5178762443053226,56.126870921696536,276.2560040950775,6.548547363281273,1.6904846191406477,3.845362599690778,88.0245377222697,99.53333314259847,8.361111119389534,6.105866126019612,3.9370067821638397,-2.177965545654274,1.9795827229817746,1019.9293587239583,-4.395690008997917,57.72364949159479,294.30223989486694,5.573846435546898,0.8369689941406477,2.8857615152995018,85.00277741750081,99.8527774810791,3.8611110793426633,7.335630967213119,5.489658497338721,-3.2014221191406023,0.528969065348349,1020.50470703125,-2.6424888173739114,79.33687087765429,317.49158064524335,6.185876464843773,1.3100524902343977,3.295728302001976,90.68194421132405,99.87222226460774,11.805555805563927,6.260493794980237,4.026153264902692,-2.587047322591104,1.8600046793620209,1019.71453125,-4.861374981235713,72.70694561318184,297.9041956265767
2021-04-19,7.514154052734398,0.21230468750002274,3.8162539164225486,83.58055559794109,98.69953600565593,11.763888791203499,8.843566317833378,7.160501248909209,-1.5679496765136491,1.1814755757649777,1019.7844856770832,-5.648777405420939,124.9417966962792,326.54256280263263,6.225305175781273,2.0277954101562727,3.9966547648112205,93.14536921183269,99.94074122111003,58.756944596767426,7.562981524098571,4.62774725365518,-1.3168764750162723,2.9605524698893646,1018.4818489583333,-4.123673637708028,54.49631495199477,262.0316328207652,8.533654785156273,1.0810485839843977,4.606683349609398,81.93148199717204,98.00463008880615,13.333333641290665,8.780129736871782,6.457676616344844,-1.6116419474283816,1.6907440185547102,1019.638564453125,-8.744007786115011,121.85362796815268,346.425589799881,7.552545166015648,1.5496765136718977,4.1680262247721585,88.64305432637532,99.87546284993489,30.2777778506279,8.054976939257283,6.470908936734986,-1.7590571085611941,2.3879562377929915,1019.1856868489583,-6.207875629266103,76.42079570278293,288.2311275800069,9.427484130859398,1.2388854980468977,5.089166259765648,79.9208329518636,98.33379554748535,12.86805533990264,8.999952636649132,5.929191360124308,-1.385398610432901,1.7432800292968977,1019.4943294270832,-10.393807768821716,151.7452787597431,397.1108903487523,8.361108398437523,1.6013122558593977,4.61667912801109,84.59629567464192,98.83148225148518,25.354166865348816,9.1025279802826,6.445944670234911,-1.889274342854776,2.1454088846842865,1019.4853190104167,-10.019394755363464,128.43942109992108,367.909496029218,9.633996582031273,1.1984497070312727,5.1143864949544495,80.11851787567139,97.29768625895183,14.465277834329754,9.701802735339339,6.080151975220223,-1.4732116699218523,1.814724222819052,1019.4467350260417,-11.11295465628306,162.8114798492752,395.1541854937871,9.033654785156273,0.7482543945312727,4.740486399332705,83.08610932032268,99.77175966898601,23.05555522441864,8.77463299893064,6.247430348964685,-1.6196159362792741,1.9479436238606809,1019.3471744791667,-10.47684363524119,125.97633098690615,396.579843044281
2021-04-20,13.050012207031273,3.3935791015625227,7.444164530436221,77.75185267130534,72.61250110467275,56.88888931274414,7.1179975659838135,4.918926797545587,0.9833554585774777,3.422522481282556,1016.90875,-14.471085588137308,212.03775435259254,459.9776980082194,10.625573730468773,1.7506652832031477,5.603864288330101,83.57499885559082,92.7412036259969,31.14583331346512,8.611778254497644,6.50338007755759,0.3155672709147552,2.863086954752646,1017.2585579427083,-10.09523586432139,146.00238993259458,336.14371426900226,12.716668701171898,3.1500183105468977,7.044274902343773,78.24583339691162,71.43379648526509,54.02083444595337,6.657036085019238,4.984419416021615,0.9790550231933821,3.1251083374023665,1017.0709375,-13.293733278910318,187.5357421300529,424.5990813970566,11.367639160156273,2.4898620605468977,6.325695292154971,81.18472146987915,79.17916639645894,31.868055939674377,6.980138994551638,5.652796827042379,0.4146718343098996,3.1111490885417084,1017.1109798177083,-11.767643690109253,169.72018341273846,368.7965242465337,13.210717773437523,3.3359619140625227,7.410125986735049,76.94212929407756,75.10185257593791,58.0138897895813,7.547869363422027,4.709629124979686,0.992152150472009,3.1712013244629134,1017.0731217447917,-16.891435007254284,202.03027902551307,457.52268918355304,11.961114501953148,3.3244873046875227,6.752853647867862,78.66250038146973,75.64814782142639,47.75694513320923,5.94248020001712,4.544810260244637,0.3776781717936615,2.9960545857747434,1017.20572265625,-10.92436021566391,181.75597082140544,402.6721469958623,13.150659179687523,3.3137145996093977,7.46317062377932,77.81342522303264,75.467129945755,7.048611134290695,7.395862164554706,4.802346234858199,0.9203353881836165,3.401479339599632,1017.0629817708333,-15.655881007512411,190.10425687534735,474.64113461971283,12.356622314453148,3.4869018554687727,7.248349761962913,78.8300929069519,79.04027915000916,51.42361128330231,7.339620045176174,5.606129830756422,0.7204833984375227,3.513477579752646,1017.1197395833333,-13.712496201197306,199.0751520138389,464.31580650806427
2021-04-21,15.584008789062523,2.4624267578125227,8.86381301879885,70.88657315572102,12.78287054101626,16.951388478279114,9.10257581000651,5.534508503106152,3.792731221516931,3.2148846944173215,1015.537373046875,-14.581103324890137,280.53590202331543,583.7007593313853,15.052911376953148,2.6140075683593977,8.546525573730491,75.54490677515666,33.71157411734263,98.52083420753479,14.39443755820893,7.529246867229609,3.4356437683105696,4.064284261067712,1015.631416015625,-10.905734697977701,269.3355156071484,503.1474704345067,15.671380615234398,2.5476928710937727,8.905142720540388,71.79398155212402,13.088426182667414,26.875000476837158,9.023172760035854,5.513894435438101,3.854878997802757,3.4515612284342865,1015.2506510416667,-15.608149766921997,284.51823686559993,564.9108395973841,15.479394531250023,2.3673339843750227,8.70616175333661,72.4365741411845,27.576852122942608,72.3680567741394,12.835941888155224,6.921308109702075,3.5366760253906477,3.4755912780761946,1015.394267578125,-12.5903529326121,272.07118590781465,540.1001655260721,15.593408203125023,2.4826599121093977,8.827237701416038,71.9819442431132,7.419907296697299,16.81249988079071,9.183759206533859,5.218664051863266,3.708198801676474,3.4345209757487396,1015.610078125,-15.547566652297974,284.0668497121272,549.1421093940735,15.473962402343773,2.3310180664062727,8.886435445149763,69.23981587092082,22.434722399959963,64.68750023841858,9.579145819755574,5.849387539973101,3.6566520690918196,2.938497161865257,1015.2621712239583,-12.79884123802185,277.82655419409275,581.2763846715292,15.546350097656273,2.3150573730468977,8.728360748291038,71.36944405237834,7.806481565038363,2.451388875953853,9.833649753721504,5.223602337639665,3.6203768412272552,3.2089108784993527,1015.477373046875,-15.106981913248697,284.83403440083686,552.8416345119476,15.515740966796898,2.5238281250000227,8.97388356526695,68.80000034968059,14.893055761853853,12.874999970197678,9.058882306953466,5.200736112140363,3.7863886515299896,2.9167165120442746,1015.3480208333333,-13.3013014793396,280.9445371781476,587.5557888746262
2021-04-22,10.495111083984398,2.6944519042968977,6.4994471232096585,79.02453629175822,67.37546308835347,59.40972280502319,13.893803052748174,10.339539287351698,1.3412414550781477,2.7552848815918196,1020.7451139322917,6.029411504666011,157.90151931345463,506.91216293970746,8.862390136718773,2.2558837890625227,5.501063283284528,84.35092655817668,64.36620215574901,59.29166638851166,11.612071205744773,9.380896956687634,0.7352818806966184,2.7738675435384152,1020.4946875,10.853213439811952,122.43620493433748,397.94893805185956,10.550653076171898,2.6722351074218977,6.535227711995465,78.9416675567627,71.3870366414388,75.56944489479065,14.007447771622202,10.004838861078163,1.4285204569499115,2.7568756103515852,1020.7960091145833,5.833533356587092,169.40614614014825,471.1488649050395,9.041589355468773,2.9048706054687727,5.741446431477887,84.70694335301717,80.25000063578288,73.36805605888367,14.098461687362805,9.824866864234224,0.945228830973349,3.0922650655110715,1020.0621451822917,9.63637740133951,120.72448096781348,425.8745795885722,10.448693847656273,2.6252380371093977,6.714145914713565,77.61574029922485,74.44953751564026,67.49305498600006,14.48668539044713,10.007593943020291,1.5966837565104584,2.700893656412802,1020.8474283854167,5.499422073364258,161.77244566380978,465.21441920598346,9.492944335937523,2.2496582031250227,5.971270497639996,83.14074039459229,70.22361020247142,66.81249940395355,13.16236952672528,9.589983575374204,1.0781990051269759,3.0428621927897552,1020.763896484375,8.01181803146998,146.85199941943088,428.1180141766866,10.816430664062523,2.8364196777343977,6.682177480061871,77.40046421686809,66.81157334645589,53.395832777023315,14.626020171335853,10.457576195778344,1.5945335388183821,2.6239232381184934,1020.8113313802082,4.823211034138997,171.61259396995106,493.0194419225057,9.872644042968773,2.7307067871093977,6.193004862467471,80.50972350438435,68.48101894060771,41.18055558204651,13.602355075110497,10.359365067063825,1.1345764160156477,2.7580683390299896,1020.80380859375,7.354848275581996,162.87266796113303,443.3809135754903
2021-04-23,12.885919189453148,-0.19837036132810226,6.364573415120465,63.21898174285889,2.215277755012115,18.16666603088379,8.809816412762009,4.473349513806171,0.15993016560872775,-0.6249565124511491,1026.2470638020832,-3.050303061803182,296.83618140344817,474.5121530691783,12.270715332031273,-0.28079833984372726,5.911870574951195,64.38148180643718,8.70092607056722,65.83333396911621,11.973783014555,7.977088459800566,-0.7287251790364166,-0.8265047709147098,1026.6038606770833,-0.9825987418492635,296.2408049354951,567.3641979297003,13.050988769531273,-0.24280395507810226,6.417862192789737,62.75879589716593,2.045833377788464,16.999999523162842,8.77258115905103,4.544397673093378,0.22427266438802462,-0.7003209431965729,1026.2864713541667,-3.3554041385650635,296.9179227637748,479.38200120131177,12.338891601562523,-0.09152832031247726,6.032991027832054,64.58981434504192,6.212499951322873,83.66666793823242,10.629675958470182,6.652463873288873,-0.5139831542968523,-0.6512334187825104,1026.3479296875,-0.8964014848073324,296.30054071266204,532.0128021637598,13.029077148437523,-0.28153076171872726,6.395586903889996,61.48935111363729,2.7402777411043644,3.0,8.46055286130252,4.310886771988678,0.2960411071777571,-0.9728340148925554,1026.25568359375,-2.9028958479563394,297.0851703363781,473.5167996088664,12.548425292968773,-0.20261230468747726,6.154634094238304,62.532408237457275,3.8648149790242314,72.66666412353516,9.558763854634025,5.459593861870991,-0.2515357971191179,-1.0052322387695085,1026.4617024739582,-1.3342698415120442,297.3265604702756,493.5670064687729,13.038873291015648,-0.05261840820310226,6.545924123128278,62.49583419164022,4.206481543680032,0.0,8.835943894950132,4.197118449950805,0.42432937622072586,-0.6562739054361941,1025.833818359375,-3.492389361063639,296.64051962674904,493.31082991758984,12.640252685546898,-0.18039550781247726,6.262831624348981,62.29212872187296,5.227777709563573,60.33333206176758,9.38399020837337,4.901717548987343,-0.2280461629231354,-0.9424779256184479,1026.452783203125,-2.1388967434565225,297.0145694889749,491.11297194163006
2021-04-24,15.236566162109398,1.2695556640625227,8.16733067830406,64.34675868352254,30.04675918072462,0.0,8.866623083395403,5.282697795216569,3.318233744303427,1.2671714782715071,1023.5637727864582,-9.142700036366781,296.2250133709361,443.24103649457294,14.917840576171898,0.9278808593750227,7.937055206298851,64.18657318751018,18.36990687996149,18.16666603088379,8.876150108072025,5.005303108438035,3.029500579834007,1.0631512959798215,1023.780869140625,-8.54655655225118,299.58268435982365,430.40930839379627,15.197076416015648,1.1297546386718977,8.086025492350283,63.83981434504191,34.81435180703799,0.0,9.19281809393563,5.04484237659357,3.3115325927734602,1.1076535542806027,1023.694208984375,-8.869109153747559,294.950069623068,434.2461457649867,15.027062988281273,0.8891845703125227,8.04428380330406,63.772685845692955,31.419444252426427,16.999999523162842,9.286731541230848,5.2253818692892215,3.041895802815759,1.0482269287109602,1023.6781380208333,-9.009727398554483,299.07574612957734,437.85335715611774,15.248559570312523,0.9833007812500227,8.065187072753929,62.87592522303263,30.563425193230312,0.0,9.11587287667354,4.842346640460656,3.454169209798181,0.850404357910179,1023.7835319010417,-8.82873280843099,296.45579901027185,432.7099662224452,15.169488525390648,1.0055480957031477,8.10215784708661,63.150462786356606,37.21296333273252,3.0,8.793805014141217,4.798584763817174,3.2168670654297102,0.9427861531575559,1023.7918359375,-9.225815057754517,296.5376230857025,435.5821197827657,15.277856445312523,1.4328247070312727,8.348978932698591,62.89120388031006,36.33055601020654,0.0,9.505893253939702,4.58043137768805,3.630733744303427,1.1480766296386946,1023.3892936197917,-9.604264577229818,291.6050589450945,433.33859320481616,15.141778564453148,1.1552368164062727,8.147379811604841,63.86481475830078,33.39814848204454,0.0,8.503269051695625,4.908640441118424,3.196614837646507,1.1541114807129134,1023.552412109375,-9.089717467625936,298.1199185966204,443.86161983013153
2021-04-25,14.329919433593773,2.5243774414062727,8.188960011800154,64.28981606165569,39.695832937955856,0.0,12.065839864517702,7.724369904957148,3.0542770385742415,1.3528177897135834,1021.3472428385417,-4.300105611483256,298.19201684743166,525.658701578776,14.087182617187523,2.0074707031250227,7.780791219075543,65.70046440760295,28.5722220937411,0.0,12.564779978619123,8.0806115274867,2.6600255330403684,1.301552073160849,1021.9212532552083,-3.4805590311686196,298.65192233771086,521.1104497512182,14.001367187500023,2.8456054687500227,8.022096252441429,63.91620397567749,31.478240579366684,0.0,11.399795463634725,7.49910300050324,2.7824035644531477,1.0894332885742415,1021.501044921875,-3.0267410278320312,298.61535194081563,528.3639466762543,14.120355224609398,2.0035034179687727,7.9274765014648665,65.12777773539226,35.965277756253876,0.0,11.200422645509974,7.003293850068604,2.6906295776367415,1.2582323710124115,1021.643515625,-4.126529693603516,299.1493906142811,514.9425644477209,13.961785888671898,3.3428283691406477,8.072400665283226,64.06064875920613,42.306480983893074,0.0,11.891046093274841,7.814864336612282,2.847798919677757,1.2514790852864621,1021.1652018229167,-3.330000638961792,282.4103502364208,542.5758746465048,14.279168701171898,2.6173339843750227,8.204120890299501,64.35787010192871,41.28703820705414,0.0,10.99968251715196,7.095788182794757,2.9135248819987396,1.4158200581868527,1021.3003743489583,-4.594268401463826,298.0502410282691,528.7272157271703,13.922143554687523,3.5051208496093977,8.32886403401695,63.99490626653036,49.522685289382935,0.0,13.554339922316426,8.244123182661902,3.1122604370117415,1.5030520121256927,1020.7692447916667,-4.450184027353923,277.90412669442594,563.1978288094202,14.181970214843773,2.4349914550781477,8.056171671549501,64.46481434504192,34.77361191312472,0.0,11.054045882888342,7.2689347093962375,2.8483889261881927,1.2720441182454465,1021.4467154947918,-3.7708553473154702,298.6444951066126,526.2815327246984
2021-04-26,12.772210693359398,-0.40830078124997726,6.085023498535179,65.19027837117513,35.99490681787332,0.1666666679084301,13.854964968738123,11.49864651955504,1.505947367350302,-0.4417607625325104,1018.094677734375,3.1131464491287866,299.7817187147836,568.681892712911,13.115930175781273,0.5868774414062727,6.537745412190778,64.79629770914714,34.14814803997675,0.0,18.58591160151676,11.79436256293448,1.9517710367838959,-0.0988347371418854,1018.144716796875,1.2561630805333455,302.4359086466332,587.9185845057169,12.633752441406273,-0.48001708984372726,6.0585698445638245,67.01944478352864,26.21388862033685,0.0,14.818583473671051,12.060911476879738,1.518684641520224,-0.06477330525711977,1018.004052734375,3.4257337152957916,299.0814587001999,602.59796555837,13.216668701171898,-0.11936035156247726,6.48319015502932,64.83750009536743,22.424999982118607,0.0,17.658123519537693,11.6606765245834,2.1009829203288177,-0.15905481974283475,1017.650947265625,1.325885494550069,301.3438578781982,576.6834287643433,12.652307128906273,-0.6635498046874773,6.006702677408877,66.30740531285603,27.125925491253536,0.0,14.764407960639685,12.052633553289697,1.4783187866211165,-0.27169520060220975,1017.748486328125,3.6058237267037234,298.02591715504724,612.5051514307657,12.975152587890648,0.46599731445314774,6.419421132405621,64.80833339691162,29.18657410144806,0.0,13.151219075702395,11.338936663649358,1.8657318115234602,-0.1855656941731354,1017.7921126302083,1.6303586562474568,300.3000059258193,592.3505007425944,12.660729980468773,-0.5716308593749773,6.060121154785179,65.60462872187297,38.07268504798412,0.0,15.57580935601626,12.089919124219604,1.7617075602213959,-0.34646326700845975,1017.1206868489583,3.6627842088540397,284.7371439735095,600.8165162404379,12.969934082031273,-0.021948242187477263,6.3410202026367415,66.00879526138306,25.91296325127284,0.0,14.508930888434636,11.614536349473772,1.8013003031413177,-0.003789011637366002,1017.798017578125,2.221582611401876,300.21696135339636,600.2212429046631
2021-04-27,12.956903076171898,0.34481201171877274,6.390199279785179,70.62638934453328,33.91712901492914,0.0,23.520824013848696,16.162032955424504,2.1083185831706146,1.1641098022461165,1009.750234375,-0.4483388364315033,291.1229006573558,618.8193276723226,11.925042724609398,1.7502380371093977,6.220380401611351,79.45277865727742,80.90277739365895,21.451388793531805,19.589304814443075,11.81470304320593,3.250019327799521,2.7470146179199446,1007.650791015625,3.8581964870293937,138.78564784054956,395.0007653236389,13.610864257812523,-0.25964965820310226,6.6089950561523665,71.1078708966573,28.831017799675465,0.0,21.79306111380702,14.927427608556338,2.5836819966634152,1.3961896260579465,1009.4103938802083,-1.5932045976320903,292.0803896933794,613.7995278040568,14.526391601562523,1.3659606933593977,7.4106104532877835,73.29583342870076,57.39444514115652,4.5208333898335695,20.203806940894573,12.951798565688762,3.573317464192712,2.6537999471028684,1007.743603515625,-4.465516686439514,246.91359246584275,515.4322199821472,13.897637939453148,-0.35004272460935226,6.719705200195335,71.02361186345418,24.705092625382047,0.0,20.57946451287775,14.421028503263615,2.874738311767601,1.440760548909509,1009.2398665364583,-2.1226951479911804,296.8228539240857,599.8961127599081,14.026605224609398,1.3599487304687727,7.381096140543643,70.56111129124959,64.4060193002224,1.1041666702367365,20.194040077832856,12.898512974926748,3.0484240214030365,2.0947204589843977,1008.24072265625,-4.647989978392919,263.893787201494,569.7816152572632,13.901391601562523,-0.36859741210935226,6.752107238769554,70.4004643758138,31.027777726141114,0.0,20.842154715834877,14.393747846575659,3.000123596191429,1.340614573160849,1009.09404296875,-2.023767828941345,296.947000340869,587.7818152109782,13.402490234375023,0.5938659667968977,6.8995223999023665,69.73425912857056,38.961110696196556,0.0,21.977708775699238,15.797904474536557,2.3869911193847884,1.4831977844238509,1009.03861328125,-2.8529889782269797,284.94423103829223,635.4077237447103
2021-04-28,17.358422851562523,2.5484558105468977,10.01822179158531,74.597221215566,70.99768527348836,0.2083333320915699,12.743981521677195,8.590610844839867,6.8629559834798215,5.21723581949874,1005.579931640625,-14.86024697124958,264.5541867228846,435.58155210812885,16.528375244140648,2.6237731933593977,9.384909566243513,74.44490909576416,72.84907404581706,1.0069444407708943,8.80927148964691,7.315004465667884,5.835369364420615,4.697072601318382,1005.9093001302083,-13.686728417873383,252.92699827626348,424.0900332927704,17.394433593750023,2.3973937988281477,9.845635986328148,75.39351908365886,67.24305474758148,1.0486110979691148,12.382728082742087,8.585119159357411,6.873390452067099,5.20555140177413,1005.6353352864583,-14.027912934621176,273.72185260181624,443.8155730565389,16.635247802734398,3.7585388183593977,9.824205017089866,75.39675807952881,82.11759336789449,4.381944422144443,9.892281983987123,7.382164160861134,5.882251993815146,5.316920216878259,1005.6362044270833,-14.69415428241094,243.10629369815192,423.16240819295246,17.484735107421898,2.4390197753906477,10.037229156494163,75.23472356796265,72.50787230332692,0.9097222001291811,12.008009016201932,7.8178839216610205,6.950227355957054,5.3691942850749115,1005.32857421875,-15.391792496045431,275.76140857860446,439.4546851317088,17.350000000000023,2.4457336425781477,9.765456136067732,75.46898174285889,68.7763882080714,0.6041666716337204,11.6836638884612,8.554411296957428,6.806044514973962,5.148517862955771,1005.3781412760417,-13.962709565957388,254.15247715761265,425.14714137713116,17.571313476562523,2.6198974609375227,10.136065419514997,75.55231396357219,70.68611121177673,3.04861116502434,10.961990705999252,6.761659345310178,7.08824183146163,5.549185689290368,1004.9235611979167,-15.204342067241669,270.0157231750588,420.22167714436847,17.062707519531273,2.3976989746093977,9.738692220052107,75.35694376627605,67.20786984761556,0.6111110905185342,15.344951275747524,9.499499230557873,6.64451624552413,5.101132965087913,1005.68138671875,-13.515736818313599,259.1584994283815,433.1243872642517
2021-04-29,13.116326904296898,7.912713623046898,10.34205271402997,83.81296284993489,99.38842582702637,37.79861059784889,16.181794463257955,11.730813840113422,4.302603658040368,7.596337890625023,1007.7980208333333,-4.324679265419642,104.90042465971783,595.3118604024252,14.114770507812523,6.835717773437523,9.954907989501976,85.7009261449178,97.123610496521,34.59027773141861,16.8580893078357,10.548641378610698,4.077010091145837,7.540528869628929,1008.08048828125,-3.069465053578218,104.00496294659872,552.7019106547037,13.438745117187523,7.629266357421898,10.21261876424156,84.96666590372722,98.59675884246826,40.34027752280235,16.31932038417152,12.02780496665173,4.4538678487141965,7.667750295003259,1007.5527408854167,-3.679359681904316,103.31449987258141,595.0867967605591,15.251153564453148,7.612817382812523,10.557665761311872,85.40879646937053,97.4902769724528,70.48611176013947,20.23333588748718,10.459175136225166,4.695500946044945,8.035312906901083,1007.7903255208333,-5.796744123644506,137.6441863408933,577.175930182139,12.661706542968773,7.517327880859398,9.77769495646161,85.34722264607747,99.15833409627278,27.951388865709305,15.644958372540692,12.870822180115633,4.310110982259118,7.339392598470056,1007.7777473958333,-1.3023359676202138,83.79162983720501,583.4173908233643,15.706323242187523,7.517205810546898,10.865265146891298,84.20092535018921,98.65231482187907,74.07638889551163,20.99815262186079,10.503809484096399,4.513836161295615,8.083390808105491,1007.450224609375,-6.65785539150238,133.76551706468067,641.678994178772,12.400354003906273,7.552697753906273,9.838557179768904,84.34907499949138,99.56249904632568,15.312500227242708,16.781767035057115,14.14054053325595,4.457854207356775,7.209477996826195,1007.4829036458333,-0.6630455752213796,80.36368310327332,620.1170519193014,14.568841552734398,7.438867187500023,10.633463795979841,83.8467599550883,99.15138912200928,44.30555522441864,18.800570472502763,11.488137105258238,4.42972081502279,7.85263595581057,1007.468427734375,-6.477847432096799,122.45203608678032,589.3924048741659
2021-04-30,13.841821289062523,6.518609619140648,9.390445963541689,80.41990693410237,99.22824160257976,71.18055486679077,16.054966284329428,10.063029285299704,3.1463485717773665,5.983851369222009,1011.8377115885418,-4.346861212824781,141.3651658973346,508.6654707590739,14.582147216796898,6.509698486328148,9.797766621907575,78.45509306589763,95.99536959330241,104.13194465637207,15.488620920336837,8.320171495624374,3.0709040323893646,6.0112294514974,1012.4335872395833,-7.523986121018727,192.18840452112877,536.040545463562,14.156030273437523,6.726586914062523,9.7007881164551,80.70648209253947,98.15555508931477,66.70138919353485,16.09697808100153,9.291407535868343,3.3093137105306027,6.347175852457724,1011.4434798177083,-6.608427395423253,163.7157593369484,482.37643400828046,13.404962158203148,6.246484375000023,9.251827494303408,80.08333285649617,98.1180550257365,141.51389026641846,13.315512038650656,8.431175904355511,2.762891387939476,5.7568832397461165,1012.5862272135417,-2.8505943020184836,156.18253521372876,513.005848566691,14.521508789062523,5.973962402343773,9.742004648844423,79.38240623474121,97.50463040669759,69.12500023841858,17.700559976780095,9.928967728602714,3.2379979451497434,6.102787272135458,1011.26318359375,-6.4846487293640775,187.08446606372794,527.8363410631815,14.483361816406273,5.351586914062523,9.019409434000673,79.90092500050862,98.03564834594727,84.76388955116272,18.49015455165183,9.098754634118427,3.0595616658528684,5.4696034749349,1012.6081575520833,-4.84441739320755,196.71081484792134,515.6806998252869,13.831781005859398,5.917321777343773,9.580007171630882,80.36851914723714,99.37222194671631,41.30555593967438,16.50449116105652,9.755410387803847,3.4395258585612396,6.1642255147298215,1011.2262467447918,-3.956975211699804,139.33651966725787,486.3727722167969,14.357781982421898,6.327752685546898,9.245923614501976,81.46759255727132,99.44675954182942,72.125,15.476180751421218,9.978671486744421,3.102333323160849,6.023379262288415,1012.097177734375,-4.078045119841893,155.83454237195352,496.0141766866048
2021-05-01,12.466424560546898,6.727777099609398,9.183707173665388,87.34814834594727,99.47500006357829,88.45138788223267,13.921597014453045,8.926788481660326,3.241181945800804,7.08904927571615,1011.5136295572917,-2.2617258032162986,107.81776116477947,449.4785000483195,15.042138671875023,6.706109619140648,10.378628031412783,83.84490776062012,98.60879643758138,140.11111116409302,14.090520206075231,8.798425275004908,4.867640431722009,7.568262990315759,1011.09046875,-8.428964046140512,155.59340725994358,469.12446721394855,11.831079101562523,6.608544921875023,9.010105387369814,86.16388734181722,99.84907404581706,67.77083265781403,13.587682479961474,9.959591568442205,2.8842636108398665,6.7130294799804915,1011.6236263020833,0.32354212552309036,88.56029545267423,475.61099370320636,14.564538574218773,6.538873291015648,10.396366373697939,82.63379764556885,97.51805559794109,189.25,15.475986177107623,9.540190487406754,4.3106857299804915,7.3559496561686615,1010.9116048177083,-7.957155294716358,167.90285467728972,528.3000389734904,12.569329833984398,6.063104248046898,9.128945922851585,85.21620305379231,99.77453708648682,164.2152771949768,13.185990066896041,9.6419523888123,3.308235422770224,6.661885833740257,1010.979296875,-0.8896124710639318,108.74964846282576,476.7185796101888,13.244165039062523,6.761529541015648,9.55326105753583,85.76435216267903,98.70740572611491,199.11111164093018,13.304646613580793,8.232102904360525,3.8876269022624115,7.154453531901083,1011.3996419270833,-2.6648954649766288,107.80789118508498,417.85617129007977,11.555810546875023,5.996453857421898,8.631890869140648,88.0069449742635,99.90694459279378,187.5625,14.017970143535072,9.202328632402702,3.120503997802757,6.676566060384118,1011.0506608072917,1.8663009479641914,89.61764660322417,430.7697302500407,13.615716552734398,7.066674804687523,9.884235636393251,84.29583326975505,97.8972225189209,65.16666746139526,14.595967104994198,8.875689939595496,3.7502672831217865,7.204943593343103,1011.138857421875,-5.26853075871865,131.5459287846461,501.9036928812663
2021-05-02,8.120782470703148,4.110955810546898,5.264058685302757,96.2500015894572,99.9768517812093,460.5416669845581,23.543841732751257,15.293664290740239,-0.1156041463215729,4.703626251220726,1014.5867024739583,14.667420665423075,16.636629225608583,690.447427113851,9.467431640625023,4.860711669921898,6.604680633544945,94.12268447875977,99.94537035624187,327.2222189903259,23.00887718745007,12.830643148100028,1.1150019327799896,5.701525624593103,1010.98484375,11.314819902181625,16.418573825930554,666.5273431142172,7.309533691406273,3.0181823730468977,5.2734542846679915,95.04629643758138,97.39583333333333,529.7986116409302,23.486226833682007,16.312639195009005,-0.23715311686197538,4.51653951009115,1015.07015625,13.934252430995306,36.03042629198171,682.5704015096029,9.367883300781273,4.554284667968773,6.3505315144856995,94.68796412150066,100.0,400.06944465637207,23.509418485806062,10.787616070549683,0.7556765238444427,5.540413157145224,1011.8469205729167,11.672705307602882,15.886610992252827,588.196694691976,8.258996582031273,3.6408935546875227,5.482237752278668,92.74490674336751,97.09027735392253,626.0972185134888,24.64184250264857,17.359014665102166,-0.4467236836750885,4.308338419596396,1015.0185514322917,12.521247655153275,67.727853238505,753.6193370819092,9.560357666015648,4.744287109375023,6.21249923706057,95.05185190836589,100.0,514.7916674613953,25.310329510975055,14.453918357285177,0.7484553019206146,5.45913976033529,1012.5589388020833,12.62212474271655,15.494796403994163,679.9284400939941,7.243341064453148,3.4853454589843977,5.102295176188174,94.24490737915039,99.40555540720622,583.1111102104187,25.27110602638421,17.708889194805305,-0.7057924906412723,4.199568684895837,1015.0109798177083,13.721618222693602,56.80253656076578,735.4501431783041,8.718865966796898,4.555688476562523,5.825677490234398,95.84629726409912,100.0,591.2708339691162,23.51088503819773,12.074766057788864,0.15809656778975523,5.209474182128929,1014.1760091145833,12.552041719357172,16.66125923100238,708.7500241597494
2021-05-03,11.906549072265648,0.6287780761718977,6.288186645507835,74.00463056564331,47.50323987007141,373.35416889190674,15.45373747379963,11.458274077146958,-0.10313390096024477,1.4097470601399777,1021.286005859375,-3.33526619275411,278.40177103380364,768.099039475123,11.872247314453148,3.0464721679687727,6.86829528808596,76.06759230295818,82.53750038146973,640.0763931274414,15.898518299484724,10.345692761661056,0.023989613850915248,2.4872909545898665,1020.4554231770833,-4.165479461352031,211.28789050679188,749.6872899929682,11.825860595703148,0.6282287597656477,6.15586115519208,75.45972347259521,48.25231381257375,146.3888897895813,15.94853870172836,11.40430991614597,-0.255979919433571,1.5583015441894759,1021.566396484375,-1.6458357572555542,271.0043762358837,732.3595663706461,11.956567382812523,2.0890441894531477,6.591981506347679,78.53657404581706,76.32407474517822,670.6805591583252,13.408387876127119,9.905781796632622,0.14184595743819273,2.6697606404622434,1020.600302734375,-3.034570892651876,226.88592601796458,701.2361217339834,11.766687011718773,0.5878234863281477,6.148171997070335,74.25879573822021,47.188889821370445,72.40277886390686,14.868552300549096,10.914279045432218,-0.3618097941080691,1.3257741292317746,1021.683046875,-1.3380465507507324,276.05201796193916,733.0243918100992,11.645227050781273,2.3742919921875227,6.620636240641299,75.39444351196289,80.29490693410237,773.5000019073486,15.589440792728297,11.965374397600883,-0.21275049845377225,2.037409718831384,1021.3419661458333,-2.100733995437622,240.750379827184,775.1799283822378,11.605706787109398,0.33257446289064774,5.989158884684268,74.14259163538615,56.503241221110024,20.9375002682209,15.023761264653476,10.947223430273027,-0.4490366617838504,1.1459594726562727,1021.7551399739583,-0.3079577485720317,260.97728014489013,730.5693908929825,11.954553222656273,1.0089660644531477,6.396513875325543,73.02361106872559,63.26249933242798,708.7430667877197,17.20451598138224,12.40147682955248,-0.17002843221024477,1.2579691569010834,1021.276025390625,-3.477704127629598,282.878325902236,831.5602143208185
2021-05-04,16.270684814453148,2.3597656250000227,9.514286295572939,65.95046250025432,84.65833361943562,21.215277791023254,21.54364437492728,14.2554904350567,5.047062174479208,2.9367525736491302,1011.9372981770833,-12.139054218307137,229.6258957081785,723.6214005152384,15.914697265625023,2.3774658203125227,9.237997945149763,68.31481424967448,61.98379616936048,384.2361125946045,29.45114480621982,17.352655355488846,4.563221232096396,3.1904769897461165,1011.9629329427083,-11.819287041823069,227.46872428245842,833.2440598805746,16.165399169921898,2.4411865234375227,9.350480651855491,66.3277777036031,82.8958322207133,17.59722250699997,21.12547171552451,15.045958390976642,4.809767659505212,2.904462432861351,1011.8208854166667,-11.04737096031507,222.79455811468264,789.6153955459595,16.336389160156273,2.3943115234375227,9.279548899332704,67.86898024876912,73.11342597007751,158.69444513320923,27.632648944164664,17.379334294246476,4.699121093750023,3.0993133544922102,1011.9607063802083,-11.473630483572682,213.87048108068606,883.3325026830038,16.494470214843773,2.2441040039062727,9.129087066650413,67.06203603744507,83.54490820566814,3.597222251817584,23.93006027916875,15.49885687149038,4.654870605468773,2.815913136800134,1012.1825260416667,-10.270216097434362,227.49473949459693,801.915535291036,15.536798095703148,2.4470458984375227,9.29004821777346,67.22036838531494,79.40555477142334,84.354168176651,23.882869868734357,16.957054487020585,4.899725850423181,2.9544909159342865,1012.1564811197917,-10.984250823656717,224.82071895338595,872.8530662854513,16.514947509765648,2.1462951660156477,9.140615081787132,66.73796304066975,84.27499945958455,2.708333259448409,23.12191538216565,15.237548969930117,4.675246175130212,2.722852325439476,1011.964658203125,-10.571424146493277,236.82593705691397,826.8459100723267,15.894433593750023,2.3611083984375227,9.230279541015648,66.56712818145752,80.1374994913737,30.305555939674377,25.079788214410087,15.899819558288144,4.74158884684249,2.8075564066569427,1011.9487109375,-11.096860979994139,216.1352941362808,818.4628920555115
2021-05-05,8.605523681640648,3.9507995605468977,6.53800226847333,87.24861176808675,96.53101857503255,159.75000089406967,24.893386017503524,17.41143474348955,0.5416936238606809,4.49525095621749,1009.120400390625,8.754226629079009,94.22724207785602,897.5659548441569,9.179071044921898,4.005548095703148,6.665965016682965,88.85786978403728,96.5990743637085,140.8194454908371,23.762739609024614,16.346568315888728,1.2379890441894759,4.915976460774743,1009.5844205729168,8.171350141366323,77.20029604326312,734.3749694824219,8.612359619140648,4.116265869140648,6.391278839111351,88.25277868906657,98.19166723887126,185.854168176651,25.32119629053154,17.40530786798222,0.5103126525879134,4.521221415201865,1009.0325423177082,9.834668414046368,89.65820236783475,895.5332806905111,8.725762939453148,4.038873291015648,6.684604899088565,89.90740903218587,98.40277703603108,175.1805558204651,21.14695294260978,15.600295402505738,1.2213544209798215,5.099671936035179,1009.1776790364582,7.763814575659732,65.05911084493466,749.8139851888021,8.794458007812523,3.5944458007812727,6.448396301269554,85.98240725199382,96.90787061055501,190.0416665673256,28.246532444943853,19.911299127700048,0.218562062581384,4.185361480712913,1009.204228515625,9.397615214188894,109.91726032077956,1010.8555005391439,8.338555908203148,4.005151367187523,6.524579620361351,90.28564961751302,97.5893513361613,175.2916648387909,26.39665000538634,17.33319346338656,1.0648539225260834,5.004776255289755,1009.5460774739582,8.033857805033525,65.92675935818504,781.3707580566406,9.314691162109398,4.119836425781273,6.647481536865257,85.82916641235352,96.02268505096436,181.15277713537216,28.907496450233616,19.910238051038046,0.4370386759440521,4.349304453531943,1009.0015201822918,8.626093678176403,119.3647988277177,1018.8315086364746,8.498315429687523,4.250024414062523,6.515330251057965,90.70231533050537,98.1759262084961,216.84722220897675,23.674170366106317,17.30289059723258,0.5127705891927121,5.066548919677757,1009.6046484375,9.11565650999546,65.31157379892345,872.259698232015
2021-05-06,9.465356445312523,3.1443725585937727,5.904780324300153,86.22407404581706,98.72824160257976,347.3541660308838,21.12039866818899,14.517280425012556,-0.6134577433268191,3.691175079345726,1012.7149576822917,3.195396924391389,124.18100344451766,673.4209842681885,11.338891601562523,2.7446228027343977,6.588779703776065,80.98657369613647,98.82314809163411,324.40972423553467,18.50272898304316,14.502823769433766,0.07107950846358335,3.202565765380882,1012.573671875,0.26282785336176556,143.41587130104503,873.9766426086426,12.550317382812523,3.5747924804687727,7.062652842203799,79.84490712483723,99.29814783732097,202.74305629730225,21.164533998025224,15.305727787536414,0.12935791015627274,3.5403928120931027,1011.6569173177082,-1.7821037570635478,156.67700095971426,891.0014133453369,13.274926757812523,2.6047302246093977,7.367553965250674,75.71990728378296,98.43796316782634,348.1944417953491,19.058087575599618,14.813778896344155,0.43335876464846024,2.8536417643229584,1011.4937955729167,-4.822993238766988,203.66181414791694,985.0832722981771,11.210229492187523,3.0891967773437727,6.802790578206403,79.45092487335205,98.95601908365886,46.36805582046509,19.337515142188295,13.593577981766506,0.10498072306319273,3.2210365295410384,1011.6964388020833,-0.42499228318532306,145.95677824380496,821.2384999593099,12.538873291015648,2.5167175292968977,7.046136474609398,76.29861084620158,98.03101762135823,341.590274810791,18.364012802498237,13.54593824907227,0.371003723144554,2.7002960205078352,1011.9692838541667,-2.8719413677851358,188.12746569390097,828.3566246032715,10.028588867187523,2.9780517578125227,6.23072204589846,80.34537013371785,95.75370343526204,34.87499988824129,17.526085820764457,12.449345117748996,-0.11411514282224289,2.876374816894554,1011.6648177083333,2.494028170903524,113.30496430769563,711.7335573832194,10.976464843750023,2.7447753906250227,6.761276499430362,79.04814926783244,99.501389503479,327.25,20.16982693972201,14.110775080070455,-0.10175552368161789,3.095929718017601,1012.1844205729167,-0.5782008171081543,159.00133611323932,822.1282113393148
2021-05-07,8.171868896484398,2.4636779785156477,6.20630289713544,85.6796293258667,87.70648177464803,216.2569456100464,31.36686938278967,22.06980333405129,-0.566648864746071,3.923055267334007,1014.00755859375,4.253843780606985,158.9901849470722,1004.027129650116,7.675225830078148,3.1911560058593977,6.477624511718773,89.41990820566814,96.83657391866048,619.4861164093018,29.133441792257194,21.65325460058126,0.37280553181966525,4.812319691975915,1012.9708365885417,1.635638715699315,98.23098107753322,938.8156623840332,8.127435302734398,2.3979736328125227,6.1120569864909085,85.53333346048991,84.10370389620464,199.5694441795349,31.848930020613345,22.139633790376475,-0.40519434611002225,3.7724459330241302,1014.0066048177083,5.087703766922156,154.64026036361852,1017.3415714899699,8.252954101562523,4.067315673828148,6.772114054362002,88.1606486638387,98.23518498738606,446.7430486679077,30.063866403933485,22.648851989155276,0.3598139444987396,4.906330362955771,1012.4748763020833,3.2722489734490714,114.51873959011088,1033.2633895874023,8.359918212890648,2.4094482421875227,6.088858540852887,84.37314828236897,78.13101887702942,224.71527767181396,32.88946893180227,21.896181771711568,-0.374974314371741,3.526521301269554,1014.0845572916667,4.495264216947059,157.61151644028723,1050.6283982594807,8.146905517578148,2.5448852539062727,6.0947942097981995,85.11851819356282,87.76481517155965,263.3194432258606,29.273649682391124,21.58459951032241,-0.629576110839821,3.6803693135579465,1014.0963346354167,4.465468905866146,148.43216765035564,1007.0873578389486,8.417687988281273,2.3900390625000227,5.9809432983398665,86.8564805984497,83.14074110984802,147.11111116409302,30.824562102455534,20.997402516516473,-0.2985684712727448,3.8680231730143646,1013.9792513020833,4.96571854626139,136.98351605267575,959.4580669403076,8.105889892578148,2.0401855468750227,6.319328562418643,83.11574045817058,82.34583389759064,245.93055391311646,29.807927016025722,22.550578707615262,-0.5882222493489166,3.550355529785179,1014.0385481770833,2.418099321424961,194.26278226900226,1075.0618578592937
2021-05-08,15.823510742187523,0.37886962890627274,8.003086344401064,71.20555528004964,63.701852242151894,123.0,11.024438642607379,6.415814731034263,2.597797648112021,2.4587760925293196,1019.63013671875,-12.211316684881846,299.641778766488,505.2334528764089,15.474511718750023,1.3608032226562727,8.218851979573591,73.1537036895752,58.21898206075033,269.7916612625122,11.133830133136888,6.715882413091414,2.2695404052734602,3.0163996378581146,1019.4441243489583,-13.039339284102121,308.0249479704847,568.0305075645447,15.845941162109398,0.31350097656252274,7.971660868326846,70.21481450398763,59.22083250681559,138.83333587646484,10.925065681688148,6.104797251274665,2.7076164245605696,2.1857836405436615,1019.6682552083333,-11.71465277671814,305.1961898896843,504.5694465637207,15.449731445312523,0.7920166015625227,8.019003804524763,71.67777808507283,58.051851669947304,257.64582443237305,10.659872853647,6.251726317803498,2.5338378906250227,2.5072863260905365,1019.6450162760417,-11.412960052490234,295.27909275827307,508.61288054784137,15.793145751953148,0.47219238281252274,8.061826324462913,69.6194445292155,61.604630629221596,35.000000953674316,10.771876933150825,6.031922779265874,2.644277191162132,2.1669924418131927,1019.8466927083333,-11.630633036295572,304.23825377163786,510.5791463454564,15.763787841796898,0.44338378906252274,8.150464630126976,69.83148193359375,55.426388462384544,288.3333435058594,10.595623753101702,6.268825176636537,2.7175893147786496,2.2833101908366302,1019.679453125,-11.99142998456955,304.70801557352144,529.8153593540192,15.819299316406273,0.22313842773439774,8.029504394531273,69.3712944984436,59.350000063578285,0.1666666679084301,10.843239568517001,6.461637473696303,2.7680666605631927,2.1136871337890852,1019.7725,-11.126976509888967,295.733284316957,500.2540894349416,15.675805664062523,0.6207519531250227,8.082669830322288,70.23888762791951,49.65138932069143,213.1666717529297,11.249859412338882,6.68689880674309,2.6338834126790402,2.291632588704431,1019.6201822916668,-12.173022270202637,308.20975774961215,530.5322964986166
2021-05-09,22.327752685546898,6.620202636718773,14.407568868001325,66.25463008880615,49.3000009059906,0.0,14.12117801707432,10.944012400761403,13.737290954589866,7.7732343037923215,1011.7252897135418,-26.702243116994698,317.8635738243659,290.8630781173706,22.062371826171898,6.492761230468773,14.011860148112001,68.02685260772705,38.2273154258728,123.0,14.578532722232547,11.101227991937867,13.391894276936853,7.75030415852865,1011.6060026041667,-25.475673680504162,319.7529310770333,302.5464566548665,22.429101562500023,6.383264160156273,14.40042902628583,65.63888915379842,59.076852877934776,0.0,15.158708264000378,11.046392573538704,13.900090789794945,7.648994700113974,1011.6259700520833,-26.615391955400508,313.85959935188293,284.6537602742513,21.910363769531273,5.802026367187523,13.785134887695335,68.07037019729614,33.92407377560934,138.83333587646484,14.357211319485236,10.904719074634151,13.6091133117676,7.5653180440266965,1011.4922005208333,-24.840278680125873,318.6353886425495,292.55145104726154,22.609063720703148,6.164514160156273,14.298116302490257,65.4398136138916,61.45277754465739,0.0,15.32769728886378,11.346974782814902,13.958867645263695,7.523622131347679,1012.0052180989583,-26.27163283030192,309.15241199731827,273.77345037460327,21.985314941406273,6.167932128906273,13.921206410725935,67.78796243667603,48.26388923327128,35.000000953674316,14.557045997960678,10.978735362012733,13.522918955485068,7.653100585937523,1012.0102994791667,-24.98627956211567,314.27692232529324,289.16996479034424,22.736932373046898,6.348962402343773,14.480274454752626,65.01388915379842,57.466667572657265,0.0,16.176267749824103,11.556346727185627,14.106912231445335,7.5471728006999115,1011.8125455729167,-26.680413919501007,313.10649390146136,273.87258132298786,22.183343505859398,6.131768798828148,14.014722442626976,67.25833463668823,38.98472285270691,0.1666666679084301,14.604926849222162,11.197416374782131,13.596131896972679,7.60276819864913,1011.7060709635417,-25.738920303682487,320.16473086675006,291.59106731414795
2021-05-10,23.232263183593773,10.138391113281273,16.35003814697268,70.03564882278442,62.69166668256124,0.0,11.432995521030842,8.404795739050359,14.500881449381552,10.420072174072288,1007.5620377604167,-21.389949470758438,292.985479593277,358.17599328358966,22.834222412109398,10.027337646484398,16.345203653971378,69.50972175598145,61.70509306589762,0.0,12.396210861823908,8.046327251123762,14.209190622965536,10.362021382649743,1007.4341764322917,-21.432646262149017,298.3907562779884,410.147433757782,23.587487792968773,9.761590576171898,16.584340667724632,69.16573985417683,59.19166743258635,0.0,11.788853162754267,7.576378094876188,14.364591217041038,10.422527567545615,1007.6961165364582,-21.894542555014294,301.0444083039959,383.4921762943268,22.794946289062523,9.641656494140648,16.250399525960308,69.96296294530232,63.92546248435974,0.02777777798473835,13.159019367580722,8.501368629504691,14.34070485432943,10.362418111165368,1007.3610677083333,-20.966875220338505,291.13907487938803,392.325125058492,23.734033203125023,10.138909912109398,16.74018758138023,69.42731380462646,53.40555492043495,0.0,12.411123552999195,8.558188780879322,14.531440989176474,10.639239247639978,1007.7156510416667,-22.07218013952176,301.51931475972134,374.2687273820241,22.817193603515648,9.452905273437523,16.22530390421552,70.26481580734253,57.83749985694885,0.0,13.34098499719322,8.399534735131388,14.014676666259788,10.392883555094443,1007.92146484375,-21.100366093218327,295.0669994018972,386.713920434316,24.099359130859398,10.356225585937523,17.03412272135419,68.94027709960938,59.962963263193764,0.0,12.285141144582582,9.061789043282564,14.781290944417321,10.757915751139365,1007.3319140625,-22.772804071505863,301.19176001225907,374.02551039059955,23.638879394531273,9.867883300781273,16.608471171061222,69.9555557568868,69.45463053385417,0.041666666977107525,11.528913698807795,8.410702801455685,14.426062520345056,10.638963317871116,1007.5980924479168,-21.981653826932114,286.78273960823816,382.0736201604207
2021-05-11,15.891687011718773,9.384118652343773,12.567582702636741,87.16574128468831,99.75416660308838,17.36111139599234,21.80526911716464,12.892038754270375,8.883083597819052,10.38498204549154,1007.6586360677082,3.250779909392198,114.56166373069088,523.4517262776693,15.777673339843773,10.525445556640648,12.879530843098982,87.94027837117513,99.72407341003418,13.465277892071754,20.04487007425963,11.406358610293813,8.97435022989913,10.863102213541708,1006.9403287760417,1.0836222966512044,82.7530007250607,461.3441114425659,16.881280517578148,9.060693359375023,12.757279968261741,87.42453702290852,99.32453759511311,23.048611278645694,23.037994919799885,13.058810601147472,9.19077072143557,10.603762563069665,1007.2590201822917,3.3421521335840225,121.48716409939031,524.6943462689718,16.310449218750023,10.202600097656273,12.946861521403017,87.76620292663574,99.73564751942952,16.319444336462766,19.86272443219574,12.621881224148161,9.199063873291038,10.869737243652366,1006.5469954427083,1.0342091570297878,120.93105288346608,485.7526512145996,16.582666015625023,9.072625732421898,12.527314758300804,88.90694395701091,99.88750044504802,40.92361029982567,25.474800524190012,13.44540382235472,8.826206461588583,10.642148590087913,1007.7822884114582,4.835820227861404,107.1105924192816,531.3460687001547,16.441308593750023,9.851464843750023,13.113748168945335,87.2592601776123,99.54907353719075,10.534722190815955,18.900691769465393,11.984874777584622,9.251992797851585,10.957330322265648,1006.6878190104167,0.6860284606615702,102.25714847445488,489.17778754234314,16.484429931640648,8.972192382812523,12.847309366862001,90.13564682006836,99.75046221415202,30.680555671453476,23.280548634108328,13.594023155684035,8.931970214843773,11.198696390787802,1007.5232096354167,3.890111626436313,90.67629433423281,532.719570795695,16.050744628906273,10.316674804687523,12.915284729003929,87.64907328287761,98.87268447875977,17.354166727513075,18.327346748542027,12.04240234483172,8.924652353922568,10.822785949707054,1006.97109375,2.1954681674639382,100.51988910138607,489.8907979329427
2021-05-12,8.871301269531273,7.494042968750023,8.077714538574241,96.29398155212402,100.0,356.6458349227905,19.166148750384018,16.724528170832375,3.399074808756552,7.5230028788249115,1011.399375,17.47180430094401,11.778555592832467,568.9636243184408,9.328576660156273,7.473046875000023,8.404470062255882,96.60231431325276,100.0,336.6944479942322,18.59851925323522,16.476928503813912,3.664650217692099,7.891175842285179,1010.8794596354168,14.641410986582438,13.745037083979696,542.5677146911621,8.778924560546898,7.295037841796898,8.069498952229841,96.06573963165283,100.0,269.79861402511597,18.392469160566748,16.506842096103053,3.2511535644531477,7.466772969563806,1011.5750390625,17.967617233594257,12.054370137707641,557.034299214681,9.006341552734398,7.723565673828148,8.366265869140648,96.4560178120931,100.0,401.1527762413025,17.426002288799577,15.579219207862907,3.4276850382487396,7.827352142334007,1011.5984895833333,15.203857779502869,13.652926076514026,561.8714230855306,8.976586914062523,7.728753662109398,8.299029286702497,95.57037099202473,100.0,299.3541693687439,18.709045312783537,15.685833454210936,3.2640968322754134,7.623752848307333,1011.8874869791667,18.21761651833852,13.796963008741537,577.7256164550781,9.038476562500023,7.933465576171898,8.557913716634138,96.84212907155354,100.0,498.59722328186035,19.31595079882231,16.612637370565555,3.524140930175804,8.081173197428427,1010.70900390625,14.629344860712687,11.506796531301612,580.8666330973307,9.504083251953148,7.661126708984398,8.188620503743513,95.82731533050537,100.0,292.47222113609314,20.21467597915514,16.926850053944467,3.044409688313806,7.557754770914755,1011.9665201822917,19.05396544933319,14.57716654574809,596.969793955485,8.794366455078148,7.558770751953148,8.321791585286482,96.37546443939209,100.0,363.29166746139526,21.048990837350892,17.091974571528176,3.3573903401692746,7.777646636962913,1011.3688802083333,15.70789392789205,12.830240758058304,562.6350021362305
2021-05-13,13.020898437500023,7.239648437500023,8.9931465148926,89.32176049550374,99.93286959330241,557.7291717529297,20.546762234102772,12.621228338558085,2.9991127014160384,7.221339162190759,1008.3155110677083,-0.3886120989918709,156.10072084267935,567.0216115315756,8.838891601562523,7.345361328125023,7.848438517252627,95.6740738550822,100.0,813.7777709960938,18.726243222635844,16.18873128092567,2.3695045471191634,7.188816324869833,1008.7392513020833,5.601398050785065,22.81635126362865,583.0255482991537,13.121606445312523,7.185235595703148,9.256709035237654,89.20833396911621,99.95509211222331,280.0763912200928,22.3929880862181,11.898327880425436,3.298780059814476,7.467822011311853,1008.25357421875,-1.3028771777947743,155.09168290983266,533.6715730031332,9.824731445312523,7.076837158203148,8.218054707845075,93.99814732869466,100.0,646.9236106872559,19.71248656010705,15.503720178742062,2.6707817077636946,7.287680562337243,1008.0791796875,4.02554901689291,47.38701781987523,628.5889002482096,13.533929443359398,7.396356201171898,9.623738861084007,87.84629567464192,99.97037061055501,133.41666650772095,21.77150122410715,12.202387853483136,3.5093322753906477,7.574201202392601,1008.2269498697917,-1.9541919343173504,157.53975992339352,534.9077053070068,11.491235351562523,7.413934326171898,8.92375208536786,91.00601991017659,100.0,514.0277767181396,17.318827901568216,13.59591164102604,2.9956413269043196,7.479648844401083,1008.2888704427082,0.7619681109984716,115.07435142155737,568.603448232015,13.105554199218773,7.770989990234398,9.626177724202497,89.00462977091472,100.0,86.19444435834885,18.475634955422965,9.950709932173744,3.4009579976399777,7.790500895182333,1008.4951236979167,-2.112874095638593,133.9537598658353,440.3211835225423,11.557366943359398,7.299493408203148,8.84427159627281,91.72083346048991,100.0,555.2361145019531,15.072373111559454,12.080994962468102,2.9416137695312727,7.514703369140648,1008.3379524739582,0.8652565777301788,96.93257645859073,505.50448481241864
2021-05-14,14.550775146484398,4.586328125000023,9.930051422119163,79.81898085276286,95.88749980926514,250.9583330154419,13.606184233526852,9.336515575981725,3.6824445088704465,6.31991856892904,1009.6281803385417,-6.223913828531901,276.2282013806204,601.4406988620758,14.351708984375023,4.625115966796898,9.494958496093773,80.3287034034729,98.05000019073486,698.4375019073486,13.062603353862746,8.559407308328726,3.2334406534831146,5.99125696818038,1009.119033203125,-4.741342186927795,273.55650009525317,572.3098590771357,15.278955078125023,4.600061035156273,10.027853902181013,79.37314748764038,90.64768536885579,210.76388835906982,13.564768879740893,9.443708969741127,3.983899688720726,6.278958892822288,1009.1842252604167,-7.066621502240499,284.77596089430153,604.3533766667048,14.380761718750023,4.936242675781273,9.623179372151716,79.4310188293457,98.93055470784505,473.6458339691162,14.10411419069933,8.31466674169628,3.1703582763672102,5.9494555155436615,1009.2541438802083,-4.4295787413914995,246.26070218222836,607.5771176815033,15.663537597656273,4.523675537109398,10.111393229166689,77.98981444040935,86.00740845998128,178.33333444595337,13.40498011072713,9.304592580903202,4.11761372884115,6.038748677571618,1009.258056640625,-6.904039700826009,280.6279939065377,627.7191581726074,14.820550537109398,5.551568603515648,10.064389801025413,78.25370343526204,96.4791669845581,250.0972194671631,14.467698429819743,8.496189641234592,3.5607849121093977,6.130251820882165,1009.06283203125,-6.620392322540283,260.76049697585404,617.1200318733851,15.663690185546898,4.755181884765648,10.158186848958357,77.4138879776001,81.37499984105428,60.59722113609314,14.32851176200544,9.897495308968969,4.076941426595056,5.976277923584007,1009.2177701822917,-7.123795390129089,283.1173008369903,660.7450784842173,14.851434326171898,5.379083251953148,10.28943786621096,79.08240747451782,90.54907353719075,227.86111164093018,13.543014631158016,9.730658622700432,3.9107337951660384,6.515419260660849,1009.5143391927082,-6.661540667215983,291.61294924964506,620.3387529850006
2021-05-15,14.716577148437523,6.590844726562523,9.823061879475935,81.2847228050232,99.02824020385742,72.65277826786041,23.195337217428975,9.985813831391921,3.2563097635905365,6.38791427612307,1009.6312141927083,-1.3145078023274739,182.63547941794,703.8225552241007,15.534783935546898,7.067163085937523,10.38944269816083,79.57361141840617,99.31296253204346,344.50694465637207,18.028285680153626,8.83457952376604,3.6233980814616302,6.540289815266931,1010.2866829427082,-4.315844972928365,206.75468780348697,702.8714329401652,14.704522705078148,6.606042480468773,9.747563934326195,81.94027741750081,97.56111145019531,82.39583218097687,20.424968809228275,9.77308933824711,3.1495287577311615,6.478354390462243,1009.75205078125,-0.9484310944875082,175.4697596182426,680.1586151123047,15.373254394531273,6.841424560546898,10.104683176676454,81.44907426834106,98.56620407104492,351.2638874053955,17.786175277090113,11.167890643545881,3.2682548522949446,6.681637064615927,1010.1806901041667,-4.329885900020599,234.39602598796287,715.5044571558634,14.805841064453148,7.091149902343773,9.936771647135439,81.75972191492717,99.0796292622884,74.13888883590698,19.221359809520674,9.96529294931282,3.3733510335286496,6.590858713785849,1009.9095833333333,-2.618944933017095,203.1152211750547,678.4492608706156,15.047875976562523,6.980462646484398,10.10055821736656,81.45925823847453,98.90925947825114,276.11111068725586,22.503923109746285,10.332234049758199,3.3094103495280365,6.681423441569052,1010.3070052083333,-3.21796715259552,195.33200041453043,721.894785563151,15.145776367187523,6.729333496093773,10.16105677286786,79.66388845443726,96.18703715006511,51.437499701976776,17.993125058761805,9.281293114828868,3.6590807596842865,6.358001963297568,1009.825419921875,-3.952183187007904,212.99992022290826,734.7496353785197,14.536065673828148,7.075158691406273,10.042251841227236,81.25647989908855,97.5731471379598,151.26388788223267,22.947105751463624,9.904632983008996,3.511103566487634,6.630445098876976,1009.5641243489583,-3.025455951690674,206.79348385613412,653.9901285171509
2021-05-16,14.008782958984398,7.053948974609398,9.299073791503929,87.00138854980469,95.17592684427898,242.11111164093018,18.394485010166637,14.093952423523945,3.080641682942712,7.067299143473349,1008.461875,3.3158788848668337,145.68031297189495,718.5437151590983,14.411645507812523,5.916711425781273,9.804386393229189,82.10000069936116,82.48240725199382,241.93055629730225,23.087913958362357,15.671592075150087,3.4142979939778684,6.60410079956057,1009.1378580729167,-1.5255868832270305,256.75692144812393,804.4812602996826,14.657159423828148,6.861383056640648,9.654028828938825,84.13101816177368,94.66990756988525,174.01388931274414,20.1205159386843,13.244230828349577,3.389638519287132,6.825894927978538,1008.3343098958333,0.7109751403331757,181.37747736709812,779.7733256022135,13.818597412109398,5.446069335937523,9.78193308512372,82.99629592895508,75.23286938667297,257.4999990463257,22.587571203467544,16.47890616910365,3.375892893473349,6.8078234354655365,1008.9085514322917,-2.924124240875244,266.26846597405773,860.7285194396973,14.498773193359398,6.490045166015648,10.179630533854189,82.8305557568868,88.08055559794109,172.92360830307007,18.497740662241323,13.395206205792045,3.6202089945475677,7.170959726969443,1008.1934212239582,-1.1980282664299011,201.62468638022742,775.5800059636434,14.047143554687523,6.140161132812523,9.211418406168642,85.41620413462321,88.89351924260457,243.56250095367432,19.156556313590503,14.787653762631672,2.975166575113974,6.73979212443038,1008.8842708333333,2.0816905895868936,184.0548141847054,703.990358988444,15.138879394531273,6.114923095703148,10.328816986084007,81.83935149510701,89.59768517812093,114.91666746139526,20.023688044777685,13.378142258976853,3.932099914550804,7.077816263834677,1007.762197265625,-2.4915342132250466,212.25996538748345,749.7189388275146,14.663262939453148,6.354882812500023,9.216780598958357,86.28611056009929,97.15138816833496,279.0763907432556,21.308868549962494,15.568754680391693,3.008711751302087,6.8530746459961165,1008.492080078125,3.6597487131754556,159.33800110655525,754.7622210184733
2021-05-17,11.445123291015648,7.116662597656273,8.880178070068382,84.71990871429443,82.71296310424805,200.4930558204651,27.629674568309156,22.214999486191818,2.143928782145224,6.381801859537802,1010.828623046875,3.9562017371257148,174.9259460916122,1025.599708557129,13.039697265625023,6.374749755859398,9.734310404459658,80.34351936976115,72.32824110984802,411.0694389343262,30.47835545545377,20.278714910001657,2.874147033691429,6.246762847900413,1010.53439453125,-2.15178511540095,277.2301326592763,1083.3597602844238,11.232659912109398,6.898431396484398,8.709554290771507,83.99768447875977,81.61990801493327,174.06944370269775,30.75699320312695,23.524279508656473,2.0887072245280365,6.087739562988304,1010.548994140625,3.2610644049321613,191.63371919095516,981.7497431437174,13.204034423828148,6.687768554687523,9.653123474121116,79.97129551569621,69.99120386441548,310.43750190734863,32.76261373268939,21.99551490899461,2.5705568949381927,6.114996846516931,1010.0716373697917,-1.1316666801770527,291.4273200184107,1166.1847915649414,11.404351806640648,6.941186523437523,8.824160512288435,82.98796208699544,78.16481574376424,93.49305582046509,32.52005871681652,22.68912061853212,2.270026143391931,5.981127675374353,1010.6056184895833,2.929848159352938,215.87611165146032,980.9627367655436,11.903070068359398,6.769433593750023,9.085719045003279,84.98842525482178,76.26712981859843,347.03471755981445,26.003206518532522,21.668191015021716,2.1622545878092865,6.631475067138695,1010.736474609375,2.8819942946235337,235.40728163470826,1093.1939061482747,11.516656494140648,7.028955078125023,8.949611918131533,82.08750089009602,80.1476845741272,30.138888835906982,30.522602803806404,22.455504266599984,2.556378936767601,5.949494934082054,1010.3847623697917,3.1603154142697654,206.0087441702684,952.2100747426351,11.789910888671898,7.067407226562523,8.955079650878929,84.29027843475342,84.50648101170857,322.15972232818604,25.841064259164266,21.27806037051226,2.1485153198242415,6.360097503662132,1010.8248990885418,3.649049013853073,191.5815018763145,1045.158800760905
2021-05-18,11.516290283203148,5.573449707031273,8.77939376831057,81.31435076395671,76.7824076016744,86.94444537162781,24.589961851883515,20.025616242576092,1.9921000162760834,5.6614484151204465,1016.0566959635418,0.07935202121734619,195.29994995395342,878.3621896107992,13.061090087890648,5.672204589843773,9.207481638590517,78.67777713139851,57.950462539990745,272.5138864517212,28.381640650654926,21.186452678636787,2.135907745361351,5.466214752197288,1016.1272884114583,-1.796643614768982,257.21672425667447,1083.7495085398357,12.579827880859398,4.986993408203148,8.779440816243513,81.57824087142944,70.27777862548828,97.41666626930237,25.073522129907186,19.908000173045096,2.076581573486351,5.692800140380882,1015.76849609375,-0.28304940462112427,207.56490902105966,872.3284543355306,14.116052246093773,5.667443847656273,9.6056584676107,75.73888778686523,59.02916785081228,227.6458339691162,26.418837641250718,19.630011074437203,2.4696695963542084,5.242969767252646,1015.4726985677083,-3.283061901728312,240.35805621246496,1041.7398198445637,12.349053955078148,6.666711425781273,9.13298060099286,80.12083307902019,80.50694402058919,80.21527767181396,26.31678339215722,20.225405891402776,1.9487650553385834,5.759125010172568,1015.6912727864583,-1.0921026468276978,198.58970703432956,879.4359270731608,12.568688964843773,5.685052490234398,8.97174987792971,80.65231466293335,67.52361067136128,163.06944274902344,23.382235937203227,19.15574052756777,2.0966290791829465,5.699287668863974,1015.992255859375,0.2148205836613973,195.55218419929346,932.6576430002848,12.340081787109398,6.885522460937523,9.083277638753279,81.95092550913493,84.6597220102946,48.67361080646515,25.75580770456864,19.29096293196206,1.9043009440104584,6.037867482503259,1015.56130859375,-0.9951525926589966,186.59316790103912,844.6346524556478,12.432580566406273,5.734887695312523,8.90107371012372,81.33657328287761,69.66944408416748,103.78472113609314,22.75157176909261,19.29811720166909,2.134449259440146,5.76877110799154,1015.9399674479167,0.8861079017321268,192.17274297773838,889.7804330190023
2021-05-19,11.896325683593773,3.8055664062500227,7.533528900146507,88.70740763346355,87.99537022908528,209.66666650772095,17.03321103756506,13.41501592340328,1.265437062581384,5.667573547363304,1018.4592838541668,4.266969422499339,192.90701543788114,623.2386697133383,11.594689941406273,4.710961914062523,7.869622802734398,88.09490648905437,89.70185152689616,279.46527910232544,21.08852829215407,14.318298493642084,1.1305836995442746,5.931181844075525,1019.748193359375,1.060754906386137,215.68087076706192,666.8731985886892,11.819116210937523,4.574151611328148,7.79434992472333,89.25972112019856,87.04027795791626,160.93055534362793,18.33561186611075,13.758625936797847,1.4595097859700559,6.0479598999023665,1018.0056575520833,3.4534120659033456,196.45877769092718,582.9052492777506,11.952935791015648,4.531854248046898,7.905196126302106,87.50046157836914,85.30463012059529,273.0138897895813,20.415036828708327,14.225702888947687,1.2141052246093977,5.84452845255538,1019.0680208333333,1.6320418392618496,206.46989115824303,683.6751508712769,11.231439208984398,4.572198486328148,7.701034800211612,89.65324179331462,88.2277782758077,112.85416579246521,17.32798814397485,12.940435199950514,1.6646578470866302,6.03177159627279,1017.9078483072917,4.090321145951748,187.4604946722587,498.0578028361003,11.561090087890648,4.444085693359398,7.768481190999371,87.37546284993489,81.01620356241862,214.39583349227905,21.194647732520018,15.169578806453963,1.1233243306477902,5.689701334635458,1018.98505859375,2.848825658361117,236.13301304976144,677.2481816609701,11.479974365234398,4.691278076171898,7.886799112955752,88.84213129679362,90.46944459279378,84.27083295583725,17.205126521048438,13.345885678691781,1.7278991699218977,6.063088989257835,1017.557548828125,3.0645269776384034,210.68570549289385,553.3406632741293,11.325860595703148,5.071435546875023,7.825725809733096,88.56157366434734,88.76388772328694,195.99999856948853,21.48936124241998,15.585026278975377,1.0754498799641965,5.98475036621096,1018.8127506510417,3.5297623177369437,194.6505782827735,686.4444351196289
2021-05-20,13.353845214843773,5.016503906250023,8.337284342447939,83.2907411257426,76.47777891159058,246.70138692855835,19.91990495288161,14.321432601864712,1.5787508646647552,5.404590861002646,1022.25953125,-0.17836207368721566,201.6383873509864,739.9676309426626,11.280786132812523,5.626489257812523,7.557483927408877,90.22500069936116,82.08611087004344,616.1388912200928,19.595534016328724,14.919106181215552,0.9922360738118527,5.984095509847009,1022.97583984375,3.699656138817469,130.25448062550277,686.9452924728394,13.750024414062523,4.981134033203148,8.561915334065779,82.94351895650227,83.68657382329305,241.43055725097656,18.102074657831913,13.96782958147832,1.8883809407552121,5.5425214131673215,1022.068642578125,-0.8008095920085907,193.71857338771224,742.5842341979345,11.440484619140648,5.678247070312523,7.444329833984398,88.18518575032552,85.43333307902019,307.77777671813965,19.068591701747255,15.042429091690474,0.8944183349609602,5.536634063720726,1023.0563346354168,2.9908002763986588,124.22675779710214,633.8226687908173,13.450616455078148,5.165612792968773,8.846924082438173,81.08379570643108,86.29861005147298,144.8819432258606,20.199150372519956,14.470534800392876,1.9695373535156477,5.484157816569052,1021.9360774739583,-1.4510484312971432,201.88870440175137,747.7883579730988,11.154565429687523,5.125054931640648,7.496778106689476,85.85231494903564,84.65416685740153,306.6736116409302,19.302296248160108,14.824255505879018,0.7466649373372434,5.130948638916038,1022.9969889322917,2.1489993954698243,143.56211073944965,668.2707616488138,13.763055419921898,5.010186767578148,8.834167734781923,79.83935244878133,76.81898132960002,50.090277433395386,19.949073173098625,14.810436900739356,1.983486429850302,5.233948008219443,1022.0135677083333,-2.209110736846924,228.40011398494244,783.6492811838785,11.776300048828148,5.424829101562523,7.810544586181663,84.52916685740153,81.42499955495198,276.61805534362793,20.950532406105047,15.448217531016875,1.0556210835774777,5.203556315104208,1022.6604720052082,1.5921402846773465,175.0577217725416,686.8459804852804
2021-05-21,14.653894042968773,5.456903076171898,10.11228968302411,78.32824166615804,99.22824096679688,74.54166662693024,12.3176568954845,9.430278691540854,5.7634267171224,6.2291732788086165,1014.7791471354167,-6.057034035523732,148.92307540153465,428.39695914586383,15.606713867187523,5.866998291015648,10.448475138346376,75.44999996821086,96.75462945302327,293.2708282470703,12.042412285453514,8.233510745386205,5.740057881673181,5.890405273437523,1015.5949283854167,-9.007436702648798,166.5208521882693,380.2619690100352,14.993951416015648,5.614739990234398,10.346103922526064,77.5291657447815,98.75601863861084,88.8124988079071,14.624697808310772,10.179216703466304,5.950893656412802,6.294769541422568,1014.1895930989583,-7.113826304674149,141.35988894477487,453.61864280700684,16.084954833984398,5.515313720703148,10.637010192871116,75.06527789433797,99.69536972045898,301.8333377838135,13.930731445095349,8.999753156244479,5.838808949788415,6.002606964111351,1015.2814388020832,-10.18114028374354,211.98461307647327,452.19251616795856,14.448724365234398,5.476464843750023,9.668271636962913,80.61389096577962,98.61342684427898,48.270832896232605,18.207133852753,11.876448116966452,5.447302754720056,6.30789464314779,1014.40162109375,-4.949786285559337,132.5914844920238,472.079069296519,15.646936035156273,5.740319824218773,10.458988444010439,75.99953683217366,98.93379656473796,188.14583110809326,12.27096565715129,8.767462213509438,5.827748870849632,6.075681304931663,1015.0343294270833,-8.214865386486053,161.48047606647015,431.57851362228394,14.899652099609398,5.581628417968773,9.942037200927757,80.59583377838135,98.2865743637085,22.243055424187332,19.802466886260685,12.020914002557452,5.662530517578148,6.581441497802757,1013.9662858072917,-4.806508878866832,117.91805396353205,430.4954153696696,14.828393554687523,5.750817871093773,10.173833465576195,76.71620321273804,98.46435228983562,90.7986102104187,14.670051600372041,9.469489405667671,5.6334459940592865,5.962468719482445,1014.6651627604167,-5.86223836739858,148.45216719123223,431.28823884328204
2021-05-22,12.527642822265648,6.839715576171898,9.275637563069685,83.25370343526204,96.66481494903564,273.1736116409302,17.498539604749926,14.179617841369007,2.488051350911462,6.388530985514365,1012.597373046875,-2.4356141289075217,175.68020180116096,762.7037817637125,12.894433593750023,6.983361816406273,9.414207712809267,83.9078704516093,99.77546310424805,389.52777576446533,18.68048961151786,13.929449169129176,2.731782531738304,6.661275482177757,1012.558134765625,-1.5387944529453914,198.9163695598642,735.8284587860107,13.749902343750023,6.731500244140648,9.578425343831404,81.28888988494873,95.40833282470703,314.50694274902344,20.834938682670945,15.16802831752974,2.766121164957724,6.186916605631552,1012.4176009114583,-3.9037270856400332,204.9926863362392,860.440465927124,12.763665771484398,7.034692382812523,9.579211171468122,82.76203600565593,99.8333330154419,357.51389026641846,17.852235321913057,14.045779320408807,2.8510897318522552,6.59996058146163,1012.5880110677083,-0.9566498299439748,163.59116153915724,773.1675955454508,14.511010742187523,6.516137695312523,9.829242960612001,79.44675827026367,90.95092646280925,324.61805534362793,21.717811676737377,14.515634194819151,3.0686940511067746,6.045259094238304,1012.35599609375,-4.958092336853345,213.5141839707891,883.5997412999471,13.425103759765648,6.462579345703148,9.633032735188825,80.01573959986369,99.80740769704182,314.5000009536743,18.68829358229111,14.893083280515347,2.6091781616211165,6.065619405110681,1012.5432291666667,-3.6968623399734497,189.81826207538447,876.5346705118815,15.060571289062523,6.552209472656273,9.970789845784529,78.84212986628215,90.71296374003093,217.9930567741394,22.1462376193794,15.30071193173139,3.060670471191429,6.0660809834798215,1012.3191178385417,-5.282096688946088,223.60527485484877,949.6296504338583,13.796716308593773,6.399987792968773,9.619893646240257,79.62222115198772,96.97963015238444,240.74305200576782,17.63710362156956,14.178462343006691,2.5989903767903684,5.986507670084677,1012.1901725260417,-3.8746031721433005,192.61727547397217,846.2944984436035
2021-05-23,14.938867187500023,6.585229492187523,9.832362111409529,75.72592655817668,83.80972226460774,148.01389133930206,20.469222669807213,13.749616736163304,3.1786476135254134,5.23145446777346,1017.734189453125,-2.0252684305111566,244.5547062754631,807.653839747111,14.696984863281273,6.637750244140648,9.978178914388044,76.68055534362793,84.62731504440308,375.4513931274414,23.59962660310866,15.3132279027428,3.1661252339681027,5.64236729939779,1018.5296842447917,-4.379033714532852,248.1516867776712,776.6059273084005,14.719415283203148,6.863031005859398,9.651115671793642,77.05648072560628,81.77546246846516,107.36805385351181,19.417327809933152,13.10163232424271,3.0043731689453352,5.359493509928427,1017.7786458333333,-1.3041979769865673,232.04699811836085,751.5342187086741,14.757989501953148,7.068627929687523,10.095463053385439,75.53194427490234,72.87175899744034,411.333327293396,19.6478137015436,13.50914904442647,3.1834452311198334,5.5248822530110715,1018.2280794270832,-3.901800242563089,258.7295413215955,772.0810845295588,14.228112792968773,6.579614257812523,9.3543525695801,79.34907309214275,80.65416661898296,107.95138874650002,20.02643693311931,12.933365233644656,2.7605211893717865,5.6038808186849,1017.8795442708333,0.40943508346875507,210.670018106699,706.8130155007044,14.761132812500023,6.807458496093773,9.876582082112654,76.41481479008992,88.08240763346355,417.38195037841797,18.921683693392968,12.718322567176614,2.9052050272624115,5.56183776855471,1018.3267057291667,-3.1238412111997604,239.1626303344965,714.8734583854675,14.320092773437523,6.567864990234398,9.446682230631533,80.20925998687744,71.50185139973958,131.02083340287209,20.672525586717075,12.529714782686412,2.842341359456384,5.814960734049521,1017.7627506510418,0.5539938277409723,216.81083691741028,700.6927349170049,14.461145019531273,6.583306884765648,9.766657765706404,76.37222290039062,86.05138842264812,353.6666669845581,20.082457619790553,13.87388549495639,2.9388061523437727,5.336297607421898,1017.9194563802083,-1.9518743356068928,231.56305668254694,771.4202755292257
2021-05-24,14.665948486328148,5.316674804687523,9.618060048421247,78.81435124079387,92.45185216267903,154.9375023841858,19.608220160658927,9.586511392668436,6.094686126709007,5.883987681071005,1015.2647135416668,-2.4190738002459207,136.48333089550337,325.058243115743,16.359948730468773,5.528802490234398,10.77359797159833,77.29166666666667,95.57685120900472,181.81250190734863,19.932322256616402,9.653001539891212,7.626401519775413,6.7509691874186615,1014.1518619791667,-6.569934507211049,185.8420572069784,343.3868096669515,15.798394775390648,4.777856445312523,9.888328806559267,78.02685038248698,90.21249949932098,67.7361102104187,20.83903048959345,9.550715695572896,6.3649701436360715,5.8957509358724,1015.2785904947917,-4.317268172899882,174.4086493353049,353.1629721323649,15.490655517578148,5.594506835937523,10.073945617675804,80.24814748764038,93.82731485366821,148.979163646698,25.162263412363945,9.986570104467368,6.803174591064476,6.6332565307617415,1014.6101497395833,-2.9932233492533364,151.22348089826605,332.95219564437866,15.812738037109398,4.333276367187523,9.786299641927107,79.9763895670573,91.6416670481364,14.965277642011642,17.96006249502509,11.110049645123818,6.64933802286788,6.23639831542971,1014.9429036458333,-3.7827503085136414,161.5874458005031,339.3660720189412,15.552239990234398,4.364526367187523,9.807224527994814,76.79583231608073,91.07916673024495,160.4027762413025,18.049260516616982,9.531340045386985,6.544168090820335,5.641364034016931,1015.81939453125,-4.562643567721049,185.70977967977524,314.8209776878357,15.529901123046898,4.783288574218773,10.028403218587263,79.20231517155965,91.84259303410848,11.472222104668617,15.99468972540929,10.825076832610526,6.7162033081054915,6.343340810139978,1014.8646126302083,-5.306034167607625,184.16391268869242,339.7353006998698,14.802636718750023,4.257775878906273,9.782216644287132,77.40648031234741,85.45509306589763,185.45833253860474,17.942919723521086,10.484662920596596,6.634461975097679,5.77997996012374,1015.4808040364583,-3.763640100757281,175.99003754307827,289.67995834350586
2021-05-25,12.716668701171898,5.698052978515648,8.472517903645857,79.31574026743571,82.91712912917137,186.89583778381348,25.231900743546753,16.560406361044254,1.4202298482259152,4.895956929524743,1019.916181640625,5.2136800189812975,182.06942381337285,913.0397489468256,14.481988525390648,6.222192382812523,9.4813908894857,73.14351812998454,85.61388905843098,238.44444751739502,23.996892024031887,17.90060118467952,2.239216105143271,4.4331158955891965,1019.8952799479167,-0.8517315834760666,238.17424231022596,1102.2667181491852,13.671563720703148,5.909509277343773,9.025446828206404,76.72638924916585,81.990740219752,194.5555567741394,26.685952986866415,18.2509869206984,1.8263488769531477,4.781227366129599,1019.28279296875,3.4777055829763412,214.19315316776434,1096.0880345900853,14.351678466796898,6.045434570312523,9.332105255126976,76.96666638056438,82.74166675408681,146.8402771949768,26.352827129121135,16.974948194076276,2.3225735982259152,5.003897603352868,1019.6759798177083,0.9243142791092396,230.79051942378283,1078.5561870733898,13.453363037109398,6.406488037109398,8.953921254475935,77.03101936976115,83.3694441318512,254.29860877990723,23.307954118699733,17.004353981849327,1.8006505330403684,4.79435755411788,1019.3726236979168,4.369122830530007,212.47541457600892,1096.639101266861,14.277703857421898,6.206231689453148,8.977849578857445,76.5467602411906,83.32407371203105,129.15972208976746,22.917880608894375,16.64758297196055,1.856135304768884,4.593169148763025,1019.9516276041667,0.9241392364104589,233.00050542751947,1035.939578851064,12.906640625000023,5.881494140625023,8.932078297932966,77.4444449742635,85.77777775128682,165.85416674613953,22.624087426878315,16.536211177579002,1.7546300252278684,4.905732727050804,1019.5441959635417,3.8108972907066345,199.39012950720885,1015.476662238439,13.701684570312523,5.962152099609398,8.889643605550154,75.86805566151936,71.80324068665504,130.17361164093018,28.492547176811264,18.653060553420772,1.5731140136718977,4.501360829671228,1019.8263671875,1.742195893234263,256.61531577445567,1096.0455286502838
2021-05-26,16.425164794921898,4.818627929687523,9.819628651936872,72.91898155212402,89.40138943990071,81.75694417953491,23.845319918878694,13.883157158804366,3.908272043863974,4.795641835530603,1018.5106608072917,-4.817782799402873,231.70924477775893,778.2886381149292,17.397637939453148,4.928491210937523,10.674405670166038,71.67963123321533,78.86851811408997,232.11111736297607,19.540902196405284,11.975054638712384,4.333875274658226,5.252606964111351,1018.5326529947918,-10.187666058540344,295.285151625673,801.8110593159994,16.813409423828148,4.760034179687523,10.090552266438825,73.01713005701701,87.04305489857991,56.958332777023315,23.231617575384394,12.717366422366796,3.9506444295247434,4.994257863362634,1018.238251953125,-5.974670171737671,260.6807252814372,802.1532917022705,16.465112304687523,5.582391357421898,10.533134714762392,71.120370388031,89.6189816792806,230.88193893432617,18.40716129503545,12.607361332324386,3.831592814127646,5.118473307291708,1018.5605240885417,-7.510203083356221,251.55187159528336,863.5897391637167,16.095147705078148,4.383325195312523,9.286408996582054,73.7101863225301,82.91574056943257,19.013888597488403,24.58785437268974,13.258139715159468,3.2921552022298215,4.444177246093773,1018.5315787760417,-1.8753710985183716,231.12967109680176,757.0354909896851,15.662561035156273,5.622583007812523,9.698205566406273,74.98472150166829,90.14675823847453,300.29861545562744,18.350828540381574,13.034617610636909,3.4480695088704465,5.115701293945335,1018.688115234375,-4.592339714368184,211.79522168636322,767.3957605361938,16.294213867187523,4.812554931640648,9.455122884114607,73.721297899882,83.684259613355,10.069444503635168,24.11663325583908,13.188331286251199,3.319954172770224,4.618856048584007,1018.69265625,-2.5666913986206055,226.20201587677002,761.0230147043864,16.153405761718773,4.936334228515648,10.111741638183616,72.81944545110066,89.6472225189209,207.43750286102295,19.452223965720158,12.19567600027402,3.9202730814616302,5.082262929280603,1018.64765625,-5.784811198711395,223.33957617978254,774.981099764506
2021-05-27,12.003289794921898,7.450036621093773,8.677021280924501,91.17222118377686,97.42592589060466,183.07638955116272,17.888013431127312,11.272550957049086,1.9870531717936615,7.240523274739587,1019.7098990885418,1.952310820420583,111.7525172199433,533.9650583267212,10.137445068359398,6.910607910156273,8.699417368570986,93.24213059743245,92.91898234685262,152.33333492279053,16.610852650664675,9.816243191739979,3.071773783365927,7.649503326416038,1020.7018587239583,3.6711068116128445,45.560202948128186,369.98065694173175,12.781121826171898,7.451684570312523,9.128994242350283,88.28426011403401,97.2097225189209,176.17361164093018,19.879829657919363,12.121825708888252,2.198147074381552,7.168662007649743,1019.788603515625,-0.2960172990957896,149.95853457661966,582.6762660344442,13.483331298828148,6.798150634765648,9.735498046875023,85.06250127156575,86.7893517812093,149.34027671813965,16.43267766525179,11.552577253553386,2.9735466003418196,7.189160919189476,1020.2116796875,-0.7949588100115458,174.1455373366674,610.2021079063416,12.574456787109398,7.045587158203148,9.074301656087263,88.53981399536133,97.5745366414388,195.1944432258606,20.514295545425966,12.442920340971312,2.2007728576660384,7.177639261881552,1019.7923697916667,0.15311017849793038,138.9631333053112,565.2357660929362,12.394311523437523,7.208062744140648,9.360865529378279,86.73842430114746,96.96435228983562,148.84027862548828,17.509708624857883,13.118461868654549,2.486409759521507,7.122346496582054,1019.839970703125,-0.515039162710309,163.74194305514297,648.046225229899,12.649957275390648,6.887109375000023,8.948443349202497,87.3328685760498,95.56481456756592,138.08333498239517,18.34193268127228,12.196018573625755,2.0191131591797102,6.832264200846396,1019.9562565104167,0.9072367822130522,131.8034451752901,568.1837123235067,12.817254638671898,7.327691650390648,9.118614451090517,88.23842525482178,96.12824090321858,181.62500023841858,17.72976927087296,12.248268347890962,2.210187530517601,7.138818359375023,1020.033134765625,-0.004891181985537211,151.76348057296127,605.9352010091146
2021-05-28,15.148095703125023,7.519982910156273,11.040125783284529,77.74953762690227,88.41435209910075,190.63194131851196,12.44621721212566,8.55307677426198,3.8536773681640852,7.080164845784509,1022.1382096354167,-9.402558048566183,233.1174969524145,542.4781167507172,14.186151123046898,7.159051513671898,10.132805124918642,82.48703797658284,75.90231498082478,362.05555534362793,12.949192411020329,9.730064132301669,2.652767435709677,7.057318623860681,1022.0876627604167,-8.284838279088339,252.6677053372065,576.4288460413615,14.669030761718773,7.624749755859398,10.93600743611656,78.27175839742024,89.2888895670573,48.6319442987442,11.635858183686418,8.482326752786927,3.598945871988974,7.090481058756552,1021.9828678385417,-8.443248629570007,230.2580688993136,543.3626263936361,14.240563964843773,7.491906738281273,10.559939320882185,81.43564732869466,86.37175941467285,259.0625009536743,11.724258405822312,9.071548769232054,3.3083307902018646,7.299892679850302,1021.9045279947917,-7.71725990374883,219.15220371385416,553.1797037124634,14.845452880859398,7.304223632812523,10.993533070882185,77.89583381017049,85.31666723887126,25.979166388511658,11.263291452256578,8.006644352254954,3.789064025878929,7.063478088378929,1021.8479069010417,-8.477653821309408,224.02155704796314,529.7561893463135,14.821923828125023,6.673516845703148,10.798641459147158,79.29305601119995,81.88379494349162,279.83333110809326,11.327184534462102,8.832340588562987,3.5833437601725677,7.08826853434249,1022.1373014322917,-9.940410951773325,259.596305663387,556.6399099826813,14.656549072265648,6.699090576171898,10.665860748291038,78.24027824401855,84.8305557568868,10.562499970197678,11.117575582679523,8.03668710112202,3.5861628214518646,6.79733556111654,1021.8983463541667,-7.686364412307739,227.05012645324072,532.487203836441,15.128991699218773,6.850396728515648,11.045438385009788,78.1648138364156,91.07592550913493,197.85416412353516,11.78478303390043,8.940654737706899,3.8253952026367415,7.0903551737467865,1021.9438411458333,-10.65286111831665,255.33447875082493,566.2987353006998
2021-05-29,16.391442871093773,7.738916015625023,11.903883870442732,70.65879646937053,62.80046240488688,16.152777820825577,15.293927413204926,6.773757206964688,4.802678680419945,6.43796056111654,1022.5295572916667,-9.262649695078531,313.2601350347201,615.7381510734558,16.973962402343773,4.642846679687523,10.93130772908531,70.58425982793172,29.388425783564646,193.20137977600098,10.529757845381551,7.310454344853473,4.574795023600302,5.298553721110068,1023.9033821614582,-6.477322141329448,339.7909874121348,639.6857996781667,15.992456054687523,7.226037597656273,11.339294687906923,73.61250019073486,65.54583271344502,20.840277940034866,15.574759538964353,6.547897375029186,4.44541956583663,6.508064524332724,1022.3245052083333,-7.56954288482666,303.0926220019658,558.3480791250864,16.335870361328148,5.588952636718773,11.004314676920595,72.3217601776123,58.090741316477455,56.493056535720825,15.095666639539097,8.091376908858965,4.2397870381673215,5.840320841471396,1023.0536555989582,-6.043395479520162,309.5834352572759,585.1869311730067,16.498986816406273,7.562554931640648,11.58585891723635,72.94583304723103,68.31898132960002,9.076388895511627,14.656114537541882,6.611878614810506,4.458745574951195,6.561817423502646,1022.3640234375,-8.788452863693237,312.3570583413045,612.6200983126959,16.667260742187523,6.502221679687523,11.59024836222333,70.55370346705119,50.54814790685972,32.7222216129303,12.217079985014202,7.903240789587255,4.579064941406273,5.974458312988304,1023.0174055989582,-8.26389447848002,321.6702932417393,665.1399936676025,16.509301757812523,7.480004882812523,11.477934773763044,71.03333314259847,63.97731411457062,1.006944437045604,13.565428524161526,7.572279777666516,4.451997375488304,5.984641011555993,1022.3484733072917,-8.119695027669271,299.16972238818806,635.7908334732056,15.921014404296898,6.799615478515648,11.413635508219423,72.50833415985107,55.338888804117836,24.111111164093018,14.643835235586396,7.558836997078298,4.368049875895224,6.310407257080101,1022.9532161458333,-8.170942743619284,322.90996530652046,615.663653532664
2021-05-30,15.152917480468773,4.708459472656273,10.159113820393904,67.92268498738606,13.243055726091066,10.979166895151138,14.135334564801738,9.300266382460139,3.5936765034993527,3.7502545674641965,1024.31439453125,-0.816424568494161,349.38369025786716,679.4093302885691,16.459497070312523,5.458398437500023,11.118670399983747,69.12685187657674,18.060185104608536,29.659722089767456,15.226367946414106,9.549391037517,4.550331370035849,5.175686136881552,1024.3877376302082,-3.1202629009882608,325.17274649937946,737.8183895746866,15.283349609375023,4.646905517578148,10.23829040527346,70.8634262084961,12.353703627983728,10.548611134290695,14.183164156279222,9.66051662536502,3.7933377583821652,4.5686266581217865,1024.153662109375,-1.7306987047195435,346.2098400394122,710.8185787995657,15.565270996093773,5.574639892578148,10.629176076253279,70.2689798672994,15.885185529788336,49.180556774139404,13.888720263453044,9.451897999092834,3.929530080159509,4.806485748291038,1024.0130891927083,-3.00350554784139,345.1797559261322,688.1569992701212,15.411431884765648,4.683374023437523,10.117951965332054,71.29907464981079,14.449537043770155,20.20833295583725,15.36357783612211,10.176298606539532,3.6013097127278684,4.624725596110068,1024.354638671875,-1.4576778014500935,343.7230920791626,739.9867969353994,15.270257568359398,4.852593994140648,10.232644653320335,69.12129767735799,10.251388962070147,28.861111283302307,15.011466382187928,9.144303532017874,3.7535644531250227,4.101047770182333,1024.112001953125,-0.6538875102996826,347.5947263042132,690.8003759384155,15.589196777343773,4.934106445312523,10.360098775227888,70.87268495559692,23.266203249494236,6.319444268941879,15.271560456836658,9.164417662409642,3.7737047831217865,4.798327382405603,1024.1566048177083,-2.5947550535202026,334.91128360231716,736.6596931616465,15.695367431640648,4.847039794921898,10.434415435791038,68.07500060399373,12.365740835666656,5.25,14.288254462719745,8.68676143455521,3.913465118408226,4.1671679178874115,1023.9003548177083,-1.8201984564463298,345.14692185322446,765.7393089135488
2021-05-31,16.920922851562523,3.4939514160156477,10.573599751790388,72.09999942779541,3.5439814180135727,0.1666666679084301,15.111346936998531,10.47697180886653,4.700341796875023,5.279896036783896,1021.796025390625,-3.6185975472132363,346.6109575132529,618.1211709976196,16.943414306640648,4.105554199218773,10.747707621256533,71.92268546422322,9.672685146331787,11.111111253499985,16.140046777404866,11.870259054215174,4.813013966878259,5.392427062988304,1021.9478971354167,-4.711665312449138,337.8207781513532,695.5135757128397,17.057885742187523,3.5493408203125227,10.639011637369814,72.01388883590698,4.743518460541964,0.1666666679084301,15.516637161579855,10.660489327127786,4.881766255696618,5.304321543375693,1021.596357421875,-3.8340732057889304,346.604128797849,624.6576097011566,17.724328613281273,4.442864990234398,11.246569569905622,73.53981288274129,4.049074141929547,10.833333492279053,19.150186050918936,13.462699921540008,5.423355356852255,6.18302942911788,1021.631171875,-6.054435173670451,343.427891711394,727.837234656016,16.873895263671898,3.3741699218750227,10.42963562011721,71.08657328287761,6.788425913701455,0.0,15.534256097095334,10.517797837479465,4.588529205322288,4.9249435424804915,1021.6326529947917,-3.005497137705485,346.88729696472484,621.0503073533376,17.430688476562523,3.7311950683593977,10.832791900634788,73.9791669845581,4.253703782955806,21.194443941116333,18.877095988340727,12.988600531848924,5.065265909830771,5.89438400268557,1022.0868815104167,-4.928314665953319,344.26744866371155,690.4107745488485,16.935327148437523,3.6403442382812727,10.637576039632185,71.04305601119995,5.128703662504752,0.0,14.812628313649183,10.290373215804445,4.892826334635458,5.103738403320335,1021.3550065104167,-3.5024582544962564,347.5501503447692,600.6757629712423,17.029412841796898,3.6215148925781477,10.671233113606794,72.9027771949768,5.104629612217347,6.999999761581421,17.257463869805296,11.921059768859804,4.960263824462913,5.509830729166708,1021.8976432291668,-4.032449543476105,346.0277216633161,654.801062742869
2021-06-01,18.699884033203148,5.368676757812523,12.208821868896507,69.44722159703572,1.4226851928979158,0.0,15.596884813682625,11.826163924305298,7.127380625406943,6.335680898030603,1017.9531282552083,-7.941435178120931,348.66817338267964,556.0907284418741,17.986535644531273,5.383966064453148,11.80746739705406,71.35416825612386,16.976851736505825,0.1666666679084301,15.934013933754871,12.071832847900245,6.6114733378092865,6.378396606445335,1019.4174576822917,-7.024100462595622,341.18680282433826,556.3169530232748,18.704888916015648,5.444055175781273,12.25845870971682,70.34629646937053,4.740740863295893,0.0,14.693979655617138,11.443538069720224,6.96794153849288,6.535217539469443,1018.2454459635417,-8.241006890932718,348.3575701912244,551.2591881752014,17.562280273437523,5.346429443359398,11.561174011230491,71.31064828236897,32.045833383997284,0.1666666679084301,17.271450485539855,12.516929607328251,6.54447962443038,6.16199645996096,1019.0920182291667,-5.697371125221252,328.62524398167926,537.8671935399374,18.541772460937523,5.228570556640648,12.128031667073591,69.33379634221394,19.681018695856135,0.0,15.78682213691973,11.232023168706844,6.898603057861351,6.201409912109398,1018.4302994791667,-7.709556897481282,340.9035342335701,518.9954843521118,17.956353759765648,5.075585937500023,11.768872833251976,70.21944348017375,28.267129972577095,0.0,16.150486199022236,12.502058675907188,6.507343546549521,6.1025316874186615,1018.7773697916667,-7.155752023061116,342.8455875515938,575.7533583641052,18.813745117187523,5.534020996093773,12.457622782389345,67.8768515586853,19.28564810939133,0.0,16.022186891339537,11.20094308005117,7.115291849772177,6.2313947041829465,1018.28728515625,-8.633050243059794,343.9537754058838,530.7192166646322,18.475305175781273,5.298974609375023,12.166761016845726,69.64999961853027,10.29629622027278,0.0,15.020595623473335,11.706258879556643,6.992937978108728,6.364381408691429,1018.2334049479167,-8.104130188624064,346.39451107382774,560.850726445516
2021-06-02,21.857446289062523,6.350976562500023,14.524817403157575,72.5518520673116,28.46944526831309,0.173611119389534,10.087149959503497,8.240921375037038,10.888968404134118,9.16768290201827,1017.34748046875,-13.796152176645895,340.1993196407954,476.79739169279736,21.536889648437523,5.661584472656273,14.061585998535179,71.97361040115356,34.95138911406199,0.23611111380159855,12.123317793831355,6.5486123857128336,10.595826721191429,8.620488739013695,1016.6196354166667,-12.85064043601354,340.12255770961445,496.616014957428,21.619897460937523,6.486474609375023,14.53044153849286,72.48935127258301,49.093517104784645,0.35416668094694614,10.59939799572269,7.764744424354686,10.849552408854208,9.191579437255882,1017.010478515625,-13.750723399221897,333.4197161595027,488.95724662144977,21.561853027343773,5.503228759765648,14.07859827677411,72.65648142496745,31.05740741143624,0.17361111752688885,12.547675119627739,7.488501862013581,10.6191396077474,8.808076477050804,1016.894970703125,-12.914342467983564,339.79244235157967,481.59563573201496,21.784967041015648,6.526940917968773,14.58215230305992,71.60925976435344,44.45740751425425,0.06250000046566129,9.376001208096021,6.939095094792205,10.852173105875693,9.006214396158896,1017.1114127604167,-14.03830840686957,336.91964574654895,495.8877274990082,21.322106933593773,5.890344238281273,14.03903732299807,72.52407375971477,29.35694436232249,0.0,10.63267050233362,8.20049906945805,10.34296569824221,8.696254984537802,1017.2379459635417,-13.011172061165174,343.00910556316376,499.0178202788035,21.842645263671898,6.749993896484398,14.703338877360048,71.18703699111938,50.068055828412376,0.03472222248092294,9.451232781473145,6.368867260541552,11.101314798990927,8.979661560058616,1016.8762434895833,-14.221648047367731,334.8283188343048,504.9617069562276,21.650201416015648,6.169458007812523,14.310034688313825,72.33425935109456,24.374536673227947,0.13194444589316845,10.83696648912534,8.691376330212224,10.775791422526083,8.92713317871096,1017.399521484375,-13.284683406352997,342.7994590997696,484.25036390622455
2021-06-03,23.569909667968773,10.314782714843773,17.017026519775413,72.44861125946045,84.29999955495198,0.3333333358168602,10.704702617107799,6.294656026797665,12.49649581909182,11.54395701090499,1021.1353255208332,-16.519183409710724,316.3846508860588,454.31215476989746,22.787774658203148,10.439904785156273,16.679641977945987,71.97175947825114,86.82036940256755,0.8333333730697632,9.26380752822934,5.9724003205470995,12.0513905843099,11.238559977213583,1021.892080078125,-14.732801550378403,274.85859712958336,400.2134471337001,23.216668701171898,10.019586181640648,16.86036071777346,71.60092608133952,67.26898264884949,0.6666666716337204,9.27496205931538,6.039050407301317,11.947409566243493,11.215051269531273,1021.3412467447918,-16.428849031527836,335.61085166533786,480.4234592119853,22.417657470703148,10.268151855468773,16.359932200113956,73.52037080128987,96.84814771016438,1.7083333879709244,8.655793969767622,5.804356320842065,11.653318023681663,11.235913848876976,1021.5365690104168,-13.693913464744886,254.7991794347763,373.025906642278,23.111444091796898,10.219567871093773,16.948698933919292,70.53472264607747,79.30277792612712,0.5000000149011612,9.177204396129529,6.220472721912155,12.239261881510458,11.125503794352255,1021.2522884114583,-16.024195825060207,321.15940818190575,445.10836211840314,23.416680908203148,10.328332519531273,16.812788899739605,73.41574048995972,81.5296295483907,1.8680555718019605,9.77421632434362,5.7508757168723035,12.027253723144554,11.582119242350302,1021.3637467447917,-15.893226812283197,308.18059094746906,447.8114763100942,23.838891601562523,10.854547119140648,17.494810994466167,70.88518603642781,72.27731569608052,0.416666679084301,10.214999129131705,5.94636066487666,12.587206776936853,11.72652079264327,1020.8809993489583,-17.5417154977719,330.6892998615901,519.5689545472463,22.831262207031273,10.397027587890648,16.426335906982445,73.34953769048055,85.98055664698283,0.1666666679084301,11.759666476735728,6.212761835999913,12.251162465413415,11.259155527750693,1021.4436165364583,-12.814749360084534,260.12201689680415,372.7035278081894
2021-06-04,23.806359863281273,11.950006103515648,18.211925760904972,68.35925960540771,95.69537003835042,1.0902778133749962,10.116493519054975,4.498136378272893,13.855742390950525,11.94797286987307,1021.1893001302083,-13.324571712252995,278.9334672987461,384.668492436409,20.478906250000023,12.935998535156273,16.7994946797689,79.55555407206218,90.73240725199382,9.722222288139164,10.953710861948062,5.2626648042399475,12.819017028808616,13.133032735188806,1021.8017513020833,-7.194450239340465,199.0797397196293,271.3666956424713,21.530389404296898,12.036523437500023,17.21051432291669,72.18657302856445,95.52916653951009,0.0972222238779068,8.08031275515914,3.9969200938748926,13.508330281575525,11.94319559733077,1021.4237434895833,-8.332721561193466,210.75905550519624,272.1477624177933,22.217370605468773,12.197167968750023,17.203158315022808,73.86388889948527,91.40000089009602,0.8263888992369175,8.728493764248148,3.736779513025509,13.299157714843773,12.252750651041708,1021.7146354166667,-9.856558760007223,213.30114849408469,277.07370018959045,22.095605468750023,12.347009277343773,17.346730804443382,72.58240779240926,96.6129633585612,0.4513888927176595,7.804454977427933,4.547768766462201,13.37466964721682,12.138224538167321,1021.44083984375,-9.304073999325434,227.9053314526876,306.04100092252094,23.801080322265648,12.683648681640648,17.995923614501976,72.51157442728679,92.92500082651775,5.645833304151893,7.894763168184171,4.450998601866762,13.435459391276083,12.576928710937523,1021.2712532552083,-14.323764016230902,275.7709818283717,422.06013973553974,23.174615478515648,12.179223632812523,17.753189341227237,69.02453724543254,90.48657449086507,0.78472223225981,8.203588729541853,4.943300171971004,13.611002858479821,11.666062927246116,1021.2368033854167,-11.291355142990747,262.1562658250332,360.7055581013362,23.060113525390648,13.482690429687523,18.074929809570335,70.37129513422649,96.90231386820476,2.8680556174367666,8.503322825981842,4.75684498710073,13.580387369791708,12.342554982503259,1021.299931640625,-12.748441008230051,249.51202828685442,318.4302539030711
2021-06-05,21.903955078125023,12.229028320312523,16.343951161702496,83.02037111918132,82.04351854324341,106.27777802944183,26.126200714097735,11.759126070252998,11.981941477457724,13.297228749593103,1019.8758268229167,-3.5954880714416504,279.8246699521939,469.80727314949036,16.512078857421898,13.651147460937523,15.314716593424501,90.86759249369304,99.74027856190999,115.14583314955235,18.673283272611354,12.03998443382343,10.864053344726585,13.79645436604818,1021.6078548177082,2.5347315606971583,51.39107318719228,362.3195317586263,20.999444580078148,12.439050292968773,15.81833165486656,85.19444465637207,90.82546329498291,85.51388800144196,25.35169884075132,12.775956519827124,11.806837972005212,13.178825632731161,1020.0792805989582,-0.5817101697127024,210.27548149228096,423.95775894323987,16.767633056640648,13.367089843750023,15.230435943603538,91.67222181955974,99.78842480977376,125.88888758420944,18.083845542727495,11.562475369017625,11.273146565755212,13.856718953450525,1020.9250813802083,0.4702219267686208,56.767202412088714,294.48102283477783,21.941674804687523,12.463159179687523,16.694638824462913,83.2199052174886,85.34675931930542,117.63888919353485,23.796576265840383,12.950592843057796,12.005017852783226,13.679189300537132,1019.7729524739583,-4.290808081626892,298.7968745132287,539.3522563775381,22.512536621093773,12.565118408203148,16.8033271789551,83.24074300130208,81.04120477040608,79.13888731598854,23.365732325184677,11.679390337573656,12.028480784098349,13.727433776855491,1020.3596223958333,-7.104180792967479,289.0762941588958,488.9445702234904,21.734918212890648,12.124261474609398,15.966514841715517,85.46435165405273,70.62731397151947,101.52083373069763,24.24667197698436,14.244286966564443,11.643312072753929,13.381599680582724,1020.2754850260417,-1.912761390209198,289.6794614990552,536.3454333941141,22.350000000000023,12.753045654296898,17.2721992492676,81.62638966242473,93.6777769724528,67.70833347737789,23.757537010692065,10.912591098081217,11.95411326090499,13.881187693278036,1019.62580078125,-7.260740836461385,289.6142308016618,495.8304119904836
2021-06-06,13.896752929687523,12.158837890625023,12.84494298299156,96.24074109395345,99.91342576344807,1042.7777881622314,16.969846035084142,14.199200375957707,8.37018992106124,12.245801544189476,1020.457373046875,7.833302374308308,27.76116714843859,456.31433868408203,15.606530761718773,12.228784179687523,13.73404464721682,95.09629821777344,99.98379675547282,560.2777786254883,18.08362065955089,11.73169981203309,8.950819905598962,12.943238830566429,1021.28462890625,4.157086590304971,45.64486997077862,391.86202176411945,14.652001953125023,12.283349609375023,13.044060007731142,95.62268384297688,99.64537111918132,956.4305515289307,17.493338880326384,13.070815869314009,8.364457702636741,12.33964564005538,1020.5200065104167,6.424939890702565,51.523426446442805,388.4140224456787,13.865106201171898,12.162103271484398,12.923635101318382,96.9666674931844,99.99861145019531,459.3333377838135,19.653460469932668,12.378473425561253,8.883988952636741,12.43687464396163,1021.033818359375,6.430103063583374,12.737870436161757,367.5452184677124,13.870568847656273,12.127740478515648,12.912900543212913,96.43657366434734,100.0,750.5833320617676,17.019205960133522,11.957220133637362,8.409867858886741,12.348925526936853,1020.7338671875,7.461178053170443,25.072907539084554,360.8031946818034,13.920220947265648,12.505548095703148,13.097756958007835,97.4976847966512,99.9541670481364,1241.4583225250244,21.74069253731744,14.880298135972383,8.665230051676474,12.69666188557943,1020.502470703125,8.260434119651714,26.392870165407658,437.57103220621747,15.107843017578148,12.510278320312523,13.492298380533876,96.28009223937988,99.99722226460774,375.201384305954,16.26060261038486,11.321353653169508,8.666771189371786,12.88895187377932,1020.7723307291667,5.434385451177756,38.01477750887474,331.08207416534424,13.185784912109398,12.077691650390648,12.58219172159833,97.21296246846516,99.99768511454265,815.2013912200928,17.920307958768667,14.569586193215406,8.501448567708337,12.14006067911788,1020.7257649739582,8.561930497487387,12.564018529529372,437.8868834177653
2021-06-07,20.660638427734398,12.325860595703148,16.30307540893557,85.10740725199382,98.468518892924,452.2916622161865,10.616228659948222,5.672604307772531,9.961804962158226,13.63496042887374,1019.1447102864582,-13.603861778974533,236.84964284300804,419.4543338219325,18.868188476562523,12.544519042968773,15.18973058064781,87.8708340326945,99.64722188313802,1299.4999961853027,9.829588181272866,5.392541172937432,9.356811777750693,13.091879781087243,1020.292646484375,-11.356987008204063,150.84815055628619,322.24674280484516,19.782891845703148,12.373132324218773,16.093035634358746,84.3282397588094,99.53564834594727,246.15277862548828,7.738083682274553,4.18171458304304,9.982035573323571,13.293199157714866,1019.2096223958333,-12.976308828840653,193.43609190980592,338.7001005411148,16.835961914062523,11.498986816406273,14.1028508504232,92.03935241699219,98.49999968210857,1081.4305458068848,8.319296197409134,4.237151420639029,8.949074045817099,12.791983540852868,1020.280166015625,-5.05392652998368,90.37312789261341,189.2619244257609,19.941613769531273,13.153771972656273,16.375107065836612,85.16944630940755,99.31249968210857,82.70138919353485,8.552581259146374,4.997913658692413,10.115809377034509,13.75473556518557,1019.0500260416667,-12.962551234910885,231.8421831727028,369.5714424053828,19.714013671875023,12.168969726562523,15.350728607177757,87.36620426177979,99.66111056009929,975.6319580078125,7.2210327004821675,3.880987059714974,9.284908548990927,13.140129343668661,1020.0817513020833,-12.367586066325506,190.9030718281865,291.01268843809765,19.891595458984398,13.506707763671898,16.387287394205753,85.90277735392253,99.46157360076904,64.42361128330231,7.047029281110261,5.076622280171875,10.153623199462913,13.89570007324221,1019.1909537760417,-12.764701958202446,216.9198566029469,371.62292810281116,20.745690917968773,13.087182617187523,16.344204203287784,85.55694421132405,97.68564891815186,524.7916603088379,8.785799067744065,5.247507722934698,9.903531646728538,13.742485300699911,1019.694072265625,-13.036419298499823,229.7864409337441,407.8997672001521
2021-06-08,22.161126708984398,11.794946289062523,16.776155090332054,79.16064675649007,88.35925928751628,97.48611116409302,11.450525418040653,5.528945028948519,11.619527435302757,12.821402486165368,1019.32462890625,-10.336105326811472,272.43707716464996,445.72723162174225,22.117944335937523,12.661126708984398,17.323528544108097,74.46851841608684,90.67129675547282,522.6041736602783,11.052513139774966,5.060764187179513,11.40113220214846,12.312908426920615,1019.9767513020832,-12.393811583518982,289.2303832968076,545.8942156235377,22.659936523437523,11.808618164062523,17.07570546468101,75.52685213088989,93.66805458068848,55.65972185134888,11.142772687081003,6.1743085573556575,11.85343704223635,12.294966634114587,1019.4065397135417,-10.668540179729462,284.3462683558464,525.604192574819,21.247033691406273,13.170068359375023,16.422280883789085,81.07824198404948,87.64351785182953,298.13888931274414,10.087160838450755,4.428906329220972,11.264676666259788,12.909046427408896,1019.9950032552083,-9.40339563290278,225.7810728251934,324.7493320306142,22.391168212890648,11.628564453125023,16.885237630208355,74.09027735392253,94.0703706741333,15.451388657093048,9.459802724292189,5.808262917932081,11.730842844645224,11.839990234375023,1019.5186295572917,-9.826971173286438,280.6477133433024,507.5311214526494,22.387231445312523,12.315515136718773,17.078706359863304,78.65833409627278,95.83981482187907,226.44444465637207,9.896563712699507,6.04038576575136,11.567714945475302,12.968309020996116,1019.4108919270833,-11.172002037366232,267.99268738428754,510.05005129178363,22.186822509765648,13.005548095703148,17.11019922892255,78.14722220102946,97.35740661621094,18.624999955296516,7.60688924847459,4.688272306751199,12.031176503499353,12.938479359944665,1019.45568359375,-10.533686200777689,253.3975016772747,409.0531560579936,22.038262939453148,11.754937744140648,16.729788716634136,80.12453778584798,94.17222118377686,171.2152771949768,9.934868048475545,5.072670056774,11.450766499837243,12.989458974202478,1019.550439453125,-10.751766661802927,289.15064505736035,438.8064279953639
2021-06-09,21.733026123046898,12.858117675781273,17.180989837646507,81.56064955393474,86.0675916671753,118.34722232818604,12.713226894069871,5.105739382344872,11.910391743977868,13.791284179687523,1019.1054947916667,-8.873545527458191,282.9131803413232,369.9098249276479,21.908959960937523,12.993310546875023,17.0474309285482,81.16388734181722,98.05231507619222,186.68055486679077,7.297975120436392,4.485225451868857,11.657764689127646,13.576533253987634,1019.1805794270833,-10.070163706938425,267.7582370241483,348.3730096419652,22.705926513671898,12.865991210937523,17.4796819051107,77.15462970733643,72.86388874053955,63.680556535720825,13.072057397388408,5.273181059732952,12.055437978108728,13.160668945312523,1019.1226399739583,-10.90688842535019,304.82894734541577,425.6817142168681,21.727807617187523,13.503411865234398,16.863612111409527,82.90138896306355,94.59583473205566,135.2569444179535,9.659855415647531,5.156880707936918,11.91315358479818,13.797570800781273,1019.4619108072917,-7.271201243003209,233.94305418928465,240.30772840976715,22.192407226562523,12.594445800781273,17.422100321451847,76.82361189524333,77.61759392420451,51.95138955116272,11.167939762409212,5.529880167010717,12.077240244547568,13.005387878417991,1019.2577604166668,-9.795493165651957,289.62957359353703,413.0433934529622,21.358941650390648,11.983361816406273,16.38674189249677,84.04814720153809,84.87407398223877,119.43750059604645,10.414771975595063,4.806553543693145,11.741066233317099,13.569425201416038,1019.6876595052083,-5.822738587856293,241.22195149461427,244.38661936918894,22.227777099609398,12.537622070312523,17.27021179199221,79.01527802149455,81.48750034968059,62.65277677774429,11.37068306155917,5.705900290889455,12.102848307291708,13.303285217285179,1019.4391373697918,-9.154441833496094,300.3546090920766,420.97715497016907,21.287866210937523,12.181970214843773,16.711751556396507,84.44305610656738,88.35694567362468,185.0625011920929,8.578656655713528,4.056971302672482,11.791460927327478,13.919951375325525,1019.4816373697918,-6.965015371640523,258.6206467648347,298.04722313086194
2021-06-10,21.601739501953148,12.324090576171898,16.94039052327476,84.02314790089925,82.2847204208374,244.6388874053955,7.371376844089443,4.8447940817862865,11.586113230387411,14.074353790283226,1019.1404817708333,-6.512783964474996,309.4713671207428,395.4420570532481,21.890557861328148,12.169335937500023,17.133833821614605,83.04305489857991,64.44490655263265,358.04861068725586,7.853429961581879,3.902106127660099,11.3255605061849,14.03098068237307,1019.251171875,-8.355670015017191,326.07686457037926,451.0395046075185,21.971032714843773,11.863061523437523,16.854749298095726,82.7893517812093,73.7236123085022,227.09027767181396,6.95061716282951,4.5185831507600644,11.431123352050804,13.710697428385458,1019.091357421875,-6.7709706624348955,330.05089151859283,402.43996636072796,21.870996093750023,12.430688476562523,17.24202626546226,81.48749987284343,64.67314879099528,236.8958330154419,6.347417639257623,3.7269212450569484,11.504753367106161,13.860481516520224,1018.9006022135417,-7.47738794485728,331.3476642568906,417.02378487586975,21.749322509765648,12.158624267578148,16.980379994710308,82.16388765970866,67.12963096300761,180.63194489479065,7.531631853636826,4.903321699779775,11.468778228759788,13.717130279541038,1019.147822265625,-6.830241481463115,331.6521300772826,423.43135237693787,21.305841064453148,12.115991210937523,17.048268890380882,82.90925947825114,70.14398177464803,201.50000143051147,8.497939474327692,4.174443829312847,11.38202819824221,13.978582000732445,1019.1118196614583,-7.177721361319224,326.92721269528073,406.13539286454517,21.936700439453148,11.829034423828148,16.827203369140648,81.19074074427287,66.47268470128377,96.07638823986053,7.749857663230615,6.286038554549322,11.257010396321618,13.334954833984398,1019.4600390625,-6.419053355852763,334.084717164437,454.9016742706299,21.383874511718773,12.311364746093773,16.8294133504232,84.49536991119385,64.53981479008992,220.75,7.837363888205948,5.371677932598534,11.421329752604208,14.08185729980471,1019.0859147135417,-5.710045615832011,320.7623470425606,383.2702085971832
2021-06-11,22.431695556640648,12.357843017578148,17.07857411702476,80.39120324452718,66.51435248057048,212.74999952316284,7.333205083211705,5.0890849004299845,11.78864440917971,13.366438802083337,1018.4801399739583,-7.946883877118428,304.16588765382767,440.01007358233136,21.972192382812523,13.088159179687523,17.211226399739605,83.65277830759685,86.37546332677205,520.2361087799072,8.214171746759488,6.25216555286578,11.974293009440146,14.224393463134788,1018.3191373697917,-7.266895771026611,292.3188497920831,404.3387174606323,22.760064697265648,12.155541992187523,17.140924072265648,79.3921292622884,66.13611090183258,172.68749952316284,7.704564016487727,5.038586594781484,11.830771382649743,13.22965011596682,1018.7190266927083,-8.766593297322592,307.0270767013232,434.59275857607525,21.944116210937523,12.775720214843773,17.172137196858746,81.97962872187297,79.93796356519063,505.90278339385986,10.620339206053002,7.23351585732091,11.694926198323571,13.816785430908226,1017.9515299479167,-7.064437448978424,314.19286876916885,468.03806138038635,22.461114501953148,12.227777099609398,17.078235880533878,79.59398174285889,72.8930557568868,125.50694346427917,8.201927712803691,6.094613688614575,11.740101114908896,13.226328786214196,1018.8003743489583,-7.020892798900604,296.540002822876,443.1783995628357,22.165063476562523,12.661126708984398,17.114895121256534,81.15324068069458,90.8324073155721,406.1180534362793,8.333865894382146,6.511878865957773,11.69877649943038,13.593339538574241,1018.0636328125,-7.259051541487376,311.0123206774394,448.06513992945355,22.856866455078148,11.945489501953148,17.175853983561222,78.25185203552246,69.9393515586853,72.96527767181396,6.9290402234082835,5.752506819135925,11.788752492268884,12.973074849446618,1018.95294921875,-8.172134637832642,304.8570754130681,492.6627474625905,22.772180175781273,12.013055419921898,17.02116165161135,79.32685200373332,75.39074007670085,273.9861116409302,7.3880672353635095,4.548432718304972,11.627507781982445,13.061747487386071,1018.1316178385417,-8.760038872559866,301.9929958283901,462.4878164132436
2021-06-12,23.220605468750023,12.738793945312523,17.824108378092472,80.17731555302937,81.14027722676595,52.7361114025116,20.819981358787082,12.978149080404753,12.328318532307946,14.081475830078148,1019.215361328125,-8.179253871242205,299.96033054590225,564.9842938582102,23.780053710937523,12.521447753906273,17.954764302571636,79.91018517812093,77.05185151100159,310.0555534362793,19.31432240366308,10.999800801991839,12.399897511800134,14.110232289632165,1019.4740852864583,-8.82285076379776,294.1848756770293,527.9862267971039,22.827752685546898,12.637200927734398,17.756702677408878,80.42314767837524,80.98518482844035,56.68055522441864,19.601209443698217,12.947769624965474,12.331276194254599,14.076593017578148,1019.293310546875,-8.001595760385195,293.79162883758545,551.2268053690592,22.789819335937523,12.680932617187523,17.75622965494794,80.87314732869466,85.80092604955037,265.5972194671631,18.55889114104462,11.826137819295303,12.385798390706384,14.18608118693038,1019.5260904947917,-8.01721122364203,285.6387782394886,497.95365262031555,23.185693359375023,12.556939697265648,17.7792793273926,79.8458350499471,82.97499990463257,47.937500059604645,19.916166931406703,12.76613798540817,12.450088755289755,13.958914693196618,1019.3347591145833,-8.274126678705215,298.9015595118205,553.0963447888693,23.134301757812523,12.692681884765648,17.83595937093101,80.09999831517537,79.46898261706035,213.80555820465088,20.831578258002473,12.724467457103822,12.297940826416038,14.065324401855491,1019.1487727864583,-8.916417047381401,303.6985801259677,566.9452018737793,22.976953125000023,12.604699707031273,17.83212814331057,80.43888902664185,84.48888953526814,54.89583319425583,19.62387153035854,13.22085396374547,12.540029144287132,14.163597361246786,1019.2087239583333,-8.292800106108189,296.24777913093567,544.8651374181112,23.226098632812523,12.767602539062523,17.727869923909527,80.84444427490234,88.48611195882161,132.47916793823242,20.48193805919559,12.46436521989778,12.299361165364587,14.11469167073568,1019.2552473958333,-8.108523125449816,288.8348091542721,529.9190839926401
2021-06-13,20.090142822265648,11.439721679687523,15.677390034993513,73.63333415985107,35.94166658818722,98.0694420337677,12.990608527392185,9.994370224365639,8.55854187011721,10.524392700195335,1024.46849609375,-1.540510247151057,326.9270765384038,625.063813050588,20.056268310546898,11.483300781250023,15.67969665527346,72.17222293217976,36.3749994635582,104.29861068725586,11.397292901899826,8.869031946538044,8.560249582926474,10.22046813964846,1024.6984407552084,-1.4275972222288449,330.91527898112935,599.552082935969,20.198754882812523,11.470025634765648,15.621027882893904,74.16759252548218,38.43611108014981,84.81944465637207,12.615390056360347,9.901285474196323,8.36804860432943,10.581601715087913,1024.6312955729168,-1.1415576140085857,319.8532754480839,637.3902146021525,20.138879394531273,11.605523681640648,15.902871704101585,72.46713097890218,36.55694471796354,116.8472204208374,13.502874970836048,9.415263539907496,8.607177988688193,10.474336242675804,1024.466669921875,-2.297121301293373,334.1416485607624,613.4051891167959,20.094964599609398,11.404046630859398,15.658330535888695,73.97638670603435,40.07268529136976,44.93055558204651,13.339585058551295,10.174968158367077,8.297336832682333,10.586081441243493,1024.6182291666667,-1.0831789374351501,322.6646362543106,641.5651439030966,20.649957275390648,12.061914062500023,16.08748652140302,74.02129618326823,37.4509262641271,101.36111068725586,11.768775088223556,8.689086163371543,8.951773579915368,11.010305023193382,1024.4471744791667,-3.120211889346441,328.4204501112302,592.0648149649302,20.256829833984398,11.538903808593773,15.910695648193382,73.65416653951009,41.31759209434191,25.423611164093018,13.866026754679524,10.77032467925141,8.372073109944665,10.780325826009118,1024.3491796875,-1.885395700732867,331.0778232216835,662.0874903996786,20.307061767578148,11.705560302734398,15.84961853027346,73.57638947168986,35.74120390291015,122.90277576446533,12.80258208258886,9.441736746942155,8.649777984619163,10.659991200764978,1024.4171256510417,-2.3316830308176577,335.00522005558014,620.8850104411443
2021-06-14,21.739190673828148,8.152947998046898,15.121170298258486,69.18796269098918,0.8504629653568069,9.166666746139526,12.42104742354294,8.233550510290433,10.988071695963583,9.056328074137411,1022.2941764322917,-1.968567927678426,350.3819468518098,400.05302917957306,21.783319091796898,8.313256835937523,15.374047851562523,70.14768441518147,1.8555555356821667,98.83332824707031,11.892926335818224,7.850528577128395,11.083726501464866,9.576680755615257,1022.4815885416667,-3.343967874844869,348.9466312925021,397.6360699733098,21.639184570312523,8.043267822265648,15.031463877360048,69.07314936319987,0.27129629751046497,0.8333333730697632,12.576989593259153,8.361148381516635,11.112152353922568,8.942144012451195,1022.2436686197917,-1.5207531849543254,350.41378057996434,396.2698514858882,21.944757080078148,8.272210693359398,15.407071685791038,69.00833400090535,1.556944450053076,86.50000190734863,11.093040074726375,7.538625850535365,10.780440266927087,9.326717631022177,1022.5887760416667,-3.4294183055559793,349.76182972391445,412.9668912092845,21.607476806640648,7.884912109375023,14.932731882731142,69.36296351750691,0.7194444301227728,0.0,12.761893394206362,8.327092850014324,11.049050903320335,8.909110005696618,1022.2423763020832,-1.3722688754399617,350.65544339021045,393.2578886349996,21.908074951171898,8.216638183593773,15.273088073730491,69.48287026087444,1.4134259487812717,47.333333015441895,11.208658315711455,7.359128121953783,10.691800689697288,9.308222707112634,1022.5831770833333,-2.9048729141553244,349.4639976620674,416.272323012352,21.876336669921898,8.343286132812523,15.272599792480491,69.373610496521,0.9240740590418378,0.0,12.286033792453551,7.983820541217916,11.4208974202474,9.241215006510458,1022.1141080729167,-2.313875953356425,350.0709642966588,389.81774810949963,21.884240722656273,8.263574218750023,15.319089508056663,69.43888902664185,1.2212963110456865,27.666666984558105,11.666554991988512,7.680107272710962,11.040789540608728,9.33363749186202,1022.5289485677083,-2.62596062819163,349.9534784754117,399.3268372615178
2021-06-15,23.959161376953148,10.062249755859398,17.474782562255882,66.48148107528687,63.260647828380264,0.0,8.738997034506902,4.940748406864831,13.905905659993493,10.755148824055993,1018.7041145833333,-9.369246999422709,328.07131311297417,393.6885638634364,23.751275634765648,9.850427246093773,17.32565333048505,67.24490626653035,41.235185157197215,9.166666746139526,10.68046624717618,5.575150999860579,13.294657643636071,10.7758613586426,1019.1824544270833,-9.350382526715597,328.09254214167595,421.8792253335317,23.696405029296898,10.088098144531273,17.39117584228518,67.72500006357829,58.22870450218519,0.0,8.248565859588243,4.69255055230149,13.816346740722679,10.979731496175134,1018.7345703125,-9.544120291868845,328.1118098994096,393.49258224169415,23.789239501953148,9.749291992187523,17.28251419067385,66.45926030476888,37.88379681110382,0.8333333730697632,9.631822147079806,5.045387197367872,13.438090260823571,10.551468149821005,1018.9088411458333,-9.492079675197601,332.02723384896916,419.5697617133458,23.986505126953148,9.967553710937523,17.481952921549503,67.1976866722107,50.541203727324806,0.0,8.080982881523342,4.830925696495096,14.100466664632165,10.939675903320335,1018.5625423177083,-9.96503210067749,334.73302142818767,394.9376891056697,23.778100585937523,9.625390625000023,17.226639048258487,66.38194433848064,57.272222458695374,0.0,9.011038398326335,4.7431320911263635,13.595076497395837,10.461698150634788,1018.9344368489583,-9.55790184934934,331.96954903999966,408.9165658156077,24.184503173828148,10.733422851562523,17.919571177164737,67.38842646280925,47.57592624425888,0.0,8.186873541509854,4.717553281985885,14.094991302490257,11.363674418131552,1018.6218489583333,-10.96820260087649,334.5454960465431,400.8255729675293,24.186395263671898,9.896783447265648,17.426608022054058,66.35509379704793,52.73518512646357,0.0,9.06984953035037,4.753367763820975,13.858284250895224,10.636309560139978,1018.810458984375,-9.70915549993515,338.7553403576215,396.6870578924815
2021-06-16,26.249719238281273,13.039331054687523,19.7917788187663,70.19398132960002,62.272221644719444,0.0,11.33672248924021,7.345908682550437,15.259926096598349,13.734714762369833,1015.82109375,-13.370982895294825,340.8925160864989,453.02196486790973,25.289208984375023,12.930841064453148,19.06934000651044,70.77824068069458,96.61064847310384,0.0,12.320200837715598,7.449434485536706,14.710101064046228,13.218710835774743,1016.0791015625,-11.4534354750067,304.71081496278447,415.5960107644399,26.246881103515648,13.204370117187523,19.822546895345074,70.10879691441853,82.29305617014568,0.0,10.044844273435755,7.007495459891363,15.305239613850915,13.74055887858077,1015.90060546875,-13.073401937882105,328.3082026739915,441.49905792872113,25.175439453125023,12.679406738281273,19.03307622273765,72.00416628519694,91.99166679382324,0.0,11.987872565918314,7.608196903477018,14.817502593994163,13.474001820882165,1015.822421875,-11.770909011363983,306.36264636119205,404.3496105670929,26.179376220703148,13.540612792968773,19.811853027343773,69.287500222524,85.92916584014893,0.0,10.329587969151394,7.034401530334034,15.36920064290365,13.598338063557946,1016.02314453125,-12.580837562680244,313.6944075624148,420.4023007949193,25.468682861328148,12.843225097656273,19.171177164713566,71.1652790705363,84.41527700424194,0.0,11.637700582882845,7.413906287767321,14.788505808512411,13.419444020589196,1015.8177897135417,-11.960990893344084,312.774530818065,435.5850661993027,26.254876708984398,13.665277099609398,19.921524302164737,68.60787041982015,85.25694513320923,0.0,10.975255615462428,7.354775316070849,15.443349456787132,13.542200978597009,1015.937568359375,-12.902122249205908,318.4990436732769,437.00182886918384,26.012536621093773,12.870446777343773,19.48506952921552,70.53055667877197,55.96203567584356,0.0,12.502904458147839,7.846369916192465,15.038159942626976,13.560950215657556,1015.762646484375,-12.611896241704622,337.87710135181743,466.8298644622167
2021-06-17,28.335809326171898,13.594445800781273,21.25402348836265,71.14027881622314,25.42222222685814,0.0,9.201389376445265,5.27185832061036,18.182729339599632,15.245023345947288,1014.3311979166667,-16.28699376185735,341.4693632523219,451.2749366760254,27.745446777343773,13.785699462890648,21.037024434407574,72.49675989151001,47.37175912658373,0.0,8.975328778734124,6.554078833074637,17.71427942911788,15.38725306193038,1013.8542220052083,-15.279498716195425,342.848834892114,448.5387128194173,28.466455078125023,13.536920166015648,21.289749399820987,69.83240779240926,21.299074187874794,0.0,9.323189473909775,5.545800282368943,18.254383341471396,14.926089223225915,1014.2834147135417,-15.936570351322493,343.310150851806,454.48461186885834,28.199884033203148,14.000238037109398,21.322029368082706,71.62222099304199,26.828704074646037,0.0,8.667695538418187,5.989465977373459,18.02405700683596,15.410471852620446,1013.9210091145833,-15.958912789821625,343.5339240531127,435.3740011850993,28.265649414062523,13.369165039062523,21.13839492797854,69.82083368301392,16.844907581806183,0.0,9.758802923029581,6.168073462396735,18.27417653401693,14.85059763590499,1014.4791536458333,-15.232425769170126,342.5757746597131,451.2787006696065,28.386285400390648,13.964013671875023,21.41108856201174,70.93657382329305,16.81250039744191,0.0,8.553500487902772,5.340094714396149,18.092307027180993,15.313235219319665,1014.1739485677083,-16.75832127283017,342.8714142541091,447.3934320608775,28.406274414062523,13.785607910156273,21.429616546630882,69.02037048339844,21.840741117795307,0.0,9.744273818175307,6.528409236129087,18.234765625000023,14.94273401896163,1014.262890625,-15.728529885411263,342.03808096051216,469.58179159959155,28.280664062500023,13.650018310546898,21.28085352579755,71.18981552124023,24.778703610102337,0.0,8.88753623336742,5.313363434858027,18.089796956380212,15.282547251383505,1014.3192154947917,-16.381845553716023,342.56293589870137,455.41990260283154
2021-06-18,28.400170898437523,15.614282226562523,21.600359853108746,73.55000066757202,33.743981743852295,5.437499927356839,13.4395504081245,7.097181773382297,17.91855138142904,16.22527974446615,1013.773564453125,-11.853544572989145,332.2521047790845,510.4331201314926,28.312280273437523,15.659722900390648,21.530411020914737,76.10462967554729,42.123610347509384,5.611111085861921,12.796840337488716,6.8493113704210495,18.14984792073568,16.763733164469443,1013.7189290364582,-11.730272551377615,332.4229255417983,480.453582406044,28.291406250000023,15.691400146484398,21.911157226562523,71.96805556615193,37.753703812758125,2.3958333004266024,11.372949464929736,6.029970035045447,17.832554117838583,16.18857854207357,1013.7542122395832,-12.597428123156229,332.71210300922394,493.1148836215337,28.327600097656273,15.591210937500023,21.786538696289085,72.96666717529297,34.18472235401472,1.388888877350837,11.028632950704404,6.288629307604691,18.140981292724632,16.25808232625326,1013.8664029947918,-12.533067082365354,332.15895783901215,493.1097183227539,28.080499267578148,15.365289306640648,21.70952123006187,71.08287111918132,48.413888573646545,0.2777777798473835,11.665857511732234,6.522372214514547,17.783261871337913,15.812771097819052,1013.9479134114583,-11.881049901247025,335.134082754453,499.21335975329083,28.387841796875023,15.615808105468773,21.760428365071636,74.72361214955647,39.14629532893499,7.41666667163372,13.287457036873073,6.372571122420407,18.246205902099632,16.64078292846682,1013.6852018229167,-12.515562097231546,331.4356292883555,489.4125745693843,28.183618164062523,15.681359863281273,22.07965494791669,70.53888702392578,60.07268421600262,0.041666666977107525,9.409110119283024,5.959424369404171,18.01285578409835,16.042164103190146,1013.8839388020833,-12.639299343029657,330.72866411010426,492.46780284245807,28.324151611328148,15.522943115234398,21.858945465087913,72.37546237309773,49.416666773458324,1.916666692122817,10.021936340977495,6.119634486289402,18.10123214721682,16.23530731201174,1014.0035579427083,-12.888293206691742,331.8100729882717,489.0171507994334
2021-06-19,28.338586425781273,16.332086181640648,21.991067504882835,74.39074007670085,46.968518068393074,24.61805585026741,12.659203268522948,8.725918022294445,17.42514572143557,16.74003626505538,1015.0789518229167,-11.52813245356083,331.4564294119676,555.0540335973104,28.210198974609398,15.614129638671898,21.86115417480471,74.74074077606201,63.40648074944814,43.29166603088379,11.947393427229551,8.649233564148178,17.262597656250023,16.751922861735068,1015.6407486979167,-10.814317524433136,320.05094317595166,543.4740094343821,28.579858398437523,16.252526855468773,22.49099502563479,72.89259179433186,65.03425816694896,6.951388919726014,12.873613688174505,8.147082336028886,17.966804758707724,16.955735778808616,1015.0768977864583,-12.414555167158445,320.515550951163,530.8766945203146,28.071008300781273,16.066247558593773,21.992036437988304,74.32731469472249,68.97453761100769,30.61111146211624,11.880896041971498,9.135485692835866,17.12744547526046,16.78813832600912,1015.3734830729168,-11.477911652376255,320.8227633833885,576.6220451990763,28.314141845703148,16.368493652343773,22.3879219055176,73.57592519124348,75.0037051041921,8.256944603752345,13.083229762823109,8.54330574933165,17.90768203735354,17.05856602986654,1015.3255403645833,-11.935341736786844,319.42523914575577,505.6675491333008,28.616632080078148,15.812677001953148,22.299493408203148,69.57546281814575,61.378703117370605,1.8333333134651184,11.139474427347812,7.70702397500245,17.47683486938479,16.085376993815146,1015.2020540364583,-12.407228827476501,329.4836504161358,553.3370657364527,28.550012207031273,16.861901855468773,22.677176411946636,72.11157480875652,67.01203640302022,5.993055414408445,12.428708117876313,8.04687008024482,18.62189890543624,17.06394983927413,1014.80337890625,-12.276621352881193,321.13566333055496,469.8376901944478,28.254266357421898,16.176232910156273,22.305323537190777,71.34537092844646,66.1745371023814,5.444444480352104,11.90342954254185,8.0962216987349,17.45563913981124,16.495193735758505,1015.227099609375,-12.068880451222261,317.6963566939036,565.4128869374593
2021-06-20,29.944543457031273,15.468957519531273,23.070930735270206,70.8606464068095,67.69768555959065,8.840277642011642,31.746695668491103,11.197281496800903,20.322461700439476,16.991599019368493,1009.1121842447917,-11.636663509726835,309.86268222332,489.87532265981037,29.239434814453148,16.439233398437523,21.06853001912437,78.13703727722168,62.39953621228536,149.93055653572083,28.53251440603619,10.909270163110003,19.24747492472335,16.45079828898116,1009.8262337239582,-7.020365158716838,305.0868310332298,493.7102521260579,27.537683105468773,16.770379638671898,21.83341242472333,76.04583470026652,76.15370384852092,27.4444442987442,25.905773111551603,9.715609731824117,18.983897145589196,17.091499582926474,1009.7414192708333,-7.500264411171277,287.449629932642,505.61505103111267,28.869897460937523,14.737725830078148,21.846312459309917,75.20000060399373,74.14213126897812,50.74999976158142,27.241493863895986,9.753472318341482,19.149465179443382,16.771386718750023,1009.320712890625,-6.888095736503601,301.22362490495044,486.22390874226886,27.223840332031273,16.916650390625023,22.20601673955505,74.46135114586872,77.76425129434337,3.8749999315477908,17.952670561410468,8.757262471456023,19.52103643002721,17.219270656419837,1009.6050917119564,-8.6202647012213,252.99903303643933,446.8777479918107,29.921289062500023,14.258935546875023,20.95269927978518,76.64074007670085,72.43657445907593,82.62500035762787,38.627580093980114,12.633498261528372,19.607790883382165,16.10293350219729,1009.9988704427083,-5.906862696011861,302.47299561897916,376.3340924580892,27.663018798828148,17.334100341796898,22.4179512023926,74.24861160914104,80.61481479803722,4.479166630655527,17.95213599038678,10.415038641650026,19.702957407633505,17.355280812581384,1009.5510579427083,-8.804603715737661,255.52381301919618,480.91740612188977,30.372216796875023,16.309075927734398,21.94886932373049,76.20833333333333,66.76666561762492,71.19444367289543,30.64002996683973,11.31954632324016,19.616773223876976,16.937078094482445,1009.7078352864582,-8.757301767667135,297.15563036004704,379.5754719575246
2021-06-21,26.253594970703148,14.256921386718773,20.48483301798505,76.06574138005574,42.437963008880615,49.298610627651215,19.015350292818262,11.00026478481042,15.874072011311853,15.640362040201865,1008.66728515625,-4.252426296472549,315.35320793588954,608.1254294713339,25.113671875000023,13.978204345703148,19.589151000976585,78.7615737915039,57.89351805051168,82.33333349227905,10.587867559257845,5.693674150282146,15.138188934326195,15.4287099202474,1008.9024088541668,-0.7974127332369486,304.0016334950924,482.4570480585098,25.990106201171898,13.973138427734398,20.070444997151714,74.98194471995036,61.18564847111702,51.15972197055817,19.174475563863066,9.012729666680853,15.59870045979818,15.00175247192385,1008.784267578125,-4.153832644224167,319.64202959338826,585.0057506561279,25.888757324218773,14.450311279296898,19.881169891357445,80.28055667877197,36.83101809024811,112.57638788223267,11.441896867664404,6.711002356819772,15.6862617492676,16.01662089029952,1008.1094694010417,-3.8840614954630532,303.5071901182334,443.4453186591466,25.581658935546898,14.073754882812523,19.90030695597333,75.6245363553365,47.710647543271385,71.55555558204651,27.91894266030126,9.438748170534874,15.32526295979818,14.951908365885458,1008.9589778645833,-4.364953865607579,320.2303482691447,597.8956743876139,26.312036132812523,13.890008544921898,19.705664571126324,78.01249917348225,44.38703780372938,53.28472125530243,13.519655013444591,8.150115681026264,15.909908548990927,15.280080413818382,1008.4879752604168,-3.3070149620374045,310.31706763307255,504.89886077245075,25.479119873046898,14.089624023437523,19.840622202555362,74.40740807851155,53.207870165506996,97.03472018241882,26.563584424217424,8.743538325761934,15.165565745035849,14.581263478597009,1009.1061458333332,-3.8402496675650277,321.59764555096626,585.3215662638346,25.394433593750023,14.156732177734398,19.51721343994143,79.83564758300781,52.88518466552099,65.98611164093018,15.962002935719564,9.272440713789512,15.452937062581384,15.572822825113974,1008.9793326822917,-2.208855129778385,294.47738734881085,512.4892358779907
2021-06-22,23.048089599609398,14.038903808593773,18.269467926025413,82.8430536588033,72.52361118793488,121.76388812065125,22.71039960223736,10.19939325119827,12.821790313720726,15.042230224609398,1011.85708984375,0.8074607054392496,211.48013212283453,545.5706520080566,25.106774902343773,15.749993896484398,19.486203765869163,84.41759252548218,81.02268568674724,230.52777671813965,21.795449512731633,9.621456712073932,13.65427169799807,16.4804461161296,1010.6721744791668,-2.6372017065684,229.46446208159128,585.2115160624186,24.058496093750023,14.666009521484398,18.871938323974632,84.17916599909465,64.7314821879069,122.54860937595367,19.78464424622562,9.619699785541657,13.122036234537802,15.883253987630212,1011.3608040364583,-2.2209547559420266,288.0871298064788,534.1434736251831,24.278588867187523,15.343774414062523,19.117693837483746,83.42453606923421,70.5027772585551,173.10416746139526,17.274336861500505,8.919111310959929,13.366702016194665,15.938320414225302,1011.1278483072917,-2.8297413686911264,248.87233092387518,543.5934807459513,24.590783691406273,14.583337402343773,18.86027297973635,82.05787086486816,65.96018600463867,124.96527576446533,21.57344019395581,9.761815299022611,13.178590393066429,15.411642964680993,1011.6046875,-1.6133158107598622,281.2535054385662,545.4917980829874,22.469506835937523,14.416680908203148,18.478317515055362,84.57083193461101,72.42500098546346,246.56944513320923,21.08816346673441,11.813344294696764,12.928858693440759,15.628687795003259,1011.242275390625,-1.1373378833134968,232.3482462366422,522.0936336517334,24.440209960937523,14.161096191406273,18.627889251709007,81.11018594106038,57.864351312319435,181.17360949516296,31.58652593932383,10.32196840158545,13.13127161661788,14.976898447672568,1011.5479329427083,-1.7641011079152424,294.70740391810733,556.6680205663046,23.892816162109398,14.526025390625023,18.787486012776714,79.65231513977051,64.91018517812093,170.06944370269775,24.807133790779506,10.670599794922088,12.955618794759118,14.856806691487634,1011.7541796875,-2.1199352766076722,279.7919838130474,628.5521971384684
2021-06-23,22.184930419921898,15.554559326171898,18.314471181233746,87.82638963063557,92.2069444656372,388.6388883590698,9.73375546471899,6.014271054656381,12.750699615478538,16.052877044677757,1016.0138444010418,-1.962988443672657,181.12864942351976,382.279957930247,21.548883056640648,14.467004394531273,17.5069887797038,86.33379586537679,90.22407499949138,209.42360925674438,11.926226472710276,7.82084045492748,11.84098587036135,15.013232167561853,1016.3365364583333,-1.1548796022931735,172.72818914055824,465.8592888514201,22.397180175781273,14.950036621093773,17.9496894836426,86.12314875920613,85.74259201685588,571.6041622161865,13.859559872598588,8.145121963614734,12.355530039469443,15.359038289388025,1016.2945279947917,-0.9508516490459442,202.7464297314485,475.9294168154399,20.854180908203148,14.965386962890648,17.527248636881534,86.39166768391927,86.7638889948527,494.5902795791626,12.507061670137107,9.52811600327871,11.718868509928427,15.023460642496786,1016.5218489583333,0.36035768191019696,215.26635178923607,499.3557223478953,22.362542724609398,14.797631835937523,17.99728927612307,84.35509220759074,86.96944427490234,317.2083320617676,13.644935173958253,9.136660395641472,11.815850830078148,15.061931864420615,1016.5644889322917,-1.6225854605436325,218.63119902958474,544.1671158472697,22.365594482421898,15.728479003906273,18.159842427571636,87.49490610758464,91.63657410939534,417.75694465637207,8.947891376424304,6.574584401579908,12.179961140950525,15.875123596191429,1016.4070865885417,-2.0218658124407134,181.58848068614802,413.1815710067749,21.869866943359398,15.208520507812523,18.02070770263674,87.1189816792806,91.7439816792806,196.4097237586975,11.891372543726307,8.88453661879608,12.319693501790368,15.677910105387411,1016.4201595052083,-0.5744275947411855,164.11790351072946,450.8096294403076,22.036157226562523,15.308801269531273,18.103337860107445,86.39259147644043,90.32777818044026,395.2638874053955,11.861298737687205,6.873415874730799,12.07581227620443,15.611567433675134,1016.031015625,-1.6194046586751938,194.62511195987463,431.22079308827716
2021-06-24,23.501855468750023,14.040063476562523,17.91622950236005,83.51342471440633,66.14212981859843,381.3958339691162,20.96235879380555,10.517030026879707,11.706320699055993,14.75787251790365,1016.4868001302083,-4.182209014892578,293.3472756246726,598.5503420829773,22.362725830078148,14.856500244140648,17.79817097981773,87.77222124735515,75.63842598597209,812.9722156524658,12.943785558790916,7.3096356403983895,12.503153737386071,15.590943908691429,1015.8657389322917,-3.6516751448313394,222.66609854499498,406.0593713124593,22.999810791015648,12.834558105468773,17.13576532999677,83.3421295483907,65.08101948102315,513.1249942779541,27.89603337038787,11.257048095410298,11.411724344889365,13.966822560628259,1016.7701888020833,-1.4135876496632893,294.5113183359305,604.0234462420145,21.780114746093773,13.716699218750023,17.76946665445966,87.57685120900472,79.21898142496745,738.2847156524658,28.091076515073148,10.133466225326172,12.105572001139365,15.538000996907556,1015.9413899739583,-3.948198835055033,231.08736869196096,466.4068570137024,23.330590820312523,13.211938476562523,17.42047271728518,82.93148072560628,50.09490728378296,592.3264007568359,22.69712276342477,9.572698589040572,11.755827840169275,14.12708180745443,1016.7341731770833,-1.294716477394104,301.97474733988446,551.9990801811218,22.693933105468773,14.331567382812523,17.600267028808616,86.64398209253947,83.06435092290242,514.2847270965576,16.720752244968992,10.86241090822584,11.697867329915368,15.095869954427087,1016.69994140625,-2.5696281790733337,220.58503990372023,541.4120254516602,22.082421875000023,13.062280273437523,17.436596171061222,84.32129573822021,66.59814850489299,375.2986116409302,20.15741214577149,10.670463464675898,11.467837270100915,14.503995513916038,1016.6326171875,-0.9005255301793417,257.37604105472565,545.5401989618937,22.461114501953148,15.329400634765648,18.1213940938314,86.8023157119751,75.8555547396342,494.2291650772095,13.856780974480852,8.14823436974981,12.143036142985068,15.652652994791708,1016.08671875,-5.288833598295848,241.8832200219234,487.2020950317383
2021-06-25,19.250268554687523,12.805566406250023,15.63669357299807,86.03842703501384,90.65833346048991,869.8750038146973,17.375081709277254,11.977234741850395,8.918511962890648,13.18201853434249,1019.121845703125,4.701750497333705,242.4935070524613,601.0109213193258,18.899835205078148,12.264642333984398,15.352807617187523,85.48935095469157,87.9231481552124,1015.9930610656738,19.81509638685674,15.0436205576533,8.785674031575525,12.7722157796224,1018.711240234375,5.039057771364848,253.50848447779813,668.9103565216064,19.410943603515648,12.848321533203148,15.730975087483747,83.49537022908528,93.28379599253337,724.3402805328369,20.447227166703268,13.529671098785785,9.030894215901696,12.76230392456057,1018.7023763020833,4.322552981475989,218.61009534945092,647.0026184717814,19.398400878906273,12.340509033203148,15.46854426066083,86.6796293258667,92.2305555343628,1101.3749961853027,18.390055015119003,11.57514563076132,9.115102386474632,13.095903015136741,1018.9703515625,4.156086032589276,204.1022043377161,596.8959608078003,20.061730957031273,12.678460693359398,16.047659810384136,82.04351806640625,80.42407377560933,740.4305534362793,20.961966212746695,12.55504986196781,9.005359903971396,12.741089121500693,1018.780029296875,2.6223129630088806,278.95364514489967,677.5431980292002,19.439477539062523,13.061151123046898,15.76498692830406,84.09722296396892,92.40555572509766,1217.9305534362793,18.10267853631347,11.207500329612683,8.953434244791708,12.895898437500023,1019.3080631510417,4.291374246279399,227.02807644506296,617.1023497184118,19.045068359375023,12.778466796875023,15.313678995768251,86.20462894439697,83.58009203275044,628.7430534362793,21.927157550934904,13.298707643657181,8.840432739257835,12.870114898681663,1018.7614095052082,6.461871907114983,201.37777953098217,576.6204875310262,18.800073242187523,12.715051269531273,15.31888605753583,85.62731424967448,93.04583326975505,1101.7847175598145,17.863054870114095,11.865713422023454,8.568423207600915,12.755788421630882,1019.0799348958333,4.880126431584358,223.44550267606974,641.3270983695984
2021-06-26,22.894464111328148,11.362298583984398,17.22708663940432,78.92083263397217,39.24120416243871,100.33332824707031,9.247867077875725,6.414604850700139,11.007012939453148,13.15204772949221,1018.4992154947918,-8.364819293220839,326.9779854416847,492.3321770032247,22.769464111328148,11.207696533203148,17.104035949707054,78.49444357554118,52.14027794202169,923.1666450500488,9.683903613432816,6.2387709708474475,10.847656504313193,12.956901804606161,1018.7176334635417,-7.42893373966217,328.7188908656438,502.5243811607361,22.983331298828148,11.334313964843773,17.245013173421246,78.97222232818604,40.332871064543724,55.993053674697876,10.04018657779896,6.412911545815629,10.944051361084007,13.184287007649743,1018.386142578125,-8.703348125020662,326.6321060260137,520.3933075269064,22.937005615234398,11.074121093750023,17.070272064209007,77.13518349329631,28.418981571992237,751.8541774749756,8.865813630717186,5.895876510777996,10.887976582845056,12.622499084472679,1018.4571907552083,-7.498459617296855,339.04264626900357,475.92029150327045,22.716638183593773,11.181329345703148,17.120666758219425,78.50694561004639,39.2916668454806,116.02778053283691,9.494267479082477,6.259279017868008,10.841616566975915,12.979699707031273,1018.590390625,-7.7869151930014295,330.2050915161769,502.40629883607227,22.927758789062523,11.354211425781273,17.26446177164716,78.4787031809489,39.61527752876282,788.8472175598145,8.750894128105271,5.279051804590861,10.901411946614587,13.131389872233115,1018.5436490885418,-7.093391885360082,313.4760363300641,509.0744049549103,22.672204589843773,11.129815673828148,17.08845418294273,78.20833365122478,38.7916667064031,25.166667938232422,10.783501595887522,6.560049168566503,10.871762847900413,12.891862487792991,1018.5554134114583,-7.362637509902318,328.47655658920604,490.7026467323303,22.636865234375023,11.376397705078148,17.236165618896507,77.86712964375813,32.35000014305115,666.3333435058594,8.178177445345503,5.501897547997214,10.876980082194052,12.985386149088583,1018.5990201822917,-8.034103671709696,313.18151851495105,494.72355568408966
2021-06-27,25.400720214843773,13.250238037109398,19.243044789632183,74.72916682561238,94.53101984659831,0.1666666679084301,11.063228465839906,7.328282738707103,14.656133270263695,14.289970652262411,1016.2371647135417,-12.071052034695944,309.97115491827327,393.1348549524943,25.434350585937523,13.432336425781273,19.414036051432316,76.2175923983256,85.02685197194417,100.58332920074463,12.903436656801052,8.141963109354368,14.927267964680993,14.788404083251976,1015.7992545572918,-11.473778347174326,318.44055411219597,409.53484817345935,25.164025878906273,12.993951416015648,19.06474583943687,75.95601797103882,95.24722258249919,0.3333333358168602,10.921393713208655,7.501389173049753,14.542021687825525,14.428032175699911,1015.7955208333333,-11.85525218397379,310.78061628341675,389.1367320219676,25.362847900390648,13.787530517578148,19.625220235188824,75.73518562316895,81.71712966759999,56.21527576446533,11.593229976694081,8.27290783121993,14.938371276855491,14.882109578450525,1015.72673828125,-12.386441946029663,311.4508553345998,421.4422773520152,24.846856689453148,13.121575927734398,18.91623967488609,75.31620248158772,91.4712963104248,0.3333333358168602,11.63263623720375,7.617727560333891,14.175070699055993,14.159106190999353,1016.047568359375,-11.31300554672877,308.0350882609685,401.7857248385747,25.470513916015648,13.289727783203148,19.43866882324221,75.45370372136433,81.96018513043721,116.18055295944214,10.323073306204815,7.136306202274842,14.511529541015648,14.63636423746749,1016.368623046875,-12.294354051351547,314.38819947838783,417.957857131958,24.826196289062523,13.029992675781273,18.82119522094729,76.15277814865112,89.09629615147908,0.638888893648982,11.653632269171855,8.13822423719506,14.468768056233728,14.222805277506552,1015.9325,-10.952821806073189,304.99327949682873,378.8688700199127,25.625512695312523,13.148339843750023,19.343770599365257,75.11110989252727,87.10787057876587,25.166667938232422,10.191991892623397,6.909261547202052,14.74445749918624,14.450643157959007,1016.2577734375,-12.614514117439589,315.34590614835423,391.67351106802624
2021-06-28,27.234094238281273,14.805871582031273,20.980400339762394,74.7680557568868,52.702315052350365,0.1666666679084301,13.62807628656464,8.8741214068589,17.469322458903036,16.0173329671224,1014.62900390625,-15.959020202358564,335.3707631131013,405.84309522310895,27.631799316406273,14.850000000000023,21.24469909667971,73.02268536885579,50.65046433607737,0.1666666679084301,16.091309555762948,10.478242899394727,18.144199625651083,15.827307637532556,1014.5099837239583,-14.891406087204814,336.11717117826146,429.70238721370697,27.593743896484398,15.202325439453148,21.355383809407574,70.94629716873169,63.361574371655784,0.0,15.584225334261438,9.149402322516517,17.348664855957054,15.54005839029952,1014.467197265625,-16.230513433615368,332.4909788072109,434.5547308921814,27.188470458984398,14.793237304687523,21.06318817138674,75.48472277323405,61.982407649358116,0.3333333358168602,14.94464591320493,9.969493952038341,17.669468180338583,16.236845906575525,1014.4265104166667,-14.971658346553644,333.10312388340634,424.771036307017,27.472222900390648,14.990655517578148,21.24421590169273,70.87268511454265,65.52175831794739,0.0,15.405362479894674,8.996316020019973,17.14601287841799,15.37664693196615,1014.552529296875,-15.394043979545435,330.11449324091274,435.8442313671112,27.396722412109398,14.612359619140648,20.949868774414085,74.28611024220784,55.97037013371786,0.3472222248092294,14.779228870505696,9.69473274604174,17.821031188964866,15.86429367065432,1015.1522395833333,-15.31251791616281,335.77696591615677,397.6090158224106,27.421807861328148,14.777307128906273,21.084912872314476,69.9481479326884,68.24629505475362,0.0069444444961845875,15.749841323833007,8.718090493018394,17.19434763590499,15.03244552612307,1014.329755859375,-14.246075820798675,327.9961846470833,413.7603413661321,27.209344482421898,14.564477539062523,20.879099782307964,75.12083419164021,58.03657432397207,0.6736111175268888,13.817548443818811,9.38110374473354,17.80129521687826,15.999870554606161,1014.5863313802083,-15.554997009535631,334.55207387606305,404.5088874499003
2021-06-29,23.452905273437523,12.461114501953148,18.12556355794273,79.89490715662639,78.73657437165578,130.63889133930206,39.094396026809385,13.159198295747274,12.79993591308596,14.266572570800804,1013.0378352864583,0.23125495513280234,275.8014561037223,683.5024579366049,24.189843750000023,13.500970458984398,18.733015950520855,83.65972169240315,76.77453724543254,165.32638871343806,36.0089278206539,13.30358195644129,13.789895629882835,15.631998952229821,1013.423984375,-2.709753325829903,284.5020839373271,627.3958409627279,23.431054687500023,12.470849609375023,18.146001434326195,78.73564847310384,71.29861052831014,120.77777945995331,40.15509805148005,13.950465285919224,12.425490315755212,13.948279317220056,1013.2033333333333,-0.4271612564722697,310.60986775532365,731.961265484492,23.162988281250023,14.793237304687523,19.20122044881187,83.12685203552246,86.00138918558757,112.1041669845581,30.464489948324125,11.699805678482639,13.505020395914755,16.033492024739587,1012.482119140625,-3.6837638889749846,223.7020786801974,591.5096747080485,23.872186279296898,12.837640380859398,18.150732930501324,80.57777976989746,73.11620394388835,169.73611100018024,42.121465215055316,13.991179080630944,13.023123677571618,14.374904886881552,1012.3705110677083,0.10555663208166759,290.2824048201243,676.1674960454305,23.855523681640648,13.653253173828148,18.552431996663433,83.72222264607747,80.7972207069397,191.39583379030228,36.38353790479788,12.65540185672797,13.2870918273926,15.4747304280599,1012.9732486979167,-1.771960308154424,254.9503704160452,616.553140004476,23.793969726562523,13.433557128906273,18.233885701497417,80.55786959330241,79.44907490412395,182.84722290933132,31.15399833806092,13.28566347940229,12.94229660034182,14.433407084147177,1012.3713313802083,-0.2519735073049863,281.46085903048515,667.1408367156982,23.997674560546898,12.286584472656273,18.762265777587913,80.60601886113484,68.79722166061401,110.29166715266183,31.667084203014017,13.873549044882688,13.783219909667991,15.008780415852868,1012.64791015625,-2.7427979012330375,285.3616113265355,648.6212307612101
2021-06-30,17.961145019531273,12.435693359375023,14.677180226643904,78.58703660964966,90.19166660308838,511.9375,21.127998806801536,15.129508514624652,8.386879221598349,10.818502044677757,1014.9076822916667,9.25685719648997,206.1886363774538,666.2612768809,19.248681640625023,11.462701416015648,14.379373168945335,83.70972124735515,84.41759220759074,760.5069446563721,18.82053114395269,12.102879137755698,8.80713551839193,11.378789520263695,1015.0246907552083,10.573474988341331,222.13473887989917,546.2735404968262,17.147668457031273,12.113946533203148,14.518961842854841,80.4189813931783,96.5587968826294,733.7500076293945,18.41715827861931,14.844907270215677,8.238645172119163,11.014858500162802,1014.8964518229167,10.144048192848762,156.300760358572,665.6645863850912,17.699060058593773,11.077844238281273,13.640775299072288,86.85879643758138,87.93101771672566,626.5277709960938,14.895786559778811,11.140003813517993,8.508042907714866,11.325078582763695,1015.0204134114583,14.075273328383142,156.1678561232984,464.4405298233032,18.669885253906273,11.682153320312523,14.703605906168642,79.95277786254883,90.62175909678142,709.0833282470703,18.944604873952876,14.577132418539032,8.292583719889365,11.047591145833337,1014.7554036458333,8.50469178830584,199.62462929884592,732.9485702514648,18.175683593750023,11.824487304687523,14.492823537190779,83.10694519678752,92.19212945302327,867.1735992431641,18.105646304919325,11.698258690619369,8.772651926676474,11.486484781901083,1014.9584798177083,10.75661180758228,180.78433411568403,538.3975909550985,17.179772949218773,12.004785156250023,14.221958414713564,81.8578707377116,90.26620356241862,20.67361107468605,20.5179619843413,13.596297192025789,8.24418411254885,10.982714589436853,1014.8587109375,10.09038744866848,188.98070350289345,582.2021640141805,18.963494873046898,12.545587158203148,15.164633687337263,78.00462977091472,92.21157391866048,780.2430534362793,21.465500209381226,14.527338550810214,8.651246643066429,11.075821177164755,1014.79373046875,8.033492344121138,232.56295975049338,715.8539981842041
2021-07-01,14.824090576171898,11.142266845703148,12.016460673014345,94.67361354827881,99.40324115753174,241.83333444595337,19.483682316373613,13.096517859648683,6.3871932983398665,11.169151560465536,1017.065751953125,8.780624392131964,69.97014779224992,536.9800669352213,15.106195068359398,11.070306396484398,12.816732025146507,85.68472258249919,94.2680549621582,565.2638874053955,22.887057105415053,14.872404401053195,6.40833689371749,10.422358449300134,1017.1413541666667,9.646050555010637,136.53722122311592,620.0687472025553,13.971978759765648,10.982568359375023,12.171172078450544,93.57129700978597,99.68472226460774,147.79166460037231,21.94633083690762,13.509682983689913,6.512297566731775,11.153059895833337,1016.9914713541667,10.189183821591238,39.33062946796417,532.9737113316854,12.335931396484398,11.043084716796898,11.787540690104189,93.71620178222656,93.66712872187297,842.7361125946045,19.680846159187034,14.338249302917049,6.312178548177087,10.78251419067385,1017.14259765625,13.276670098304749,22.65681492785613,565.9115982055664,13.605310058593773,11.222253417968773,12.141150410970075,93.37499904632568,99.1587963104248,137.18055534362793,22.145631147090388,14.35117502451826,6.452216084798181,11.091638183593773,1017.434990234375,10.100254808863005,41.39512920131286,549.8788283665975,14.475671386718773,11.526147460937523,12.399489339192732,93.31851768493652,98.10185273488362,828.5833358764648,18.92082071642852,16.2092210362791,6.791116333007835,11.33942820231124,1016.8607779947918,10.216740066806475,77.47866526246071,726.3464775085449,13.237603759765648,11.006555175781273,11.95252126057945,94.2287031809489,98.68425877888997,143.93750071525574,21.83859148526195,14.235025414004326,6.292949930826865,11.04294357299807,1017.690615234375,10.76727050791184,39.118296924978495,523.5034890174866,16.132623291015648,11.450921630859398,12.7199531555176,91.76805686950684,96.93472194671631,125.39583206176758,17.513076347969175,13.584809078025893,6.924086507161462,11.351281738281273,1017.0537727864582,7.9793625473976135,101.6934814012299,528.324104309082
2021-07-02,19.892785644531273,10.311425781250023,15.006828562418642,78.64444414774577,67.50370387236278,155.92361116409302,13.54175127935515,8.190014499872413,8.422756449381552,11.04279225667318,1018.7992708333333,-9.78393425544103,281.5344212005536,580.1079626480738,20.727807617187523,11.111352539062523,15.469967142740908,77.4962952931722,59.06342592835426,409.34027671813965,15.455890064176502,9.821707022745807,8.863609568278036,11.133034006754599,1017.3372395833333,-10.799346268177032,331.2275344207883,636.9797666470209,19.652612304687523,10.354272460937523,14.813409423828148,79.51759338378906,73.7087966799736,101.47916555404663,14.898725111692924,9.040195797568702,8.2405830383301,10.977211252848349,1018.52703125,-8.806861519813538,279.3729307303826,585.9335935115814,20.694604492187523,10.550012207031273,15.569423929850283,78.42175849278767,58.72685241699219,213.75000667572021,15.69203849014609,8.773750332375348,9.075401560465536,11.451753234863304,1017.2752897135417,-11.021545271078745,315.3742972910404,610.5089769760767,19.577172851562523,10.618615722656273,14.737769063313825,79.14212958017985,75.2513877550761,24.263889253139496,15.113245229198075,8.904631036304119,8.198845163981161,10.841489410400413,1018.5371484375,-8.298195779323578,285.14247448245686,570.995476603508,20.412377929687523,11.525476074218773,15.645594533284529,76.85416587193806,59.235184671357274,172.6944441795349,15.553218570920324,8.729064711595841,8.770692443847679,11.214187876383505,1018.1622884114582,-11.114374935626984,319.1908671011527,659.9680624008179,19.844323730468773,10.897698974609398,14.821124013264997,79.50694402058919,86.2462960879008,2.9583333507180214,16.452731030329076,9.704283644748612,8.331730143229208,10.99922587076827,1018.231328125,-7.87684045235316,262.3371094067891,576.9876304070154,20.418298339843773,11.213677978515648,15.559879557291689,78.1912031173706,57.952315646223724,191.31250429153442,14.647569477897763,8.7426927210347,8.78818028767904,11.404960886637411,1018.4030826822917,-11.322879513104757,316.4651490052541,646.0496410131454
2021-07-03,22.968286132812523,10.277673339843773,16.86320012410484,73.5560188293457,49.81481579939524,6.333333492279053,7.2164986662367285,5.113063195883353,11.45939661661788,11.655213928222679,1016.666396484375,-13.276594216624895,334.7045938571294,446.1260381937027,22.476953125000023,10.735894775390648,16.75417861938479,74.49722146987915,79.82916688919067,161.92361402511597,8.849360818907517,5.849186840783729,11.319804128011071,11.846823628743493,1017.1780924479167,-11.169023373474678,307.9388672908147,404.98152633508045,23.426110839843773,10.499902343750023,17.247226969401066,72.186110496521,53.66111008326212,6.5208335518836975,7.4517801474564225,4.997239056482209,11.89218419392904,11.710087076822958,1016.21126953125,-13.730227944751581,328.5416621565819,464.0140728553136,22.425286865234398,10.318383789062523,16.473552958170597,75.03564850489299,81.19629626969497,103.67360830307007,8.524109848202702,5.541970441694615,11.190885162353538,11.69499231974288,1017.0498111979167,-10.488279954219857,280.1521979769071,366.50946239630383,23.378381347656273,10.075677490234398,16.994966125488304,72.3263897895813,54.59490793943405,3.1736111491918564,11.678985898461436,5.714167563333908,11.470646158854208,11.484353637695335,1016.6445052083333,-13.257722431172928,320.6278820236524,438.6262881755829,22.730584716796898,10.411370849609398,16.639890289306663,74.4027779897054,81.6004622777303,25.548611044883728,9.105527761186696,5.616496776741073,11.59086380004885,11.714078521728538,1016.9886653645833,-11.3448456376791,312.3506296277046,381.0108864704768,23.122399902343773,10.324884033203148,17.04589996337893,72.61944500605266,52.94166614611944,0.6041666800156236,11.531124648583388,5.680167308683259,11.219444529215536,11.604069010416708,1016.6506510416667,-13.176038371399045,317.7836921115716,467.1838739315669,22.882348632812523,10.099755859375023,16.661829884847027,73.49907271067302,62.866666873296104,4.666666746139526,8.201462016981582,5.487930540571387,11.494323984781943,11.510980224609398,1016.7002962239583,-11.944086914882064,325.426333685716,415.31767590840656
2021-07-04,22.105523681640648,14.178338623046898,17.548052724202496,84.69120343526204,94.3106476465861,81.0069449543953,25.512177037330524,8.729003522706153,11.334153747558616,14.691323852539085,1012.0427311197917,-7.790093978246053,202.88983181491494,537.1008653640747,22.828546142578148,14.504510498046898,18.008638000488304,83.6472217241923,93.40879694620769,52.84722211956978,20.66738417906359,7.7108384428509815,12.155864969889365,14.990832265218103,1012.0877213541667,-9.751840313275656,218.2258896306157,482.14592321713764,22.093408203125023,13.995629882812523,17.257559712727886,85.86435254414876,92.44166660308838,90.92361235618591,24.547542208566497,9.973423577348902,11.226363118489587,14.642060852050804,1012.1337467447917,-7.483873466650645,221.0603521168232,527.9683672587076,21.511468505859398,14.208551025390648,17.107143656412784,87.10185114542644,95.66342639923096,165.3888895213604,21.619128288214544,9.41195751021323,11.26564432779952,14.76593933105471,1012.6193489583333,-5.67099142074585,174.55953606714806,488.0429751078288,22.643853759765648,13.304772949218773,17.210066731770855,85.55138794581096,97.12037086486816,129.70138841867447,26.78410523842305,9.933427293275173,10.825381215413415,14.516384379069052,1012.3775846354167,-7.297025501728058,225.19040268659592,580.8284378051758,20.253381347656273,13.584954833984398,16.397304789225284,89.6893523534139,99.85370381673177,119.19444525241852,23.784486144582313,10.689150471327372,10.693421936035179,14.602786000569665,1013.41974609375,-3.1265675822893777,170.48670716087022,440.2263593673706,22.876977539062523,13.733728027343773,17.186821238199894,85.42962948481242,98.43796284993489,130.5000004172325,25.242937742281825,10.73665657244382,10.855714416503929,14.448079681396507,1012.420009765625,-7.343684136867523,247.80062933514515,585.5934454600016,22.030847167968773,13.639184570312523,17.14160308837893,86.16944376627605,98.27314758300781,113.1597221493721,23.799427206553133,9.678702968057301,10.993884023030603,14.596944427490257,1012.479111328125,-6.850049396355947,225.22042701890072,521.8782154719034
2021-07-05,19.973626708984398,11.712091064453148,15.207706705729189,86.68009217580159,97.3944444656372,446.30556297302246,16.036648092683162,10.01202465545767,10.17329050699874,12.845079040527366,1014.760302734375,2.667364224791527,159.07612805068493,456.0271933078766,21.136834716796898,12.947503662109398,16.40606333414716,83.19675954182942,98.43935171763103,631.3749961853027,24.24813823564681,10.53330062986296,9.892261759440146,13.312870279947958,1014.7675032552083,-1.5213338149090607,216.03927472916743,627.1305772860845,20.448266601562523,11.689202880859398,15.320731099446638,86.38472445805867,96.99536991119385,426.0,17.446913537872387,9.734791587101359,10.272500610351585,12.899124399821005,1014.568037109375,2.5350365452468395,147.48029615854225,445.51182357470196,21.746423339843773,12.960351562500023,16.26884740193687,82.93749984105428,97.46342627207439,487.40276527404785,21.30871617991578,9.199994894401103,10.29059753417971,13.100947316487634,1014.838740234375,-1.4594051241874695,186.71761102726063,523.6689412196478,20.646203613281273,11.855920410156273,15.296740468343122,87.0689811706543,97.20694414774577,259.82639026641846,14.252239059143712,8.584275209648181,10.915666198730491,13.015528615315759,1014.6969889322917,2.544075975815455,137.56158833702406,339.3857800960541,20.856683349609398,11.453393554687523,15.192800140380882,85.77314917246501,95.68935203552246,603.2638835906982,16.94671196986637,9.824045920833997,9.905188496907556,12.655192311604821,1014.6897623697918,4.2561804925402,143.7683445326984,465.32035466035205,20.662500000000023,11.855920410156273,15.720217641194685,84.69953727722168,97.65416653951009,64.37500095367432,16.37112181615054,8.91216951543355,11.002041117350302,12.994364674886071,1014.586787109375,0.568994015455246,141.4290719628334,379.13431692123413,21.407525634765648,11.830468750000023,15.659806823730491,84.63842678070068,97.99398104349773,639.138879776001,18.619797508073507,9.376080124625396,10.296631113688193,12.872613525390648,1014.7014485677083,2.277156035105387,151.09683110689124,466.69949801762897
2021-07-06,27.797418212890648,12.774957275390648,19.7627629597982,77.13518540064494,41.48148051649332,28.2430557012558,19.928174100653784,12.131311954521712,16.945638275146507,15.205714162190759,1011.87279296875,-18.796073272281017,321.5298554400603,439.7154245376587,28.056298828125023,12.119561767578148,20.052875773112003,75.29398155212402,33.91064757977923,458.14584159851074,19.991088665704993,12.837120914561822,17.420407867431663,15.090520477294945,1012.079677734375,-19.682612140973408,329.4402508040269,358.5181807676951,27.674218750000023,12.642114257812523,19.45097630818687,76.87036943435669,49.42824029922485,30.28472203016281,20.271565173410142,12.37689176637655,16.554907735188806,14.86298522949221,1011.8339192708332,-17.444418748219807,314.08226546645164,445.91668073336285,27.949029541015648,12.083306884765648,19.929191843668644,76.25231583913167,21.77037018785874,435.0277900695801,21.334387122038777,12.730393348714847,17.618456776936853,15.167642211914085,1012.0634212239582,-19.422388076782227,333.0556058784326,353.9593790769577,27.742456054687523,12.883935546875023,19.47269973754885,75.75000047683716,48.811573818325996,15.138889119029045,21.45784249794657,12.41784053216647,16.14576365152999,14.661434427897177,1011.9767903645833,-17.214594701925915,317.30077982942265,467.9107389450073,28.238671875000023,12.350427246093773,19.733989969889347,77.83796262741089,29.5597225582848,275.5277795791626,17.065967732552487,12.060356126754689,17.143740590413415,15.238545989990257,1012.2420475260417,-19.34307861328125,328.3459785381953,429.20109510421753,27.757043457031273,13.237695312500023,19.548535919189476,75.88333368301392,44.4467586427927,16.506944293156266,19.788214949247457,12.432069611557383,15.873977915446005,14.743777211507165,1011.7947200520833,-17.409038523832958,319.09809203942615,483.49146517117816,28.060876464843773,12.665185546875023,20.061486816406273,76.7759256362915,34.66898161172867,71.98611092567444,16.955969370766038,11.603355403535467,17.17832972208663,15.406481679280603,1012.1814615885418,-19.23917566627885,325.88337094088394,400.33422390619916
2021-07-07,17.609094238281273,13.912500000000023,15.164182281494163,90.54398187001546,92.1953706741333,94.02083396911621,13.609751271572627,5.185824859547975,10.109438832600915,13.567311859130882,1018.6299739583333,6.1355888446172075,76.41007386582594,314.25010379155475,17.098443603515648,13.833520507812523,15.1965156555176,91.67546304066975,97.16666603088379,137.93055391311646,13.726453904021598,7.102409855582205,11.02522684733077,13.804329172770224,1018.9912825520832,6.837422676384449,59.151777190466724,296.50607617696124,18.974877929687523,14.324060058593773,15.845878855387392,89.69212945302327,93.8856471379598,137.11111116409302,13.389493157813604,5.892144337805,10.510729726155603,14.0513905843099,1018.308896484375,3.691637843847275,112.33898127420495,316.9815956751506,17.864160156250023,14.621423339843773,15.785087839762392,89.42129643758138,96.86620426177979,176.93055772781372,14.188137196447965,7.36579730690071,11.00663528442385,13.958170827229821,1018.573486328125,4.2255367537339525,90.003371175689,309.28564071655273,19.251611328125023,13.500360107421898,15.34339548746747,88.30324045817058,87.56666533152263,305.8611145019531,15.874670005008687,6.277186169832965,9.765751139322958,13.284978485107445,1018.5246516927083,4.1847496926784515,153.71033491473645,364.18556181589764,17.059716796875023,14.538354492187523,15.682824707031273,89.71759096781413,98.52175935109456,117.47916746139526,12.970635479848879,7.268940205869716,10.562830861409509,13.936680094401083,1018.4209147135417,4.337886390586694,86.06729605918129,327.81881793340045,18.623254394531273,14.419671630859398,15.73985315958661,90.93564860026042,92.8805562655131,279.8402771949768,11.658788489572565,5.476385204209204,10.481411234537802,14.185491180419945,1018.0024674479167,4.890841941038768,98.67835687783857,295.4317903518677,17.218164062500023,13.722833251953148,15.027851359049501,89.33935038248698,97.37870375315349,149.56944513320923,12.59952235784411,5.572904047682705,10.50667215983077,13.201338704427087,1018.8978255208333,6.032992591460546,73.93007315322757,284.4199531873067
2021-07-08,18.230767822265648,14.530572509765648,15.656821187337263,91.76527849833171,97.2305555343628,71.54166722297668,13.268549851388077,7.844079868300149,10.981763458251976,14.284725443522177,1019.7334114583333,0.19664633894960085,74.41497915238142,295.2146147886912,19.125421142578148,13.105859375000023,15.84769210815432,91.70046297709148,89.58425982793172,157.88888931274414,21.58847554447562,8.741567926092854,11.208737945556663,14.441597239176474,1019.8188248697917,-2.52622397740682,117.09225931266944,349.1955870787303,17.313500976562523,14.475701904296898,15.716085052490257,94.24027729034424,97.94212977091472,38.68055585026741,12.376878366078639,7.536342728237156,11.056462860107445,14.77454528808596,1019.6148893229167,1.8327846862375736,56.5522787446777,279.8995316028595,19.886834716796898,13.651513671875023,16.258279418945335,91.35046291351318,97.72083377838135,234.5277795791626,15.48256776664714,7.7590477583154565,11.609710947672568,14.791530863444052,1019.3488736979167,-2.1888933976491294,93.91988836911817,308.91462151209515,16.606378173828148,15.089593505859398,15.83789978027346,96.58148129781087,99.41388861338298,39.47916677594185,14.644518200384207,7.780888517538064,11.700941975911462,15.278263346354208,1018.901259765625,2.525296309341987,32.0215002844731,258.3017415205638,20.420800781250023,12.912652587890648,16.51356658935549,88.00185203552246,84.55462900797527,368.8819408416748,11.74956547329892,7.266660052900913,11.547231292724632,14.438494618733728,1019.264970703125,-3.7637818455696106,167.56478071212769,325.3650766213735,16.402032470703148,14.365655517578148,15.523667907714866,96.8726863861084,99.56342633565266,59.7361116707325,14.605511442299687,8.692695691470993,11.321434275309286,15.01969935099288,1018.8739713541668,3.705917634690801,26.769962924222153,285.4240647951762,19.636224365234398,14.320672607421898,16.403894042968773,88.66342608133952,95.29814783732097,341.277774810791,10.836567663187497,7.268304838631303,11.304212188720726,14.471378580729208,1019.5611653645833,-2.9560855999588966,117.97961107889812,295.2605398495992
2021-07-09,16.537896728515648,12.355554199218773,13.858023579915388,91.60694440205891,86.14166620373726,387.04167079925537,23.69705570002264,15.141823477269417,8.772798156738304,12.44443283081057,1021.036337890625,6.685326674332221,56.80264780546228,503.6576819419861,18.388665771484398,13.089288330078148,14.631819661458357,91.48472277323405,87.69537043571472,678.5694446563721,24.486474792668382,16.079038239217464,9.293562825520837,13.19159596761068,1020.5801822916667,2.695288747549057,94.48446209480365,513.106492360433,18.963098144531273,12.870660400390648,14.598291015625023,90.09444522857666,82.36805481712024,373.7986087799072,23.684565417619012,16.019068430687177,9.075856781005882,12.893699900309286,1020.504072265625,3.0536782443523407,120.64818683142464,538.9764609734217,17.703790283203148,12.786462402343773,14.392055765787783,92.73009204864502,86.39166569709778,584.7222199440002,23.22731452551604,13.352441050066401,9.133587137858115,13.17713572184249,1021.11384765625,4.45265627404054,76.52987083544333,463.31602132320404,19.121881103515648,12.721124267578148,14.589443461100283,91.0023152033488,78.90185155222814,475.4236078262329,27.45490694062213,16.184668189658684,9.092925008138025,13.033293660481775,1020.441689453125,3.7036143938700357,136.58311304698387,546.8430414199829,15.813745117187523,12.986718750000023,13.999655659993513,93.3583345413208,96.09166590372722,441.2638883590698,23.142016438798304,16.607912232744322,8.827518717447958,12.892190551757835,1021.084130859375,5.098617969080806,87.85563063559432,511.8044147491455,19.730950927734398,12.290032958984398,14.699389394124372,88.30416711171468,72.73981499671936,262.9375009536743,22.669180026365908,14.932492733704999,8.901817576090536,12.601393636067712,1020.9286783854167,2.3681928714116416,166.41946694875756,587.9407412608465,17.284356689453148,12.497094726562523,14.4022041320801,90.74768511454265,83.53472240765889,444.54166984558105,22.652734662850317,14.531438470743277,8.79124476114913,12.839407857259118,1020.955810546875,4.279126277193427,105.92836989462376,515.0998103618622
2021-07-10,23.090051269531273,10.961083984375023,17.197666422526066,79.78564834594727,24.433796301484108,181.66666555404663,13.839994885519902,8.204473124803997,11.943046824137411,13.346156056722009,1018.1871451822917,-10.986805873612562,323.7067531396945,441.7186150948207,23.366540527343773,10.862817382812523,17.27038981119794,77.80046367645264,21.478241249918938,411.83335304260254,12.437625412934926,7.372517426448141,12.13095372517904,12.9913154602051,1018.061337890625,-13.495918368299803,330.3238828579585,434.92742164929706,23.188562011718773,11.269281005859398,17.376700337727886,79.37222258249919,32.99074034051349,85.53472185134888,13.720138507196165,7.969343592882875,12.026303863525413,13.428403472900413,1018.001337890625,-11.23539848253131,317.0923015723626,440.3975131114324,23.180322265625023,11.283349609375023,17.444751993815128,78.98472261428833,38.155556347842015,409.3333320617676,11.902880372394858,7.4834818146018165,11.982172902425134,13.430936431884788,1018.0784016927083,-12.397801123559475,322.7140546341737,436.0758029619853,23.059899902343773,10.986047363281273,17.221365865071636,78.7097217241923,32.22361012920737,24.791667222976685,12.76872051088879,7.8857682848752795,11.840126291910849,13.139834340413415,1018.084150390625,-11.219588220119476,322.9757506946723,442.90851469834644,23.265954589843773,11.321710205078148,17.44058761596682,79.73055632909139,27.03981480250756,598.2222080230713,12.479871324096766,7.133970892206271,12.01090011596682,13.585123952229821,1018.1481803385417,-11.589227772628268,324.5428218642871,430.539501786232,23.031884765625023,10.735406494140648,16.990642801920597,78.84768454233806,31.549537271261215,1.6180555671453476,12.437700785034549,7.60456207080463,11.703118896484398,12.926588948567712,1018.26609375,-10.58545987183849,329.188424517711,433.2214945554733,23.372827148437523,11.394433593750023,17.502243296305362,79.19537019729614,26.201389394079644,322.215274810791,13.150495221769436,7.811472311486253,11.913372294108115,13.532670593261741,1018.04240234375,-11.58051230510076,327.55786290268105,449.3950713475545
2021-07-11,22.036889648437523,13.728356933593773,17.516689554850284,80.30972162882487,67.61203746000926,252.2152761220932,17.107563215425003,9.01473701837946,11.230649566650413,13.775441741943382,1017.4700716145833,-8.364432285229364,274.8303322419524,581.2340342203776,23.029016113281273,14.089318847656273,18.213469441731792,80.7180552482605,61.21157439549764,340.68750190734863,16.13571016524216,5.785986854492428,11.962202962239587,14.554995473225915,1017.2222916666667,-10.77247828245163,282.88849831124145,503.8996212879817,21.972192382812523,14.083337402343773,17.456357574462913,79.68703730901082,71.12361187736194,202.5138862133026,21.36849739428064,9.832007352087373,11.051731363932333,13.593362426757835,1017.3319596354168,-7.2169901331265764,260.6882941921552,631.1999374230703,23.173516845703148,14.154840087890648,18.48854853312177,80.64074055353801,53.88657464583715,326.36805534362793,15.590513692544215,7.075174361840058,12.11738993326827,14.772326405843103,1016.9861328125,-10.700712521870932,276.80913352469605,539.5869368712107,21.961724853515648,13.447045898437523,17.031472778320335,80.9583330154419,70.7874996860822,153.06944394111633,25.526421437132505,9.50845039472342,10.762319183349632,13.43620325724288,1017.1986165364583,-6.536176443099976,236.0660206526518,610.9789862632751,22.398339843750023,13.562066650390648,17.7940015157064,80.23796208699544,62.577778339385986,346.3125,19.950460657256084,8.14387846189826,11.536397552490257,14.050428009033226,1017.3033626302083,-9.560489435990652,303.9556311567624,563.087245464325,21.226495361328148,13.361108398437523,16.993594106038433,81.38796377182007,73.22870373725891,201.61805707216263,24.27790143195265,11.122799411208659,10.797835286458337,13.517171478271507,1017.1470247395832,-5.63052084048589,262.4891265357534,597.5357222159704,21.699395751953148,13.750604248046898,17.21610285441083,80.8023157119751,73.62638815244038,258.24305534362793,16.186281542662723,9.702753252794166,10.957412974039755,13.59219894409182,1017.595888671875,-6.972849607467651,279.177930769821,581.5522624651591
2021-07-12,25.788079833984398,12.411981201171898,18.772354380289737,79.29351838429768,34.32546372214953,157.1180534362793,16.31403908407961,9.78276443562478,16.257582600911462,14.742766316731775,1011.9955891927083,-10.901114587982496,323.50178244213265,319.83711647987366,27.712701416015648,13.273950195312523,20.29547526041669,77.61157401402791,29.073148369789124,292.24999046325684,19.408953154020107,12.0733700078424,19.316332753499353,15.869737243652366,1012.15244140625,-15.194759239753088,328.52913412451744,315.5921045939128,25.748559570312523,12.138909912109398,18.590731557210308,78.69351768493652,34.20694481829802,47.583333134651184,14.808411815637234,9.143541557434105,15.773918406168661,14.44777323404952,1011.9995247395833,-10.72763305902481,326.9157551129659,320.34989154338837,27.390527343750023,12.894464111328148,19.91881078084312,78.04490661621094,26.564351439476013,236.79165744781494,19.231487317108527,11.436389474897851,18.99545567830404,15.570756530761741,1011.8980696614583,-13.99738364915053,328.08587525288266,305.4600350856781,25.025781250000023,11.557153320312523,18.055242156982445,78.53564771016438,26.486574172973633,27.166666626930237,15.876641129114471,9.874441788117453,15.485949452718103,13.910445149739587,1012.3419694010418,-9.53544751306375,325.052059173584,318.2768169641495,26.361138916015648,12.482843017578148,19.268206532796246,78.51851892471313,30.671296045184135,181.9930558204651,16.904322498588023,10.669694394466552,17.369690195719443,15.062913513183616,1012.0940104166667,-12.679763525724411,328.4604495614767,308.37198456128436,24.989648437500023,11.204888916015648,17.880295054117862,78.67870314915974,21.984722293913364,2.57638893276453,15.646237071386544,9.884022719362205,15.418533579508505,13.738075510660849,1012.3069889322917,-8.98617330690225,329.0882228463888,315.3532939354579,25.783715820312523,12.502618408203148,18.86090494791669,80.08888896306355,41.24074004093806,250.8888931274414,16.649606803307805,10.282175926872545,16.432089742024743,14.989959971110068,1012.1513411458333,-11.264901121457418,321.4112504720688,324.45800216992694
2021-07-13,19.552514648437523,13.297814941406273,15.955014801025413,89.36944421132405,92.41342576344807,33.90972229838371,24.725240932259137,12.679684919093964,13.214804585774743,14.155323282877646,1009.3741373697917,2.8816598653793335,126.93887064357598,404.9905343055725,21.830285644531273,13.603784179687523,16.304004923502628,90.09074147542317,84.0268513361613,206.26389026641846,29.615807880297204,12.458396253140705,14.067536926269554,14.605432128906273,1009.5075944010417,3.7444928089777627,151.29618453979492,395.3240840435028,19.606439208984398,13.214898681640648,16.007473246256534,89.44120438893636,92.4152774810791,63.645833253860474,22.935957089161658,12.80514654499652,13.071398671468103,14.198149617513025,1009.6988932291667,2.4597336749235788,145.08481618762016,429.2677752971649,22.399652099609398,14.023461914062523,16.929556783040386,88.49166711171468,89.15370416641235,97.11111116409302,26.263098026872942,12.214045403578178,14.539871470133505,14.9268788655599,1008.9706673177083,-0.017098650336265564,180.7987594306469,399.356826543808,18.669396972656273,12.822564697265648,15.141083017985048,89.11203606923421,94.18148104349773,44.91666658222675,24.979366987268243,13.658161707444682,12.910365041097009,13.30436731974288,1009.5388704427082,6.057870537042618,126.01016652584076,412.82725580533344,21.270440673828148,13.658502197265648,16.31311950683596,88.85185209910075,86.66759332021077,48.36805558204651,25.07798753192555,12.705528333434634,13.659271494547568,14.394508616129599,1009.415947265625,1.76883731285731,136.77740888794264,418.492388010025,17.927758789062523,11.878228759765648,15.013017272949241,90.61759122212727,95.14398034413655,63.43055562674999,23.014867957331553,13.434251594449826,12.688194529215536,13.443652089436853,1009.4501822916667,5.897148643930753,117.09476132690907,411.50382030010223,21.813256835937523,13.870233154296898,16.752706146240257,87.38888931274414,90.56851895650227,46.77777796983719,27.418156918245938,12.535510838101395,14.147367095947288,14.578450775146507,1008.5763313802083,-1.098173201084137,194.82896124819914,407.60064816474915
2021-07-14,19.126763916015648,11.662835693359398,14.380208587646507,87.05046208699544,89.11712916692098,398.79860973358154,14.194569762237197,9.52965100366511,8.336806233723962,12.065844472249353,1012.57890625,-2.0424032819767794,211.75950006395578,495.96216011047363,17.838891601562523,12.088403320312523,13.991096750895204,88.71296246846516,94.84444427490234,149.60416793823242,14.223992017989703,11.319134535626903,8.150498962402366,12.021309153238974,1012.870029296875,3.6592086888849735,122.11707639694214,500.2895259857178,17.988946533203148,10.832940673828148,13.58939132690432,90.60046291351318,94.66203657786052,379.4444417953491,10.763366920537731,8.509711997833778,8.451678212483728,11.992325083414755,1012.6956119791668,2.0943623458345733,137.11124016468725,352.7542218367259,18.225244140625023,12.270257568359398,14.652823384602888,86.39305400848389,93.64027786254883,156.72916650772095,16.07460132687184,12.507339554832377,8.533898925781273,12.253065999348962,1012.9527669270833,1.4163760412484407,187.03483338157335,576.9995320638021,18.694421386718773,11.222650146484398,14.02684046427411,87.24999920527141,93.0490738550822,259.9166660308838,19.927342865726793,10.28608794447181,8.326108551025413,11.759959157307946,1012.903662109375,0.45034771009037894,166.96978272187212,524.5994472503662,18.234033203125023,11.636315917968773,14.542557017008486,85.47083346048991,90.73333311080933,143.70138835906982,23.517446088778787,12.856127882148542,8.24832433064779,11.980367279052757,1012.6804850260418,-0.4879585476592183,204.97000614429513,655.1468677520752,17.093682861328148,12.113244628906273,13.441655731201195,90.4921293258667,98.79861036936443,116.39583265781403,13.999516694947049,10.264726032143328,8.036772664388025,11.817248280843103,1012.96705078125,3.8173947855830193,104.14716583987077,435.2513640721639,18.245721435546898,11.496667480468773,14.17660802205406,86.6310183207194,87.21157383918762,231.64583015441895,11.096237868726195,8.405023514728475,8.730845387776696,11.827429707845056,1012.8769563802083,0.8457578271627426,154.53929716100296,390.68453709284466
2021-07-15,15.348199462890648,11.500268554687523,12.947506205240908,92.92129643758138,96.12361145019531,245.8611125946045,20.778908918643733,14.790217709938096,8.962823486328148,11.809851582845056,1014.1,5.569947806497415,34.532944176346064,484.581059773763,16.320855712890648,12.428491210937523,13.733977254231794,94.92083358764648,99.95833396911621,782.8541660308838,16.45106652739818,11.36138532929173,9.429411824544275,12.916651662190759,1014.0227018229167,2.5145241767168045,62.53131557224939,412.31757672627765,14.222741699218773,10.373742675781273,12.705091094970726,94.31944338480632,86.55925973256429,126.91666769981384,16.42175153462254,11.55013662044069,8.92042185465499,11.797549184163415,1014.7952897135417,5.630941138292353,47.97725989917914,354.0499741236369,14.450433349609398,12.303002929687523,13.208797709147158,96.32129573822021,99.9944445292155,809.4791660308838,14.648762353597228,11.120447246836363,8.886209106445335,12.627482350667321,1014.2381217447917,3.3735381004710994,20.69940727483481,406.29846890767413,14.875756835937523,10.372338867187523,12.82260665893557,93.58981418609619,92.85463110605876,130.20138883590698,14.612246280220868,10.579324281977986,8.923694864908896,11.79230906168624,1015.267529296875,5.28475646674633,56.93488894402981,340.5515607198079,17.060784912109398,12.202813720703148,13.62348327636721,93.0995381673177,99.97407341003418,497.99305534362793,24.1761786411137,14.860282861775387,8.686116790771507,12.49038976033529,1014.710830078125,2.2167805284261703,64.31733428065975,603.2274042765299,14.726068115234398,11.501580810546898,12.980378723144554,93.77824020385742,98.0500005086263,84.79166668653488,13.281316760410304,8.650628060075531,8.802322642008505,11.981380716959677,1015.2412337239583,4.730818071092169,47.87033409128586,308.3493595123291,14.954492187500023,11.184838867187523,12.69758249918622,94.16157372792561,93.89675839742024,333.85416316986084,15.24453499956891,13.075464393245083,8.654449717203818,11.769797261555993,1014.5464095052083,5.152578309178352,28.953074698646862,435.87298520406085
2021-07-16,19.838769531250023,11.465997314453148,15.785082753499372,84.41990788777669,89.73518562316895,116.02083349227905,8.356388040554403,6.130785237442837,9.642259216308616,13.000285085042321,1017.8660481770833,-10.578052163124084,214.85225697110096,431.41485985120136,20.297052001953148,11.544976806640648,15.946000671386741,84.22175820668538,86.21203660964966,351.30555629730225,12.10047682280931,7.831277844906011,10.05768992106124,13.126067097981775,1017.3768359375,-10.841799803078175,199.05237100521722,467.6805504163106,20.304162597656273,12.248925781250023,15.881801859537783,85.73796145121257,90.92453781763713,108.69444489479065,9.95096610604799,6.841207520919615,10.168653106689476,13.353955841064476,1017.5415625,-10.678990806142489,206.01779627303281,447.1276362339656,20.259759521484398,11.823358154296898,15.60373204549156,85.55509185791016,88.52592595418294,243.15277671813965,10.896700589786422,7.226824465782805,9.4038075764974,13.033319091796898,1017.6866959635418,-10.405909438927969,201.40654838333526,459.68266038099927,19.997460937500023,12.132531738281273,15.651774342854841,85.85509173075359,84.84120313326518,22.0277778506279,11.195056648457514,7.391080241710154,10.59433263142904,13.13481165568038,1017.767373046875,-9.41288643081983,195.8659088909626,443.76617602507275,20.218652343750023,12.663720703125023,16.00846633911135,84.66574192047119,96.01666673024495,231.84722328186035,11.029352405006108,5.824143110824984,9.75861511230471,13.289694722493493,1018.0275358072918,-12.433679026861986,204.57625880092382,433.1967995961507,20.941644287109398,11.337945556640648,16.023609415690128,84.20139026641846,75.04814950625102,26.194444119930267,10.040972376643223,7.281496180697348,10.788078562418661,13.13306833902999,1017.5472102864583,-10.878359079360962,251.81857285896936,453.37281227111816,19.593041992187523,12.727624511718773,15.77477925618492,87.11851787567139,92.32036940256755,165.45138931274414,10.099507123642217,6.046884988032468,9.516912078857445,13.533818817138695,1018.0436848958333,-11.432618349790573,199.21156114339828,409.76295415560406
2021-07-17,19.651696777343773,12.949975585937523,16.30717748006187,94.16759204864502,84.85740645726521,102.7638885974884,11.82689892601783,9.478168039787409,12.141505177815759,15.339349365234398,1018.96484375,-4.926882490515709,114.6531661550204,306.3789990743001,19.810784912109398,13.094750976562523,16.663999176025413,91.97083218892415,89.9634256362915,210.2291660308838,12.72789312494056,9.6767469917533,11.798846181233728,15.306854502360068,1018.8630924479168,-7.4428053970138235,188.0759827544292,340.281104405721,20.619470214843773,12.958673095703148,16.924247996012394,91.53240712483723,91.8481486638387,99.41666650772095,12.486440186718978,9.646332578356741,12.293145751953148,15.479531860351585,1018.8691015625,-7.305667648712794,179.22077705462775,353.2849232355754,20.500543212890648,12.696130371093773,16.61929855346682,91.95648161570232,90.97453610102336,234.8194441795349,11.51696946417981,9.530439160118313,12.029144541422568,15.240296936035179,1018.794375,-7.708292797207832,190.15486963589987,348.7851336797078,20.405297851562523,13.109277343750023,16.958338673909527,91.48009173075359,87.33055464426677,103.97916734218597,13.972207084673139,10.546030182497274,12.1741767883301,15.497279103597009,1019.258857421875,-7.197234243154526,203.48516471435627,404.5677472750346,20.978082275390648,13.267602539062523,16.89538218180341,91.20925935109456,86.4560194015503,91.97222232818604,14.407109573716783,10.019906752025998,12.111330922444665,15.367523447672568,1019.1495768229167,-9.01943056161205,205.05844222009182,395.9804724057515,19.225488281250023,13.050622558593773,16.232537841796898,93.67870426177979,93.46435260772705,57.875000953674316,12.885380086321824,9.43157300512568,12.167887624104821,15.181114451090536,1019.6589680989583,-4.284039715925853,111.20864922801654,321.7647957801819,20.497705078125023,13.005578613281273,16.740701293945335,91.43564860026042,86.04537264506023,105.1736102104187,11.66057794243357,9.217693332896935,12.289730326334677,15.264988199869833,1019.03146484375,-7.231239569683869,142.22973737617335,362.59699090321857
2021-07-18,22.467797851562523,15.085046386718773,18.10511678059898,86.09166558583577,70.18379796048005,323.8125,12.671021244253163,8.06527484842293,12.522499338785849,15.477141316731775,1017.9875423177083,-11.771509073053798,218.65675775706768,495.5186022122701,21.131921386718773,14.558435058593773,17.108552551269554,88.65925820668538,76.96435169968754,344.2638921737671,12.000827300138043,7.749811434557169,12.078037516276083,15.01840744018557,1018.5952571614583,-8.484740967241427,160.76107542340955,431.3310120900472,22.998071289062523,14.631890869140648,18.27553583780927,83.05833355585735,57.56898167170584,360.75694847106934,12.957228684051344,9.088302619763997,12.450037892659509,15.052531178792321,1018.4150130208333,-11.831472677489122,247.3015139773488,559.0414037704468,20.850000000000023,14.853540039062523,17.13950373331708,89.81990782419841,80.84861046075821,345.68749809265137,10.836549867185164,6.914067419456263,12.377113596598349,15.266413625081384,1018.25359375,-6.635206951449315,137.12010895336667,377.8442816734314,21.052270507812523,14.800500488281273,17.78092727661135,87.46064758300781,69.80786969761054,395.77778148651123,14.679350042183321,9.226381515512523,12.605613962809286,15.44588114420577,1018.452744140625,-9.841028977806369,198.87646148726344,509.6385002930959,22.767114257812523,15.134637451171898,18.365733083089214,83.15324036280315,66.2708339591821,333.8750009536743,11.52922261197469,8.635177933778845,12.36359812418624,15.175093587239587,1018.1535091145832,-11.085727563903978,254.66892724980912,561.4360671043396,21.904504394531273,15.143151855468773,17.838527933756534,88.20926094055176,74.38101851940155,291.1527771949768,14.623015452482536,8.31298735769124,12.602358754475915,15.649050649007165,1018.4750065104167,-9.944639295339584,175.7460392502447,473.64892053604126,22.424127197265648,14.833703613281273,17.978274281819683,83.93425957361858,69.34120445946853,259.2013883590698,11.982748289355046,7.589450557828253,12.179261779785179,14.912808990478538,1018.1508951822917,-11.185894452035427,210.28405245641866,525.9425790309906
2021-07-19,23.865747070312523,13.436730957031273,18.203326161702496,80.06388870875041,16.3620367149512,288.39583110809326,12.65783757204165,6.048472119666222,12.440300242106161,14.439243570963583,1017.735732421875,-10.061130404472351,303.6756230245034,481.06130425135296,23.197015380859398,12.815179443359398,17.714058176676456,81.97361103693645,11.733333330446234,407.2430534362793,11.569168654998757,6.065016893533769,12.128710683186853,14.354740397135458,1016.6715397135417,-7.471021095911662,305.8517645895481,453.8360761006673,23.985131835937523,13.319055175781273,18.228358205159527,80.01481501261394,11.868981515367826,191.9444432258606,11.80075925916048,5.7733954863537456,12.52022196451827,14.439944203694665,1017.6597330729168,-10.251255770524343,313.2954623202483,481.2470357815425,23.673394775390648,12.825982666015648,17.833413696289085,80.7916652361552,9.659721898535887,414.7291717529297,10.779100292758505,6.189227878129006,12.235101318359398,14.219304656982445,1017.1642936197917,-7.682847658793132,310.4748656153679,465.07162447770435,23.758325195312523,13.282556152343773,18.113259887695335,80.55092589060466,15.517592806524286,71.88888883590698,11.666689762175455,5.823848398261691,12.36042175292971,14.437443033854208,1017.8485481770833,-9.247823198636373,294.17681193351746,468.56031628449756,23.715783691406273,12.953363037109398,17.838474527994816,81.65601762135823,10.15370370944341,449.3958435058594,12.57412933820326,6.172924516937201,12.224866485595726,14.380507405598962,1017.6578873697918,-8.656782786051432,308.56700479984283,485.2894017299016,24.051782226562523,13.476068115234398,18.238811747233097,81.28472328186035,10.131481240193049,13.104166731238365,13.859566372422785,6.101070456388688,12.517580922444665,14.700685119628929,1017.826474609375,-10.257405757904053,312.7114225352804,502.7362373669942,23.606408691406273,12.976831054687523,17.880798594156925,80.95092709859212,9.59722230102246,399.6111068725586,12.53538053542649,5.68216139959154,12.14783630371096,14.301133728027366,1017.6203548177083,-8.880717754364014,316.0363000954191,474.81753170490265
2021-07-20,22.000726318359398,11.603143310546898,16.631241099039737,76.01990842819214,13.39768530925115,66.43055319786072,8.465133134210244,5.366889535619634,10.77762374877932,12.05399856567385,1019.0109244791668,-1.934154212474823,317.0002354507645,508.2535734971364,21.797143554687523,13.239526367187523,16.873708343505882,80.2236123085022,49.43657425325364,306.96527671813965,8.267000515537708,4.786663729717472,11.369975026448571,13.156916554768884,1018.2052376302083,-1.5365128442645073,213.020368212834,408.478631734848,21.986444091796898,12.822503662109398,16.88560002644859,76.14166720708211,29.425000071525574,91.70138883590698,8.881618492801094,5.928545495867397,10.834008789062523,12.336389160156273,1018.8501953125,-2.964397648970286,312.4277103108664,530.7512811819712,22.185510253906273,12.272882080078148,16.95410817464195,77.88055499394734,23.744907361843314,213.05555534362793,8.948670915826012,5.965197858102621,11.391744232177757,12.69489695231124,1017.952744140625,-2.632678210735321,290.6151626308759,525.7318805456161,21.023828125000023,11.055200195312523,16.121547953287784,79.24490865071614,16.31759266058604,104.3958351612091,11.921871952283553,6.066762298048921,10.620130157470726,12.257358805338583,1019.0263411458333,0.7551681399345398,281.3722182462613,446.97851343949634,22.482720947265648,12.370599365234398,17.091022745768253,77.81712992986043,16.54537045241644,107.11805772781372,9.759411223681992,6.65045203810653,11.27752583821615,12.818081156412802,1018.2801171875,-3.9766560196876526,320.88529633482295,542.7033278942108,20.248162841796898,11.153253173828148,15.962089792887392,80.78888893127441,21.956481138865154,57.59027814865112,11.397421814709066,6.2402444795774485,10.501528676350915,12.40226516723635,1019.035009765625,1.8398253719011943,263.2600188950698,448.72161034742993,21.877618408203148,11.448083496093773,16.609035746256534,77.47083473205566,3.2949074606100717,64.00000095367432,9.340708254418118,6.1069748823506975,10.556818898518884,12.285123443603538,1018.8661328125,-1.9391722083091736,325.3589322889845,514.2993377049764
2021-07-21,22.977807617187523,11.585717773437523,17.330801900227886,75.2268516222636,0.04444444583108028,16.166666507720947,8.410224655376398,4.5395645724286835,11.392633056640648,12.551848347981775,1021.30912109375,-6.151341597239177,327.7731020698945,457.9001539150874,22.959924316406273,11.572229003906273,17.353974914550804,73.99814923604329,2.201388894735525,66.66666412353516,8.550703928371306,4.457779535717525,11.509097035725915,12.359462992350302,1020.8452408854167,-5.418553511301677,325.4843984519442,470.20949816703796,23.107537841796898,11.650018310546898,17.456678009033226,75.74027808507283,0.6018518476436535,2.333333373069763,8.355317744595729,4.371685498521451,11.57330220540365,12.807817077636741,1021.22515625,-6.475834409395854,325.5456438263257,462.34035356839496,22.758691406250023,11.292749023437523,17.11100540161135,73.71250009536743,0.1365740791273614,92.50000190734863,8.23102267920865,4.596171553467504,11.289439137776696,12.05140329996749,1021.09919921875,-4.206133604049683,327.31584003567696,475.6996472676595,22.798364257812523,11.107995605468773,17.066364542643253,74.5546293258667,0.10277777910232544,0.3333333358168602,8.431889188153562,4.682575608440196,11.479327138264978,12.178533172607445,1021.3865559895833,-4.703078627586365,327.6373860016465,443.70076513290405,22.725366210937523,11.341302490234398,17.121836598714214,74.34814691543579,0.5999999810010195,106.66667175292969,8.25717330745261,4.5740946164253105,11.276419576009118,12.179789479573571,1021.3074967447917,-5.663991888364156,327.8698553343614,463.7106655438741,22.856500244140648,11.305505371093773,17.20261408487958,74.40925947825114,0.3268518482024471,0.0,8.359689269814313,4.853917911945479,11.640931701660179,12.28362935384115,1021.0778352864583,-5.001251459121704,327.4861467878024,442.1191434462865,22.838891601562523,11.439263916015648,17.220451609293644,75.04305569330852,0.14398148679174483,60.16666603088379,8.385097811066423,4.622223809551254,11.250870005289755,12.397725677490257,1021.25509765625,-6.460236032803853,327.9766853948434,473.7901861667633
2021-07-22,23.918603515625023,12.390374755859398,18.244313812255882,73.7680557568868,14.18055543055137,0.013888888992369175,8.066054226268133,4.434393708571397,12.782334899902366,13.144514973958337,1020.1913411458332,-7.888642430305481,321.45937594026327,450.79103068510693,23.913781738281273,12.460473632812523,18.286438242594425,73.87916692097981,0.5754629721244177,16.166666507720947,7.168891042814437,3.4821094808809803,12.596704101562523,13.197530364990257,1020.48357421875,-8.6474928855896,322.76901834954816,478.2210197051366,24.146630859375023,12.726586914062523,18.451767222086612,75.91712808609009,3.147222130248944,0.7430555489845574,8.091092152935254,4.3817624087979565,12.849331156412802,13.81630350748702,1020.1718912760417,-8.60941974322001,319.6952176814278,454.0770884354909,24.069360351562523,12.604943847656273,18.393004353841167,73.68425830205281,10.518518110426763,2.333333373069763,7.206929072737449,3.5406620418183095,12.738895670572958,13.268846130371116,1020.4446321614582,-8.502076228459677,319.5129749973615,477.5973567167918,24.157739257812523,12.789880371093773,18.478147125244163,76.37592633565266,13.83240753163894,1.4722222024574876,7.243157883649665,4.236531493264368,12.83680114746096,13.939152018229208,1020.1809114583333,-8.886938373247782,317.2789705743392,458.6660656929016,23.975122070312523,12.192651367187523,18.142785644531273,72.83935117721558,11.539352151565254,0.3333333358168602,7.463228938137674,3.62152960006054,12.769303894042991,12.834344482421898,1020.4882421875,-8.201852639516195,323.049666667978,456.6962986389796,24.505090332031273,13.072290039062523,18.733213043212913,77.24166647593181,9.001851918796698,5.840277927927673,7.284351126492249,4.694505037673461,13.164076741536462,14.350626881917321,1019.9182552083333,-9.565359870592753,316.17474101980525,462.3895874818166,23.941308593750023,12.227197265625023,18.100044504801456,72.8921291033427,21.86111173996081,0.0,7.36066970039873,3.822996085130652,12.781901295979821,12.815068817138695,1020.2336946614582,-7.665276885032654,318.82766603678465,444.81691443920135
2021-07-23,24.988427734375023,13.340600585937523,19.149413045247417,77.12083260218303,6.998147873828809,86.43055701255798,7.368957213183676,5.117668866941988,14.05353444417318,14.64441579182943,1016.3604296875,-9.483220418294271,319.7032463202874,453.90217920144397,25.268853759765648,13.503198242187523,19.386974589029972,75.15648078918457,0.2680555507928754,2.930555684491992,7.980419017763427,5.150422685839388,14.074772135416708,14.508715565999353,1016.4926920572917,-11.088468809922537,318.81149845197797,472.5961093902588,25.165673828125023,13.404260253906273,19.23734817504885,77.65648126602173,1.7930555801528196,73.12500131130219,7.569327885705168,4.967017238913383,14.187395985921228,14.820516204834007,1016.3556803385417,-9.700140555699667,318.9114529738824,454.75779461860657,25.405328369140648,13.716241455078148,19.497603352864605,77.1953690846761,1.4606482402111094,33.30555510520935,7.777072361432993,4.710814992552191,14.135842895507835,15.015720621744833,1016.31361328125,-10.943235357602438,317.7307658046484,468.36345732212067,25.290551757812523,13.326867675781273,19.32759246826174,77.22314786911011,1.081481515429914,40.49999958276749,7.949392011190856,4.634565079520598,14.162014261881552,14.837305959065759,1016.4164518229168,-9.733802715937296,318.34896564980346,463.9272634585698,25.314233398437523,13.513696289062523,19.391174570719425,77.11805486679077,3.7495369667497775,42.57638922333717,7.340969823605591,4.552787858869691,14.12250671386721,14.896682993571005,1016.439775390625,-10.559418161710104,318.2282466031611,455.81702550252277,25.282373046875023,13.281640625000023,19.34770482381187,77.13333384195964,2.975462936835053,41.25694441795349,7.868321642324078,4.74902241621015,14.269138590494833,14.843291219075525,1016.253359375,-9.767565488815308,318.6050176471472,461.60946532090503,25.257073974609398,13.599786376953148,19.396691894531273,77.36620283126831,11.057870420006415,74.93055605888367,7.800320460371761,4.78670958423288,14.14337056477865,14.95451380411788,1016.1357194010417,-10.299074610074362,318.4888319422801,460.48185356458026
2021-07-24,25.663110351562523,14.266778564453148,19.93462778727216,76.36250082651775,67.21851875384648,41.520832896232605,14.365788039040575,7.579391794990605,17.360019938151083,15.380110677083337,1011.4696875,-7.800318350394567,256.55966515342396,332.0990141232808,26.344750976562523,14.408624267578148,20.095047251383487,78.22361119588216,73.411110719045,98.72222423553467,17.378163768123645,9.036534024106947,17.90433019002279,15.836704508463583,1011.9644173177082,-9.469186464945475,278.0198949153225,335.2919789950053,25.760125732421898,14.105554199218773,19.80666249593101,74.87361017862956,72.49861097335815,15.17361068725586,11.94292107100722,8.05371958851955,17.119836425781273,14.959095255533896,1011.6883463541667,-8.529663383960724,279.2173521332443,372.60881121953327,25.708581542968773,14.502343750000023,20.00769195556643,78.10323985417683,85.47268529733022,90.79861402511597,14.816967251024924,6.951561549763855,17.501398976643884,15.805835978190146,1012.0038118489583,-9.126737554868063,252.7377389272054,335.02451761563617,25.666772460937523,14.039575195312523,19.765754954020206,74.85185098648071,75.00555570920308,16.854166388511658,18.121583768932197,8.847036372987743,17.006111399332724,14.906032816569052,1011.5793880208333,-8.994405475755533,281.0734784478943,384.2790017127991,25.813073730468773,14.432183837890648,20.152858988444034,77.11157417297363,70.96064841747284,48.131943225860596,11.422793857417206,6.884115391793529,17.117737070719443,15.748071289062523,1012.1841959635417,-9.182697961727778,273.67287620157003,358.00354063510895,25.883782958984398,14.197381591796898,19.915546671549503,74.16574144363403,76.51250108083089,15.548610707279295,14.659607643624,8.761886979528065,17.160272216796898,14.900797780354821,1011.3217024739583,-8.968816737333933,280.5504785962403,368.8568431536357,25.812066650390648,14.245751953125023,20.167928314209007,76.56111129124959,66.91574052969615,49.465277433395386,11.323127779110019,7.566065405362601,17.172246551513695,15.620034790039085,1011.6727311197917,-9.09347146997849,269.46199454242986,361.5789483388265
2021-07-25,23.530786132812523,14.651544189453148,18.75250396728518,82.47962999343872,90.4314816792806,224.33332920074463,9.740896867033799,6.925718742929701,14.24046351114913,15.497282918294275,1011.2247200520833,-4.193176984786987,243.41696325689554,381.4297796090444,25.066125488281273,15.538537597656273,19.839348093668644,80.63935279846191,92.42962821324666,107.79861164093018,11.829677695608392,6.707070772949673,15.787985738118493,16.15066045125326,1011.3648014322918,-6.727325260639191,231.54990400249758,363.35302448272705,24.210565185546898,14.391259765625023,18.099609629313175,85.0078714688619,88.48425992329915,198.42361116409302,10.230835990914489,6.138258229021512,14.30748011271163,15.337494150797568,1011.5081868489583,-1.6481799880663555,214.18632037875554,329.51191143194836,25.397119140625023,15.277886962890648,19.687423960367862,78.01342630386353,90.11157321929932,41.54166662693024,11.531284328355849,7.107519083310538,15.665041859944665,15.459401702880882,1011.3069466145832,-7.242002636194229,255.57776441952834,355.0816385746002,23.932733154296898,15.067864990234398,18.647912597656273,82.84629551569621,93.07685279846191,241.79861068725586,11.177844411233304,6.95482338998728,14.267897542317712,15.448787943522177,1011.2325260416667,-3.545013745625814,235.7694093938917,435.1019260088603,24.754998779296898,14.754724121093773,19.27451604207359,80.3291670481364,94.06527805328369,220.8611135482788,10.965143684821324,6.858273697668217,14.996883646647177,15.534834798177087,1011.36525390625,-5.9920540650685625,258.790967805932,405.6605435212453,23.808587646484398,13.905541992187523,18.108539835612003,82.34305636088054,95.98935238520305,243.24305152893066,12.793158983978888,6.42968547408086,14.252861277262411,14.807461039225302,1011.317060546875,-1.634691298007965,232.04144543098906,399.1317527294159,25.104577636718773,14.671594238281273,18.762082672119163,82.89259163538615,98.94166692097981,304.0763883590698,11.594240731123259,8.445227084526797,15.331463114420615,15.495966847737634,1011.130439453125,-3.85212634007136,248.06363957809904,385.193559328715
2021-07-26,22.896691894531273,15.033746337890648,18.088268534342472,89.2041670481364,93.36481428146362,167.67361044883728,12.51277524699517,5.810506561902121,13.782797749837243,16.17034810384115,1013.3542643229167,-2.489754339059194,164.87166412174702,277.3842213153839,21.537622070312523,15.574639892578148,18.118859863281273,86.7157408396403,95.17963059743245,373.409725189209,9.811368695643466,5.151436568102774,14.507129923502646,15.752167002360068,1013.8111881510417,-1.9780680537223816,170.8452247455716,212.545339624087,21.524438476562523,15.405572509765648,18.04865926106773,89.24120235443115,97.65462843577068,315.75,13.598530544876422,6.053719900140102,13.682728068033896,16.179987843831384,1013.1902734375,-2.084015210469564,168.30083247398338,285.92374261220294,20.564019775390648,14.254968261718773,17.51905975341799,86.85648187001546,87.01250108083089,377.861102104187,9.87216287076407,4.839133709885659,14.639120992024743,15.222600555419945,1014.1542936197917,0.7798725763956705,142.38603729878864,185.1609158118566,20.715753173828148,14.973687744140648,17.76907119750979,87.90879758199056,91.1615735689799,144.00000143051147,11.796299075793852,6.347770675799384,13.379273986816429,15.650921122233115,1013.4716438802083,-0.2282672921816508,139.7499621976167,255.65773606300354,22.159387207031273,15.077325439453148,18.577242787679058,85.46759382883708,87.47685146331787,434.5763912200928,12.252635057805211,6.680733837537072,14.250278727213583,15.962762451171898,1013.6361100260417,-4.8276517788569135,246.5743709281087,289.69459331035614,22.074182128906273,14.639428710937523,18.291370646158878,85.70601844787598,87.98287010192871,57.11111059784889,12.366321021343577,5.430707039586114,13.52688878377279,15.700128173828148,1013.1979264322918,-2.826145430405935,159.1787417406837,302.0016942024231,21.792230224609398,14.802514648437523,18.067829386393253,86.39120451609294,92.41620445251465,368.5555543899536,12.43734185388947,6.956924512701192,13.851286824544275,15.630330657959007,1013.5581998697917,-3.634219209353129,216.56796070126197,291.8768825531006
2021-07-27,24.066339111328148,13.673608398437523,18.46350504557294,81.14120451609294,80.70046265920003,157.7708330154419,8.851378655742,5.629775452488446,13.229062652587913,14.83301951090499,1015.4105305989583,-5.585841735204061,261.90469876490533,387.86562116940814,24.570916748046898,14.054193115234398,19.04086837768557,80.05601803461711,79.53379619121552,353.84027099609375,10.575504924572359,5.290552987179542,13.773357645670615,15.175028737386071,1015.8893098958333,-9.26062830289205,263.6508091048648,367.5810799598694,24.006860351562523,13.562310791015648,18.50913009643557,80.72175963719685,79.76712965965271,230.6180543899536,11.984357549639572,6.449376410991868,13.28174743652346,14.822193400065146,1015.1487141927083,-6.006920337677002,266.07377513870597,401.57610448201496,24.168878173828148,14.023706054687523,19.102707163492862,78.84583202997844,80.61388925711314,442.91668128967285,8.691623314870142,5.2368860307555805,13.908792114257835,15.018663024902366,1015.6906022135418,-9.645802319049835,268.717398694406,394.45818567276,23.838891601562523,14.026879882812523,18.82261174519859,80.0555567741394,90.82453727722168,107.36805534362793,9.47757872632212,6.3563790220518435,13.28681589762374,14.983691151936853,1015.16048828125,-6.3298280239105225,254.71731673553586,416.09856112798053,24.324151611328148,13.819665527343773,18.82020721435549,79.22361167271931,88.9222222963969,281.89583587646484,11.182245019812463,5.37313067950405,13.511281585693382,14.785462951660179,1015.9311360677083,-9.251973251501719,274.2825602926314,394.77639532089233,23.927697753906273,14.227807617187523,18.886560058593773,80.36296224594116,92.1106465657552,84.37499976158142,9.546275513092182,6.680030209190991,13.4400624593099,15.12457936604818,1015.07044921875,-5.982445587714513,243.87213094718754,407.9424870808919,23.940209960937523,14.173760986328148,19.298186238606792,78.99722337722778,86.17685182889302,149.72916460037231,9.02864620861526,5.198362957604997,13.934509531656943,15.281423187255882,1015.27994140625,-9.055562963088354,247.87753193825483,373.94783115386963
2021-07-28,19.178247070312523,14.487268066406273,16.60581487019859,90.00277805328369,86.49305594960849,82.9722216129303,14.041636255154923,7.904486759423885,13.061184183756552,14.912821706136071,1016.0211263020833,7.125534770665884,42.06888888970328,161.2839117050171,19.850610351562523,14.143487548828148,16.1191230773926,89.60601902008057,81.06990757584572,253.6319408416748,9.528986636308113,6.094852976846897,12.162622070312523,14.348633066813193,1016.1390462239583,5.990783353646596,75.4146327295651,199.8023827870687,18.072259521484398,13.763421630859398,16.07719701131187,92.38657315572102,86.89259332418442,141.88888788223267,20.600172517538756,7.199112731345825,12.449672953287802,14.83109054565432,1016.0479231770832,8.456978144745031,40.17692626345282,164.1415158112844,18.338403320312523,14.337945556640648,16.27638905843101,90.39074103037517,83.29490820566814,304.0416669845581,13.361104275205236,6.6497134391395605,12.278003946940146,14.674583689371786,1015.849892578125,5.735989821453889,68.97446185753991,199.12068700790405,20.518487548828148,13.808343505859398,16.790614064534527,89.68657398223877,87.8953708410263,125.45138931274414,18.056900765878282,6.417738387477077,12.610233561197958,15.045650736490927,1015.9494889322917,5.606585065523784,114.72642429638654,253.68131828308105,17.236444091796898,13.582360839843773,16.211208597819034,89.982408841451,86.61712974309921,179.20833444595337,18.68325091717299,9.385448326107856,12.578848775227868,14.539460754394554,1016.1395833333332,7.146006564299266,54.83759161798904,241.3529872894287,18.565026855468773,13.756463623046898,16.265808359781925,92.91805458068848,86.31944335748751,146.9652750492096,14.358981362219005,8.64903530816971,12.372396087646507,15.10092697143557,1016.0393782552082,8.93482411901156,43.37900023441762,193.02821707725525,17.543298339843773,13.743768310546898,16.438413238525413,90.53888861338298,86.99861157933871,160.27777576446533,16.13666085973412,8.96864165045387,12.563944753011071,14.86265589396163,1015.956904296875,7.397749635080497,41.616851853672415,200.6900370915731
2021-07-29,23.792779541015648,12.363305664062523,18.29166946411135,78.70462783177693,27.096759269634884,120.08333587646484,8.638656023077152,5.808567222475222,12.933609263102255,14.25397898356124,1015.7300162760417,-10.329413731892904,262.14908663804334,458.0144866704941,25.283959960937523,12.950006103515648,18.937804158528667,77.04629802703857,28.068518792589504,116.05555534362793,16.7621763520985,7.042572566428075,14.6706532796224,14.468328094482445,1014.5534928385417,-12.518051971991857,294.30490442675847,430.4833188851674,23.541192626953148,12.080133056640648,18.057683563232445,78.21574020385742,23.167591949303944,69.74305558204651,9.022919880459064,6.82622008280354,12.707297261555993,13.895951843261741,1015.701650390625,-8.741946498552958,254.85237298781672,479.26155658562976,25.417413330078148,12.917840576171898,18.829822794596378,77.70833349227905,24.508796374003094,170.38194274902344,12.759893234192102,6.195622757425464,14.258017476399743,14.48997522989913,1014.581123046875,-13.524410784244537,297.7031728442137,408.1237871646881,23.543267822265648,11.874597167968773,17.899460093180362,77.99675957361858,20.41296340028445,40.215277791023254,9.85956911600757,6.769809207936411,12.434320068359398,13.691692606608115,1015.8785611979167,-8.104526221752167,265.3306104876101,501.81509256362915,25.454522705078148,12.904840087890648,18.81754074096682,78.85879627863567,24.580091794331867,212.76388835906982,9.604695310094932,5.750717149222062,13.75806833902999,14.693821207682333,1015.1018326822917,-11.363606810569763,285.5557048358023,459.3001934687297,23.159783935546898,12.852593994140648,17.99768218994143,78.70972188313802,49.58981577555338,0.18055555876344442,9.74451384000763,6.339255326807141,12.385040537516318,13.960432942708337,1015.7477701822917,-6.837197542190552,205.68037488032132,454.77402154604596,24.938287353515648,13.123864746093773,18.88443527221682,78.29675928751628,35.52453753352165,230.7291612625122,8.315143440981608,5.490776127815823,13.58035558064779,14.687130228678427,1015.0553580729168,-12.698568046092987,284.22800954120856,457.97734733422595
2021-07-30,26.993157958984398,13.787347412109398,20.180249786376976,77.5490738550822,33.45972160498301,14.59027772769332,22.90898460755668,5.500904642186892,15.722613271077478,15.751678721110068,1011.85896484375,-14.160975356896719,299.72928833030164,456.16859579086304,26.483331298828148,15.872338867187523,20.12996063232424,81.9569452603658,52.75740726788839,202.56944465637207,21.164645753135304,6.752957851380696,14.855521138509118,16.58846562703451,1011.8474544270833,-13.62317152818044,292.4194102268666,495.75862141450244,26.750268554687523,13.720727539062523,19.962834930419945,78.25694370269775,34.83796302989746,13.33333358168602,21.998690811263415,6.068233535167231,15.57389602661135,15.715699768066429,1011.946669921875,-13.570090472698212,299.52389473778504,466.00418814023334,26.896325683593773,15.149987792968773,19.668364461263042,82.07129700978597,68.3305564870437,166.27083206176758,22.462243613497623,7.0325328426533416,15.26032155354818,16.122674560546898,1011.4268815104167,-12.114850441614786,281.7663666391745,447.5631430546443,26.835687255859398,13.650140380859398,19.939654286702496,76.6148141225179,39.10786986351013,8.000000078231096,21.922746148,4.9929351116076335,15.557824707031273,15.36701609293624,1011.944091796875,-13.334953685601553,294.5717691543202,437.4816377957662,27.262536621093773,14.381433105468773,20.12048492431643,79.04583358764648,51.031481166680656,70.99305510520935,22.394880603185793,5.645634590642417,15.87259445190432,15.9591054280599,1011.4969759114583,-13.548189123471579,283.19681281999993,441.98605219523114,26.715356445312523,13.808831787109398,19.851920064290386,77.93518495559692,36.38749983906746,8.847222154028714,13.371951732474635,4.983453790140713,15.445329284667991,15.57419102986654,1011.884150390625,-12.943927645683289,294.3555754444872,431.31041717529297,27.185266113281273,13.969140625000023,19.932605997721378,78.39398177464803,35.78333361198505,21.500000044703484,15.354816378753734,6.18109937769555,15.680080668131552,15.623892720540368,1011.6658430989582,-13.343405167261759,295.48112068201107,458.97613632678986
2021-07-31,19.928399658203148,15.429986572265648,17.018635050455753,90.39305464426677,95.7379633585612,336.5555543899536,13.381859972655242,6.903473766221972,11.830997721354208,15.341926829020224,1011.9985481770833,4.37641403855135,106.47359464100252,279.6904915173848,19.249353027343773,15.089868164062523,17.095596567789737,87.8518517812093,96.2004623413086,178.38888835906982,17.63832255723485,7.884133737561055,11.959104156494163,14.979348754882835,1011.9531217447917,4.678691945970058,114.24651518743485,341.42906856536865,18.244226074218773,15.089013671875023,16.57004826863609,91.21851793924968,95.43333419164021,361.16666889190674,15.067988921161497,7.396391564332113,11.749454752604208,15.074653879801474,1012.2749934895833,7.0277224212574465,58.76770210607598,221.42194747924805,20.428460693359398,14.650018310546898,17.11234563191734,87.05277792612712,93.01759274800618,162.86111211776733,17.68832525110588,7.217473695721538,12.069764709472679,14.842624918619833,1011.8996842447917,4.359186748663585,103.24777759425342,335.43144369125366,18.942254638671898,14.905572509765648,16.74927673339846,90.49953619639079,90.07592535018921,339.6458320617676,16.655128895665847,6.549861383966811,11.649130757649743,15.115285491943382,1012.2200390625,5.340462951610486,88.8906110857303,250.02061319351196,19.960473632812523,15.572869873046898,17.359081522623722,89.0625015894572,94.50462913513184,180.42360997200012,19.612218720018063,8.089071524975028,12.188808695475302,15.462163543701195,1011.8110970052082,3.350159461299578,112.0281500921895,321.83162784576416,18.944207763671898,15.376733398437523,16.919240570068382,89.28194332122803,94.60925849278767,321.2361087799072,13.731912261798767,6.990529050836829,11.451881663004599,15.045280710856161,1012.4218001302083,4.503748835840573,80.56085305924837,300.4304229418437,20.333673095703148,15.375512695312523,17.50186691284182,88.27407328287761,92.49953730901082,285.22916650772095,19.324871941896653,7.929397284023383,11.965983327229821,15.442557271321618,1011.8519694010417,1.938639909029007,151.90344418926784,362.44005672136944
2021-08-01,15.394433593750023,12.909661865234398,13.776633199056013,95.47037188212077,98.79675896962483,543.4027774333954,16.767073167851596,8.827588352157507,8.75490214029952,13.035722351074241,1011.1763053385417,12.497793644666672,40.386537139575616,310.14999111493427,16.212731933593773,12.296777343750023,13.793482716878279,92.51620356241862,95.2587963740031,922.8125019073486,18.162153442975995,8.65194483761499,8.746054585774743,12.537028249104821,1011.7954720052082,12.86254571378231,67.18240544525906,337.88174907366437,15.638909912109398,12.367456054687523,13.612564341227236,96.07592646280925,99.88425890604655,583.125,14.367994338414704,8.806694403289278,8.649343109130882,12.986566162109398,1011.2778776041667,13.640649437904358,31.59077756475502,312.7947720686595,14.694451904296898,12.541497802734398,13.82170130411786,95.57314840952556,98.53055540720622,753.4791717529297,17.145657960622284,6.729076661190338,9.256682332356775,13.10117111206057,1011.4883821614583,10.215572615464529,38.76516693496766,230.6530270576477,15.351098632812523,12.383325195312523,13.608054097493513,95.01018397013347,99.8032414118449,506.86805486679077,16.547737461512856,9.72503284813889,8.667766825358115,12.7955146789551,1011.1110774739583,13.393884579340616,56.19137209446247,362.6801341374715,15.102655029296898,12.680657958984398,13.855736033121767,94.89722220102946,97.59490712483723,697.0416650772095,16.51888154641712,6.497143978657725,9.208708699544275,13.034378306071005,1011.4245084635418,10.45342111773789,55.863074867598094,219.1376698811849,15.506585693359398,12.392999267578148,13.610791778564476,95.23888842264812,99.82824039459229,524.9861083030701,18.765638788116053,9.362718003731402,8.676995849609398,12.84627176920577,1010.968798828125,13.522518694400787,45.79635341775914,335.5779546101888,14.995111083984398,12.620904541015648,13.644878641764345,96.88935248057048,98.7699073155721,818.208327293396,16.09490644436434,7.801087161961452,8.957475280761741,13.14518763224288,1011.19548828125,12.593731919924418,22.206296246460017,234.78313827514648
2021-08-02,19.316674804687523,11.036462402343773,15.032467142740908,82.47037061055501,51.910184939702354,706.5763854980469,14.105467960702446,9.98404505396879,8.521665191650413,11.84098587036135,1015.5436881510417,-3.1773255864779153,286.61974181677215,576.9970209995905,19.618524169921898,12.167016601562523,15.341611480712913,82.77731529871623,55.561573346455894,838.3819541931152,13.345657029195047,10.246763259831646,8.868369038899743,12.193070983886741,1015.4821223958332,-3.7379998564720154,287.5587412425084,578.1405998071035,19.870202636718773,10.665368652343773,14.965843454996767,81.84166669845581,50.71990672747294,184.58333492279053,12.850717423435624,9.874927384272423,8.700269317626976,11.62880350748702,1015.4145930989583,-3.4927890499432883,272.6207629489557,579.8377405007681,19.777124023437523,11.164544677734398,15.130879974365257,82.8115743001302,54.9504631559054,900.1458396911621,12.510101270721877,9.587224242127704,8.714562988281273,11.974362945556663,1015.53802734375,-3.824644684791565,275.3418160687822,566.6929369767507,19.861932373046898,10.842095947265648,14.990251159667991,82.16481558481853,52.757870038350426,99.2083330154419,12.591194371688518,9.080019214681665,8.599575297037802,11.683808898925804,1015.1915657552083,-3.2051995197931924,267.7181345420734,574.6360262235006,20.272241210937523,10.611352539062523,15.287380472819033,81.41712967554729,46.25324134031931,772.4236125946045,12.136456137720254,8.634757437017209,8.751529947916708,11.817449188232445,1015.3614876302083,-4.628007650375366,286.4318808450674,554.9206737677256,19.685144042968773,10.682061767578148,14.887443796793642,82.59398206075032,52.544907887776695,59.88888943195343,13.443284000950612,9.227280324857569,8.641276295979821,11.67268015543624,1015.3712825520832,-2.979206999142965,262.34526260585216,559.6818246841431,19.647058105468773,11.580346679687523,14.998713429768904,82.77777767181396,55.57175894578298,872.9791641235352,14.309081190593595,10.029876200060068,8.498161570231161,11.84986012776693,1015.443505859375,-3.3825323383013406,274.97279587054317,555.3659919102987
2021-08-03,21.336602783203148,10.512231445312523,15.405182139078798,80.68009201685588,76.11666599909465,77.59027862548828,12.150680886769837,8.197756572889665,10.15692799886068,11.779129282633505,1015.5567154947917,-3.576640804608663,240.3336298460296,437.71677589416504,21.564202880859398,10.509057617187523,15.631130472819033,81.50416739781697,60.36805639664332,762.6110992431641,13.010237889754176,7.2353044970651865,10.612746175130212,12.16568272908529,1016.0605533854167,-4.3722541729609175,235.57966135349125,388.51584879557294,20.833673095703148,10.411462402343773,15.377238210042341,80.01296218236287,82.13287123044331,84.6180567741394,17.986143400249997,8.503876173407617,10.085121409098349,11.606127675374353,1015.390927734375,-2.8025099833806357,227.1538897002271,464.96985658009845,21.187890625000023,10.388452148437523,14.765994008382185,82.99675973256429,61.5300922592481,242.74999713897705,15.8973303360816,7.316661429689208,10.090788777669275,11.628931935628259,1016.0908072916667,-1.2737247943878174,213.154462838235,357.98351581891376,20.663751220703148,9.900537109375023,14.95342915852867,81.28564882278442,82.03564810752869,44.597222447395325,11.947380748604777,6.612949227124805,9.63581237792971,11.4556709289551,1015.6857161458333,-2.4359103441238403,221.29525375311883,392.2358520825704,20.816064453125023,10.418725585937523,14.717605845133486,83.53564627965291,57.784259716669716,168.13194465637207,16.851115733566182,7.523906844363073,10.110955810546898,11.676953887939476,1015.7712858072917,-1.139978289604187,210.39836528307447,367.2801953951518,20.875665283203148,9.818322753906273,14.825437164306663,82.0717584292094,76.64953756332397,26.479166090488434,13.066601835924569,6.755073242457531,9.687476094563806,11.480669911702478,1015.66787109375,-1.3209660053253174,214.84185501715788,379.741899172465,20.331781005859398,10.264978027343773,15.041157023112001,82.19675922393799,80.31712897618611,126.24999713897705,10.800766270183814,6.730879188909981,10.190049743652366,11.78174997965499,1015.69064453125,-1.220973292986552,193.1550370946061,347.8517764409383
2021-08-04,17.618859863281273,11.910699462890648,13.779721832275413,89.73009300231934,99.99490737915039,142.55555725097656,12.228084469552853,7.809090983082179,8.6877431233724,11.993875122070335,1014.4949251302082,3.2188708037137985,107.22073991348346,302.19380315144855,15.452203369140648,12.449700927734398,13.401985422770204,93.76435279846191,99.99722194671631,192.7222228050232,13.922950570385447,5.986620265294689,8.641004180908226,12.392264302571618,1015.4940592447917,7.292853981256485,48.8596662307779,224.05054664611816,15.717858886718773,11.859368896484398,13.17371520996096,92.92916711171468,100.0,158.6805567741394,11.328108445419804,5.548266491022503,8.188577270507835,12.008775329589866,1015.0392024739583,6.475943858424823,58.39705477654934,203.9818730354309,16.877099609375023,12.335351562500023,13.540940856933616,91.63240718841553,100.0,217.40972232818604,15.403341428105366,5.98237253382922,8.55581944783529,12.13071212768557,1015.1082747395833,6.052970290184021,75.62829712902506,250.14672883351645,15.827325439453148,11.680627441406273,13.086807505289736,93.25463008880615,100.0,210.47916460037231,11.84513044310621,5.948973750433589,8.191406504313193,11.966738637288415,1015.0589973958333,7.27515388528506,53.56192618732651,225.95990562438965,15.799676513671898,12.049340820312523,13.062191263834658,93.93703842163086,99.98657449086507,216.66666460037231,9.834276034727154,5.847660647572653,8.156980133056663,12.061274464925134,1015.1149576822917,7.629074402153492,57.09148180857301,231.60988235473633,16.689813232421898,11.750024414062523,13.430389658610048,92.2050937016805,100.0,101.8333330154419,10.66765066292285,6.5331738202645715,8.431663767496786,12.109633382161462,1015.3545963541667,5.322205791870753,74.82524201025565,240.81534131368002,17.298211669921898,11.843408203125023,13.573307291666689,90.37129592895508,99.96851857503255,175.4652771949768,11.84083082682172,7.213410002534386,8.445063527425134,11.921183522542321,1014.8383723958333,4.730058302481969,88.43250006747742,300.8746916453044
2021-08-05,17.711450195312523,12.770471191406273,14.390158589681013,94.2370376586914,91.91527795791626,373.3749990463257,14.591791266633932,6.913679378687303,9.197525278727255,13.423318481445335,1011.1357096354167,-1.8691793605685234,119.14751981105655,319.49029032389325,16.761010742187523,12.197564697265648,13.944376881917341,93.44073963165283,89.49907366434734,542.0763940811157,17.56205478199276,10.633254408571352,8.647022501627646,12.862266794840536,1011.3882454427082,0.218522310256958,138.8162571846818,424.6283372243245,18.172235107421898,12.012109375000023,14.264347330729189,92.41249942779541,89.72731479008992,444.99305725097656,16.285671832452806,9.629454584786684,8.966277058919275,12.981153106689476,1011.2031901041668,-1.5198710051675637,148.0175373442471,409.6415761311849,17.953271484375023,12.324884033203148,14.392041778564476,91.32870229085286,91.10879580179851,480.4166669845581,13.377930542622911,8.369185301217234,8.617731984456384,12.894825236002646,1011.71482421875,-3.3367983202139535,180.5425601694733,430.0342273712158,18.294458007812523,12.046685791015648,14.291396077473982,91.98749891916911,83.3060184319814,487.11805725097656,13.74858052667263,10.028304381765247,8.883526102701865,12.913804626464866,1011.2139973958333,-1.3984284158796072,159.75122296748063,443.27329699198407,17.874200439453148,12.544854736328148,14.340549723307314,92.88009484608968,92.67268530527751,600.2013902664185,12.122932830119538,5.787847144481742,8.94888585408529,13.12600987752279,1011.2541666666667,-3.3774396205941835,148.50742695728937,340.4346644083659,19.488854980468773,12.334588623046898,14.950344340006533,89.20000076293945,91.6810188293457,377.4027819633484,16.605145706658295,8.74121379821577,9.027401224772177,13.02825826009115,1011.022216796875,-4.969007449845473,187.79611291612187,466.98700014750165,17.975823974609398,12.494409179687523,14.587066904703798,92.70509433746338,92.38611014684041,418.0972213745117,12.650597830337976,5.90420235521852,9.269207255045615,13.352020517985068,1011.460869140625,-3.5873265465100608,149.6170904468745,308.72215779622394
2021-08-06,20.498223876953148,11.220758056640648,15.447348531087263,85.60555585225423,78.52916717529297,348.67361068725586,20.86979535322162,11.166873888402058,10.736489868164085,12.879921213785849,1010.350107421875,-2.162751649816831,189.3742004285256,489.5814350446065,21.143579101562523,10.649987792968773,15.863952891031923,82.520370165507,67.08750001589458,567.6111106872559,17.93608456965065,10.543206611596474,10.783447519938193,12.640749867757165,1010.7929069010418,-6.629295547803243,241.43213038643202,494.01930646101636,20.472192382812523,11.435174560546898,15.707649485270204,83.92268657684326,81.9032416343689,169.9513897895813,22.67202806014678,12.602601704654916,10.845118459065759,12.817563629150413,1010.0608203125,-3.6453294406334558,185.31502041220665,539.4785665273666,21.099664306640648,10.593164062500023,15.699283854166689,82.89120276769002,53.1199076573054,639.3472232818604,19.909924330911654,10.94797646434098,10.873740132649743,12.55423507690432,1010.5980501302083,-6.454600095748901,239.96981547276178,502.6928163766861,20.523461914062523,11.456506347656273,16.05654042561851,82.14490763346355,77.59212986628215,111.18055558204651,21.682404433850806,12.354012603479648,10.959085083007835,12.821196492513025,1009.9291276041668,-5.375589052836101,215.19211451212564,568.3272942304611,20.546746826171898,10.474847412109398,15.45956954956057,83.9115743637085,59.121296087900795,712.6180477142334,21.407064527515427,11.640485992522471,10.615769958496116,12.573501841227255,1010.5895865885417,-5.268426716327667,243.67244610190392,502.0983415444692,20.679925537109398,11.412377929687523,15.94995778401695,82.0916649500529,79.00647989908855,35.59722197055817,22.58977187086091,12.909049476841707,10.924849446614587,12.717837270100915,1009.6909244791667,-5.064117809136708,209.39938777685165,585.6696297725042,20.272210693359398,11.041864013671898,15.54479878743492,84.20185057322185,78.11620378494263,586.6666641235352,21.028973261123546,11.769850851238052,10.64044850667318,12.710916137695335,1010.2483040364583,-4.060010492801666,218.0269502401352,497.1015024979909
2021-08-07,23.416650390625023,12.594445800781273,17.38598149617515,80.98194487889607,92.8680550257365,70.27083134651184,35.89415460249295,12.405776893717004,13.214952087402366,13.850349680582724,1007.90994140625,-10.115362246831259,257.2867006883025,426.0004237492879,24.831170654296898,11.971429443359398,17.80237477620445,81.22083409627278,63.51064912478129,400.2152633666992,25.27973361657874,11.627239837082248,14.19159851074221,14.256469980875693,1007.6968782552083,-12.465153574943542,283.1424623330434,367.4657732248306,23.531976318359398,12.517846679687523,17.27367680867515,81.23055601119995,88.66481399536133,70.49305403232574,31.962980581150145,12.44103590824922,13.13345616658529,13.758105214436853,1007.9188541666667,-9.164700865745544,257.9137708793084,427.1002430121104,24.254663085937523,12.040307617187523,17.728087361653667,81.69861173629761,80.62314796447754,194.4652819633484,28.5044595074602,12.072243817071481,14.482392883300804,14.32267532348635,1007.5213541666667,-11.69825619024535,264.08433238168556,348.5646073818207,23.136315917968773,12.295678710937523,17.048621114095074,81.06851768493652,88.82499980926514,34.91666665673256,30.811122148906374,12.049616404687375,12.737755076090536,13.504969533284509,1008.092255859375,-9.115462144215902,260.9448112733662,440.1492593685786,24.159906005859398,12.328576660156273,17.720600382487003,81.14351828893025,86.39027897516887,145.2152805328369,31.698952609924586,12.513501303430113,13.801084136962913,14.18281962076827,1007.5769270833333,-11.511539454261461,261.91336746513844,404.24819501241046,23.269525146484398,12.308465576171898,16.807486470540386,81.17036930720012,83.49027744928996,33.76388894021511,32.61997263011779,11.941521201738814,12.164093271891318,13.27985280354818,1008.226083984375,-8.834173599878946,261.8264986413221,478.7894156773885,23.795648193359398,12.161157226562523,17.25109507242841,81.21388864517212,85.12546237309773,96.02083158493042,31.979599818527323,12.36688700076981,13.09363708496096,13.738502756754599,1008.0079817708333,-9.12932562828064,260.59436922768754,436.62224725882214
2021-08-08,14.799066162109398,12.467675781250023,13.40690383911135,93.07314682006836,99.4643513361613,354.27777767181396,15.0784671196022,10.131960443646646,9.126542663574241,12.299147542317712,1015.898798828125,10.105250783264637,43.36790754583975,242.36717319488525,16.243493652343773,12.350000000000023,14.112723286946638,89.37777837117513,98.52777767181396,410.52777576446533,15.266577226891682,11.413835443885622,8.816684977213583,12.329249318440759,1015.9858040364583,7.352896491686503,109.32587036242087,386.4285380045573,14.945306396484398,12.534692382812523,13.526606496175154,93.2986110051473,98.92777665456136,602.29860496521,16.669133416638612,9.764076420354245,9.222283935546898,12.451660410563193,1015.76470703125,10.300550841415921,37.797165737487376,264.1573136647542,17.659417724609398,12.199975585937523,14.474444325764997,86.89027881622314,99.3652769724528,446.8125047683716,18.375007734031122,11.661174437898765,8.858101145426474,12.194935099283896,1015.9452571614582,6.606643408536911,116.34898179024458,416.71528482437134,15.068963623046898,12.143579101562523,13.440535481770857,93.3518517812093,97.61759185791016,414.75694370269775,17.77171747916372,10.91555920900594,9.137859598795615,12.36464335123702,1015.8133430989583,10.592711551735798,43.69101953972131,283.6926736831665,17.787347412109398,12.480554199218773,14.297903951009138,89.25138982137044,98.37824122111003,300.57638931274414,18.21314275027591,11.080048202069596,9.137014007568382,12.464270528157556,1015.8091145833333,7.794972324743867,77.74601978808641,360.91724252700806,15.231286621093773,12.087976074218773,13.39575093587242,92.6717586517334,98.79259236653645,226.86805486679077,18.35614178679455,11.179286938737695,8.962355550130212,12.211990610758505,1015.8226009114583,10.801595399777094,41.94188850838691,271.4123996098836,17.046563720703148,12.361108398437523,14.001484171549501,89.90462938944499,98.2949062983195,294.0486145019531,17.790042617056884,10.665673846608074,9.132571156819665,12.303736623128259,1015.8247916666667,7.161400417486827,78.56083357458313,306.03136253356934
2021-08-09,21.404534912109398,9.823693847656273,15.73251622517906,75.86296367645264,81.59953673680623,102.99999618530273,7.786605378368593,5.686578858888423,10.844514465332054,11.1850410461426,1020.2555924479167,-9.675561308860779,266.0823649081091,341.78082887331647,21.898187255859398,10.506494140625023,16.21605199178062,76.89861122767131,73.15416606267293,394.09026527404785,8.66512323952487,5.6193923774552745,11.008256530761741,11.86262919108077,1020.1849153645833,-12.025111228227615,274.5593174311022,351.26726337273914,21.564935302734398,9.731225585937523,15.784565226237001,76.50185108184814,65.1379622220993,31.33333396911621,8.644744894699476,5.934445121234062,10.582097625732445,11.35108083089193,1020.3795930989583,-9.942457934220633,278.4471067382644,374.70775640010834,21.929223632812523,10.939904785156273,16.36809056599937,77.01388804117839,84.91064834594727,636.0902805328369,8.441773703759115,5.640878336252507,11.123287455240927,12.038392639160179,1020.115546875,-11.363446315129599,267.59340659404796,339.4477602640788,21.583459472656273,10.192956542968773,16.073606109619163,76.82731453577678,76.75092633565266,25.645833373069763,8.562380423661951,5.098862802462215,10.331450398763025,11.717520650227868,1020.4656119791667,-10.71621831258138,276.1214477128039,401.7777203321457,21.906304931640648,9.967950439453148,15.852586364746116,76.79398091634114,80.07407315572102,464.48611068725586,8.26744649237985,6.027491863873941,10.84021657307943,11.439497884114587,1020.2807584635417,-9.819197118282318,267.6292349547148,343.25020166238147,21.884271240234398,11.322930908203148,16.651011403401714,76.1851863861084,84.9620361328125,1.3125000223517418,7.964197961594832,4.597330717728042,10.620552317301474,12.163630421956384,1020.0267578125,-12.20923544963201,264.7658686377108,412.00935165087384,21.833398437500023,9.873132324218773,15.8089424133301,76.38657283782959,67.9703718026479,277.69444465637207,8.85037411702143,6.017447677357585,10.831032053629599,11.335287984212243,1020.2209375,-9.684303065141043,276.15038306762773,349.17213304837543
2021-08-10,24.978082275390648,12.730645751953148,18.79611994425458,74.29629437128703,31.587037126223247,2.5000000428408384,9.66918809703313,5.000507277586342,14.390646870930993,13.749707794189476,1019.1030533854167,-14.274622082710266,285.56360797584057,375.83395604292554,24.464379882812523,12.964349365234398,18.34524307250979,76.12037070592244,55.3726855913798,106.29860877990723,11.637236640827458,5.73345982239015,14.068156178792321,13.749537404378259,1019.2521061197917,-14.86792508761088,271.3631581266721,379.8621033032735,24.512689208984398,12.802209472656273,18.708936309814476,76.2324070930481,38.074074387550354,7.7013889998197556,12.073261967392936,6.509111116775799,14.36922098795577,14.043178812662802,1019.066181640625,-12.898823976516724,285.7504639873902,383.23162428538006,24.438897705078148,13.147088623046898,18.42710138956708,75.90972216924031,64.52916606267293,37.27083373069763,10.417127151011767,5.9769297988654,14.023797607421898,13.762071228027366,1019.1180891927083,-13.835267742474874,265.816745604078,389.92960886160535,24.268304443359398,12.854791259765648,18.51562906901044,76.93055359522502,38.895833134651184,7.874999970197678,11.750733899934922,6.257889649421081,13.955140686035179,14.030580139160179,1019.088603515625,-12.394657333691915,280.6258675356706,383.44882527987164,25.372216796875023,12.623712158203148,18.89080963134768,74.31249968210857,27.744444330533344,27.999999523162842,9.299657089957366,5.226303503164787,14.942216491699241,13.789402262369833,1018.8707194010417,-15.386012693246206,285.68774958451587,359.5663655201594,24.549981689453148,12.585229492187523,18.432736968994163,76.39490747451782,39.62777850031853,1.0833333260379732,8.758891457989439,5.4407591914832025,13.908478037516318,13.781663513183616,1019.0273372395833,-12.623091220855713,278.62646597623825,379.61817133426666,24.730371093750023,12.705590820312523,18.64596583048505,74.79583183924358,22.472222765286762,4.409722298383713,9.123914294125266,5.546350557142895,14.248925781250023,13.662862396240257,1019.1968033854167,-13.152642905712128,289.4088369185726,374.2682112455368
2021-08-11,24.130303955078148,13.686364746093773,18.86451873779299,79.53703769048055,36.52824090669552,17.680555641651154,10.565042768235601,5.111043035173307,13.777443186442099,14.96745071411135,1020.2950553385417,-9.30680509408315,267.2270952959855,426.9705050786336,24.119104003906273,13.783319091796898,18.83341496785484,79.65555604298909,21.625463118155796,17.277777671813965,8.644933859910354,4.8756218734502665,13.898447926839196,14.985322570800804,1020.252578125,-9.051233013470968,270.4513328522444,412.35621949036914,24.413598632812523,13.588922119140648,18.88491592407229,79.01574023564656,34.15787001450857,25.625000059604645,10.134350440739693,5.0454674150261605,13.68404032389327,14.859419759114587,1020.3488411458333,-9.598932147026062,271.1353471726179,413.4391402403514,23.748162841796898,13.816308593750023,18.760317738850933,79.23287153244019,38.897222156325974,14.083333402872086,9.788897205722085,5.46049631036038,13.50703074137374,14.855123138427757,1020.3388899739583,-8.358802914619446,249.6877211680015,422.3898711204529,24.632653808593773,13.351617431640648,18.83041407267255,79.42638826370239,34.78796321153641,38.24999952316284,10.74611840381679,4.982357468128712,13.60975290934249,14.857559458414755,1020.3478743489583,-9.611749490102133,270.31334902346134,421.0886925458908,23.891900634765648,13.872216796875023,18.74019521077476,80.25185012817383,37.73286998271942,25.527778148651123,11.246885730718219,5.436710450169046,13.577625528971396,15.027795410156273,1020.3850227864583,-8.702587008476257,253.0096124957005,416.5043020248413,24.312799072265648,13.451684570312523,18.78453343709312,78.85185273488362,37.35416639844576,36.1805557012558,9.775688207016914,5.819827063609846,13.320221201578818,14.726639048258505,1020.4765299479167,-9.226659774780273,268.91851366062957,413.9092896382014,24.238885498046898,13.737664794921898,18.945803578694683,78.88935311635335,29.2240748355786,16.854166746139526,10.369844263617779,5.146536136812934,13.811182912190759,14.909420267740927,1020.1750032552083,-9.444656928380331,271.0795048077901,420.4426013628642
2021-08-12,27.195428466796898,14.783380126953148,20.607344563802105,78.7814809481303,51.780556758244835,8.15972238779068,6.632565951716863,5.038465827253251,15.830506896972679,16.435114796956384,1021.0133333333333,-14.51101440191269,277.5612946053346,364.67631459236145,27.320184326171898,14.929406738281273,20.778716023763042,77.79861084620158,52.815277417500816,22.999999523162842,6.626042770884756,4.480635065283271,16.04654210408529,16.40810038248702,1021.4414680989582,-15.569186061620712,278.87709166606265,357.7863648732503,27.117028808593773,15.158166503906273,20.7346867879232,79.08888880411784,58.71157415707906,16.249999821186066,6.9188281280465,4.186532672769505,15.835200246175134,16.632887776692712,1020.898427734375,-14.483445982138315,278.545665572087,364.14182051022846,27.366967773437523,14.969659423828148,20.756233469645206,78.13703616460164,66.08333349227905,32.166666984558105,7.131102069850123,4.573768569858287,16.122881825764978,16.4127187093099,1021.4760188802082,-14.747423748175303,270.3908653656642,353.94412477811176,26.853417968750023,15.192651367187523,20.711803690592472,78.8949073155721,75.5689803759257,9.180555641651154,8.033575432380333,4.618343844078914,16.110670979817712,16.60992838541671,1020.639794921875,-14.112784703572592,271.0807553678751,336.15328474839527,27.531030273437523,15.095452880859398,20.910967763264996,77.49536943435669,55.567129929860435,45.500000953674316,6.667762141372335,4.400477768178479,16.090198771158896,16.41911977132162,1021.126953125,-15.206059793631235,280.9694725573063,379.10797293980914,27.186975097656273,15.286553955078148,20.932459767659527,78.38981421788533,73.67685159047444,0.8333333693444729,7.112138288039236,4.245834110051028,16.37693812052413,16.710132853190146,1020.3433854166667,-14.959196865558624,272.80410346388817,333.1564785639445,27.184533691406273,14.748529052734398,20.693649546305362,78.26435248057048,45.656943559646606,41.83333396911621,7.203728503221507,4.7627756326115325,15.912381744384788,16.39156875610354,1020.9940950520833,-14.868901630242666,283.4469432036082,368.32483692963916
2021-08-13,28.073205566406273,17.780664062500023,21.74793141682945,81.33379666010539,79.20648113886516,139.74305577762425,14.240652437517351,8.100138315730119,17.826245880126976,18.08438898722335,1021.2620638020833,-12.173569227258364,242.2333682924509,347.5462729533513,27.840356445312523,17.159722900390648,21.744145965576195,79.12407557169597,85.45694478352864,21.88888892531395,8.45504382377826,5.793914418176229,17.92266743977865,17.686919148763025,1021.2928352864583,-12.457279523213705,219.40775786340237,299.4424130519231,28.500390625000023,17.676019287109398,22.220910644531273,78.67546288172404,80.43148072560628,13.006944538094103,10.5295639658731,7.550460780250038,18.20288747151693,18.02557779947921,1021.13267578125,-13.856829424699148,246.67217047015825,365.76410496234894,28.376702880859398,17.040399169921898,22.20095087687177,78.33796278635661,76.01203791300456,26.374999821186066,8.021751942900405,5.097559669661598,17.93171335856124,17.911468760172568,1021.625712890625,-14.134662330150604,259.8258011440436,352.56912835439044,28.671502685546898,17.924340820312523,22.333591715494816,78.62407557169597,77.19490830103557,36.625000016763806,13.51361845716134,7.809769825285772,18.13138605753585,18.09919382731124,1021.24525390625,-13.879818320274353,256.3905549198389,387.69855654239655,28.546258544921898,17.216668701171898,22.13269449869794,78.9898149172465,69.38009230295818,22.5,9.092238876819515,6.859669419931746,17.9765398661296,17.97550481160482,1021.26451171875,-14.309975783030191,266.33472345769405,382.687109430631,28.623040771484398,17.984948730468773,22.35492858886721,79.39027786254883,70.15509128570557,37.59722186625004,11.72951445849461,8.26464237791007,18.083692169189476,18.28103408813479,1021.255205078125,-14.131808896859487,261.5159486730893,399.2562416791916,28.407495117187523,17.174096679687523,21.755267079671246,80.21990903218587,69.8282401561737,49.38194362446666,11.896108261162665,7.703708480880224,18.034736887613974,17.8603505452474,1021.0819759114582,-12.129995028177897,257.0911765694618,369.5281765460968
2021-08-14,26.989892578125023,17.283654785156273,21.699089304606144,82.42731587092082,24.365277816851933,221.36111402511597,9.56774668762108,6.085171438664903,16.51341272989913,18.327711995442712,1021.478935546875,-9.981880267461142,259.0670774454872,386.61695528030396,26.256372070312523,17.194390869140648,21.356350199381534,82.74120251337688,30.150925834973652,300.9444465637207,9.540159493093766,6.70364159703666,15.952711995442712,18.0661394755046,1021.6361881510417,-9.116039554278055,242.21473158399263,387.74440745512646,27.483361816406273,17.207788085937523,21.999246215820335,81.92453670501709,14.12361146012942,116.38194465637207,9.554619850799085,5.254284827182976,16.870003000895224,18.50449142456057,1021.217314453125,-11.506569663683573,271.61796000351507,381.49296800295514,26.069635009765648,17.250024414062523,21.402300771077496,82.21481641133626,37.078240393971406,79.39583325386047,9.651032734849062,7.217664280823317,15.859239196777366,18.026245371500693,1021.662890625,-7.359333952267964,224.3117248887817,394.8661873737971,27.509606933593773,17.069940185546898,21.958596801757835,81.74166758855183,14.328240553538004,70.17361080646515,9.304907317115644,5.188975673750403,16.729121144612634,18.42331212361654,1021.270048828125,-11.207740386327108,271.2659042601784,382.91847542921704,26.327783203125023,17.330255126953148,21.519724782307964,81.70231326421101,35.123610562334456,121.77777624130249,9.470971180255436,6.737746644358379,16.265618896484398,18.02248662312826,1021.7052897135417,-8.285201271375021,239.49342997620502,395.4980744123459,27.845697021484398,17.226342773437523,22.129343922932964,81.27407503128052,10.701851832369963,88.4375,8.827294566565588,5.039854275770863,16.980664825439476,18.48367589314779,1020.99974609375,-12.037725488344828,275.07533579319715,377.93390929698944,26.729821777343773,17.293786621093773,21.727287546793644,81.52314694722493,31.90925920754671,128.79861116409302,8.258333195410213,6.109509825658509,16.196523284912132,18.157847340901696,1021.4640559895832,-9.544968128204346,251.49479873478413,407.03219985961914
2021-08-15,28.555108642578148,17.414666748046898,22.34487686157229,78.94074010848999,16.54259231934945,65.47222208976746,10.292708021293047,4.946504272571293,18.104197438557946,18.16176884969076,1015.4810970052083,-10.989698767662048,275.4196640749772,373.5547060569127,28.140191650390648,17.082757568359398,22.057494099934917,79.35786962509155,10.874999776793024,264.5972204208374,7.766905844730421,4.8342390922948715,17.879026031494163,18.000362650553427,1016.3908138020832,-10.425217350323996,271.8631307706237,356.8719691435496,28.322869873046898,17.479028320312523,22.29733047485354,80.18240706125896,23.5587963568978,57.86805474758148,10.580195079811805,4.616974470885739,18.212991333007835,18.36574198404952,1015.406123046875,-10.468104203542074,261.3852575942874,361.87929423650104,28.311456298828148,17.574243164062523,22.19201812744143,80.91712935765584,15.178240741292635,164.90972185134888,10.763854774661949,4.734077797742914,17.97208684285482,18.44654998779299,1015.9986100260417,-10.325435916582743,272.1264902204275,361.86299482981366,28.666253662109398,17.478906250000023,22.26510645548505,80.27685228983562,17.29768547109173,52.791666090488434,11.865868784241272,4.381539888282762,18.0728749593099,18.315512593587243,1015.523798828125,-10.861064553260803,275.5995930756132,386.97920473416644,28.372216796875023,17.459771728515648,21.896765645345074,81.23657449086507,17.237499948590994,127.20833277702332,11.203026135992452,5.369821346361454,17.856599426269554,18.203389739990257,1015.7948307291667,-9.649162213007608,274.1330764442682,384.24034512043,28.302941894531273,17.266748046875023,22.267060852050804,79.74212821324666,29.391204175228875,57.10416758060455,14.876142536658094,5.910063289956338,18.14021453857424,18.213576253255212,1015.22599609375,-9.988603313763937,268.5244447266062,389.1470537185669,28.436883544921898,17.438867187500023,22.4004582722982,79.682870388031,15.674536904979808,144.6944441795349,9.085289736525404,4.334019256145037,18.160787200927757,18.36807022094729,1015.5078971354167,-10.89967962106069,275.46674357851344,382.06677230199176
2021-08-16,23.467492675781273,13.185540771484398,18.195297495524112,84.60601854324341,63.19212861855825,262.6666669845581,23.973966370998582,16.22628113791851,13.350709533691429,15.341221110026083,1013.7093229166667,9.566900163888931,165.34892650321126,613.0111764272054,20.419854736328148,14.079217529296898,17.323536173502628,89.49675750732422,69.05185190836589,257.7083349227905,18.66929713451201,13.560442040232482,13.479292805989587,15.541697438557946,1014.9689095052083,13.294123872493705,94.88774199287097,383.983855565389,22.882592773437523,12.949975585937523,17.88571955362958,86.63333352406819,62.261111398537956,292.45138788223267,24.52915602662985,15.515206394902664,13.38648376464846,15.483179982503259,1013.650634765625,12.218559930721918,146.31937150408825,527.8130168914795,22.444451904296898,13.047601318359398,17.811706797281925,87.89860979715984,66.81944457689922,281.6319465637207,21.898941805264293,14.862009718471183,13.471055603027366,15.64030481974288,1014.2996419270833,12.25957478582859,128.93288895363608,523.2206738789877,22.381738281250023,13.308831787109398,18.014648691813175,85.84490744272868,70.97222159306209,214.33333373069763,20.209895590133108,16.347568326004403,13.207293446858728,15.50321731567385,1013.5740169270833,11.442243055130044,146.62440984447798,589.6732438405355,23.988580322265648,14.956597900390648,19.26669336954755,81.4236110051473,64.23981515566508,179.1944441795349,19.00165140691643,13.954779775059222,13.980334218343103,15.734234110514365,1013.7979557291667,4.094451010227203,211.28233795178434,645.382199605306,21.669702148437523,13.502954101562523,17.871615346272808,86.86574014027913,76.8782406648,201.59027874469757,20.40565833997883,16.297634110642303,13.282454427083337,15.565051015218103,1013.54763671875,10.692799230416616,168.34050158162913,590.4935194651285,23.089837646484398,13.387963867187523,17.93042144775393,85.6458330154419,64.8199075460434,266.45833110809326,22.493585425311167,15.287758248973851,13.448030090332054,15.307885742187523,1013.88421875,10.515029398103556,142.61368419975042,547.4015871683756
2021-08-17,17.558648681640648,9.644799804687523,13.49955520629885,76.26388835906982,71.18611113230388,577.7361106872559,22.569923086639516,13.470427339937487,6.257135009765648,9.072953796386741,1019.106826171875,13.170017123222351,261.31740541756153,767.4683927694956,16.776300048828148,11.284936523437523,13.815966542561872,80.56805674235027,92.15092579523723,702.7708320617676,21.37725003341184,10.886199365028034,6.7417401631673215,10.337724304199241,1018.4133723958333,14.999937112132708,167.26783322915435,636.7034751574198,17.785180664062523,9.408715820312523,13.569446818033876,76.53842560450236,67.84027858575185,610.9305629730225,21.153482616691594,13.095000153296098,6.204045867919945,9.159201558430993,1019.1976920572918,12.880571469664574,264.7662220541388,734.1591774622599,17.168206787109398,10.421319580078148,13.54462585449221,78.26574166615804,76.59212986628215,874.6319389343262,21.142106951610483,12.164601884690638,6.100239054362021,9.553702290852868,1018.897724609375,14.599789577225843,220.18794137239456,717.1441893577576,17.388116455078148,9.719995117187523,13.456192270914736,77.20555448532104,76.11851859092712,490.9097194671631,19.948016566604895,12.027788927137438,6.130708312988304,9.209116872151696,1019.260126953125,13.817063440879187,240.911772477751,699.5025488535563,17.331719970703148,10.387872314453148,13.517386372884138,78.32685073216756,81.50277868906657,693.0138874053955,19.335885079676476,12.138768510096156,6.1603497823079465,9.508818562825525,1018.846904296875,14.665459357202053,222.15801411059996,762.6862109502157,16.878930664062523,9.843988037109398,13.396255747477236,77.62361176808675,81.4759259223938,139.72916686534882,21.12366321264427,12.034728292128994,5.966566975911462,9.274997965494833,1019.3307161458333,14.504792413363853,226.6425182943543,711.5373996893564,17.004937744140648,9.733575439453148,13.229019419352236,77.31111001968384,73.49861200650533,746.0763835906982,21.561789666217663,13.743719676088404,6.078513081868493,9.015982564290368,1019.0725390625,15.447601507107416,252.0749792313824,748.7933535575867
2021-08-18,18.830682373046898,10.713220214843773,13.801080322265648,86.9430554707845,78.93240670363109,175.11111116409302,13.010004350809655,8.533056135282111,7.6882555643717865,11.514402008056663,1018.4882161458332,4.240720291932424,154.26790621255836,463.98366419474286,19.110681152343773,10.992608642578148,14.257374064127626,83.02407391866048,73.93703783551852,624.2986164093018,15.680841100574277,10.394804718411894,8.087492879231775,11.271305338541708,1017.9856673177082,4.059969209134579,157.81236770624915,512.7234671513239,18.592095947265648,10.744348144531273,13.91053161621096,87.5675916671753,81.17222154140472,115.10416793823242,13.529864636246641,9.44197749497444,7.745703633626306,11.742628987630212,1018.2469889322917,4.341047491878271,146.3789288935562,503.9610479275386,18.582360839843773,10.748712158203148,14.067632293701195,86.25416628519694,77.89814901351929,682.3749961853027,14.74707990228466,9.885351239215597,8.051265970865927,11.696791585286462,1017.861982421875,4.3939841240644455,155.4641857383152,486.2232490380605,18.401452636718773,10.246270751953148,13.611853535970075,88.18796253204346,84.78611199061076,123.0624988079071,13.985519368336737,9.139208083586714,7.482839202880882,11.57374216715499,1018.5738411458333,4.500810950994492,141.88053517291942,479.4746992588043,17.993951416015648,10.674127197265648,13.614324188232445,88.64398129781087,78.34675826629002,598.8333320617676,13.809260463480069,9.62209332167268,7.70767745971682,11.677236175537132,1018.4036653645833,5.645568857590358,139.90033063168326,446.14289951324463,18.382379150390648,10.583306884765648,13.815381622314476,87.1680555343628,76.74351797501247,129.5347228050232,13.374030144289243,9.515469083569462,7.464542643229208,11.583561197916708,1018.8352669270832,4.3650667270024615,168.57868360107145,497.76848018169403,18.084069824218773,10.794427490234398,13.591434733072939,87.24305629730225,83.94583368301392,212.80555486679077,13.034026749293371,9.588790078711833,7.578602091471396,11.415260569254599,1018.4482779947917,4.398167558014393,139.40902244423827,434.9541394710541
2021-08-19,19.710992431640648,11.891137695312523,15.481997426350935,81.89537000656128,72.44166652361552,36.58333349227905,9.318813348314618,6.250266238965679,9.692411041259788,12.232289886474632,1016.7527083333333,-4.3934424966573715,148.56027815366784,349.9249576330185,20.314050292968773,12.006860351562523,16.10201161702476,81.4106486638387,63.081019481023155,192.76388788223267,9.319428091072266,6.386259695882669,10.093073781331384,12.7531728108724,1016.710517578125,-6.300095081329346,189.30405729760727,387.7515476544698,19.972497558593773,11.828240966796898,15.61060231526695,81.4851843516032,72.29675935705502,20.291666865348816,6.532034250427542,5.472410403256645,9.612306213378929,12.253902689615927,1016.8172591145833,-5.373839380840461,154.95072220762572,345.44392025470734,20.185723876953148,13.218865966796898,16.123049672444683,81.69398085276286,81.86250019073486,141.10416650772095,8.98273013483116,6.100568473844425,9.84080530802413,12.826016998291038,1016.5959309895833,-6.652778734763463,163.6725540024539,363.5710179011027,19.550012207031273,11.765283203125023,15.451893107096376,81.97916634877522,65.2703705218931,12.701388657093048,7.3192992408218585,5.684791451224233,9.629507954915368,12.218621826171898,1016.98271484375,-4.663578063249588,161.8967212239901,351.7837733030319,20.042810058593773,12.807519531250023,15.903410847981794,81.88749821980794,78.73888842264812,145.4166660308838,9.867508403712009,6.854931660903316,9.7656239827474,12.655390675862634,1016.8122981770833,-6.313864613572757,153.84137364042303,367.3935408592224,19.928887939453148,11.536981201171898,15.47886683146161,81.50462945302327,61.57407442728678,1.5000000023283064,7.781376683833258,6.176048308316261,9.536121622721396,12.136848704020224,1017.0423502604167,-4.7579783002535505,171.2205896253387,373.5380874077479,19.743768310546898,12.427789306640648,15.588811492919945,82.33981386820476,76.87175846099854,150.5,8.183247075049549,6.100620123621201,9.629267628987634,12.43677673339846,1016.8985416666667,-5.2411119639873505,145.40974269310632,331.80079611142475
2021-08-20,22.400415039062523,13.555902099609398,17.425435638427757,78.30740722020467,67.00231549143791,11.520833551883698,5.788575366635336,3.6669007824270854,11.661991373697958,13.407044982910179,1017.2061751302083,-9.841682215531668,197.68327769202492,343.27670697371167,22.168298339843773,14.856530761718773,17.980306243896507,75.06111033757527,81.10879762967427,41.88194477558136,6.744308076137684,3.0169984577335236,11.525809224446618,13.3188301086426,1017.1524381510417,-10.873526265223822,175.21239087823778,358.2260721921921,22.361566162109398,13.337609863281273,17.59249903361005,77.02222220102946,66.97777740160625,9.618055611848831,6.227625426264346,3.296813685759053,11.653096771240257,13.310230509440146,1017.2379720052082,-9.190720995267233,181.33256146125495,359.21681571006775,22.477441406250023,15.311029052734398,18.22663777669273,75.77037080128987,81.4944457213084,27.868055820465088,5.8983477218330345,3.721292638410573,11.663130696614587,13.681359863281273,1016.9493098958333,-11.339272856712341,173.61259177171937,361.60600956281024,22.194451904296898,14.838464355468773,17.731164550781273,77.42824045817058,72.7814802924792,9.125000059604645,7.578911899017518,4.748492038965844,11.50895462036135,13.512727355957054,1017.3052115885417,-8.900284787019094,177.33185176489255,389.3224543730418,22.748620605468773,15.032342529296898,18.167527770996116,74.75555578867595,82.01759163538615,17.1527778506279,6.430475014447556,4.27660774492433,11.862530008951865,13.396830495198571,1017.11681640625,-11.594723085562388,191.52735245848694,379.31243952115375,22.187677001953148,14.654229736328148,17.721331532796246,76.33379459381104,73.01203735669453,2.805555592291057,7.750587194767156,4.718090086079304,11.402651723225915,13.26791915893557,1017.282099609375,-9.141429165999094,184.23379617122313,395.63119240601856,22.330377197265648,14.533135986328148,17.80794423421226,75.80046288172404,82.78981479008992,6.256944477558136,5.374200071421252,4.014257847824209,11.697564697265648,13.269484456380212,1017.1637565104168,-10.756205379962921,178.4689258902023,341.30531247456867
2021-08-21,24.666284179687523,12.838220214843773,18.451331075032574,78.20972156524658,41.62546360492706,10.5,7.181861966268468,4.129656704766209,13.892939503987634,14.258813476562523,1018.866904296875,-9.636139631271362,254.12974637870988,327.11376372973126,24.491540527343773,13.157189941406273,18.492056783040386,79.64675966898601,34.969907112419605,16.833333492279053,8.346859416930828,5.343786104938483,14.065543111165368,14.636808013916038,1018.4879264322917,-9.724879940350851,243.72911017263928,310.5763804912567,24.467736816406273,12.663110351562523,18.210268910725933,78.45046281814575,32.299074272314705,15.666666984558105,7.267817704689497,4.350670844703605,13.813287353515648,14.107120768229208,1018.966806640625,-9.143970251083374,250.32483417602876,315.3278423945109,24.710900878906273,12.987237548828148,18.49959589640302,78.31620168685913,28.200926000562806,14.166666984558105,7.672972305234708,4.939094887081441,14.204573567708337,14.341203308105491,1018.4691666666668,-9.506145119667053,254.78688384592533,318.63904492060345,24.358209228515648,12.645349121093773,18.196139272054058,77.64814694722493,34.52314845720927,1.694444514811039,7.209466427253726,4.099471017191865,13.705218251546228,13.927166239420615,1018.9717024739583,-8.37482488155365,250.4239623422424,320.1899945338567,24.233087158203148,12.766351318359398,18.2824162801107,79.51249980926514,33.68055565996716,15.666666984558105,7.1502197761943185,4.445280778240682,13.809620157877646,14.389316813151083,1019.0392610677083,-8.709498961766561,244.27542479336262,327.2625934680303,24.212915039062523,12.774194335937523,18.188836669921898,77.6486104329427,41.258796652158104,0.013888888992369175,7.002607775597631,4.112037999915679,13.626515960693382,13.93220926920577,1018.920478515625,-8.415487249692282,244.71561247110367,316.34721553325653,24.566888427734398,12.598382568359398,18.170953369140648,78.38888883590698,43.89861116744578,5.5000001192092896,7.062177400861028,3.94952887749,13.720146433512411,14.050014750162802,1018.9000520833333,-9.12961725393931,253.87037155590951,323.4416969219844
2021-08-22,19.403222656250023,14.588342285156273,16.825271860758487,90.57731533050537,95.98425896962483,89.47222252190113,13.88499188524707,6.213169886758181,13.604791259765648,15.226402537028036,1018.44490234375,2.809317260980606,81.33135245146696,184.66239047050476,23.786187744140648,14.848168945312523,17.96395009358726,83.45925935109456,91.44814825057983,53.04861092567444,17.509528345655525,9.517603702581292,14.51416931152346,14.912046051025413,1017.8436197916667,-0.4695164958635966,129.55857406323776,341.21333225568134,20.559808349609398,14.403710937500023,16.971462504069034,90.04629548390706,98.80740769704182,110.92361100018024,15.292685125816352,7.212383247242336,13.530122375488304,15.268657938639365,1018.3334114583333,1.7035662432511647,102.03620243056987,238.9362722237905,23.127770996093773,14.442346191406273,17.462651824951195,85.27222108840942,91.46712843577068,79.19444453716278,15.979345169255563,9.365999838754032,14.124705251057946,14.805085754394554,1018.0926790364583,0.2968359167377154,139.01475504878908,320.0441538492839,20.785821533203148,13.711511230468773,17.03307749430341,89.32175890604655,98.13009198506673,106.61805576086044,15.25190039131312,8.857653628686755,13.201402282714866,15.171108500162802,1018.3742154947918,2.213958293199539,109.74701612768695,298.55927578608197,21.391870117187523,14.068841552734398,17.0923413594564,87.93796284993489,94.85324096679688,80.39583387970924,16.82707939511969,7.49585732754707,13.821469879150413,15.004886881510458,1018.6789453125,1.4499596307675044,110.58816760856037,198.84755937258402,19.721032714843773,14.077203369140648,16.887441253662132,89.17361259460449,97.98749955495198,83.62500062398612,14.395204982329792,9.066163744413302,12.79915262858077,15.020956929524743,1018.48953125,2.420830557743708,104.10378086171113,297.8928337097168,21.842126464843773,13.958276367187523,16.788695271809917,88.49768511454265,98.15046342213948,77.86111246328801,12.953770783937777,8.442713311079928,13.528344726562523,14.74496739705404,1018.5798763020833,3.7829585249225297,80.28727584006265,251.1257140636444
2021-08-23,17.034448242187523,12.119683837890648,14.260154978434267,89.95925871531169,78.61666790644328,364.7638883590698,18.882283336390028,13.514849985827434,8.037464396158896,12.558188374837243,1020.670361328125,6.158671443661054,189.2866308877516,538.9038899739584,17.583337402343773,11.367822265625023,14.432991282145204,88.55046367645264,71.69722143809001,449.22222328186035,15.022821405146194,12.694652273946085,8.114774322509788,12.447990671793661,1020.50490234375,5.77814519405365,201.97947982753007,584.2418378194174,18.384088134765648,11.255456542968773,14.527862803141298,87.85370381673177,57.79074068864187,245.5208339691162,16.278824164530473,12.470655491535075,8.223074849446618,12.38986740112307,1020.6343326822918,5.4144526720047,210.13849516181895,528.6008307139078,16.472192382812523,10.899285888671898,13.904082234700544,91.08148352305095,70.21250089009602,415.46528148651123,17.793680234193157,12.651062781289355,8.092053985595726,12.402903493245446,1020.0828352864582,8.625288934602091,152.58899518529265,502.00756645202637,17.961480712890648,11.745751953125023,14.667663828531923,87.14305528004964,65.77129650115967,221.50000095367432,17.860669413972204,13.092185378899387,8.187399800618493,12.40312220255538,1020.5217317708333,6.360768814881642,194.03874200747427,572.6744899749756,17.471551513671898,11.000848388671898,13.793074544270857,90.36111036936443,68.71250009536743,383.98610973358154,21.796688332510957,15.286539518601202,8.060259755452478,12.139483388264978,1019.96390625,9.900278901060423,133.64691053082547,599.7661177317301,18.036553955078148,11.909936523437523,14.693547821044945,87.4430554707845,70.90925963719685,104.91666769981384,18.24771527571196,13.264033967424583,8.131501770019554,12.502895609537802,1020.637265625,6.843573689460754,194.52157219252936,569.6909027099609,18.058221435546898,11.212396240234398,14.393310801188173,87.68657366434734,63.096295873324074,346.96528244018555,18.642829365377512,13.172924171653973,8.272063191731775,12.255989329020224,1020.7413313802083,4.9628700613975525,214.56746137231434,536.495267868042
2021-08-24,16.971032714843773,11.780969238281273,13.44318542480471,91.1328706741333,89.8402771949768,114.49999904632568,18.773761419397868,11.3629367854287,7.320643361409509,11.955162302653036,1022.2780240885418,5.659356822570165,134.13358817622066,492.97498575846356,17.839868164062523,10.877374267578148,13.516660308837913,89.17592652638753,76.04629635810852,425.5902729034424,20.787884550648272,12.062315622384927,7.3400677998860715,11.6631904602051,1022.052314453125,4.283648236344258,147.45764670129088,484.0900586446126,17.000787353515648,11.017602539062523,13.22889099121096,90.36018530527751,79.8925934235255,121.5208330154419,15.772760815734935,10.926235777109099,7.268872833251976,11.603396352132165,1022.3741276041667,6.139237580200036,121.13446441067693,465.7506612141927,17.551507568359398,10.882745361328148,13.836136118570986,87.02175935109456,67.58101880550385,302.84722328186035,18.39613452672003,12.545113936851195,7.67193501790365,11.583159383138025,1022.1894108072917,3.023962289094925,181.89287174640535,536.0945345560709,16.624780273437523,10.863854980468773,13.059648132324241,92.3300937016805,83.8092581431071,103.17361116409302,16.239654097159775,10.878654493797265,7.39106394449874,11.793453470865927,1022.40193359375,7.1547878086566925,102.2202592547983,436.7584457397461,16.545220947265648,11.044030761718773,13.467070515950544,91.87777837117513,87.536110719045,326.06944465637207,20.540276151580187,12.823933517524042,7.2282513936360715,12.115505472819052,1022.1453190104168,6.790263061722119,120.7157184369086,508.2701930999756,16.301385498046898,11.024499511718773,12.735667165120466,91.28055604298909,92.82500044504802,30.083333373069763,15.916131162529114,10.404885067330826,7.127629852294945,11.280843353271507,1022.6438248697917,7.70181804895401,98.17816330383842,448.13356590270996,16.721887207031273,11.307153320312523,13.619386291503929,91.33750025431316,83.10324009259541,197.7777795791626,17.166053948894657,11.930226740275975,7.3214520772298215,12.152649180094443,1022.1614225260417,5.590802858273189,138.6081676657001,504.99171447753906
2021-08-25,18.556207275390648,9.451318359375023,13.557131703694685,76.4203708966573,21.92129603990664,30.458333730697632,14.462309872738963,10.177022261592827,7.5041302998860715,9.065307871500693,1020.005634765625,-0.7671914100646973,268.3385958718912,578.7616295814514,18.652856445312523,9.284295654296898,13.621372477213564,77.8106500307719,32.18703693151474,148.36805391311646,13.812304744748975,9.74145444070912,7.703570302327478,9.448426818847679,1020.0528971354167,-0.09070368607838948,259.52967968870263,581.0156524976095,18.610955810546898,9.292260742187523,13.465698496500673,76.66574048995972,22.150926443437736,33.833333015441895,12.759444406503158,9.607935579913303,7.6375658671061615,9.022415415446005,1019.9672819010417,-0.3407685309648514,263.7498379284516,548.022761185964,18.810083007812523,9.338220214843773,13.67686487833661,77.56759309768677,34.866666212677956,144.75000286102295,14.941192907411276,10.65380683505993,7.805738067626976,9.44611765543624,1019.9516796875,0.028031657139460247,253.1928829602742,599.3698290983835,18.321984863281273,8.383325195312523,12.970857238769554,77.49166584014893,15.152777607242266,28.33333396911621,13.377981064824453,9.52534870022471,7.348200734456384,8.690310414632165,1020.2419889322917,1.2234440445899963,268.0503277174818,520.0467787583669,18.515405273437523,8.695733642578148,13.156504567464216,77.57453775405884,15.93379669636488,138.83333587646484,15.333930640939489,10.194567082690257,7.582849121093773,8.884383138020837,1020.294453125,1.0281862616539001,265.423779532779,537.6899394989014,18.380639648437523,8.650415039062523,13.031143442789736,77.21713002522786,17.393518526107073,1.9930556118488312,13.641054058815408,9.559293267518585,7.420017496744833,8.707885996500693,1020.1422298177083,1.3741339643796284,263.7611282328144,519.2295866409937,18.604272460937523,9.483544921875023,13.505784606933616,77.33518679936726,46.96435300509135,46.5,14.051979848463278,9.95921811491857,7.593311564127646,9.198340352376306,1020.0181184895832,-0.8737247114380201,250.06485388140814,546.8390072584152
2021-08-26,13.715051269531273,9.068933105468773,10.959031677246116,88.82083225250244,72.98750074704488,53.090277867391706,17.15047622154989,13.087122324024065,7.166375732421898,9.13570048014327,1014.23689453125,12.901745811104774,61.431760652863886,373.8437183698018,14.165368652343773,8.894433593750023,11.42553609212242,86.84768486022949,66.8152786095937,39.0555557012558,15.400141348980993,11.76555585403929,7.5239972432454465,9.245595550537132,1014.9891634114583,11.746722934146723,68.47459255339345,338.16721566518146,13.370599365234398,8.693566894531273,10.904593404134138,88.22962760925293,75.24999952316284,41.124999826774,16.176529453962864,12.878806625287444,7.273933664957724,8.972629801432333,1014.2663997395833,12.923185117542744,56.045907312635485,353.4202335675557,15.448419189453148,8.792749023437523,11.580094909667991,85.98472213745117,68.89166629314423,48.06249988079071,18.089936247794455,12.212915885419976,7.4735516866048215,9.205662027994833,1014.2929361979167,11.370848566293716,92.86464912551067,388.057635307312,14.076135253906273,8.531182861328148,11.036052958170595,87.17037010192871,74.02870257695515,72.74305544048548,17.219009916210435,13.289134072869055,7.40149841308596,8.904809570312523,1014.152578125,11.708739781131348,73.68238952656975,384.96571079889935,14.371514892578148,8.437158203125023,11.077232615153017,87.40231386820476,66.92731428146362,46.152777671813965,17.39559254967245,12.505008688912985,7.232541656494163,8.993479665120446,1014.6793098958333,11.884960194428762,76.7131851305603,363.77573839823407,15.027795410156273,8.863824462890648,11.452100372314476,86.84027767181396,75.25925906499226,67.22222167253494,18.94113535736733,13.547594143041929,7.572201029459677,9.251931762695335,1013.8656217447917,10.19373470187808,82.11573852499714,408.3340102831523,15.486596679687523,8.411828613281273,11.30585632324221,86.93842665354411,73.924538175265,37.416667118668556,20.631776641716552,13.826796800641006,7.29148890177413,9.10110753377279,1014.358408203125,11.172246873378754,93.99340813756378,430.923804918925
2021-08-27,14.957879638671898,8.705316162109398,10.931971486409529,87.13240877787273,72.56435084342957,221.97916746139526,16.713901187336816,11.70279624365069,5.036634063720726,8.744785563151083,1015.5123990885418,6.128127718965213,150.96293942919388,476.99443976084393,14.983361816406273,8.829400634765648,11.275984700520857,84.61805534362793,89.75925811131795,152.8819456100464,15.888662836293497,11.399387635173449,4.887241617838583,8.575991566975915,1015.5310091145833,2.651092231273651,169.82748451372996,548.2419202327728,14.581811523437523,8.951715087890648,11.02790222167971,87.53194427490234,81.05833315849304,210.19444227218628,16.737840799153357,11.829599377655612,5.160244242350302,8.942379252115927,1015.2822005208333,6.0875401347875595,131.95737159789618,471.6684209505717,14.814263916015648,8.767358398437523,11.065674082438173,86.71203804016113,73.06342657407124,151.3055543899536,18.47406502049569,12.363350910164423,4.857912953694665,8.79169362386068,1015.788505859375,3.671796734134356,184.70283239872273,525.2302148342133,15.016687011718773,9.494439697265648,11.251401519775413,88.79675960540771,82.28564739227295,170.93055391311646,18.964618481496956,12.296962526212097,5.411440785725915,9.361318206787132,1015.2852701822917,4.987460784614086,131.79568820487475,458.62821165720624,15.142297363281273,8.438867187500023,10.845100657145204,86.53472169240315,76.43148056666057,277.9097218513489,15.438616920011363,11.307897549653115,4.768477376302087,8.52302958170577,1015.9044596354167,4.682759751876195,154.44279749235525,497.36265269915265,15.988122558593773,9.230584716796898,11.573244984944685,87.3675931294759,73.99953762690227,151.6597239971161,18.45677905566037,11.793748250523842,5.706330871582054,9.389452870686853,1015.089658203125,3.2393765250841775,157.31929487775778,486.13903371493024,15.513421630859398,8.784173583984398,11.219792938232445,85.5680554707845,67.38379685084026,248.52083206176758,15.847778778272682,11.503741113265198,5.057130432128929,8.712929026285849,1015.695703125,4.074168423811595,188.82842259398117,518.7502228418986
2021-08-28,13.412133789062523,8.780633544921898,10.77591730753583,91.84722264607747,89.1865741411845,330.1875,12.48890461095715,10.584209909867196,5.427808380126976,9.450646972656273,1016.500126953125,6.170446677754323,102.29570146153371,386.6332114537557,13.034295654296898,7.698266601562523,10.278890228271507,92.72361119588216,81.25833415985107,305.9166660308838,12.380441729077745,10.367395108257037,5.2538556416829465,9.1211982727051,1016.4033626302083,7.6304669715464115,82.6158700933059,337.9472910563151,12.495782470703148,9.155419921875023,10.533376312255882,93.22685241699219,91.89259195327759,212.4930558204651,12.154838874043287,11.088514941282996,5.248965199788415,9.455099995930993,1016.6782552083333,7.253323843081792,80.54150094340245,387.0649706522624,13.055505371093773,8.583337402343773,10.468865966796898,92.09120432535808,89.35833390553792,362.20138931274414,11.494926691874157,9.54047913888662,5.216099039713583,9.198161061604821,1016.4552311197917,6.581156472365062,91.97159321109454,323.0160036087036,13.022180175781273,9.432458496093773,10.705007171630882,92.23425928751628,94.95138963063557,145.75694453716278,11.877073819050345,10.470669499172825,5.1515124003092865,9.450065867106161,1016.8122330729167,6.09301611284415,83.86310896525781,395.98909759521484,12.871789550781273,8.200067138671898,10.416521962483747,92.08750057220459,86.61296304066975,281.49999809265137,10.853363605260446,9.479751199195796,5.3292950948079465,9.146723683675134,1017.0755501302083,7.650187350499134,69.9034265888234,318.1032025019328,13.833276367187523,9.421350097656273,10.983550008138044,90.86296208699544,93.54768339792888,101.23611003160477,11.429323044967362,10.112670359021314,5.216888682047568,9.476516977946005,1016.8703190104167,5.704836388429006,88.62931567430496,405.9100119272868,13.565026855468773,8.784478759765648,10.819604492187523,91.36620426177979,84.16111262639363,316.6875,11.323783035722041,9.49379658480017,5.6424486796061615,9.419731394449911,1016.6720442708333,6.794980801021059,100.62737211585045,336.7928565343221
2021-08-29,14.424523925781273,8.941491699218773,10.952539062500023,91.9666674931844,93.77963097890218,282.79861068725586,14.025760492087736,10.24834141976281,5.368342336018884,9.625539398193382,1016.5406901041667,2.6934222877025604,128.83083060135445,424.0949363708496,12.738641357421898,8.664025878906273,10.071238454182966,93.34444427490234,96.90786965688069,546.5902805328369,13.454736459273791,9.990380202656088,5.09378585815432,9.017657216389978,1016.6035611979167,7.963130758143961,55.43603737590214,337.1087195078532,13.799066162109398,8.906518554687523,10.77823664347333,90.23240788777669,98.7046292622884,146.3541669845581,13.02798196798009,9.956162704154869,5.195020294189476,9.181877390543661,1016.83552734375,4.315452699859937,103.79398406421144,402.2958342234294,13.777459716796898,9.305535888671898,10.767260487874372,93.04583326975505,95.23148155212402,400.9513883590698,12.111116054136817,9.834760300348881,5.280959065755212,9.642914072672568,1016.9777473958333,2.7429697116216025,96.88477799172203,356.9715887705485,14.704888916015648,8.213861083984398,11.066355641682966,89.91574192047119,98.86527824401855,135.3263874053955,16.679094640181294,11.113050908506366,5.403003946940146,9.38626632690432,1016.8820540364583,1.6152645746866863,142.34505278865495,443.34291076660156,13.925805664062523,9.128289794921898,10.877506510416689,92.51342550913493,99.60138861338298,314.29166412353516,12.113569710707297,9.264923864327038,5.212757364908896,9.662488555908226,1017.0670963541667,3.612528026724855,86.62724304199219,350.69823455810547,13.717767333984398,9.060388183593773,10.805284118652366,92.32129669189453,99.50740655263265,95.68749877810478,13.797435111790175,9.730812027968291,5.318044281005882,9.55325851440432,1016.8402897135417,4.057840519274275,96.26579426477353,385.92967478434247,14.489862060546898,8.960473632812523,11.14915491739911,90.11666711171468,96.38564872741699,259.04861068725586,13.663885528332571,10.843413865952698,5.464432017008505,9.5178212483724,1016.438828125,2.3989177321394286,107.33916801462571,401.2814820607503
2021-08-30,12.695275878906273,10.074182128906273,11.295871988932314,96.61527792612712,99.64583396911621,365.43055629730225,22.686092531347843,15.412095000733393,6.432855224609398,10.763907368977868,1015.493427734375,2.9059064984321594,20.830129854691524,468.3813616434733,12.795251464843773,10.604730224609398,11.378990427653017,95.99212996164958,99.01944478352864,539.9374961853027,16.515375212635945,13.762265958594627,6.2961288452148665,10.755503590901696,1015.0064778645833,2.9330159798264503,32.069111078977585,476.524845123291,12.760003662109398,10.698754882812523,11.424485778808616,96.72314898173015,98.61481475830078,493.06250381469727,17.86113503950713,13.702208160561876,6.352960205078148,10.912629699707054,1015.67966796875,2.7706674138704934,27.10916629092147,464.97861735026044,12.667932128906273,10.112084960937523,11.5095891316732,96.1643517812093,99.82037035624187,341.80555295944214,15.330785512412726,12.779392233497,6.409460957845056,10.909426625569665,1015.338564453125,1.4324233991404374,40.94937068969011,436.54858016967773,13.348840332031273,10.814721679687523,11.601160939534529,96.22777716318767,98.31574026743571,412.0000057220459,17.64060251160836,14.384772794212743,6.612850443522177,11.004801686604821,1015.2687076822917,2.0756355424722037,33.30079569543401,475.77541732788086,12.774468994140648,10.801293945312523,11.494365946451845,97.07499980926514,99.88518460591634,660.0347194671631,13.17592577217426,11.651464296283658,6.369026438395224,11.04047292073568,1015.857431640625,2.873604024449984,21.676758979136746,408.0616003672282,13.352014160156273,10.952416992187523,11.87933247884117,95.78657468159993,98.49166711171468,550.0416679382324,18.69782171767361,12.6869287645506,6.74505513509115,11.206243133544945,1014.955546875,1.012882908185323,42.52764830210557,470.4098587036133,12.876336669921898,10.188470458984398,11.3705510457357,96.87546221415202,99.22962888081868,383.4583320617676,18.314696392147948,13.879471415314342,6.513838704427087,10.881523386637411,1016.001435546875,2.3602015549937883,24.218259022415925,416.5757745107015
2021-08-31,15.714471435546898,10.341821289062523,12.550962066650413,92.1787036259969,84.72731463114421,843.666669845581,13.543735484026776,9.90054878429762,6.957580820719443,11.255738830566429,1020.1919791666667,-0.6423499137163162,114.74744385915498,355.1677145957947,15.254907226562523,9.859826660156273,12.253269449869814,92.23286883036296,90.74536991119385,673.9236125946045,13.01303605321443,10.222819346205796,6.69190368652346,10.962990061442099,1020.33916015625,-2.4153142919143042,106.64481401940186,351.39310876528424,15.497155761718773,10.571557617187523,12.553411102294945,92.76342646280925,91.00324153900146,323.4861116409302,12.165726493091938,10.02963781366035,6.826862589518271,11.364876047770224,1020.3017805989583,-0.093454509973526,119.08311202501257,350.0930398305257,15.763940429687523,10.800836181640648,12.743021901448591,91.32453632354736,98.3564805984497,714.9791622161865,12.75205395638622,10.648855681667635,6.773383076985681,11.283807373046898,1020.231396484375,-4.04474655042092,108.39760927855968,413.4288594722748,15.363885498046898,10.802026367187523,12.590116119384788,92.69305642445882,91.63333320617676,212.58333206176758,12.245490505750103,9.830396171970994,6.874532318115257,11.384804026285849,1020.5442545572918,0.10277230540911357,106.78835052065551,349.0284682909648,15.659753417968773,9.380120849609398,11.98422520955406,92.8032414118449,91.3379643758138,642.9791660308838,10.931679658503382,9.287708438591496,6.79965489705404,10.78036778767904,1020.5759537760417,-0.9643654028574625,114.79385034739971,319.5377226670583,15.321343994140648,10.532830810546898,12.457283274332704,93.54027652740479,92.4791669845581,112.32638847827911,11.983898930587147,10.091924361536707,7.005752817789755,11.394294993082724,1020.61416015625,0.19814921294649443,101.52561149001122,341.8798847993215,15.705438232421898,10.408044433593773,12.403047180175804,92.68518511454265,92.89259306589763,931.3750076293945,10.739369219129395,9.252130813327385,6.806404368082724,11.183269755045615,1020.4291796875,-1.460051517933607,110.06618392032881,350.64751474062604
2021-09-01,18.430078125000023,8.883325195312523,13.309173838297548,79.49675957361858,25.07638863970836,148.59028244018555,10.171360470824055,6.228225884704909,7.230591074625693,9.512485758463583,1024.9108268229168,-4.514512459437053,251.92521677911282,389.4589401483536,18.649987792968773,8.843438720703148,13.378896331787132,78.80046319961548,40.191666861375175,916.1666564941406,8.869662221315478,5.895649213375395,7.23819249471029,9.455884552001976,1024.3249251302084,-5.185962160428365,251.9272490888834,415.82562998930615,18.467706298828148,8.944238281250023,13.293767547607445,79.53842528661092,18.081944420933723,105.60416746139526,10.013116975298093,6.291163138443852,7.235236104329431,9.486491139729821,1025.03283203125,-4.578315615653992,251.8839269677798,398.38491849104565,18.642327880859398,9.065942382812523,13.43439636230471,77.78055493036906,33.51203775467972,416.1944465637207,10.237600802987505,6.468873721205843,7.256013488769554,9.30075352986654,1024.5609733072918,-5.032729427019755,252.06813233097395,424.7064613898595,18.387933349609398,9.879968261718773,13.550856526692732,79.300461769104,32.692129929860435,43.72222137451172,10.056808576281453,6.549898604665561,7.234297688802087,9.696721649169945,1025.3100162760418,-5.237150192260742,251.18238718807697,408.9958775838216,18.527032470703148,9.350976562500023,13.486699676513695,77.95694462458293,45.530555148919426,308.26388931274414,10.130584454859545,5.977146070653126,7.331519063313806,9.357445017496786,1024.791484375,-5.271496415138245,253.6006892348329,389.314605196317,18.530541992187523,9.405847167968773,13.501782989501976,79.7319450378418,29.306018635630608,20.048611044883728,10.349505036018224,6.271380354608888,7.332376098632835,9.745829518636071,1025.13169921875,-5.046243985493978,250.98257634292045,391.8760286172231,18.409448242187523,8.730981445312523,13.133960978190126,79.35601886113484,28.778240223725636,189.54861116409302,9.936448618511527,6.188452164765191,7.1951398213704465,9.286299641927087,1025.0187337239583,-4.403168241182963,252.08383569618067,385.73333434263867
2021-09-02,20.001245117187523,8.246240234375023,13.743239339192732,78.97916618982951,5.102314968903859,1.8333333134651184,17.295456721296087,10.397212224027902,10.085561370849632,9.89206466674807,1024.39015625,-2.71257076660792,251.92572044332823,357.2474437554677,19.391412353515648,8.322747802734398,13.505337015787783,78.37731536229451,1.209259271621704,148.6666717529297,18.79172257650791,11.548511875819642,9.26978708902999,9.518952941894554,1024.7252669270833,-2.068119486172994,252.2229630673925,395.45637734731037,19.869592285156273,8.152398681640648,13.65870310465497,79.05277744928996,0.6259259323899945,0.0,17.933401622304206,10.597601223686707,9.68530934651693,9.837000783284509,1024.5900651041668,-2.5474841396013894,251.64581377307573,372.2223609685898,19.518884277343773,8.296807861328148,13.522648111979189,78.41296323140462,2.8194442627330623,105.83333587646484,18.397317533251204,11.795940934981308,9.84885177612307,9.543470001220726,1024.534462890625,-2.2501304149627686,252.8121630748113,386.16893068949383,19.571008300781273,7.936303710937523,13.435159301757835,79.18472290039062,1.3884259064992268,0.0,17.95205094424114,10.353961121453569,9.66797790527346,9.6419667561849,1024.8204947916668,-1.9799455205599468,251.88322313129902,365.1151948372523,19.850000000000023,8.239801025390648,13.64309972127281,78.5078690846761,1.7902777896573145,43.83333206176758,16.35470744811025,10.219823667464548,10.044942474365257,9.69534581502279,1024.5516276041667,-2.406975507736206,252.35197914888462,346.61624272664386,19.701623535156273,8.146997070312523,13.56363194783531,79.21157375971477,1.7606481537222862,0.0,17.43732635047827,9.945676270419312,9.58247782389327,9.781677500406943,1024.7050325520834,-2.4493151903152466,251.12804856151342,367.5325090090434,20.005548095703148,8.258569335937523,13.747721608479841,78.63194513320923,0.6402778029441833,20.333333015441895,17.010545717704474,10.33012332452867,10.176918284098349,9.823656972249353,1024.2787727864584,-2.8616477251052856,251.98668185373148,349.0580626328786
2021-09-03,21.067132568359398,8.861108398437523,14.581998443603538,79.27175903320312,0.0009259259483466545,0.0,10.590843365821659,7.097799688022602,12.13510411580404,10.747332509358728,1020.118740234375,-5.842990477879842,248.13086958477894,329.72399938106537,21.465081787109398,8.987908935546898,14.821563975016298,79.62638839085896,0.06527778009573619,1.8333333134651184,8.93912202606091,6.125629978801876,12.433574930826865,11.050650533040368,1020.1553092447917,-6.87113740046819,248.48075593759617,307.88132150967914,20.933038330078148,8.716668701171898,14.4780949910482,79.60601806640625,0.0027777779226501784,0.0,11.268670036654916,7.203075960045047,12.050677235921228,10.725052134196005,1019.9648860677083,-5.676986177762349,248.5415518656373,337.00014674663544,21.194635009765648,8.795800781250023,14.575115458170595,79.6888879140218,0.3347222252438466,0.0,9.20586004011258,7.219315589753738,12.44129587809249,10.824721272786462,1020.1062565104168,-6.073737124602,248.7782583658894,307.2480857372284,20.866998291015648,8.520562744140648,14.335505421956404,79.96157519022624,0.0009259259483466545,0.0,11.50431619055152,7.192338816530159,12.197967783610068,10.649851735432946,1020.374423828125,-5.541509469350179,248.82796807835498,332.39268740018207,21.110772705078148,8.611932373046898,14.492209370931013,79.56851879755656,2.87037033153077,0.0,9.820490132647715,6.279417812476815,12.347172037760458,10.712617492675804,1020.2340494791667,-6.411913792292277,248.3864193285505,316.3036262989044,20.861352539062523,8.578057861328148,14.364116923014345,80.04537105560303,0.0009259259483466545,0.0,11.333392593431432,7.53071229000641,12.139283752441429,10.697296396891318,1020.3296451822918,-5.401053726673126,248.83497695376477,334.95766389369965,21.007989501953148,8.767144775390648,14.494266764322939,79.68842554092407,0.0,0.0,10.0190112252577,6.731138529422101,12.181274668375693,10.738941446940146,1020.00900390625,-5.943291525046031,248.45818389207125,321.48612515131634
2021-09-04,21.335015869140648,10.272241210937523,15.441379801432314,78.12314796447754,0.006481481638426582,0.0,8.97214289914127,4.644581865168008,11.602246856689476,11.374041493733728,1017.3569466145833,-6.213683366775513,245.25094816088676,331.3542611996333,21.466271972656273,10.422265625000023,15.570520019531273,78.65787108739217,0.024074074036131304,0.0,10.095418062118515,5.001231912000559,11.506701405843103,11.658418273925804,1017.502978515625,-6.761781136194865,244.6417021031181,332.5038541952769,21.455163574218773,10.270898437500023,15.470672861735048,78.2027777036031,0.007407407586773236,0.0,8.35437617954977,4.73000308605279,11.779246266682946,11.40842208862307,1017.3864485677083,-6.197927951812744,245.58122119307518,328.80901722113293,21.406274414062523,10.522149658203148,15.592954254150413,78.82731437683105,7.3773150245348615,0.0,8.778629854646402,4.53993526393144,11.294492340087913,11.69139124552413,1017.21716796875,-7.035250902175903,243.4098930209875,353.4197498559952,21.346948242187523,10.049981689453148,15.309540049235048,78.11620505650838,0.0,0.0,7.816746363633971,4.616513056490096,11.750185902913415,11.234867350260458,1017.4604459635417,-5.847364187240601,245.85003000249466,328.5446392297745,21.371423339843773,10.350000000000023,15.522999064127626,78.46296278635661,0.006481481677231689,0.0,8.20834644153909,4.188627250194759,11.49195251464846,11.526297505696618,1017.3303580729167,-6.8191297849019366,245.1835881570975,340.4943714936574,21.382592773437523,10.219934082031273,15.440310414632185,77.93888807296753,0.0,0.0,8.424528099304887,4.871896955334525,11.67731882731124,11.326126352946005,1017.3928092447917,-6.0635387897491455,245.58475690086684,334.28214343388873,21.405541992187523,10.341729736328148,15.525675710042341,78.47685225804646,0.0,0.0,9.072043031326217,4.600372620231808,11.557658131917321,11.537140146891318,1017.2822395833333,-6.654284636179606,245.37645515799522,334.3223483165105
2021-09-05,21.690362548828148,10.868218994140648,15.840523020426454,77.04814831415813,12.700000376906246,0.0,11.265470739022593,6.359419096406888,11.631997680664085,11.537937418619833,1019.744228515625,-5.069688161214192,243.20872110376754,335.4396999677022,21.838891601562523,11.061791992187523,15.988666788737001,78.16342798868816,4.2620371133089066,1.2499999701976776,10.069572120959865,6.023973156042556,11.41865946451827,11.908607737223349,1019.8342643229167,-6.51523478825887,241.7430918837587,350.19475710392,21.536676025390648,10.476129150390648,15.602512613932314,76.24814716974895,1.551388897312184,0.0,11.771210135425179,6.394575803773296,11.638183848063193,11.156083679199241,1019.8722102864583,-4.0456022421518965,243.66339769214392,323.1644337574641,21.923791503906273,10.936059570312523,15.913308715820335,77.49722131093343,9.92638887061427,0.0,10.820420773473254,6.3082893086967475,11.708882904052757,11.702300008138025,1019.522626953125,-5.727797746658325,242.30053804566464,333.9723620414734,21.453820800781273,9.986047363281273,15.326498921712263,75.3824068705241,2.3101851418614388,0.0,10.858853435436748,6.447349595645154,11.612805938720726,10.72254333496096,1020.0260677083332,-3.230120599269867,244.58245955904326,317.7826694250107,21.720666503906273,10.750024414062523,15.730720774332704,77.02222331364949,4.473148154094815,0.0,11.332960365980657,6.316820426928699,11.736316935221396,11.418372090657556,1019.4449934895833,-4.948885679244995,243.4822466224432,325.61738908290863,21.569024658203148,10.060876464843773,15.437557474772158,74.5490738550822,2.1634259698136398,0.0,11.035110866590802,6.338102498157718,11.780763244628929,10.664436594645224,1019.8455501302083,-3.461052636305491,244.11046595623097,317.58035576343536,21.685571289062523,10.736077880859398,15.760939534505232,76.55370267232259,8.643055607875189,0.0,11.649540982990306,6.2265907919377,11.626981353759788,11.350972747802757,1019.6746809895833,-4.7972642580668134,243.55356354514757,331.5756525993347
2021-09-06,21.657281494140648,10.028680419921898,15.420755004882835,74.80601898829143,13.764351723405222,0.0,11.393599902661428,6.62936410229942,11.769158935546898,10.658226267496786,1022.988515625,-3.2845935424168906,241.85501985251904,294.8534457683563,21.561761474609398,10.316827392578148,15.543300882975283,75.39213037490845,19.26759222925951,0.0,13.620145551941297,7.5012371292129885,11.690381622314476,10.85444030761721,1023.377275390625,-2.634418030579885,243.17629476885,313.2721572319667,21.527856445312523,9.898614501953148,15.27844899495445,74.95833365122478,2.7615740348895392,0.0,11.870734873523832,7.0091349769785545,11.776668802897177,10.555627441406273,1023.1042610677083,-2.6535778641700745,242.39892173310122,294.5804681777954,21.450250244140648,10.188256835937523,15.361769612630232,75.15555636088054,17.0078707318753,0.0,12.515649916806021,7.531474697491061,11.665055847167991,10.652186330159509,1023.2193098958332,-2.5138774712880454,242.53518733382225,301.3081001838048,21.286889648437523,9.668939208984398,15.049693044026716,74.14398177464803,4.325462999443213,0.0,12.008007325766435,7.63154207906575,11.74015833536788,10.147756195068382,1023.2842447916668,-1.7075103123982747,243.0535188615322,297.00531164805096,21.753320312500023,10.168939208984398,15.501430765787783,76.94768524169922,2.308796314522624,0.0,11.133179992702072,6.430890486577144,11.695481872558616,11.161003367106161,1023.11732421875,-3.8764564196268716,242.2952060351769,302.1151321729024,21.509423828125023,9.955133056640648,15.303313191731794,74.55046192804973,3.2777778282761574,0.0,12.67021459536923,7.855920783958975,11.879861450195335,10.475503540039085,1023.0059342447917,-2.4855264027913413,242.74260704716048,301.7936764558156,21.776147460937523,10.180017089843773,15.586353556315126,75.4444449742635,3.156481432262808,0.0,10.566480452294424,6.028950423808475,11.71844380696615,10.958768463134788,1022.9756608072917,-3.9182490905125937,241.79990919927755,300.2206967671712
2021-09-07,21.577752685546898,10.581567382812523,15.396977996826195,75.95370483398438,56.77546281615893,0.0,11.734373741111115,6.860241887184716,11.81302413940432,10.863281504313193,1023.0162565104167,-3.1930970748265586,225.88929461936155,289.05260888735455,21.760186767578148,11.620629882812523,15.971644337972029,75.55185254414876,84.8902775446574,0.0,9.334482858696097,5.781987266728209,11.695980326334677,11.386856333414755,1022.6352734375,-5.012766480445862,213.64753879234195,295.0957060257594,21.482934570312523,10.800408935546898,15.322866058349632,76.51064729690552,61.06805559806526,0.0,12.266880971744007,7.175364440340714,11.910272216796898,10.914002990722679,1022.9778450520832,-2.9392590324083963,219.4136448353529,282.68899134794873,21.506524658203148,11.100671386718773,15.686481730143251,75.59675947825114,88.96851825714111,0.0,10.028371522235707,5.91958935773605,11.94377161661788,11.122403717041038,1022.8128548177083,-3.816298544406891,210.38538917402425,266.18704481919605,21.582543945312523,10.721368408203148,15.414194997151716,76.77361090977986,69.66435156265895,0.0,11.514249059712903,7.081202043490308,11.620689646403036,11.034577941894554,1023.4271516927083,-3.422256668408712,212.76748251294097,287.64665905634564,21.612817382812523,11.056176757812523,15.649148559570335,75.6976850827535,76.13611046473186,0.0,10.12935736354471,6.254132483402512,11.951168314615927,11.07511672973635,1022.994755859375,-4.705078323682149,228.83394695073366,282.87981788317364,21.554223632812523,10.838769531250023,15.523675537109398,76.31435187657674,71.57037095228831,0.0,10.569256663854919,6.875799444540813,11.819791412353538,11.0716377258301,1023.24478515625,-3.5027684370676675,201.9878627906243,271.05404301484424,21.642663574218773,10.795373535156273,15.497518157959007,75.36666774749756,78.15833282470703,0.0,11.581463703534157,6.703328433114241,12.09659093221029,10.849334971110068,1022.9677604166667,-3.199820041656494,220.72151859352985,272.7488357623418
2021-09-08,22.194909667968773,9.825189208984398,15.544034576416038,78.28935098648071,37.244907846053444,0.0,12.161299797088395,8.956075439986119,14.374506886800134,11.508297220865927,1018.5326595052082,-3.543628692626953,235.10418209930262,244.5714453458786,22.550012207031273,9.953149414062523,15.74341990152997,78.45463021596272,11.479166640589634,0.0,12.05545416501061,8.521115177243,14.868616994222009,11.736240641276083,1018.0817838541667,-4.917204916477203,235.1309413438042,237.6820967992147,22.350061035156273,9.780725097656273,15.554597473144554,78.34074052174886,36.765740394592285,0.0,12.402158004472227,9.06854980038617,14.619746144612634,11.530965423584007,1018.1426497395832,-3.7657867471377053,234.65264817451438,240.04150839646658,22.312768554687523,9.955499267578148,15.482996877034529,78.71944443384807,20.644444965058938,0.0,12.293157886297855,8.900800575903155,14.780090586344443,11.510341898600302,1018.2409635416667,-4.216674884160359,235.46123833209276,243.37729434172311,21.994409179687523,9.625817871093773,15.322349802653017,78.09583298365276,39.37037066618601,0.0,13.33441892304346,9.486984182364425,14.499332682291708,11.249820963541708,1018.3325227864583,-2.8384951104720435,235.22619779407978,247.87306054433188,22.127770996093773,9.691400146484398,15.376865641276064,78.21388864517212,25.69953626394272,0.0,12.373437070002668,9.171385563217079,14.41629562377932,11.322536722819052,1018.7360026041667,-3.56352690855662,234.71049885700145,248.0291568438212,21.912835693359398,9.515405273437523,15.241607920328798,77.99953730901082,44.33472200234731,0.0,13.162282368425915,9.660482129299302,14.50802892049154,11.163109079996786,1018.0701302083332,-2.6136072327693305,235.48877519120774,253.8777573108673,22.154504394531273,9.743920898437523,15.434084828694685,78.1180550257365,36.33796258767446,0.0,12.578611159059788,9.107213384932551,14.37028528849288,11.378746287028036,1018.4383561197917,-3.5599394043286643,233.79386875530085,244.34739418824515
2021-09-09,23.783959960937523,12.277246093750023,17.259914652506534,75.17962948481242,9.840277607242266,4.083333384245634,12.110346322521504,7.20775985135188,14.780268605550134,12.46128870646163,1014.876669921875,-9.19175942738851,220.68631128966808,340.98297528425854,24.438897705078148,12.134423828125023,17.64566828409833,74.79907306035359,17.072222242752712,1.1666666585952044,7.281968201682167,5.166976545500663,15.382484690348349,12.718007659912132,1015.6140201822917,-10.188342769940695,222.462555060784,293.3786296447118,23.941918945312523,12.702569580078148,17.451706186930362,74.20555512110393,19.657870322465897,1.6041666641831398,12.189904885916151,7.307463492765568,14.846006011962913,12.469131724039755,1014.9566048177082,-9.139324307441711,220.99048165169856,347.01711161931354,24.360955810546898,12.334497070312523,17.73942082722984,74.8240737915039,10.459722508986792,4.7083332212641835,8.76127998415517,6.255134659008465,15.260198211669945,12.818231201171898,1015.3339322916668,-10.382962465286255,224.84220262865225,313.8230251073837,23.798120117187523,12.767816162109398,17.23991165161135,75.06064875920613,18.324074029922485,0.7708333525806665,11.573475912806572,6.932240515075507,14.67149378458663,12.438063557942712,1015.2075390625,-7.804009318351746,202.13649728211263,307.0267318089803,23.750939941406273,12.244958496093773,17.001724497477237,76.73564863204956,23.452777693669002,9.930555635131896,9.474709966704896,6.387760577491531,15.16483078002932,12.570059712727868,1015.2574544270833,-7.682038267453511,194.80749871085087,262.50605575243634,23.170831298828148,12.535394287109398,16.97986755371096,77.14907439549764,20.078240513801575,3.1805555894970894,9.470303474081854,5.91995432401243,14.805266316731775,12.633816019694052,1015.0113671875,-7.181867043177287,186.56576018035412,243.65273610750833,23.251611328125023,12.296960449218773,17.17751210530601,75.56296189626057,14.69212978767852,6.812499957624823,9.572517499968205,6.421053346686034,15.01139856974288,12.476576741536462,1014.9874446614583,-8.425919016202291,212.66218158851066,285.87194581826526
2021-09-10,23.226434326171898,12.542779541015648,17.333318328857445,79.56296396255493,21.63055545091629,36.23611107468605,8.525113097054497,5.222734012962262,13.385856882731161,13.5053700764974,1015.8290657552083,-8.453589598337809,223.39194706330696,274.9664538701375,23.072229003906273,12.711724853515648,17.30274098714195,80.55231444040935,42.748146990935005,57.36111092567444,8.778027588813947,5.726698595078246,13.34076588948568,13.704614257812523,1015.5947916666668,-7.170552651087443,211.6605726008614,272.4243492285411,23.294030761718773,12.548944091796898,17.18514149983726,80.09629694620769,20.878703872362774,44.77083361148834,8.770967687697393,5.48860211950754,13.40015309651693,13.4854560852051,1015.8012955729167,-6.862996061642964,223.48069206128517,277.8418476184209,23.220025634765648,12.648187255859398,17.398557281494163,78.58518489201863,52.47453737258911,31.24305585026741,8.989257508524494,5.238194810026163,13.290312703450525,13.379579162597679,1016.11435546875,-7.517292896906535,221.35822001347938,313.93196936448413,22.790582275390648,12.438256835937523,17.064694976806663,80.35231526692708,39.556944807370506,48.72916662693024,8.846247036231134,5.546988631062102,12.955073293050134,13.438654836018884,1016.2320930989583,-6.653713881969452,218.1739060698698,293.85584751764935,23.446557617187523,12.397821044921898,17.425949350992862,76.67268641789754,18.189351836840313,21.166666835546494,7.716990089797031,4.536121861926758,13.557420349121116,12.968998209635458,1016.0670768229168,-7.814352869987488,224.47709623724222,307.7935479084651,22.719171142578148,12.686059570312523,17.073428090413433,81.94074074427287,54.49259181817373,43.58333280682564,9.242483770916921,6.409211492063199,13.049021657307946,13.733253733317099,1016.1001106770833,-6.289061725139618,216.47249328531325,295.925640185674,23.344415283203148,12.376000976562523,17.259871419270855,79.15092611312866,27.0476851662,39.847222566604614,8.020557229620515,5.729577450315127,13.387648518880212,13.305543518066429,1015.6891276041667,-8.098812540372213,224.07051018128791,305.0004498561223
2021-09-11,20.772210693359398,13.785668945312523,16.234421030680362,87.33425998687744,89.38194417953491,123.76388835906982,8.93235811415005,5.892478812805213,11.556147511800134,14.003388977050804,1017.9455501302083,-0.01568809648354848,124.43568505501996,260.39657402038574,19.550378417968773,14.328210449218773,16.21024856567385,89.59768390655518,96.43888886769612,310.14583253860474,10.395236313077373,6.493340875042738,11.325747426350915,14.39820251464846,1018.2455924479167,0.8167228599389394,103.33448495529592,270.5561267534892,20.516290283203148,13.451898193359398,16.21959966023765,87.46759287516277,88.42268522580464,145.37500047683716,8.977878558758727,6.132994792443777,11.445289866129599,14.021816507975302,1018.02638671875,0.05916135013103485,131.6685554186503,254.7166736125946,21.316674804687523,13.212731933593773,16.588747914632183,85.1402775446574,73.50370387236278,183.5833330154419,8.896761338595736,6.714190281138573,11.44065882364913,13.876154836018884,1018.26048828125,-2.0267932129402957,181.7756651112189,372.9701586564382,20.749810791015648,13.977990722656273,16.329900360107445,87.12268384297688,92.9611120223999,160.63194465637207,10.77116795423923,6.644784549680338,11.42051722208663,14.026399230957054,1018.3343326822917,0.6273894409338633,121.8635757661735,320.3084478378296,20.434655761718773,13.127770996093773,16.516442871093773,85.76018524169922,89.8657414118449,170.01388883590698,8.628713730415338,6.320434331759471,11.740188852946005,13.990065511067712,1018.121005859375,-1.692059874534607,167.07199794550738,271.66923383871716,20.359216308593773,13.874627685546898,16.016500091552757,89.1560173034668,87.20648097991943,114.94444489479065,12.039497849339257,7.363667728503569,11.377866363525413,14.13489939371749,1018.6073828125,1.2952239910761516,127.68164430496593,288.47069573402405,20.626794433593773,13.178918457031273,16.358855183919292,85.56851800282796,85.43935092290242,121.52777695655823,8.452319036690705,5.631685104549169,11.553432718912802,13.789088185628259,1017.9683756510417,-0.9872930149237314,156.225631200398,276.24559712409973
2021-09-12,21.274194335937523,12.232385253906273,16.473847961425804,83.98240598042806,37.90046301484108,86.0069432258606,5.358601840101272,3.4327323645535155,10.975225067138695,13.57584152221682,1017.9524641927082,-4.704401095708211,180.05051683510342,291.13437485694885,20.938226318359398,12.190728759765648,16.326219177246116,83.42777887980144,52.47037013371786,231.55556201934814,6.63585137467674,4.2896946706199754,10.790310160319052,13.313382720947288,1017.6760319010417,-3.78602925936381,155.8188703370591,284.93592071533203,21.522546386718773,12.279138183593773,16.513622538248722,83.73425960540771,34.76481485366821,61.74305534362793,6.073758227179905,3.8056605057850423,11.120313262939476,13.563405609130882,1017.9575520833333,-4.689054052035014,195.45248082404336,303.0358837048213,21.071313476562523,12.143151855468773,16.304259236653667,83.51111014684041,56.00046292940775,254.65972423553467,6.1835166475013805,4.123922666436779,10.847196197509788,13.285632069905603,1017.7974283854168,-4.027557094891866,186.0482193144659,315.99698555469513,21.021905517578148,12.181451416015648,16.164422607421898,83.9574065208435,37.075462778409324,71.0972228050232,6.49516915018521,4.0646074039278615,10.819556172688806,13.260463968912802,1018.2344889322917,-3.4007165829340615,186.54439118628702,287.2942140499751,20.955255126953148,12.294976806640648,16.276236470540386,84.6472225189209,63.070369799931846,222.21527767181396,5.9310360057898235,3.83248011541324,10.779588317871116,13.506710306803427,1018.204921875,-3.0477574666341147,179.10029211764535,292.7439417044322,21.374414062500023,12.096337890625023,16.396691894531273,83.34259223937988,39.04166571299235,26.375,6.071669118053953,3.7516235534144386,10.799039459228538,13.377146657307946,1018.2029036458333,-4.933630267779033,194.22012789174914,311.4323742389679,20.836297607421898,12.238916015625023,16.151256815592472,84.78842576344807,37.17777725060781,171.45138692855835,6.647271443777506,4.336984079712773,10.734206136067712,13.424827829996786,1018.1761979166668,-3.713860511779785,187.71370478253812,280.5869685014089
2021-09-13,22.396997070312523,12.399682617187523,16.789112345377628,81.46481498082478,53.29398159186045,23.875000476837158,6.854252878429886,3.95343415065911,12.024041748046898,13.379449462890648,1017.2492740885417,-5.77933794260025,204.94998197133341,308.66309873263043,22.190179443359398,12.538903808593773,16.800911204020206,81.94120279947917,67.69305531183879,99.03471851348877,7.035112189357284,4.246754492863499,12.01240183512374,13.49190165201827,1016.916767578125,-5.322903235753377,203.02409035960832,304.1452766259511,22.286920166015648,12.227105712890648,16.627609507242862,82.10786978403728,53.531944235165916,17.98611146211624,7.078647062967103,3.9684596169303568,12.143693542480491,13.365332539876306,1017.4167122395833,-5.438197334607442,200.75296930844584,286.41352784633636,22.331079101562523,12.653344726562523,16.90528259277346,80.92638826370239,61.42453662554423,74.1111102104187,7.228029644256675,4.445823658890311,12.008050537109398,13.3864735921224,1017.0311946614582,-5.49376384417216,211.30847692055008,320.91367443402606,22.012048339843773,12.118920898437523,16.435573832194034,82.6629638671875,59.40740672747294,7.381944388151169,7.505446721336236,4.115567630581236,11.966967519124353,13.297795867919945,1017.6834993489583,-4.596298694610596,198.9709583092481,280.15355857213336,22.103906250000023,12.275170898437523,16.55464960734052,81.33240747451782,55.400926212469734,74.63889026641846,6.918795543295923,4.128229052878126,11.832229868571005,13.12980677286788,1017.3614811197917,-5.144416928291321,202.08068283523122,304.8133599758148,22.018090820312523,12.284692382812523,16.50836588541669,82.47036918004353,60.935648679733276,0.041666666977107525,7.591680974964705,4.137535217164385,12.026027933756552,13.317708587646507,1017.6944596354167,-4.618372976779938,199.6607814397042,284.68170166015625,22.394555664062523,12.789178466796898,17.04502385457359,80.30833260218303,61.251388569672905,32.37499952316284,6.773574448263828,3.8494206491681364,11.827259318033896,13.413507080078148,1017.10755859375,-6.636520246664683,205.26603609789163,331.4275597333908
2021-09-14,23.916650390625023,12.890405273437523,17.89439671834312,81.80370267232259,74.08055408795674,1.2638889141380787,8.371557406986291,6.374001741117861,15.153438822428427,14.456943766276083,1015.9276985677083,-9.085091173648834,209.9096498779642,230.72004147370657,23.561090087890648,12.906518554687523,17.117360687255882,84.30740769704182,83.16898107528687,70.0625,19.93045119789098,7.914396442119244,14.09291483561202,14.140786743164085,1015.787138671875,-5.737882862488429,178.21292505490905,246.91629815101624,24.136651611328148,12.857171630859398,18.00391540527346,81.5379638671875,64.52731442451477,5.034722194075584,8.324083295458909,6.172555277831228,15.076929982503259,14.502154286702478,1016.153271484375,-9.416104972362518,213.53684682010984,230.35156186421713,23.733392333984398,12.725610351562523,17.42360076904299,83.0171292622884,79.2625002861023,46.708332777023315,9.948881362237545,6.3393942496127735,14.222197469075525,14.209743754069052,1016.1146126302083,-7.2169419924418134,184.9981127870269,237.11805733044943,24.268945312500023,12.851281738281273,17.959546661376976,80.97638909022014,55.95231429735819,7.333333253860474,7.16290953893496,6.099611684396545,15.046118672688806,14.330252583821618,1016.38669921875,-9.344715436299643,214.74868181782463,236.65593326091766,23.854058837890648,12.786279296875023,17.757883961995464,82.24675957361858,70.20555559794109,7.5625,9.463112871240076,6.773668549474093,15.386862691243493,14.416874186197958,1015.7235774739582,-9.03913519779841,210.5188501062803,217.12582532564798,24.317315673828148,12.916680908203148,18.06339289347333,80.57361078262329,61.574538707733154,0.15277778171002865,6.98112300510617,5.806547365328523,14.915556844075525,14.362798309326195,1016.220576171875,-9.586201826731363,212.06705629266798,237.25911255677542,23.794915771484398,12.764001464843773,17.741081492106144,82.59259223937988,73.2092588742574,0.7361111072823405,8.346707623085987,6.330679721541511,15.183082834879599,14.482811228434286,1016.1154296875,-8.81326182683309,206.250734278777,216.0880044301351
2021-09-15,21.269403076171898,15.544244384765648,17.44545135498049,86.1652774810791,98.95416641235352,0.5208333372138441,8.976363231279796,5.453459456771623,15.38238423665365,15.040291086832724,1014.6689778645833,-2.5277838756640754,93.62251852359623,137.448295990626,24.385766601562523,15.603570556640648,19.13151321411135,84.2416672706604,99.73287041982015,115.70138776302338,10.795538224335706,5.823299005081668,14.747101084391318,16.171094512939476,1015.1404557291667,-9.755063116550446,150.08666713411608,255.35451805591583,22.633111572265648,15.931268310546898,18.119201914469425,82.6629654566447,98.99583307902019,4.062499962747097,10.298422222509094,6.553901794460603,15.406542714436853,15.00070470174154,1014.7555989583333,-4.545174936453502,110.13031371310353,160.1403353214264,20.733117675781273,16.230310058593773,17.813082631429058,88.7912031809489,99.9569444656372,87.49305582046509,7.934620403056017,4.72239445880408,15.242285664876306,15.873040771484398,1015.80478515625,-2.324002188940843,59.91379649440447,84.74858617782593,21.708306884765648,14.789239501953148,17.841402943929058,85.19629510243733,93.14305607477824,8.798611015081406,13.764391975722692,6.174570941479327,15.051805114746116,15.215238189697288,1015.0428580729167,-3.9609806736310325,123.8669067368998,199.74648439884186,21.708795166015648,16.106958007812523,18.09034881591799,83.47407372792561,99.9606466293335,7.916666805744171,9.314590780110318,4.5087003060232655,15.269647216796898,15.193705495198571,1015.5276953125,-4.916799330463012,70.05529788206331,92.97198406855266,22.667382812500023,14.347406005859398,17.617508188883487,84.32083447774251,87.09953784942627,15.555555868893862,14.002789014646318,6.945559356324572,15.072605387369833,14.783630625406943,1014.9848307291667,-3.3656135201454163,136.0223904796876,245.8362888097763,21.702081298828148,16.312280273437523,18.172978973388695,84.53657627105713,99.87314701080322,5.652777820825577,9.71595179593109,4.45993935856029,14.79423294067385,15.44721374511721,1015.15576171875,-4.593132168054581,77.61529793047036,112.43624023596446
2021-09-16,19.732812500000023,14.444787597656273,16.76332753499351,90.33055464426677,98.80277824401855,144.80555629730225,13.798737011795158,7.624601033336016,11.668138122558616,15.097311909993493,1015.1427994791667,-1.7165335689981778,95.84492894875196,282.391797542572,20.188104248046898,13.909417724609398,16.5322573343913,91.99814669291179,99.64351812998454,105.97916626930237,16.65086069229711,9.855134379076658,11.509049987792991,15.168923950195335,1015.5207291666667,1.0590786061560113,92.67505842610262,376.89996178944904,19.976953125000023,14.165673828125023,16.511087036132835,90.72407499949138,96.4194434483846,52.59722292423248,10.990567351632343,6.990606806959421,11.9577461242676,14.929105377197288,1015.2517447916667,-2.1839386373758316,86.0804622710372,224.50908104578653,20.966455078125023,14.151971435546898,16.63107070922854,91.57823944091797,99.73518498738606,99.06944519281387,12.937261585887875,8.37301917811166,12.089270528157556,15.167293802897177,1015.53599609375,1.7857104738553364,93.1062567771102,310.9029884338379,18.135644531250023,14.287133789062523,16.09976730346682,93.48379484812419,98.0481465657552,184.78472232818604,10.594297182081169,8.382260796701917,11.385942077636741,15.010732269287132,1015.6877571614583,0.8654607553035021,70.1758327462788,259.8498878479004,18.861352539062523,14.025811767578148,16.154316202799503,93.28194586435954,99.76018555959065,162.48611307144165,11.229287550128259,7.7224467716981025,11.56937942504885,15.028134918212913,1015.565927734375,2.900277227163315,75.32157488609664,253.2341515223185,17.035668945312523,13.338891601562523,15.69242884318036,95.37268575032552,97.56574058532715,193.99305200576782,12.063095168533954,8.624073224059686,11.051314290364587,14.935759480794275,1015.70134765625,3.077895080049833,45.56979606874908,259.19679896036786,18.718652343750023,13.699029541015648,15.828364308675154,93.24953842163086,97.49166520436604,233.125,9.717471163416269,6.667971940797535,11.457332865397177,14.69649149576827,1015.6500716145833,3.6508334701259932,55.04524069970163,198.57879734039307
2021-09-17,18.190881347656273,9.436547851562523,13.716395314534529,81.37638982137044,44.434259017308555,199.6666660308838,8.668353820592841,6.999262393855299,7.606663004557333,10.300538635253929,1016.1134700520832,3.7712743481000266,205.28729863585127,425.58962376912433,18.270532226562523,10.772821044921898,14.250547027587913,80.06250015894572,57.31296265125275,372.37500286102295,11.677344681327384,7.342722433015003,7.93547083536788,10.595833079020224,1016.0334440104167,5.041134273012479,190.4349057636767,467.44827365875244,17.493585205078148,9.548181152343773,13.731380716959658,80.87685124079387,73.21342571576436,203.625,8.499593095018708,6.36989732089798,7.5003219604492415,10.279944356282556,1016.0421744791668,5.575462544957797,141.61888940752638,352.4313317934672,18.332757568359398,10.383325195312523,14.24271926879885,80.50740718841553,45.37546304861704,220.78471899032593,11.718055654907051,7.334647921667425,8.14259745279952,10.665911610921228,1016.2179329427083,3.617430062343677,207.9450558332804,464.2072290579478,17.324395751953148,9.273400878906273,13.554715728759788,79.0916674931844,73.40231625239055,209.3263864517212,8.001603680104358,6.15325005001954,7.256574249267601,9.737388865153036,1016.4599283854167,5.786433607339859,149.52077984433467,340.0781651735306,18.255975341796898,9.691705322265648,13.982769266764345,80.96712859471639,51.723148266474404,295.8958339691162,9.514422068955021,7.217349716026841,7.955696360270224,10.502937571207724,1016.2980696614583,3.9030774533748627,197.8994377416481,436.1449766953786,17.014215087890648,9.185693359375023,13.25266036987307,79.45879729588826,76.19583543141682,14.583333194255829,8.990835426520167,6.184198067102524,6.963112131754599,9.49982604980471,1016.606416015625,7.072383403778076,139.9172803920616,323.5414278109868,17.855401611328148,9.090844726562523,13.338576253255232,82.08286968866985,42.95370405415694,404.5763931274414,9.657771814494229,6.936308774808247,7.476869201660179,10.079103088378929,1016.2653776041667,5.408484061559041,201.9103909097224,412.4054302374522
2021-09-18,19.027581787109398,9.730004882812523,14.116863505045595,73.30046288172404,45.524999817212425,2.840277761220932,7.514919110341118,5.2929182148976155,8.320755259196005,9.166406250000023,1015.3283333333333,-1.2661681299408276,206.59963035583496,368.91364574432373,19.023889160156273,8.918145751953148,13.51291681925458,76.84351825714111,19.474537266107898,200.3541612625122,6.203445166853948,4.359495333207469,8.219913736979208,9.243979390462243,1014.9889680989583,1.6117419352134068,195.69649942715964,355.161101937294,18.790551757812523,9.665551757812523,13.913772837320986,74.03009366989136,47.22500002384186,3.1597222089767456,7.566445537511276,5.718677558771714,8.217271423339866,9.124869283040368,1015.3758203125,-0.3392299214998881,200.12079574664435,361.3812637726466,18.604425048828148,9.882135009765648,14.199150339762392,73.52500009536743,50.68888886769613,206.3750057220459,7.560077194335689,4.986395813480314,8.195500946044945,9.310576375325525,1015.566298828125,-0.2838468054930369,180.13223799069723,382.6463979880015,18.673608398437523,8.641748046875023,13.477257029215517,75.91342544555664,39.927777806917824,1.7013889215886593,8.239707601271734,5.38446475267926,7.984370168050134,9.076392110188806,1015.7635677083333,-0.06552579998970032,208.02520539363226,361.01836534341174,18.726556396484398,9.649407958984398,13.965576426188173,71.85601838429768,47.61111048857371,210.72222137451172,7.517387742944383,5.0738334847218765,8.011697387695335,8.72972132364913,1015.5960579427083,-0.010618279377619425,195.55716474850973,380.72279683748883,18.718011474609398,9.053277587890648,13.844763692220075,74.72731447219849,43.40324029326439,0.07638888945803046,7.45783159589589,5.217926430254605,8.020860290527366,9.203895823160849,1015.6269921875,-1.6063726544380188,209.36396622657776,367.24817105134326,18.569116210937523,9.183343505859398,13.562361653645857,74.54490852355957,46.32129589716593,16.229166388511658,8.483994491216421,4.84787430322826,7.764417266845726,8.872244771321618,1015.317060546875,0.9265924866000811,201.7562758922577,372.8197327057521
2021-09-19,17.219628906250023,7.761651611328148,11.877722676595075,84.56712913513184,39.92222217222055,5.09722219966352,13.965890920694427,9.095920165338084,7.380298868815146,9.176629638671898,1014.1298372395833,7.947512100140254,130.17875784635544,360.4728886286418,16.949975585937523,8.428399658203148,11.929751332600935,86.06574122111003,57.74583359062672,16.020833387970924,20.504592598962883,9.453577999529978,7.5152819315592865,9.536358133951865,1014.7594270833333,8.496539108455181,136.16238939762115,389.4727970759074,17.205560302734398,7.963769531250023,12.414236958821638,82.40046151479085,44.69629643550919,4.26388893276453,15.469809398602191,8.596625887979782,7.493670399983728,9.34778747558596,1014.08779296875,6.992587611079216,127.0497619509697,321.28035322825116,16.949975585937523,8.142327880859398,11.570455169677757,87.91435273488362,42.90509274105231,18.923611149191856,17.33088633002634,9.640805845478646,7.44566370646163,9.521904246012411,1014.8975651041667,10.971579939126968,102.3844617207845,388.6818977197011,17.565637207031273,7.831079101562523,12.362329101562523,83.08842500050862,40.63101887702942,4.159722276031971,14.22937061824746,7.443070005879619,7.659010823567712,9.380227661132835,1014.2703971354167,5.988269378741582,144.57457846403122,320.6786484718323,16.805383300781273,7.930780029296898,11.821321105957054,86.19120375315349,42.28657425940037,8.208333313465118,12.551517953986613,8.515096434759895,7.487616475423181,9.452965037028036,1014.7464973958333,8.051799238969883,113.25135254859924,350.72379954655963,17.889916992187523,7.965692138671898,12.695212300618513,81.83148145675659,33.01064844802022,1.3541666739620268,16.185137384403905,9.39852288404335,7.961216227213583,9.479717508951865,1013.6910221354167,4.05439618229866,179.7071513136228,353.8056782881419,18.001031494140648,8.116723632812523,12.829447682698591,78.87407366434734,32.75648116444548,0.8541666679084301,14.28272616933413,8.370838798523948,7.783096567789755,9.042180633544945,1014.199482421875,3.4099824130535126,175.4434103767077,353.09653067588806
2021-09-20,15.852655029296898,8.912683105468773,11.905085500081404,80.05694389343262,74.99537022908528,35.333333253860474,9.424888666135987,6.344822138740336,5.749407704671228,8.345170593261741,1018.671982421875,4.7633389582236605,147.84297904372215,382.7316070795059,15.121209716796898,9.012200927734398,11.404429372151716,82.10694281260173,92.23009173075359,36.81944394111633,11.714727565627966,5.258209991180872,5.216285959879599,8.244217173258505,1019.0996354166667,5.355813652276993,119.97277834514777,331.8827375968297,15.034234619140648,9.665917968750023,11.593373870849632,82.2268517812093,83.87592554092407,47.06944453716278,9.13842215002894,4.8330946203936,5.546526845296228,8.509342447916708,1018.3410872395833,6.1609228650728864,117.35596143702666,322.05010509490967,15.055505371093773,10.099786376953148,11.95194015502932,85.6796293258667,98.5425926844279,26.64583307504654,9.70725363464791,5.510282881670915,6.18002599080404,9.51840489705404,1017.1824934895833,4.49448839823405,97.96637000640233,265.54846398035687,14.718804931640648,8.780389404296898,11.196973419189476,82.22175884246826,85.1532408396403,56.69444465637207,7.999567283058029,5.007699479372175,5.28282190958663,8.142191823323571,1018.7043815104167,7.196876376867294,107.61303995052974,311.40919971466064,14.510095214843773,10.323785400390648,11.937141672770204,83.06574090321858,98.03657245635986,59.534722447395325,6.19507930803324,4.357417107802303,5.57056579589846,8.995487467447958,1018.4352669270833,4.6614464322725935,118.42327724893887,316.8883023262024,15.037133789062523,9.650720214843773,11.321700032552107,79.29074096679688,83.27407360076904,23.444444477558136,7.7105817703855415,5.4034865446888665,5.263982391357445,7.720747884114587,1018.6318782552083,6.104631677269936,134.74048381547132,318.0028501351674,14.543420410156273,9.876733398437523,11.93871968587242,80.86620299021403,94.18055597941081,18.46527773141861,8.300715201930885,4.228766791582074,5.607399241129599,8.637354787190759,1017.8969889322917,5.898527304331462,128.55299903949103,282.83984963099164
2021-09-21,15.818048095703148,7.983819580078148,10.974178568522158,70.76157395044963,66.83055631319682,9.083333373069763,6.351949244456815,3.3407350541769962,4.392636871337913,5.6794970194499115,1025.5839127604168,4.494646271069844,153.69942450523376,337.8260294993718,16.590417480468773,8.496911621093773,12.23417434692385,74.41574064890544,59.45694390932719,38.0694442987442,8.838722006729135,6.174002058648877,5.738076782226585,7.599529520670615,1024.957294921875,0.5936173399289449,175.24257344007492,371.67502999305725,14.976312255859398,5.898950195312523,10.42451121012372,72.36527840296428,52.29490609963735,3.4999998807907104,7.972628302399656,4.889867877037223,4.176459248860681,5.490510559082054,1025.9453971354167,6.675185134013494,187.3890765508016,344.2114594380061,15.698510742187523,8.403802490234398,11.40469640096031,76.44490750630696,70.68981615702312,53.24999952316284,7.272570424297513,5.004919107485514,4.997900899251306,7.258596038818382,1024.6204036458332,2.7420912937571607,130.96292893091837,260.82311566670734,15.251672363281273,6.157006835937523,10.757352447509788,72.9740743637085,57.984259287516274,0.2222222238779068,6.694762328279337,3.9564266462372246,4.015069580078148,5.937285359700525,1026.059775390625,5.0778664747873945,175.59305395682654,351.2845656077067,16.101251220703148,7.498132324218773,11.453733062744163,73.46898126602173,56.95231485366821,60.57638883590698,7.190543674486544,3.9550530948641143,4.7640853881836165,6.6032272338867415,1024.98736328125,1.9031784360607464,165.3364990154902,360.53495597839355,15.142327880859398,8.812982177734398,11.347976938883486,71.69722159703572,88.85601949691772,0.1666666679084301,5.242395149598105,3.506574047772841,4.046695963541708,6.3336107889811615,1025.8727962239582,2.5565611366182566,123.67263166109721,263.4773708979289,15.855432128906273,8.687860107421898,11.619248962402366,72.30926020940144,64.77777846654256,26.88194441795349,6.952314162918929,4.30199659987325,4.659089660644554,6.632990773518884,1025.2828678385417,2.524241437514623,166.27942715088525,374.7766519387563
2021-09-22,15.407037353515648,6.360467529296898,10.299713389078798,76.65046246846516,85.02083337306976,0.3333333358168602,7.835801926321685,5.61488828111569,5.986872609456384,6.145857747395837,1027.4684147135417,6.548072732053697,159.73061058918634,258.39306743939716,15.210961914062523,6.704949951171898,10.261261240641298,76.7939813931783,91.33842595418294,9.333333492279053,6.8455433544206805,4.824307640755895,5.96757532755538,6.132984415690146,1026.5836197916667,5.992126166820526,162.8867750763893,246.35773853460947,15.301263427734398,6.197320556640648,10.210855102539085,76.39120244979858,88.1712950070699,0.3333333358168602,7.689070199632783,5.626089892390131,5.36899337768557,6.042468007405603,1027.6465559895832,6.601111029041931,158.07183619340262,276.29656128088635,14.811334228515648,5.954400634765648,9.873156483968122,75.35324144363403,85.1620370944341,3.4999998807907104,7.454492060042371,4.604273842700366,5.106941477457724,5.502968088785849,1027.61076171875,6.710420096913974,154.86935345331827,259.3908305168152,15.344506835937523,5.842401123046898,9.996971384684267,75.96388912200928,91.06898132960002,0.1666666679084301,7.751406433451939,5.866955901012578,5.683082834879599,5.74650599161788,1028.2269401041667,6.920632481575012,158.9014075199763,255.7894010146459,15.472222900390648,6.035913085937523,10.203719075520857,75.9967573483785,84.74444365501404,0.3333333358168602,6.778762407124551,4.416289624498822,5.671431477864587,5.9041241963704465,1027.6817350260417,6.246048932274182,167.63350665569305,264.94324986139935,15.203393554687523,5.625634765625023,9.894218699137392,76.01342566808064,86.26898107926051,0.0,7.420359776901238,5.095803244534705,5.188502248128259,5.666364288330101,1027.9361458333333,7.44092566644152,157.4000906944275,278.8438017765681,15.282739257812523,6.286248779296898,10.197281138102236,75.80462837219238,83.29490703344345,0.3333333358168602,8.378208508034634,4.996558163986953,5.961316680908226,5.88217697143557,1027.2849055989582,7.504095318416755,154.56290833155313,254.43649888038635
2021-09-23,18.905541992187523,5.963250732421898,11.7824531555176,78.24629577000935,11.216203769048056,0.0,12.106249194342437,7.274109408064613,10.27183558146163,7.743323262532556,1021.8971321614583,-3.9135935207208,202.62974425156912,255.164874792099,18.894311523437523,6.023889160156273,11.740763600667341,77.9587968190511,14.018518795569738,0.3333333358168602,11.723017403749415,5.899936409535976,10.037183380126976,7.64212315877279,1021.5490169270832,-3.1025298858682313,202.9800397157669,237.37253721555075,18.912377929687523,5.808374023437523,11.611955261230491,78.27175951004028,14.802777886390686,0.0,12.184525545024545,7.631247078882242,10.438124593098962,7.568898773193382,1021.8763639322917,-3.502075731754303,203.02298108736673,260.7079401810964,18.817346191406273,5.982690429687523,11.730677541097029,78.58194494247437,19.518055339654286,0.3333333358168602,12.478256086169734,6.7267695136165,10.071586863199911,7.738854980468773,1020.8975846354167,-3.119842360417048,203.23629492521286,257.0357747077942,19.008813476562523,5.667016601562523,11.593131001790388,78.44814856847127,22.308333496252697,0.1666666679084301,13.472112168223784,7.922018510756321,10.438114420572958,7.578427886962913,1021.9546907552083,-3.4971508383750916,202.5984837214152,265.3671338558197,19.104119873046898,6.061090087890648,11.867731984456404,77.5824081103007,15.940277765194574,0.1666666679084301,14.406709050991745,7.723327750014306,10.520313517252646,7.671299235026083,1020.9126985677083,-3.7553654412428537,203.16266477108002,268.5661613146464,19.176202392578148,5.961114501953148,11.81458180745445,78.2620374361674,18.448148210843403,0.0,13.546020587476805,7.976473779057398,10.412618255615257,7.7602096557617415,1021.9810579427083,-4.0652110775311785,203.14188998937607,267.4219905138016,18.925408935546898,6.018518066406273,11.788323974609398,77.764351050059,13.287963529427847,0.0,13.880573954822689,7.590756278603588,10.232901509602868,7.6485521952311615,1020.8496419270833,-3.8356261601050696,203.36548884709677,260.21930027008057
2021-09-24,19.385430908203148,8.164758300781273,13.113636271158876,78.00231504440308,12.809259863570333,0.0,13.739347927035613,10.44236546776336,9.82465260823568,9.063097890218103,1019.645234375,-3.931646098693212,195.12385338544846,376.04782259464264,19.850701904296898,8.206811523437523,13.285564676920595,77.24722194671631,21.4078701287508,0.0,12.6501707842489,9.926140564559999,10.71216735839846,9.068069712321005,1019.2503157552082,-4.4114534084995585,196.80396262804666,346.25745197137195,19.686303710937523,8.311547851562523,13.360522206624372,77.16250069936116,14.372685000300407,0.0,13.929769644371559,10.407881175507354,10.184339141845726,9.132410939534509,1019.4220540364582,-4.661269040157397,195.38129872083664,367.1491772731145,19.636193847656273,8.138238525390648,13.166782633463564,77.61111116409302,12.2296296171844,0.0,13.416384967463896,10.054266188479618,10.255437469482445,9.015131886800134,1019.6366569010418,-4.507262354095777,195.01330304145813,356.3676098585129,19.553277587890648,8.048669433593773,13.186732228597029,76.64537000656128,20.389351174235344,0.0,13.686413700843856,10.004019914948387,10.248064931233728,8.87366638183596,1019.534658203125,-4.338738737006982,194.91118301947913,360.6809441248576,19.143518066406273,7.991326904296898,13.013586934407575,78.35370429356892,11.658332969993353,0.1666666679084301,13.780428477727003,10.697639122846288,9.68796056111654,9.03301900227865,1019.7102994791667,-4.101827474931876,194.71853597958884,379.31825343767804,19.461114501953148,8.314447021484398,13.372867838541689,76.8180562655131,16.54120401230951,0.0,14.591375709552079,10.186793862312017,10.269859568278036,9.10420633951827,1019.3200325520833,-4.4927658041318255,194.95883178710938,374.5652213891347,19.175469970703148,7.982019042968773,12.99039993286135,78.22499942779541,14.189352430403233,0.0,14.127594575635413,10.604473380507864,9.631642913818382,8.983828481038415,1019.6448860677083,-3.602657521764437,195.0152771870295,383.9214276075363
2021-09-25,21.874322509765648,9.540917968750023,14.8825139363607,78.4962968826294,24.122685317570966,0.0,8.89425851267217,5.955351076420278,13.939234670003259,10.804948425292991,1018.6719791666667,-8.65184219678243,192.2037627696991,190.16050199667612,21.378839111328148,9.483422851562523,14.64819997151695,79.69398212432861,32.64166679357489,0.0,8.529925524236166,6.128474077559621,14.47126413981124,10.871202087402366,1018.27634765625,-8.032873253027597,181.22609225908914,167.35983335971832,22.016198730468773,9.759973144531273,15.069642639160179,79.04213015238444,24.440739986797173,0.0,8.299200843799072,5.853416959291327,14.171486155192099,11.11514816284182,1018.5623795572917,-9.331913630167643,189.81556646029154,182.66492203871408,21.628381347656273,9.705560302734398,14.887373860677107,79.20324007670085,35.56342666844527,0.0,8.238380999633284,6.064442061683461,14.37576828002932,10.996143595377646,1018.1329069010417,-8.571875731150309,180.52937285105386,171.36268095175424,21.919000244140648,9.492211914062523,14.836806233723982,78.40277814865112,18.9560185574616,0.0,7.888124296163219,5.801783430150054,14.089851633707724,10.753531392415368,1018.6244205729167,-8.437748392422995,188.29357161124548,177.17513871192932,21.999597167968773,9.495324707031273,14.93106613159182,77.98750193913777,27.41481447344025,0.0,8.834751981400622,5.986779427941826,14.060295359293661,10.74811452229818,1018.527060546875,-9.627808511257172,190.2415752609571,184.64663195610046,22.056481933593773,9.735925292968773,15.13346888224286,78.62083466847737,12.638425982246796,0.0,8.015477767777158,5.60820596702009,14.20010655721029,11.083289082845056,1018.3154817708332,-9.526591956615448,193.0309455593427,187.21842241287231,22.028161621093773,9.472650146484398,14.906551615397158,78.21574099858601,16.932407518227894,0.0,8.664056325738201,5.741779876256419,14.091984049479208,10.766641235351585,1018.4975716145833,-9.238934616247812,190.81069676081339,185.13353113333383
2021-09-26,22.883325195312523,12.116723632812523,16.755722300211612,78.39953851699829,54.730555176734924,9.006944515742362,16.644801059311316,7.284218531770847,15.086640930175804,12.67546106974288,1017.5090559895833,-10.64413289229075,183.77139111359915,233.89228836695352,22.576287841796898,11.659783935546898,16.15220921834312,78.42638953526814,53.89629658063253,0.3263888889923692,13.559301736390031,5.8257077503127155,15.557946777343773,12.139717356363974,1017.2143359375,-8.948264300823212,185.67902137835821,219.14415045579275,22.805139160156273,12.468072509765648,16.87757008870445,78.2222220102946,56.587962667147316,26.868054744321853,19.365096376972836,8.286769724871222,15.05122019449874,12.759114837646507,1017.419931640625,-10.693301677703857,181.02062916755676,263.0017188390096,22.557824707031273,11.861077880859398,16.40798212687177,79.22314977645874,68.06805451711018,1.3888888955116272,24.954291867458284,7.056096997176067,15.548946634928427,12.526172892252646,1017.1941341145833,-9.751815021038055,181.26151971022287,240.31992761294046,22.816644287109398,12.507501220703148,16.951951599121116,78.03101936976115,57.374536752700806,19.402777403593063,17.88905348711073,7.332475237279129,14.749309794108115,12.822326914469443,1017.6211751302083,-11.000895659128824,184.36479226748148,245.45450127124786,22.330773925781273,11.775048828125023,16.469267781575542,77.57453711827596,68.77546310424805,2.590277818031609,26.269018835470604,7.144122039383326,15.115303293863974,12.278386688232445,1017.504833984375,-10.367970844109854,182.6397429505984,239.75009310245514,22.894433593750023,12.979241943359398,17.196403757731144,79.32129669189453,61.986110607783,21.527777664363384,19.131294126953577,8.141152727574678,14.496266937255882,13.334536488850915,1017.5024772135417,-11.585713704427084,183.1765554944674,262.54915658632916,22.389398193359398,11.840814208984398,16.536734517415386,79.11203718185425,65.80277792612712,3.291666766628623,17.767311910691053,6.417836640040144,14.440732574462913,12.644099171956384,1017.8565983072917,-10.147510389486948,180.80546152591705,261.8410600423813
2021-09-27,20.780755615234398,13.035791015625023,16.25064620971682,85.0962971051534,62.64583317438761,464.12500953674316,16.763921350411767,5.715891307525125,10.381133015950525,13.530444081624353,1018.736416015625,-4.946642527977626,179.98085576295853,387.71157507101697,20.424523925781273,12.186853027343773,15.87644983927411,85.6856460571289,83.0712963740031,371.1805534362793,15.525027897189014,6.819485013211188,10.22453079223635,13.273455556233728,1020.356455078125,-3.26761003335317,165.84775799512863,366.8054663340251,20.719720458984398,11.676538085937523,15.71735788981122,84.56342538197835,63.001389225324,366.6458330154419,11.304674406038576,4.171603798315079,10.192067718505882,12.890480295817099,1018.9694140625,-4.148425946633021,180.13923998673758,339.31024873256683,20.325158691406273,12.943933105468773,15.946299489339216,87.58333381017049,88.89074166615804,406.5763874053955,12.48623149746352,6.859159294561852,10.084414418538415,13.70774866739913,1019.632685546875,-2.985491474469503,152.05144373575845,346.7080144882202,20.749993896484398,12.757684326171898,16.086601511637394,83.87592728932698,70.85740753014882,403.3194456100464,16.344848294950744,7.12513585529402,10.403662618001306,13.137628173828148,1018.8661490885418,-3.637376387914022,177.07348597049713,369.4463403224945,20.493310546875023,12.238885498046898,15.758757527669294,84.7726837793986,72.12268511454265,386.6875047683716,14.924383634298165,7.262353140166187,10.015367126464866,12.99473597208663,1019.9757259114583,-2.7065714399019876,176.96494445204735,369.15600148836774,20.381372070312523,12.545709228515648,15.894471740722679,84.23333390553792,67.32037078340848,318.2777771949768,18.581298037883098,8.737856345007158,9.987854258219443,13.021632130940759,1019.0948860677083,-2.4673876762390137,176.0661143461863,414.8294973373413,20.890832519531273,12.647851562500023,16.102087910970074,86.6749997138977,70.57731485366821,427.7361135482788,15.673970533441057,6.5347274489746345,10.6052070617676,13.669224039713583,1019.020654296875,-4.05875884493192,176.42231489221254,363.81611283620197
2021-09-28,17.652398681640648,11.075128173828148,14.117512003580751,88.08426125844319,74.31527646382649,97.70833230018616,9.402694127684414,7.631963035759214,9.288260396321618,12.09467468261721,1022.4190397135417,3.7231326897939048,106.52133505543073,269.2681333223979,15.953881835937523,11.238549804687523,13.68321253458661,89.07870229085286,72.95231453577678,516.5138893127441,9.95888589245783,8.807629269026371,9.362749989827478,11.874726867675804,1022.2672428385417,7.537779314443469,89.04703705509503,289.72016620635986,19.496850585937523,11.308648681640648,15.03174743652346,85.42037010192871,70.87361137072246,31.909721851348877,10.635595572078126,7.318028989832837,10.161902364095056,12.459208424886071,1021.8160384114583,-0.3381142814954122,155.29809227585793,307.07924421628314,17.681909179687523,11.201593017578148,14.367510732014997,88.61990706125896,64.93194429079692,399.9027805328369,12.483694583656609,9.006212394743935,9.758265431722009,12.45512161254885,1021.8257063802083,4.007824492951234,113.22199560205142,303.94716771443683,18.040490722656273,11.910394287109398,14.85989913940432,87.83981577555339,88.83888880411784,43.777777791023254,10.6119180249652,7.3087377323270575,9.70689417521163,12.780750528971396,1021.7164583333333,1.3251254459222157,106.7687067091465,276.2429687976837,17.736932373046898,12.065118408203148,14.562675730387392,87.82870451609294,75.33888947963715,452.5208377838135,10.238249156242318,8.629957400790511,9.54664255777999,12.500721232096396,1022.0975455729167,3.3039710968732834,109.48085343837738,316.7944396336873,17.341302490234398,11.792993164062523,14.693181610107445,89.36990674336751,85.59907499949138,43.347222566604614,9.036921598627767,7.415528371092409,9.714173889160179,12.910754140218103,1021.586005859375,2.114381571610769,95.19540587067604,268.06310176849365,17.424279785156273,11.205560302734398,14.361213938395204,87.84444395701091,75.85370357831319,370.24999809265137,9.319235856364207,7.721887404428195,9.534630076090536,12.302273050944052,1022.2343424479167,3.199295774102211,105.2741298476855,277.21580934524536
2021-09-29,16.687432861328148,10.669305419921898,13.287624613444033,84.00277789433797,90.52083396911621,133.3749993443489,22.679736489675438,13.42907684383463,6.932368214925134,10.44023157755538,1021.7595833333332,3.367955560485522,131.0944821536541,593.117106517156,16.759301757812523,10.978204345703148,13.225984191894554,84.80509185791016,95.99907398223877,229.6666669845581,21.213830247853586,12.40590204270851,7.184285736084007,10.516901906331384,1022.2208235677083,5.392503081510465,118.83168377478917,569.2133622964224,17.089837646484398,10.386254882812523,13.209541575113954,82.81388886769612,90.344908396403,68.72222103178501,22.20995851186174,14.077961728789589,6.8334518432617415,10.129907226562523,1021.4062369791667,3.075050964951515,139.0038341730833,661.8988904953003,16.730432128906273,10.703637695312523,13.37256520589195,85.03611135482788,93.36296272277832,73.47916734218597,20.328084835476584,12.771434369915765,7.606280263264978,10.736071523030603,1021.4368033854167,6.341591268777847,118.13581046337883,572.8829398155212,17.016870117187523,9.645989990234398,13.19749476114911,83.92962980270386,88.6337963740031,51.95138823334128,23.231758991245865,13.691097924963957,6.778619384765648,10.320709482828818,1021.201298828125,3.1211219082276025,125.64379452168941,664.2593760490417,16.530786132812523,10.227777099609398,12.92166671752932,86.2143513361613,88.69213056564331,181.2916671037674,22.863530232397174,13.06354440177864,7.1673141479492415,10.50910085042318,1021.2421158854168,7.247761170069377,115.21088703597586,538.9073669513067,16.809075927734398,10.157250976562523,13.196379597981794,84.07083225250244,95.75416660308838,143.51389017049223,22.117825284493325,13.385007162984769,6.955556488037132,10.344763692220056,1020.9611555989583,2.971279372771581,118.52644853418072,651.1763509114584,16.311364746093773,10.273217773437523,13.1857734680176,85.76574277877808,93.27777767181396,169.15277647972107,21.159429389870624,13.030091463301403,6.99329528808596,10.67175954182943,1021.48658203125,5.76310838231196,112.20392698049545,590.5995883146921
2021-09-30,13.871240234375023,6.604119873046898,9.850020345052107,75.77083412806194,66.784259557724,228.9097194671631,13.576243598185847,7.66204629745265,2.3577362060547102,5.4657086690266965,1028.3306803385417,12.444215474650264,154.4948883652687,542.7182126045227,13.450006103515648,7.064324951171898,10.079887644449892,77.64953676859538,81.04120445251465,205.1041660308838,11.136606882825976,7.105490352879582,2.864832814534509,6.110339101155603,1029.0760904947917,11.075211870173613,148.80835328499475,457.019896030426,14.357843017578148,6.968103027343773,10.184696451822939,76.36435111363728,75.6532400449117,59.84027647972107,14.843570268677546,7.323278659539636,2.9315277099609602,5.899597422281943,1028.2913899739583,10.535275369261702,160.00485228498778,521.6687930425009,13.006555175781273,6.989526367187523,9.813747660319033,75.31388918558757,79.02037048339844,120.291663646698,12.295911225087412,6.818675559674122,2.1723482767741302,5.444487508138025,1028.9367545572918,13.27881609244893,131.45016901691756,475.4160203933716,14.244592285156273,6.917779541015648,10.112351989746116,75.84213018417358,78.37962865829468,39.38194382190704,13.63408039036909,7.608385973047256,2.8650667826335052,5.719111378987634,1028.3610677083334,11.100103814154863,162.42874323328337,515.8478755950928,13.533197021484398,6.165917968750023,9.612925465901716,75.5361115137736,65.13425874710083,108.77083158493042,12.597779967557466,8.107536537442934,1.9492978413899777,5.173333740234398,1028.57556640625,13.312512781471014,159.39408736427626,553.6439952850342,13.527795410156273,6.736260986328148,9.813822682698591,77.14583206176758,69.69027733802795,19.159721732139587,15.496617899653202,8.341422004812571,2.7338348388672102,5.7223615010579465,1028.402421875,12.919335171580315,150.13703761498132,497.110658009847,13.561090087890648,6.245782470703148,9.499220784505232,73.00277821222942,57.257407665252686,226.17361545562744,15.127423550204115,8.568404961429147,1.9232358296712277,4.591638183593773,1028.4779720052084,13.722142912447453,168.8911311328411,577.55659421285
2021-10-01,17.414300537109398,5.572229003906273,10.619814809163435,80.05324045817058,89.92175769805908,1.6666667461395264,7.53371258952607,6.466430999500638,10.257328287760458,7.098114267985068,1022.286708984375,1.8102344870567322,170.91833313306174,184.52884236971536,17.238366699218773,5.204217529296898,10.412358856201195,80.64907375971477,77.1787036259969,230.66665649414062,8.341106153300288,6.845438406130147,9.824122365315759,7.008931732177757,1022.563447265625,2.700416882832845,174.25270488858223,192.6705279747645,17.079766845703148,5.217065429687523,10.276737467447939,79.4944445292155,83.91296275456746,0.0,8.445130811367026,6.530030545961736,10.055314636230491,6.6678939819336165,1022.4749609375,3.068815732995669,170.41894281903902,178.94375018278757,17.375207519531273,6.082696533203148,10.778995768229189,80.406018892924,92.38055642445882,60.49999809265137,8.512865036305485,6.639272503477038,10.296253458658896,7.320303853352868,1022.5431770833333,2.515817274649938,168.05969895919165,181.88868606090546,17.188500976562523,5.082269287109398,10.28736521402997,79.59861167271931,85.49212837219238,0.0,8.428488716861542,6.913613632315674,10.190728759765648,6.683412170410179,1022.5666341145833,3.051614931474129,168.98402067025503,178.47854713598886,17.650659179687523,5.892999267578148,10.842265065511091,80.2861099243164,84.79398123423259,39.999999046325684,8.601927177477748,6.892976394142555,10.461329396565759,7.349823252360068,1022.2380501302083,1.8859547177950542,174.04763010144234,181.90205073356628,17.200463867187523,5.231286621093773,10.397098795572939,79.59444411595662,78.40972264607747,0.0,8.643012258769387,7.139524257788662,10.06032206217452,6.791064198811853,1022.3479231770833,2.6221872866153717,171.97575616836548,180.71426630020142,17.304101562500023,5.645501708984398,10.573595937093122,80.81018384297688,89.0287036895752,19.66666603088379,8.569564807716974,6.930405575404805,10.315092976888025,7.197507476806663,1022.1562662760417,2.3698573410511017,167.4820512533188,180.96218434969583
2021-10-02,19.230798339843773,9.902734375000023,13.380976613362654,78.02777640024821,75.80972226460774,0.0,14.25131946856032,7.963205531978335,11.457995351155603,9.447361246744833,1015.9708365885417,-7.899141152699788,163.58373895287514,225.10871954758963,19.217309570312523,9.706872558593773,13.406148529052757,78.95416752497356,73.19907464583714,1.7847222313284874,14.032251611001499,8.054591579349038,11.48387171427413,9.636879221598349,1016.26650390625,-7.266133765379588,152.01809072991213,219.4236406882604,19.130426025390648,9.622308349609398,13.369243876139345,77.23935238520305,68.55601827303569,0.0,13.233705513187962,7.764922577141395,11.482419586181663,9.266409810384118,1015.901025390625,-7.365213096141815,166.50396338105202,228.685213804245,19.174157714843773,9.664331054687523,13.41672032674156,78.32453648249309,72.35509145259857,1.0277777779847383,13.92883673160798,8.12987407593788,11.42749938964846,9.535352325439476,1016.0892220052083,-8.90912671883901,161.18920385837555,223.16473364830017,18.877221679687523,9.712243652343773,13.15897394816083,76.28472057978313,68.35324017206828,0.0,12.418902876575162,7.349540814301798,11.191265360514365,8.886668141682946,1016.432568359375,-6.281081159909566,163.91672276457152,213.12555464108786,19.241723632812523,9.499169921875023,13.151462809244814,78.17777729034424,68.62870308756828,0.0,13.880812233878801,7.733031781778135,11.495559946696005,9.230404154459677,1016.1441861979167,-7.2625612417856855,165.9160751005014,216.1896923383077,19.042199707031273,10.001367187500023,13.351335144042991,77.61157242457072,68.25462929407756,0.6388889187946916,13.064466462795878,7.989731694332863,11.189169820149743,9.335621134440146,1016.1385286458333,-6.617307702700297,160.95907135804495,226.08012715975443,19.135552978515648,9.510064697265648,13.198120371500673,78.03009287516277,87.13750044504802,0.0,13.029409567406175,7.473676236849794,11.506701405843103,9.256695048014365,1015.5304069010417,-7.7041879296302795,162.68848184744516,211.27070478598276
2021-10-03,21.337823486328148,9.087792968750023,13.981230672200544,74.88935200373332,62.598611990610756,0.0,12.808612532401382,9.192104227630212,14.379459635416708,9.261169687906943,1010.4247786458333,-4.9007539848486585,169.23481672008833,201.95826935768127,20.912561035156273,9.143670654296898,13.747939046223982,75.8175916671753,88.05694421132405,0.0,12.064868753777068,8.813792483599405,14.028572336832724,9.261430358886741,1009.3824251302083,-4.4362190167109175,157.15853482484818,201.56456367174783,21.410424804687523,9.247491455078148,14.111110941569033,74.15601762135823,64.28194491068523,0.0,12.962230648275675,8.835703727229122,14.37235794067385,9.240017191569052,1010.1731640625,-4.777868469556172,164.93518299857774,208.1662126382192,20.944635009765648,9.480493164062523,14.016714986165388,75.07916498184204,92.41574033101399,0.0,11.48411457157236,9.152419337984352,14.246175384521507,9.371741231282556,1009.6703157552083,-4.63333382209142,149.9466134905815,201.97726527849832,21.760034179687523,9.093530273437523,14.195806121826195,73.73287010192871,49.90046230951945,0.0,11.76863284931284,8.661156568251279,14.620300547281943,9.212864176432333,1009.9947330729167,-5.33649468421936,172.09883418679237,220.01670257250467,21.166375732421898,8.850610351562523,13.831536865234398,75.67916679382324,74.81851768493652,0.0,12.79360320942861,9.017729245251184,14.136192576090536,9.249604797363304,1010.0939095052083,-5.217444747686386,170.024868786335,205.68670439720154,21.884271240234398,9.217919921875023,14.294385528564476,73.75509277979533,57.818055868148804,0.0,12.329665040150633,8.708134815112823,14.554772949218773,9.314524586995446,1009.7894140625,-5.626562813917796,171.4712013800939,223.6489099264145,20.851983642578148,8.836877441406273,13.7486396789551,76.0166654586792,79.22546339035034,0.8333333730697632,11.933712414865536,8.455568142413702,13.967791493733728,9.267558034261071,1010.25404296875,-4.328785677750905,160.42986949284872,193.37648737430573
2021-10-04,12.537622070312523,10.239556884765648,11.487385050455751,88.32962862650554,97.92916615804036,0.8680555634200573,12.983548060344422,7.8947984613946325,7.8742169698079465,9.590136464436853,1018.2819498697917,11.180602669715881,30.911758974194527,254.8173287709554,14.357202148437523,9.816674804687523,11.8617988586426,88.4634256362915,85.8365756670634,1.1319444617256522,10.326121130312062,8.168654982152047,8.559944407145224,9.951159413655603,1018.1059830729167,5.987256780266762,70.10631661117077,265.8216667175293,12.280053710937523,10.327752685546898,11.149616495768251,89.55324109395345,98.18148231506348,1.6736111571080983,11.969669878939813,8.113304007377716,6.885657246907556,9.476316070556663,1018.8984440104167,13.242420395215353,12.949277885258198,279.4048097928365,13.589227294921898,9.929986572265648,11.602526601155622,87.56435044606526,91.57222334543864,0.43750001676380634,10.192074499052465,7.748494996513911,7.794672902425134,9.560608164469443,1018.7199967447917,8.331526009986797,56.67551781485478,264.19266923268634,13.043878173828148,9.839135742187523,11.477788543701195,88.45323944091797,98.4365743001302,0.8888889052905142,14.370856904998625,9.629553157129106,7.061469014485681,9.620586649576865,1017.8871712239583,12.43853755791982,19.095537432779867,350.9188060760498,14.432977294921898,10.479241943359398,12.350981648763044,89.25925763448079,85.68009233474731,1.381944437045604,10.56710564007456,7.054559767770496,8.75416208902999,10.591334279378259,1017.83017578125,5.954562867681186,48.64437109107772,244.90900739034018,13.761132812500023,9.917626953125023,11.51401290893557,89.10787137349446,98.2319450378418,6.173611091449857,16.34501893280045,9.955523786119658,7.362318929036462,9.769897715250693,1017.394150390625,12.248683750629425,15.5227222169439,362.10931396484375,13.750024414062523,9.612084960937523,11.610819753011091,89.13194306691487,92.37453683217366,0.8541666688397527,9.836701397529554,7.453507825397787,8.282512919108115,9.836396789550804,1017.9586393229167,9.5449347672984,45.41972068448862,239.60736989974976
2021-10-05,11.304223632812523,9.983422851562523,10.611967976888044,90.71944395701091,99.99768543243408,30.59722203016281,14.609997528644525,8.044644777360062,6.843033091227255,9.139333343505882,1013.282568359375,7.743087420860927,31.419111003478367,270.0353438059489,15.156274414062523,8.155847167968773,11.003196970621767,89.21620178222656,93.3342604637146,8.388888821005821,14.141402006220368,8.924799974217443,7.783255513509118,9.209190622965536,1013.771279296875,3.7314896980921426,71.87583577881257,332.13480885823566,11.917016601562523,10.362420654296898,10.944370524088564,88.00972143809001,99.93888886769612,6.618055537343025,13.996056844659993,7.9324868928649295,6.897306060791038,9.0197578430176,1013.3523665364582,6.928562005360921,37.893147841095924,284.3044516245524,14.197564697265648,7.967645263671898,10.642452494303408,88.73472054799397,97.93796284993489,6.291666775941849,18.378642430592954,9.868869389129175,7.733074442545615,8.796553548177087,1013.602314453125,4.042194803555806,71.53557426979144,383.7353925704956,12.290551757812523,10.616387939453148,11.379836018880232,87.06898180643718,99.97314739227295,3.166666630655527,15.299040617007655,8.863081505968307,6.960207875569665,9.291848754882835,1013.2177376302083,5.985789500176907,35.26679561038812,325.171249071757,12.500177001953148,9.619531250000023,10.308549499511741,88.68888854980469,99.9870376586914,14.270833149552345,13.390554244410847,7.704673354537708,6.207498168945335,8.500469462076865,1014.0295247395833,8.185014224300781,27.08642554531495,292.64026260375977,13.579370117187523,10.847711181640648,11.917582448323591,87.86527760823567,99.75092506408691,7.055555608123541,14.9837907139749,8.880794079873294,7.291327412923181,9.944725290934286,1012.5847135416667,4.032309712686886,43.401260967055954,308.5408814748128,10.316674804687523,9.078637695312523,9.594487762451195,91.41203721364339,99.9990743001302,31.083333283662796,11.665857261105835,7.6142310152524715,6.144003804524743,8.242789204915368,1014.126337890625,11.789213260014852,15.208425549169382,252.5820770263672
2021-10-06,12.228723144531273,6.805139160156273,9.711784617106142,82.6064805984497,97.50231424967448,108.7916669845581,19.724986902914544,14.46384663093267,2.8095921834309934,6.749752298990927,1020.5186002604167,12.140859245633086,96.9617952009042,652.106494585673,12.289422607421898,6.744134521484398,9.596069590250673,83.52453740437825,99.07685057322185,249.44444465637207,23.036155830790847,14.18206495259909,2.784919993082724,6.78074671427413,1019.782080078125,9.036580065886179,97.15116659303506,606.6783936818441,12.266992187500023,6.763696289062523,9.820063527425154,81.55046319961548,94.75740782419841,85.67361116409302,20.96595618229172,15.465140993948031,2.9960418701172102,6.691762542724632,1020.0574088541667,10.629488214850426,106.97986859083176,656.0842819213867,11.924523925781273,6.490930175781273,9.617864227294945,83.72453594207764,99.5287036895752,91.36111104488373,21.986453446813957,15.376909561470638,2.8051200866699446,6.867846425374353,1020.0467838541667,9.532598406076431,100.7797220647335,648.3590043385824,12.535577392578148,6.756158447265648,9.818128204345726,80.2962965965271,96.57916641235352,79.97916662693024,20.81191864469069,15.40765910608316,2.821425374348962,6.397083536783896,1020.0854036458333,11.15089463442564,115.97766673564911,671.3719097773234,12.217736816406273,6.514489746093773,9.712787882487001,81.54351790746053,96.75138982137044,65.93055582046509,22.731659666496856,15.07951662325973,2.7832148234049896,6.527168528238974,1020.0347884114583,10.410488374531269,109.823020880421,673.2111832300822,12.733697509765648,5.976129150390648,9.832095082600935,81.75833304723103,96.43194421132405,118.98611116409302,19.75462395229752,14.675310617446046,3.0944445292155365,6.652556355794275,1019.982666015625,11.165661873916784,123.4653477917115,646.70942846934,12.711450195312523,7.158197021484398,9.933713531494163,81.33379522959392,99.09583314259847,127.82638788223267,20.13366289576937,14.458203794604154,2.8521031697591184,6.680169677734398,1020.3466015625,10.602250687777996,109.75957376758258,672.1188586552938
2021-10-07,12.138787841796898,5.375512695312523,8.251697794596376,81.72962967554729,95.01296329498291,44.45138931274414,10.438943012703673,6.084505111834113,1.6582313537597884,5.192553456624353,1026.3822721354168,9.86022117609779,81.03385191162427,323.62595613797504,9.409295654296898,5.221917724609398,7.30219421386721,87.22361310323079,88.06296316782634,138.65972185134888,10.70570725782591,6.559346533701816,1.1292421976725677,5.281301116943382,1026.9643880208332,15.892865285277367,43.49659200012684,255.41122361024222,11.958276367187523,5.341577148437523,8.103084818522158,83.81296380360921,94.7328707377116,46.06944441795349,10.419400999664228,5.852416983742476,1.8124735514323334,5.43167648315432,1026.682841796875,11.605464781324068,56.70951930185159,280.16930929819745,10.775537109375023,6.774377441406273,8.092744445800804,86.2157392501831,95.2708330154419,124.5208330154419,11.682638979776925,7.549324489267515,1.2303393046061615,5.881528472900413,1026.0965592447917,10.98359669993321,61.68270330131054,367.2296239535014,12.121423339843773,5.595849609375023,8.469047800699892,83.71481291453044,96.62962945302327,17.47222250699997,9.252541703249358,6.630014887425347,1.7877530415852902,5.780425008138025,1026.5073470052082,8.985150997837385,74.28716710706551,318.63127040863037,10.373223876953148,5.939813232421898,7.948581949869815,85.72407372792561,94.62175846099854,94.99305653572083,9.245268235101362,6.164793046291,1.1760726928711165,5.659270222981775,1026.195625,11.10279573003451,56.04855541636547,295.8986900647481,12.171166992187523,5.776330566406273,8.324365234375023,85.5143518447876,96.51574166615804,6.798611134290695,9.105702970613818,6.295873810239502,1.9951886494954465,5.926649983723962,1026.5682649739583,10.768069498240948,61.66472019006809,299.6533587773641,11.915246582031273,5.646905517578148,8.183211263020857,83.62176036834717,95.96157519022624,140.45833206176758,11.850656083128362,6.361450336945867,1.7107393900553802,5.4654645284016965,1026.1245345052082,11.079691213866075,74.11225780347984,313.43327649434406
2021-10-08,13.432214355468773,6.450677490234398,9.498527781168642,84.85833422342937,80.91111152246594,10.555555522441864,15.466188610679389,9.717748731940507,3.8171859741211165,6.927121734619163,1026.20255859375,2.205955143319443,74.63318677743275,452.28187497456867,12.919702148437523,7.737756347656273,9.680380757649763,81.34675947825114,90.29953797658284,49.708333253860474,16.119491895957072,9.402357076755871,3.499500528971396,6.5319140116374115,1026.8523697916667,2.0660106617336473,70.9541114481787,441.33478418986004,13.214593505859398,6.282495117187523,9.43956019083661,85.23379707336426,78.63611041133602,14.312499940395355,14.772523639639113,9.553294966364186,3.811696624755882,6.948842620849632,1026.311875,1.6842045684655507,85.63162840281923,435.7465140024821,13.114648437500023,7.260034179687523,9.584700520833357,81.23101902008057,87.48657369613647,48.798611640930176,17.21377859212779,10.040182029187807,3.691456095377646,6.411687469482445,1026.549765625,2.163450683156649,77.10164808606108,463.34765338897705,12.956201171875023,6.417657470703148,9.477562204996767,85.72129567464192,81.41249986489613,7.333333402872086,14.95556822803739,9.420937528955298,3.8169494628906477,7.076013183593773,1026.4311979166666,1.5978517880042393,75.55779509743054,427.06861114501953,13.921899414062523,6.261224365234398,9.436518605550154,83.71713002522786,81.70879620313644,23.375,16.75977280222784,10.233366467884741,3.7762682596842865,6.685107167561853,1026.67630859375,3.2611776143312454,87.32773823415239,447.04083792368573,12.924249267578148,6.211999511718773,9.398002878824892,86.20046361287434,76.44027720888455,5.027777776122093,15.75247208930092,9.443585529139797,3.791980997721396,7.067730204264365,1026.5252376302083,1.8584145208199818,89.57098107412457,422.80476570129395,13.269799804687523,6.312493896484398,9.500334676106794,84.32824007670085,77.88425900538762,14.597222089767456,15.45966930868937,9.660005690354708,3.644386545817099,6.833997344970726,1026.3868489583333,3.0004252269864082,88.34344518681367,457.7218300501506
2021-10-09,13.180688476562523,3.1046691894531477,7.0953028361002835,78.74861033757527,6.546759297450383,6.6666669845581055,21.227118356618575,13.717793065073648,4.518140411376976,3.394460296630882,1026.42720703125,12.351284285386404,158.46531251072884,446.16002464294434,13.002221679687523,3.1262451171875227,7.196775054931663,76.90092627207439,6.3115741331906365,12.333333492279053,22.117744480266037,14.654807496754634,3.6581169128418196,3.1024083455403684,1026.2191341145833,11.957324236631393,158.29825716714063,504.4369748433431,13.172235107421898,3.2813049316406477,7.104070281982445,78.69953727722168,6.780555595954259,6.0,21.723398842668136,14.050149418486074,4.2501630147298215,3.3780850728352902,1026.4301790364582,12.288441995779673,157.81838936110339,469.152982711792,13.069482421875023,3.0141235351562727,7.095031992594424,77.26435136795044,6.914351716637611,17.333333015441895,22.232370014948305,14.60526231301582,4.188624318440759,3.0986356099446652,1026.2220638020833,12.038076686362425,158.69313388566175,486.4773286183675,13.015771484375023,3.0792175292968977,7.085599517822288,78.71851778030396,6.376851871609688,5.333333373069763,21.304322810739986,13.772288555468563,4.175603485107445,3.368353780110681,1026.5786555989582,12.026040852069855,158.67296313246092,454.3078791300456,13.336633300781273,3.3658386230468977,7.312427775065127,79.54722356796265,8.184259295463562,9.666666984558105,21.11100770967004,13.718211968131513,4.1510546366374115,3.7459261576335052,1026.2871158854168,11.100559478004774,156.39628138144812,463.15518124898273,12.939996337890648,3.3212524414062727,7.1463485717773665,78.87916771570842,6.511573990186055,0.0,21.058641089690795,13.940669118472206,4.008060709635458,3.458198801676474,1026.5723046875,12.021525541941324,159.36724110444388,463.5487289428711,13.191430664062523,2.9839111328125227,7.073735809326195,78.35786883036296,6.862963140010834,7.833333492279053,21.20980246262595,14.059666290537711,4.137752787272177,3.295246378580771,1026.4255403645832,11.98662161330382,158.3864077925682,465.4189160664876
2021-10-10,10.987298583984398,0.5304504394531477,5.110272979736351,73.67916631698608,0.7828703730677565,0.0,11.610568031386242,7.269174432629725,2.676850891113304,0.5211540222168196,1026.6016178385416,15.635752509037653,161.61388824383417,286.42454914251965,10.841424560546898,1.3312927246093977,5.201927439371768,71.60277732213338,39.095370837797724,6.6666669845581055,9.743419095065288,5.466387263896302,2.743971761067712,0.19553909301760086,1025.874970703125,14.706377337376276,151.59610871970654,269.87520881493884,10.862145996093773,0.34874877929689774,4.977276102701846,72.66527779897054,0.6518518533557653,0.0,10.717580532694193,7.1742643680621825,2.4007074991862396,0.19978230794271212,1026.6772526041668,16.026088386774063,161.69894457856813,285.445871035258,10.861108398437523,1.3204589843750227,5.296130116780621,72.67639017105103,64.31296384955446,6.0,9.881077124756692,6.271620163170506,3.6070724487304915,0.5351768493652571,1026.19248046875,14.34256345530351,138.2246468861898,244.93038288752237,10.952203369140648,0.31759033203127274,4.995823160807315,72.3027777671814,0.15787037244687477,0.0,10.872237851382486,7.503690357301458,2.7454378763835052,0.1286979675293196,1026.6908040364583,15.888917565345764,162.31535515685877,285.6372086604436,10.894433593750023,0.44799194335939774,5.027895863850934,72.55277872085571,1.995833267768224,5.333333373069763,11.301182921351355,6.9925492440737145,2.5789950052897552,0.2408551534016965,1026.1948828125,15.824359526236853,161.4182422608137,289.81240022182465,10.794396972656273,0.27343139648439774,4.95813903808596,73.16759204864502,0.2981481466752787,0.0,11.992446210046394,7.985229853505437,2.4458735148112396,0.24791615804036837,1026.771044921875,16.162357081969578,162.18685898681483,296.22969861825305,10.824609375000023,0.44704589843752274,4.999909973144554,73.18379624684651,0.281944445722426,0.0,10.064392677607916,6.490244287763424,2.4904151916504134,0.313258107503259,1026.565888671875,15.813802316784859,161.97233500579992,274.6042551596959
2021-10-11,11.489221191406273,1.2857604980468977,5.828940327962262,77.05972305933635,45.587037762006126,0.013888888992369175,9.982361791915947,6.3687200721538195,2.3308158874511946,1.8573445638020871,1025.1309993489583,7.880120327075322,136.55218519767126,229.4655166864395,11.423852539062523,1.3199401855468977,5.878746287028018,74.80648008982341,55.21157463391622,0.0,8.799824511042694,5.443058140698888,2.5513943990071652,1.4932367960612396,1025.6098046875,7.114296317100525,133.4246840029955,212.6649909814199,11.429071044921898,1.2514892578125227,5.751260375976585,76.51759163538615,51.08796274662018,0.0,10.96965824425233,6.8108840413869105,2.4271052042643646,1.6651003519694427,1025.3349641927082,8.570885469516119,132.74016720056534,227.16418985525766,11.246728515625023,0.9050231933593977,5.567770894368512,73.93611129124959,42.17314875125885,0.0,9.780316569823407,6.377686681483115,2.1250968933105696,0.9970553080241302,1025.76130859375,8.080883115530014,137.34542259573936,216.23236815134683,11.659783935546898,1.3481079101562727,5.865789031982445,77.0060208638509,50.93842601776123,0.0069444444961845875,10.16417257094003,6.40894986397775,2.303046162923181,1.866279856363974,1025.6266471354168,7.699561506509781,140.3914294143518,237.04778508345285,11.465966796875023,0.7426086425781477,5.6065638224284085,75.13148164749146,48.644907335440315,0.3402777765877545,12.942098937692215,7.622039602139552,2.060646311442099,1.1863075256347884,1025.1570182291666,7.392589271068573,146.51114550232887,263.92583461602527,11.627740478515648,1.5472961425781477,6.002758280436221,77.62314907709758,55.99213018019994,0.0,10.221644393330495,6.927363606911199,2.3019144694010834,2.1171801249186615,1025.7686328125,7.436731815338135,138.94311283032098,241.79305263360342,11.543420410156273,1.0252319335937727,5.624331410725934,76.22222312291463,46.873611917098366,0.2500000074505806,12.184790311498231,6.9917437345294,2.141994730631552,1.4792050679524777,1024.9961783854167,7.874592637022336,136.04677946368852,242.31025203069052
2021-10-12,9.172570800781273,5.991967773437523,6.956435139973981,88.2986110051473,97.80185190836589,39.847222494427115,15.137872412568436,12.310377506714472,0.7323852539062727,5.121467844645224,1021.3020865885417,5.625680334322776,56.20590584476789,463.7504253387451,9.273217773437523,5.177362060546898,6.815432484944684,85.22407309214275,97.28472296396892,45.52083347644657,14.571841615112627,11.56999919620157,0.6680185953776459,4.398025767008505,1020.887314453125,5.346409571667512,66.18516721079747,447.4065990447998,8.111077880859398,6.005242919921898,6.803905741373721,88.69305578867595,99.99722226460774,27.798611326143146,15.015813296028751,12.393198685648022,0.6868275960286496,5.046709950764978,1021.3461848958333,6.174110395212968,43.16807371377945,472.0846462249756,7.984063720703148,5.227258300781273,6.531982676188174,88.43379592895508,98.09861087799072,41.118055580183864,16.338737646982764,12.349940426095563,0.6570195515950559,4.725906626383505,1020.7679850260417,7.247382652751791,35.23046253745755,427.82790247599286,6.923272705078148,5.757409667968773,6.416457112630231,91.57685216267903,100.0,43.02083405852318,16.454199778003325,12.663109983533444,0.4553377787272552,5.1293261210124115,1021.5665462239583,8.85901489853859,24.432148387034733,534.7683480580648,8.666375732421898,4.985833740234398,6.545557912190778,88.74907461802165,97.91944440205891,57.83333336748183,16.701804839623346,12.685523921993726,0.6653101603190521,4.773748016357445,1020.9986263020833,7.908368929910163,36.534224243213735,442.143850962321,7.152490234375023,5.869378662109398,6.30167668660484,92.46388975779216,99.99629656473796,61.18749952316284,15.686844914456396,12.267001916650576,0.4510182698567746,5.155676778157556,1021.492216796875,9.64717028538386,18.72962949424982,517.7741285959879,8.315240478515648,5.713037109375023,6.695050811767601,89.35370349884033,99.5648152033488,61.055555468425155,17.14688951787379,12.762779669285075,0.46104838053389585,5.04764073689779,1021.276337890625,6.747773243735234,40.69359272097548,511.6273619333903
2021-10-13,8.459436035156273,3.1870666503906477,5.723420715332054,86.406018892924,88.66388924916585,284.74999809265137,17.78968119694383,9.147908980500548,-0.9015169779459598,3.521522776285849,1023.7044791666667,9.715376421809196,88.37590526292722,421.03836790720624,8.172174072265648,2.8148742675781477,5.407890574137393,89.57268460591634,86.5763889948527,300.50694274902344,13.504922341108717,10.49963489679698,-0.973118845621741,3.7603571573893646,1022.878095703125,11.36613410214583,76.52540522068739,411.29203605651855,9.060784912109398,3.3098083496093977,5.811587270100934,87.61990706125896,94.39722220102946,238.85416555404663,15.482574397446026,9.534045089566458,-0.7780047098795535,3.8171719868977902,1023.5675162760417,9.624674792091051,92.14746281504631,409.73058636983234,8.271417236328148,3.2118774414062727,5.728893534342471,87.37685171763103,84.17592493693034,257.7361092567444,15.173377690434053,11.029528097897133,-0.9247243245442291,3.696827189127646,1022.5205078125,10.610602979237834,88.85699958105882,492.57177742322284,9.445153808593773,3.4558044433593977,6.022534942626976,87.1101843516032,93.25694433848064,276.11805725097656,18.970929638812667,9.131406305862376,-0.6944717407226335,3.9245849609375227,1023.586748046875,8.338263375063738,100.3768901526928,433.5627682209015,7.906365966796898,3.2523742675781477,5.483937835693382,90.4175926844279,86.21620353062947,290.75694465637207,17.673051045796175,10.6627130353607,-0.6639503479003679,3.978144582112634,1023.1866373697917,9.934076394187286,91.1132963175575,405.92632722854614,9.349969482421898,3.2054077148437727,5.94037272135419,87.44999853769939,92.41851838429768,270.6319465637207,19.020198296544294,9.79694228543334,-0.7232256571451785,3.9005218505859602,1023.53685546875,8.744650200009346,100.2834445933501,441.3086721102397,8.416680908203148,2.7351318359375227,5.5022649129231995,87.86435031890869,85.97314755121867,281.74305534362793,13.797592348620727,9.836097200707249,-0.8272460937499773,3.546383158365927,1023.7296516927083,9.999651153882345,89.41879373788834,399.20166031519574
2021-10-14,7.268823242187523,2.3594604492187727,4.913624064127627,83.50648307800293,93.743980884552,42.42361068725586,12.881613469552963,8.752193138501976,0.7352996826172102,2.279762522379599,1026.7098665364583,12.923730174700419,30.807852521538734,184.07910803953806,8.365441894531273,2.2944580078125227,5.111435190836612,79.96111297607422,88.52777735392253,298.4097194671631,11.62547615286061,7.661282992501995,1.0853312174479584,1.7752243041992415,1026.3996712239582,11.334870730837187,52.319406136870384,153.48839302857718,8.067712402343773,2.8446594238281477,5.564405059814476,79.30046304066975,97.21342531840007,31.31250035762787,12.36572245973027,8.39014702825503,0.7638857523600677,2.1883725484212277,1026.801240234375,9.226801951726278,39.372185200452805,185.68796277046204,7.235894775390648,2.6997009277343977,4.973718261718773,85.38148180643718,95.40648301442464,265.1388874053955,13.513851694001648,9.71041751553932,0.8036616007487396,2.664411163330101,1026.19275390625,11.310347471386194,33.76479622721672,192.7596220175425,8.621484375000023,2.6166931152343977,5.919906870524112,76.23611195882161,96.20648161570232,9.291666805744171,11.53848567463456,8.016807608573007,0.6962142944336165,1.9299929300944427,1026.9757063802083,6.997069512804349,59.22296250114838,202.0225887298584,9.365075683593773,2.2410827636718977,5.3431462605794495,81.38148148854573,80.73472221692403,307.5416679382324,11.903083894914486,7.528725523167783,1.0771397908528684,2.260120646158896,1026.6458821614583,11.255439875026545,63.65786887705326,169.06108740965524,8.833276367187523,2.4210449218750227,5.896691894531273,78.78425868352254,97.47731463114421,4.187499940395355,11.147685927623549,7.542038103447102,0.7235847473144759,2.3547162373860715,1027.0597037760417,8.10213253647089,56.48207429051399,202.39483280976614,7.101312255859398,2.1840148925781477,4.770462290445987,84.10416825612386,90.5800937016805,301.2499942779541,12.498732186956554,7.942362617097838,0.7156222025553802,2.221040344238304,1026.8807291666667,13.703629980484644,36.6324452906847,151.9683290719986
2021-10-15,12.875177001953148,2.3960205078125227,7.0173609415690335,77.48611068725586,84.91018486022949,0.3333333358168602,8.475953754861111,5.984108987680877,4.704554494222009,3.161794281005882,1020.750126953125,0.9557550549507141,124.01783316582441,175.07792103290558,13.407556152343773,2.9008422851562727,7.443288421630882,81.13703807195027,70.2726841767629,48.49999809265137,8.341170176326438,5.721592583311367,4.94580993652346,4.198929087321005,1020.5043098958333,-3.4829246401786804,128.6319818968574,180.0264654159546,13.094415283203148,2.5469299316406477,7.223494466145856,77.93055423100789,84.33148241043091,1.1666666865348816,9.85028446528999,6.271087820387689,5.024622853597009,3.4320528666178802,1020.2838411458333,0.4624313513437907,124.78274285793304,180.14530686537424,13.238031005859398,2.4955383300781477,7.323134358723981,78.67314704259236,73.5675919453303,33.527777791023254,6.065186908451006,4.7324189666703695,4.756283060709677,3.6492184956868527,1019.904833984375,-2.025751292705536,128.72442447642484,174.43166347344717,13.036248779296898,2.5130249023437727,7.121982828776065,77.85046259562175,82.18101803461711,0.0,10.23970915876626,6.741211861441459,5.096465047200525,3.305151875813806,1020.3539388020832,0.6058031022548676,122.06168277810018,181.94766640663147,13.224389648437523,2.3944335937500227,7.3979151407877835,76.23518578211467,82.78333441416423,9.333333492279053,6.9012095567685705,5.511230093938764,4.786328887939476,3.2894264221191634,1020.2527864583333,-1.4364059964815776,129.59481502324343,176.74783555666605,13.108422851562523,2.6566406250000227,7.255700683593773,77.1828711827596,77.93379577000935,0.0,9.557349285448494,6.693849378950579,5.18165232340499,3.3188529968261946,1020.397578125,0.13440173864364624,126.06570406754811,181.6584653457006,13.126733398437523,2.3569580078125227,7.198468780517601,78.12268495559692,85.46851809819539,4.666666746139526,9.15347769441351,5.897323442657026,4.441437021891318,3.4439127604167084,1020.9163248697918,-0.2571277441456914,126.72909548381965,183.07588013013205
2021-10-16,12.019494628906273,4.546014404296898,7.475047047932965,83.41666793823242,50.675463835398354,0.0,6.277516871430848,3.874935804460384,2.935072835286462,4.7028060913086165,1021.46138671875,3.251151750485102,98.97101735447843,226.0869493484497,11.984979248046898,4.981347656250023,7.834127044677757,83.37222258249919,64.35740733146667,0.7777778031304479,6.164231272676107,3.2665446803966076,2.9876508076985715,5.089648183186853,1021.2325390625,1.3438512583573659,89.38189112643401,150.8290125131607,12.424554443359398,4.550012207031273,7.615316009521507,83.46527767181396,44.13194441795349,0.1111111119389534,6.902616705016349,4.115746690640938,3.181550598144554,4.845635986328148,1021.3106998697917,2.3868962824344635,112.59324041133125,232.24985555807748,12.328393554687523,4.653833007812523,7.96710611979169,83.56296221415202,56.73055617014567,1.409722238779068,7.373554841225393,4.231522832354064,2.892818705240927,5.221317545572958,1021.1964680989582,0.5452727576096853,107.85592685143153,213.09541296958923,12.493646240234398,4.433312988281273,7.542231496175153,83.88888740539551,39.1587967077891,0.06944444496184587,7.046410359469932,3.9692015991173832,3.3268460591634152,4.853170013427757,1021.3893098958333,3.006479263305664,115.57548177738984,228.8186796506246,11.672235107421898,4.135919189453148,7.688855743408226,83.30925877888997,62.58888912200928,0.180555559694767,6.61685169218004,4.147465391966667,2.7197179158528684,4.8916247049967865,1021.54283203125,1.3633503516515095,87.61903577794631,222.54242475827536,12.720819091796898,4.815698242187523,8.113669331868513,83.06389013926189,50.162500063578285,0.27083334559574723,6.278779999412962,3.8059944208717487,3.418286895751976,5.259552256266318,1021.02314453125,0.9787070254484812,104.88479505479336,219.2479229370753,11.505548095703148,4.368188476562523,7.783236440022809,83.32592487335205,72.28842671712239,0.02777777798473835,6.509179537579712,4.101257954227183,2.8428741455078352,4.9904774983724,1021.458359375,1.2768014073371887,82.0963902125756,221.62868932882944
2021-10-17,13.194421386718773,3.7644287109375227,7.779892222086612,84.21527624130249,48.07407476504644,0.5000000149011612,5.210488947976074,3.471545648401772,4.3599105834961165,5.115659332275413,1021.2980143229167,3.1799070487419763,126.68514761825402,186.76668107509613,13.245446777343773,3.1784912109375227,7.328359222412132,84.04212935765584,30.61574051777522,0.0,5.510295120470312,3.127242924544703,4.53293380737307,4.653006490071618,1021.9910026041667,3.705583577354749,132.6409419476986,182.66022872924805,13.520440673828148,3.7077270507812727,7.7747868855794495,84.6393518447876,35.69490762551626,1.5,4.964075420906057,3.169495760881911,4.474323527018271,5.1689315795898665,1021.2745670572917,2.6728499432404837,133.28321965535483,192.0639388958613,12.923211669921898,3.5765625000000227,7.423576609293643,84.84907468159993,30.41712947686513,0.3333333358168602,5.4523617295117335,3.241362766426325,4.739661153157556,4.890256500244163,1021.5615201822917,4.19392553716898,124.91079553961754,174.63657693068185,13.494409179687523,3.3500000000000227,7.585267639160179,83.72500085830688,23.533333718776703,1.1666666865348816,5.5540202080477075,3.21741311410756,4.504103597005212,4.8206649780273665,1021.4515104166667,3.0771416996916137,138.29666552941003,191.7263935407003,13.608850097656273,3.6096740722656477,7.633639272054059,83.86944421132405,42.00185259183248,0.1666666679084301,6.588707039335863,3.685609690544164,4.432984924316429,4.903286234537802,1021.5055403645833,2.576723571245869,130.733925220867,188.93218020598093,13.634301757812523,3.5473876953125227,7.721546427408877,84.33194367090861,26.94490736722946,0.0,5.9679993440871035,3.0892949279460393,4.736995951334677,5.05856857299807,1021.1730208333333,2.782387892405192,135.31314756472906,184.41356893380484,13.672204589843773,3.8284851074218977,7.948201751709007,82.69768476486206,42.787036538124084,0.8333333730697632,6.204040860501148,3.922337342379304,4.137663777669275,4.993788655598962,1021.46716796875,2.622416873772939,136.30461567640305,205.8390985329946
2021-10-18,14.625756835937523,5.239617919921898,9.138144429524763,81.07824055353801,55.941203946868576,0.0,6.386064263600913,4.907399137899237,6.310304260253929,5.823377227783226,1024.4798372395833,-1.8758987387021382,135.35714791715145,191.3010416428248,14.317102050781273,5.738732910156273,8.97266540527346,81.09814755121867,65.04907443126042,0.5000000149011612,7.15677434077939,5.757941091685638,5.775258636474632,5.668524678548181,1023.97103515625,-1.044611116250356,132.762702661256,210.11173264185587,14.258813476562523,4.920983886718773,8.871626790364607,81.36203622817993,55.37777737776438,0.0,6.825031003048794,4.991088489066098,5.892354583740257,5.622436777750693,1024.722724609375,-1.062675878405571,134.19928109397492,203.525883158048,14.482629394531273,5.992974853515648,9.055595652262392,81.77731450398763,69.1513894200325,1.5,6.553113256223447,5.381798373443452,5.812984720865927,5.876133219401083,1023.9558561197917,-1.4046132564544678,129.71127734581628,206.258491675059,14.172235107421898,4.886346435546898,8.583549753824892,81.21898221969604,56.16064818700155,0.0,6.571852436813709,4.006831146889265,5.644353485107445,5.302740987141931,1025.1970865885417,-1.1563932249943416,134.3164635449648,191.26778066158295,14.304742431640648,5.341149902343773,8.91956736246747,81.32314840952556,55.42870364586512,1.1666666865348816,6.084138094820234,5.106615886185845,5.75248743693038,5.665606435139978,1024.54853515625,-1.4565502206484477,135.39509208127856,201.79864283402762,13.985528564453148,4.879571533203148,8.390893554687523,82.29722166061401,54.78703719377518,0.0,7.13570124539652,3.9493782946152343,5.411597188313806,5.305641428629599,1025.3812272135417,-0.46291659275690716,134.730756825457,195.0138691266378,14.350030517578148,5.074151611328148,8.897012329101585,80.90046326319377,55.52731524904569,0.0,6.96025173243981,5.02259745883277,6.2207504272461165,5.5497235616048215,1024.45626953125,-0.8389953027168909,134.84207254772386,192.1750464042028
2021-10-19,14.979241943359398,6.876184082031273,10.249450937906923,75.38333447774251,99.86250019073486,1.0555555680766702,8.977281870082079,6.675518516249407,9.568662261962913,5.946755981445335,1025.5285091145834,-0.9244734595219294,37.854018930345774,100.765918135643,15.904138183593773,7.255303955078148,11.10464757283531,71.66249926884969,100.0,0.20138888992369175,8.1537222543953,6.497837356840468,9.648892974853538,5.990014648437523,1025.250048828125,-5.7903410618503885,72.19018616775672,119.37850066026051,11.690728759765648,6.829492187500023,9.496040598551454,77.04444313049316,99.74675941467285,2.583333369344473,10.687940746346262,7.171062692642324,9.503287251790368,5.577725982666038,1025.7066536458333,1.4771564503510792,20.77449997700751,74.61911837259929,16.174340820312523,7.107934570312523,10.807729339599632,72.65231529871623,99.83379554748535,0.04861111147329211,9.30138382672182,6.332267504487596,9.718045806884788,5.8717272440592865,1025.389091796875,-4.745425482590993,76.42544536416729,137.73599779605865,11.429040527343773,6.676171875000023,9.27548497517906,73.77777767181396,99.60601870218913,1.9305555578321218,9.577447415984318,6.150939047131605,9.6984687805176,4.751467641194665,1025.8122005208334,1.5584138594567776,22.313222713768482,45.70590098698934,14.956262207031273,7.072198486328148,9.93020909627281,77.6694450378418,99.92638778686523,5.618055636994541,9.311995383565415,6.032403674046418,9.176792399088583,6.050366973876976,1025.6863541666667,0.3175193847467502,37.58372230951985,86.1312741835912,13.108148193359398,5.850030517578148,8.914937591552757,75.7569448153178,96.50324058532715,7.6874997997656465,9.523773448147114,6.4331940386915925,9.811241404215536,4.728284454345726,1025.7767513020833,3.3713668237129846,34.21887052307526,62.660074512163796,13.558160400390648,6.462670898437523,10.080892181396507,73.41944471995036,99.68703715006511,0.2013888880610466,8.326317712882663,5.8767925552629565,9.75766525268557,5.358886973063193,1025.63181640625,-1.427661657333374,33.70874059821168,59.304346005121864
2021-10-20,19.588739013671898,9.306878662109398,13.217388407389345,73.63657474517822,69.73333382606506,6.333333492279053,11.811777950924249,7.6843379359563215,13.786408996582054,8.458156840006552,1016.5541048177083,-16.20531336342295,104.83164672553539,152.10140796502432,19.380364990234398,9.463647460937523,13.510733540852888,74.06388982137044,71.38425819079082,3.833333373069763,10.977196190530547,7.448255165657673,13.476183827718103,8.807462310791038,1016.9317350260417,-14.598049625754356,105.89294433842103,145.6583506266276,19.609948730468773,9.364984130859398,13.256884511311872,76.21157328287761,60.2976858218511,8.166666984558105,10.852123023152778,7.555322738614649,13.79511159261068,8.987082417805993,1016.6035481770833,-16.784015994518995,107.14181385686,147.5315770705541,19.272210693359398,9.416680908203148,13.206548309326195,79.55185127258301,72.30972182750702,15.666666984558105,8.916571782886805,7.015593112641497,13.655140177408896,9.526982879638695,1016.843818359375,-16.72634155054887,108.13738913089037,137.13032762209573,19.596551513671898,9.450921630859398,13.410038248697939,76.63935168584187,49.636574437220894,6.166666746139526,11.328497995269746,7.477143949896152,13.784407552083337,9.214888509114587,1016.4173860677083,-16.584889441728592,110.12918302168448,150.46561268965402,19.325372314453148,8.820855712890648,12.89761632283531,70.67685143152873,68.57175958156586,7.833333492279053,8.843047372288465,6.869403619905049,13.835926310221396,7.461750284830771,1017.0836067708333,-15.879086824754873,112.40942504256964,116.7480678955714,19.583306884765648,9.713098144531273,13.498612976074241,77.11620330810547,50.61111122866472,1.3333333432674408,12.28746048329756,7.756281987349368,13.731889343261741,9.380593872070335,1016.2068196614583,-16.827624022960663,109.54625595360994,158.46889793872833,19.316217041015648,8.779229736328148,12.877720133463564,74.44259389241536,68.17361148198445,28.833332061767578,10.649932703601921,7.177356271405586,13.769584910074911,8.2706123352051,1016.7072981770833,-15.7029545083642,107.24120135977864,137.70813008149466
2021-10-21,13.886499023437523,8.978051757812523,11.073223368326845,72.83286984761556,61.294908126195274,12.034722284413874,44.31486708290888,22.228143249566475,7.4946762084961165,6.3489484151204465,1009.8944791666668,5.250563591718674,86.78785130319496,924.8645515441895,14.458245849609398,10.109185791015648,12.01745503743492,70.27036952972412,65.7254626750946,16.486111104488373,35.82287213047004,21.28329310517819,8.46725743611654,6.672334289550804,1008.576171875,0.35013300739228725,90.69653839897364,902.3726216952006,14.116662597656273,8.658135986328148,10.978922780354841,72.93564891815186,59.712962528069816,15.666666554287076,42.92027906750102,21.273208191152104,7.668230946858728,6.271367645263695,1009.877802734375,6.3212250371774035,87.47688913159072,886.6916063626608,13.383325195312523,9.906793212890648,11.694514211018904,71.30185222625732,60.153703133265175,33.055555522441864,36.650687671234195,21.537665220163102,8.041622416178427,6.580140686035179,1009.1958626302082,2.461248554289341,88.48340685541432,933.6695295969645,12.994409179687523,8.994409179687523,10.756981150309267,72.83333396911621,62.60462870200475,22.993055447936058,38.22396610138293,21.574849035833363,7.184172566731775,6.036551411946618,1010.5205208333333,6.168622923394044,83.3044631878535,978.4292079607645,12.972222900390648,8.961114501953148,11.248892720540388,70.62778027852376,64.32546313603719,26.895833432674408,38.641665317299676,21.213252424570243,7.493361409505212,6.029829915364587,1009.5405501302083,4.6270965325335665,67.36216458212584,904.1339354515076,12.514245605468773,8.888848876953148,10.74619064331057,72.04953797658284,74.18194508552551,14.868055835366249,42.02690319283639,21.842915971432443,7.184411621093773,5.864828999837243,1010.2523014322917,6.530447972317536,62.2082598451525,958.4054652849833,13.003381347656273,9.047113037109398,11.133536275227888,72.0675916671753,64.1495377222697,19.847222089767456,34.621265348782295,20.49845600728257,7.5848861694336165,6.203967030843103,1009.3550651041667,4.9278449304401875,75.68694346025586,866.2403197288513
2021-10-22,9.127801513671898,3.7507873535156477,6.580181376139346,80.47314771016438,65.20787088076274,104.10416734218597,23.120008733565417,13.138727402023838,0.6796699523926009,3.309168752034509,1020.8574609375,19.353338199357193,78.02511370345019,660.0303789774576,8.194909667968773,3.1617675781250227,5.145253753662132,84.46620400746663,72.82962902386983,69.57638847827911,20.46021858760019,11.021494148680977,0.262178039550804,2.632051086425804,1020.3231087239583,25.295615171392758,53.207221953663975,497.9351323445638,9.535302734375023,3.5460144042968977,6.788980102539085,80.31944370269775,58.747685511906944,82.86805665493011,21.37338226033073,14.416462959565152,0.8447992960612396,3.424054718017601,1020.1928776041667,18.223344416668017,85.68286901658091,691.5211919148763,8.684197998046898,3.6544433593750227,6.12863693237307,81.90972328186035,75.58750021457672,64.88888955116272,21.711953081151922,11.616049061657177,0.5818674723307709,3.140650685628259,1020.6087467447917,21.00683914621671,50.76872358665181,559.9721260070801,9.561669921875023,3.9231506347656477,6.990033721923851,79.57592550913493,68.05277744928996,43.652776807546616,25.63072038630343,14.082467090305189,1.0870847066243527,3.4898607889811615,1020.1332877604167,18.238319605588913,73.06703688103396,695.1994558970133,8.983331298828148,3.2310424804687727,6.358719126383487,83.78796259562175,80.67592493693034,66.56944465637207,23.0250631266027,10.647056446300057,1.2764984130859602,3.743824259440146,1020.7256673177083,19.1552131374677,42.53024014473582,509.52796745300293,9.867639160156273,3.6017089843750227,7.065713500976585,78.23749987284343,63.161110957463585,42.53472198592499,28.936560395650112,14.69595581617503,1.0734306335449446,3.3235107421875227,1019.9917220052083,18.26341158648332,77.56648130699371,715.9738775889078,8.364526367187523,3.4162231445312727,6.173860168457054,84.61759122212727,72.38379613558452,74.42361128330231,22.131962037411586,11.169071685368797,0.9883031209309934,3.6744921366374115,1020.7213834635418,20.586778519054253,46.5892036788476,527.7827631632487
2021-10-23,9.983453369140648,1.9911437988281477,5.089788055419945,77.07546313603719,38.64305587609609,60.73611068725586,13.876422760888886,8.477725529991199,-0.3018338521321198,1.219875590006552,1028.1443587239582,15.332999368508657,108.903612141187,329.80991252263385,9.822930908203148,1.1611267089843977,4.756664530436221,77.09120480219524,24.6703698237737,128.00000381469727,13.002729237402951,9.01691773500548,-0.6526995340983035,0.8557805379231809,1028.2078873697917,15.013236495355764,119.44836989479761,324.6940152645111,10.099328613281273,2.0045715332031477,5.08811213175458,76.85972261428833,40.72083322207133,5.5000001192092896,13.536117598120576,8.88228044982,-0.21270472208658475,1.1863494873047102,1028.188291015625,14.895674228668213,102.78539042826742,318.03121487299603,10.016656494140648,2.0305419921875227,4.983332570393903,77.39259306589763,31.864351491133373,98.48611307144165,14.182632972612758,8.563476019766833,-0.3049720764159929,1.1462938944499115,1028.2554817708333,14.631576210260391,107.0969420519347,321.2297432422638,10.354302978515648,2.1790405273437727,5.205534871419293,75.92361259460449,39.34537069002787,0.1666666716337204,13.925177189705057,8.646938809801686,-0.18599675496415102,1.1180269877116302,1028.284375,14.469581564267477,102.53707431970786,324.6574498812358,9.834069824218773,1.9008728027343977,4.8572453816731995,78.093981107076,26.41712937752406,59.6597216129303,13.33760355679087,8.21623914761321,-0.5709035237629791,1.150795237223349,1028.4608561197917,15.376054724057516,110.36029494957377,315.40826137860614,10.249871826171898,2.4821411132812727,5.376477813720726,76.27129713694255,43.568981647491455,0.11805555643513799,14.617983408394435,9.183772863839154,-0.27424850463864914,1.3539876302083371,1028.2400520833332,14.010156959295273,99.52585320733488,348.30115938186646,9.723992919921898,1.5277648925781477,4.659850056966168,78.65879678726196,27.66527779897054,57.61805534362793,13.384227521064693,8.280891976384568,-0.6499402364094635,1.0837710062663177,1028.2472981770834,16.115511844555538,106.04224240438391,291.41270327568054
2021-10-24,11.492669677734398,0.5701538085937727,4.96435953776044,78.88472270965576,7.870370449692321,0.6666666716337204,13.203232035846451,9.692427037934586,8.55094935099288,1.2994832356770871,1027.5178352864582,11.453559011220932,127.17894724570215,202.61873284975687,11.150964355468773,0.22780761718752274,4.726602172851585,79.52916669845581,6.038888849628468,60.833335876464844,13.965598893343422,9.854456310138335,7.991780853271507,1.2191927591960052,1027.413916015625,11.515372842550278,126.76738861761987,211.46303288141885,11.545098876953148,0.6069885253906477,4.963311767578148,78.90509192148845,6.989351427337776,1.8333333134651184,13.224910815206593,9.667765809138155,8.55485560099288,1.2977704366048215,1027.53806640625,11.566079696019491,127.4123199339956,200.9279906352361,11.355004882812523,0.6005187988281477,4.853679911295596,79.46666622161865,6.656018512323499,5.5000001192092896,15.10149267684851,10.410980728315076,8.434014892578148,1.3075843811035384,1027.43267578125,10.965310633182526,126.9942594723155,215.04199425379434,11.419427490234398,0.44014892578127274,4.797792053222679,78.88287051518758,6.530092753625165,0.5000000149011612,14.2278362097491,9.93917098346594,8.70429636637374,1.1190887451172102,1027.5721614583333,11.962620506683985,127.87210905676086,199.0947047074636,11.370568847656273,0.6638732910156477,4.884645080566429,79.32499933242798,5.236111017409712,0.5000000149011612,13.803443333462747,10.325781246550319,8.555542246500693,1.2928291320801009,1027.5384049479167,11.275230983893076,127.17581267716984,213.77765564123789,11.293969726562523,0.34035644531252274,4.666841125488304,79.00740782419841,4.611574022565037,0.0,14.186682373401363,10.104273662284902,8.702344512939476,1.0140485127766965,1027.4199381510416,12.529376834630966,128.13133649155498,201.39003761609396,11.450006103515648,0.5894104003906477,4.874374643961612,78.48333215713501,4.257407574603955,0.3333333358168602,13.803286451617762,9.978768333401078,8.482979075113974,1.1395507812500227,1027.4998958333333,11.388620922962824,127.44237005275984,206.35292653242746
2021-10-25,10.868646240234398,3.0367675781250227,6.461782073974632,72.41759363810222,84.82592626583452,0.0,5.229438455041935,3.55821254681614,8.54869105021163,1.725704447428427,1022.9754231770833,3.5463558634122214,66.06786918826401,60.1761999130249,12.688134765625023,2.7834716796875227,6.839278157552106,72.90323972702026,61.454166521939136,0.6666666716337204,5.8477983723821465,4.381790588131278,8.359059906005882,2.109169260660849,1024.0753352864583,1.4953725536664326,93.77724093555783,88.15107826391856,11.133325195312523,2.8940673828125227,6.496226247151715,70.97546275456746,84.05138881007831,0.0,5.102831315183945,3.563062290522087,8.568390146891318,1.462739562988304,1023.1298470052083,3.3829109271367392,68.47390794443588,64.54319262504578,12.617944335937523,2.4693847656250227,6.666416422526065,73.07314697901408,47.381481885910034,1.8333333134651184,5.367206670186399,4.097782363513313,8.52724100748702,1.9474934895833371,1023.7422135416667,2.687641734878222,100.09353624144569,87.6176307996114,10.767694091796898,2.6478515625000227,6.246601359049502,72.16296211878459,77.65046325263877,0.0,4.727936724112172,3.5630517108959054,8.335371907552087,1.4598187764485715,1023.1210481770833,4.652166843414307,64.90568528401975,64.16096909840901,12.333581542968773,2.2810607910156477,6.3180302937825745,73.00740734736125,61.199999888738,0.5000000149011612,5.454412306891697,3.93913426434047,8.698533630371116,1.5923502604167084,1023.5064713541667,3.8207868039608,99.04583345772699,87.78366164366405,10.519219970703148,2.7388549804687727,6.154505666097028,72.36111132303874,74.4490745862325,0.0,5.389715162772508,3.3735008361157828,8.452601369222009,1.4167101542155365,1022.9932454427083,5.401267856359482,60.84953673866888,61.17928389708201,12.573022460937523,2.7950378417968977,6.662201182047549,71.6046306292216,80.62916745121281,0.0,5.490200479892601,3.915933965276109,8.65428187052413,1.6600039164225677,1023.225146484375,2.1230668226877847,88.01411217280354,83.11445001761119
2021-10-26,11.551019287109398,3.7801147460937727,7.107109324137393,83.20370229085286,74.81250015894572,2.4027777672745287,10.94286486587666,7.587246144520445,4.4961715698242415,4.394367472330771,1024.53130859375,2.6285011917352676,57.832759970022984,152.72494614124298,9.929498291015648,4.312432861328148,7.52122014363609,82.7106482187907,79.30833355585735,6.263888862449676,10.71873498996757,7.062055613360606,4.177969868977868,4.709687805175804,1024.24427734375,1.2309183080991108,56.683981049185,133.94857756296793,11.252984619140648,3.4311462402343977,7.123831685384137,81.06944370269775,74.64722220102946,0.4305555569007993,10.420656727076882,7.8353187314855175,4.653443908691429,4.036270395914755,1024.72134765625,1.9550796647866566,63.920184560740985,147.0810537735621,11.630975341796898,4.056481933593773,7.587180074056012,80.46064853668213,82.83888864517212,5.347222328186035,11.054823662481802,7.319607022874,4.266937510172568,4.366682942708337,1024.1909342447916,-0.5488454202810923,67.72611072473228,149.7476325829824,12.413598632812523,3.4548583984375227,7.396961466471377,80.56944306691487,68.90555540720622,2.2916665808297694,9.845622681132918,7.497718446580142,4.649812316894554,4.184612528483115,1024.4809049479168,-0.17326920355359712,85.51731597197552,174.5880507628123,11.688470458984398,3.7483459472656477,7.494479115804059,81.11018308003743,91.04768466949463,1.569444458000362,10.864361648189949,7.808708279185723,4.542250569661462,4.410072580973349,1024.1850325520834,0.6052580177783966,58.10173951943094,158.05149821440378,12.066125488281273,3.6530395507812727,7.047498321533226,82.88842582702637,71.66296418507893,0.9097222089767456,9.89238641258,7.730240034578152,4.51331481933596,4.267593638102255,1024.5678092447918,2.3724487821261087,67.57611062936485,162.03793247540793,12.720635986328148,3.5725036621093977,7.127135213216168,83.35879643758138,74.45231421788533,7.798611045815051,11.797873493236336,7.984531500111959,4.253765360514365,4.41498718261721,1024.201767578125,0.39902813732624054,77.90833325001101,197.49774976571402
2021-10-27,13.366937255859398,4.013208007812523,7.600469207763695,84.16018597284953,47.42592612902323,2.4999999403953552,10.2192820744583,6.795741311993055,6.053029632568382,4.92975769042971,1026.29431640625,1.0572425425052643,115.1237968346104,151.55783565839133,13.124353027343773,4.772210693359398,7.9018925984700745,86.9018513361613,76.39444398880005,7.333333253860474,7.569775202304556,5.737158036489338,5.262335713704431,5.7316693623860715,1027.0563606770834,-1.4361008057991664,110.39861287083477,153.57289338111877,13.232202148437523,4.184808349609398,7.584156290690127,85.52268568674724,55.600463469823204,13.5,10.992283577221595,7.0184204078087085,6.02987950642904,5.168232218424521,1026.4773958333333,1.4342895944913228,114.4561869840448,154.626580397288,13.452294921875023,3.9853759765625227,7.637387847900413,83.42407417297363,30.16805617014567,1.5,9.843910240867157,6.851276557181063,5.965711212158226,4.823687489827478,1026.77970703125,0.3812388628721237,113.95916753417502,155.57158648967743,13.332818603515648,4.269342041015648,7.680323537190778,85.22546354929607,59.1041673819224,8.499999761581421,11.000495995325085,7.2596040185989095,6.060276285807333,5.206363932291708,1026.5167154947917,1.3075975825389226,114.23418400095154,159.7220003604889,13.518304443359398,4.233209228515648,7.812507883707705,84.49351739883423,55.28842576344808,6.8333330154418945,9.029163048277587,6.477824859692568,6.140019989013695,5.1939687093099,1026.7406575520833,0.580543984969457,113.21418767577659,146.5036667585373,13.240502929687523,4.405114746093773,7.676606750488304,85.40555508931477,61.95833293596903,0.0,11.18699795840749,7.2899200980507715,5.910153961181663,5.237477874755882,1026.3651529947917,1.2783962339162827,113.95768727269024,163.4730739593506,13.366723632812523,3.9624267578125227,7.549000040690127,84.06481472651164,48.84166749318441,2.4999999403953552,10.202805798663874,6.616014828851443,5.997678375244163,4.859999593098962,1026.3474739583332,0.7721190353234609,114.81666888203472,151.76740058263144
2021-10-28,13.454553222656273,2.9385314941406477,7.076243336995465,78.03425947825114,17.34768521785736,0.0,6.571079021265352,4.801367368606247,9.605813598632835,3.1878168741862396,1021.7614420572917,5.962692101796468,115.88279853427473,109.80067805449168,13.641137695312523,3.3168579101562727,7.381304677327496,81.7824076016744,19.771759579579037,2.4999999403953552,6.210003522002557,4.435701988844675,9.340576426188193,4.228749847412132,1021.9398177083333,3.5795203844706216,113.87003789508405,115.80058475335439,13.495263671875023,2.9344421386718977,7.064047749837262,78.7268517812093,18.68518489599228,0.0,6.9808812227735695,4.9383511692295174,9.510948435465536,3.3055892944336165,1021.5799348958333,5.61910863717397,115.56038874550723,111.90447608629863,13.618280029296898,3.1715026855468977,7.266693369547549,79.7402795155843,24.450463235378265,13.5,6.38018732657448,4.575638791381359,9.4059883117676,3.6926068623860715,1022.233125,4.288604915142059,115.05844499830467,110.43339145183563,13.400994873046898,2.8258911132812727,6.978690083821637,79.30462948481242,26.20277778307597,0.0,7.1946930296715035,4.883269539565304,9.332659657796228,3.338428751627646,1021.7076953125,5.533507664998372,114.8756305591669,112.30808822313945,13.463098144531273,2.9341064453125227,7.09042892456057,78.05509249369304,17.173611104488373,8.499999761581421,6.5872431370672375,4.5169243660933605,9.539153035481775,3.193495686848962,1021.901328125,5.465836306413014,115.8744656459894,111.71963198979695,13.400292968750023,2.7375122070312727,6.927180226643903,79.55092557271321,29.770832737286884,0.0,7.395663247596021,4.905103782448077,9.48804372151693,3.3414042154948334,1021.6723111979168,5.530646046002706,115.09333326582176,113.85372964541118,13.487329101562523,2.8534790039062727,7.007906850179059,77.63379700978597,16.87638904651006,0.0,6.639998989391124,4.545863546242942,9.48579813639327,3.026453908284509,1021.7825716145833,5.873461027940114,116.07840715014997,111.05222900708516
2021-10-29,13.775842285156273,3.4604736328125227,7.668031311035179,76.13564984003703,43.25786978006363,0.0,5.485359924095616,4.026264520001452,10.57954813639327,3.5239438374837277,1015.314267578125,2.674333522717158,105.95879824956258,100.54924527804057,13.536523437500023,2.9953552246093977,7.179644521077496,74.28240696589152,35.872684955596924,0.0,5.60121403651239,3.6498781355574947,10.673004404703818,2.648573811848962,1015.313466796875,5.139964699745178,113.88601620992024,104.34232699871063,13.825219726562523,3.2840209960937727,7.511713918050153,75.52222235997517,37.80370420217514,0.0,5.633581319829849,4.41445103668676,10.53372472127279,3.2523984273274777,1014.917666015625,3.0871493419011435,109.47388648986816,102.18141444524129,13.666650390625023,3.2016540527343977,7.383865610758487,74.39768520991008,29.764351725578308,0.0,5.688138089543194,3.807744095748975,10.59260965983077,2.8848854064941634,1015.1984700520833,4.089331408341725,112.22916460037231,110.80242137114207,13.605096435546898,2.8196350097656477,7.133247629801455,73.18981552124023,40.72638793786367,0.0,6.152863049324071,4.267415444309528,10.657865142822288,2.4446400960286496,1015.1600390625,3.784326354662577,113.43240817387898,105.1490398645401,13.620172119140648,3.0461364746093977,7.357938385009788,74.4740727742513,28.717592815558117,0.0,6.293904328472957,4.3106929674228445,10.465266164143884,2.8814814249674896,1015.0929166666667,3.920551141103109,112.57611322402954,108.27452580134074,13.418511962890648,2.5777832031250227,6.928426361084007,72.1435186068217,41.49629511435827,0.0,5.722595380733046,3.796612281284053,10.759523010253929,2.0376920064290402,1015.2209114583333,4.317764321962993,113.82712841033936,106.63168172041576,13.735437011718773,3.2249084472656477,7.499962107340518,74.85509252548218,38.22361139456431,0.0,5.894842246030837,4.207387870134167,10.51939417521163,3.129482523600302,1015.2380501302083,3.372123658657074,108.58925739924113,107.43929485479991
2021-10-30,12.789086914062523,3.3755126953125227,7.854908243815127,70.71342595418294,80.31805562973022,0.0,12.562714726655303,7.978872029987017,10.346194203694665,2.6167706807454465,1011.43416015625,2.064913203318914,80.46860869725545,101.52866065502167,13.101098632812523,4.549645996093773,8.523657735188825,73.19907490412395,81.88611157735188,0.0,16.740839462591964,7.191650104419195,9.61432800292971,3.7985588073730696,1012.545908203125,-0.0961885576446851,98.57370408376057,118.82853813966115,13.329583740234398,3.4574829101562727,7.964770253499371,69.81805562973022,84.7273154258728,0.0,14.071723913203861,7.054744514927639,10.362966156005882,2.513477579752646,1011.540888671875,0.8750469535589218,88.20944531758626,102.43259493509929,13.335198974609398,4.343164062500023,8.51453806559247,72.37268670399983,75.28796291351318,0.0,15.163839237892718,7.295275502455471,9.419534301757835,3.6111389160156477,1011.7032682291667,-0.31059100727240246,89.97425858179729,109.06926508744557,13.500024414062523,2.9509216308593977,7.834349568684918,67.89444367090861,69.36157417297363,0.0,14.976978947960335,6.991536483748696,10.295126851399743,2.0023106892903684,1011.5047688802083,0.170353714376688,95.63018655776978,100.66982158025105,13.271203613281273,3.7625976562500227,8.19278742472333,70.54814799626668,89.10787105560303,0.0,15.935218002141276,8.237834660940488,10.027534739176474,2.9216832478841184,1011.7460123697917,0.8711912333965302,88.72796408335368,110.18967334429423,13.781030273437523,2.5996948242187727,7.6592168172200745,65.33657423655193,69.45092566808064,0.0,13.925687128869335,6.877492315838167,10.45682296752932,1.3426579793294309,1011.1980891927083,0.28894984163343906,100.4344498316447,100.55600261688232,12.718865966796898,3.6671081542968977,7.94278742472333,70.72268501917522,93.25601863861084,0.0,16.26462957029065,7.775773717041837,10.26254806518557,2.7425882975260834,1011.5082194010417,1.4847866694132488,73.10268719991048,103.43641531467438
2021-10-31,14.216516113281273,5.852563476562523,8.928909912109397,66.82000030517578,71.37599994659423,0.0,9.710863115604372,6.203361785666375,10.93637573242188,2.9151733398437614,1011.706025,0.02978959083557129,94.91208587646484,99.45478481292724,13.259484863281273,7.394219970703148,9.578891601562523,67.61688735961914,96.58000091552735,0.0,14.723707372988263,8.550401195557273,10.868483886718764,3.7637817382812955,1011.425475,-3.5702199578285216,73.3959114074707,105.70604843139648,14.601190185546898,6.094018554687523,9.173116455078148,67.27955520629882,68.58000036239623,0.0,12.651284277204013,6.99806256442005,11.389952392578152,3.247205810546916,1011.1858906250001,-0.9994026112556458,100.28435668945312,102.03985343933105,13.782403564453148,5.692346191406273,8.945977783203148,69.4564436340332,70.01333282470704,0.0,10.842614594161331,7.478506973322279,11.234368896484398,3.5254028320312614,1011.2438562499999,0.3687740325927734,73.03297805786133,92.32590991973876,14.326745605468773,5.660729980468773,8.940958251953148,66.67377746582031,55.24311191558838,0.0,11.507747957110048,6.803912941814416,10.967282714843748,2.8903320312500114,1011.239334375,-0.5480462583899498,101.57858047485351,105.11605686187744,14.110131835937523,5.967187500000023,8.842070312500022,68.27377807617188,65.81244525909423,0.0,13.716020354537093,7.704617101618116,11.309332275390659,3.151875000000018,1011.9296843750001,-0.8415076637268066,94.02346649169922,102.41516139984131,14.650445556640648,6.198266601562523,9.249808349609397,67.5911116027832,55.989778480529786,0.0,11.49186798347954,7.203270265521906,11.004990234375043,3.381506347656284,1010.664890625,-2.131389470100403,100.46222351074219,106.02491207122803,14.043786621093773,5.900659179687523,8.782408447265647,67.34311065673828,66.36444421768188,0.0,12.394369622168487,7.453167691684074,10.839719238281248,2.9048278808593864,1011.609978125,-0.73651451587677,95.40684371948242,101.87921394348145
2021-11-01,9.574731445312523,6.623773193359398,7.8064336140950745,90.16342544555664,81.21203688780467,47.687500454485416,10.565505150847432,6.090375269716643,5.5784533182780365,6.259978230794275,1007.4030143229168,8.992995649576187,8.949351827303568,159.21123623847961,13.082482910156273,6.405786132812523,8.270078277587913,86.74953587849934,77.73703734079997,50.36805524677038,20.54890979023435,8.27899023365439,6.722498830159509,6.07660827636721,1005.9586263020833,6.8689778844515486,38.29657465219498,233.27792072296143,9.714257812500023,6.358300781250023,7.94364446004234,89.53055604298909,83.70462961991628,58.11111083906144,10.848520219341273,6.191094841559248,5.712904866536462,6.269030507405603,1006.818603515625,9.344839016596476,6.217407365640004,159.57808335622153,12.768457031250023,6.229760742187523,8.145969645182314,85.06898053487141,82.0569450656573,60.1805559778586,16.479680594714093,8.857826388998472,6.439803059895837,5.6763905843099,1006.264345703125,7.378664401670297,39.58259185155233,275.45581471920013,9.653649902343773,6.500360107421898,7.76556803385419,89.5990743637085,81.87592633565266,66.29861147981137,9.584501889721386,6.207521743728385,5.58765818277999,6.1191637674967865,1006.49458984375,10.411861568689346,9.480092565218607,174.0981441338857,11.043817138671898,6.036187744140648,7.923738098144554,86.93749936421712,80.49490761756897,59.01388970389962,14.466694215697492,8.360765777021376,5.83832956949874,5.8111434936523665,1006.4919108072917,7.815855274597804,20.614167133967083,249.48849256833395,10.686608886718773,6.383905029296898,8.052859242757185,89.03009128570557,77.6504635810852,65.98611097224057,13.01688292246662,7.666408731134844,5.84601745605471,6.300280507405603,1005.8222428385417,10.277448991934458,16.91592611869176,223.19637791315714,9.638818359375023,6.147943115234398,7.593479410807315,88.57546265920003,79.50833352406819,46.83333334932104,12.460349244965114,7.0130925596377045,5.56120325724288,5.774652099609398,1007.0659993489583,9.635922734936079,7.11046302318573,209.01260805130005
2021-11-02,9.609399414062523,3.5528503417968977,6.415010070800804,89.1097224553426,85.13287019729614,298.47916746139526,17.203582438967207,10.808927749394263,1.3096735636393646,4.6805040995280365,1005.5497233072917,10.911748717228571,60.55444331963857,417.01431663831073,10.355981445312523,3.6432434082031477,6.755053456624371,87.01851812998454,91.49814812342326,135.04861116409302,20.696247833433457,10.098975713528773,1.6927925109863509,4.671283976237021,1005.076708984375,9.167948365211487,65.28676001230876,386.1151016553243,9.903375244140648,3.7649169921875227,6.644483184814476,87.42546304066975,90.08657375971477,289.4236087799072,16.95885911251172,11.416148839807656,1.4458226521809934,4.624089813232445,1004.9694889322917,9.898844404766956,52.88703739643097,486.12861744562787,10.238946533203148,4.468286132812523,6.964910125732445,87.97685114542644,95.64027786254883,287.6388883590698,15.043132458918555,11.072523628579576,1.503517405192099,5.042698160807333,1004.901298828125,7.451434041062991,66.1185196240743,447.8400478363037,10.571862792968773,4.009942626953148,6.636904652913434,87.09166781107585,91.90555604298909,176.44444847106934,18.853769935355952,10.168114210856677,1.638149515787802,4.54025802612307,1005.2761002604167,9.06020682056745,68.28759177525838,447.6058527628581,9.732385253906273,4.621423339843773,6.487978871663434,89.2009261449178,97.1912031173706,464.4027786254883,19.79638552008432,11.286915071262138,1.2056632995605696,4.778237915039085,1004.4138639322917,11.379495188593864,50.518147587776184,440.42466974258423,10.654260253906273,3.8274475097656477,6.648161824544293,86.1421292622884,92.83333333333333,62.38194441795349,17.34021414577013,10.035878407529943,1.6145505269368527,4.394116973876976,1004.99212890625,9.134034852186838,73.0835173924764,415.5285339355469,9.351678466796898,3.4538208007812727,6.31775817871096,89.35601870218913,90.99490690231323,440.9444513320923,17.65344752140488,11.943000272982692,1.2777267456054915,4.637044525146507,1004.5506575520833,12.848754167556763,51.16333429018656,445.5354672273
2021-11-03,9.906091308593773,2.1901184082031477,5.244978841145856,83.55509281158447,83.18703603744507,14.194444715976715,12.08243587168288,7.7119961895664355,4.0622790018717865,2.5392509460449446,1003.174580078125,12.756423427412907,63.60314806302389,144.01951356728873,9.311578369140648,2.2413879394531477,4.963296508789085,84.1953706741333,87.03009271621704,327.83333587646484,11.28511731453765,7.35060549762132,3.6667025248210052,2.4046989440918196,1004.3635579427083,14.348194214204947,62.08601840337118,137.17009826501211,9.596307373046898,1.6864257812500227,5.258312479654971,81.96620512008667,71.75555471579234,10.13888868689537,12.843159811841463,7.922979160046805,3.6674921671549896,2.2779899597168196,1003.1139583333332,11.270792186260223,65.99036876360576,192.03491731484732,9.528527832031273,2.0458312988281477,5.056892649332705,84.75046189626057,80.80925957361858,305.8333282470703,12.602759471247184,7.695063398189603,4.156148529052757,2.574672953287802,1003.8440234375,14.111389771103859,65.19287061691284,142.908332268397,9.320306396484398,1.6705566406250227,5.233640289306663,83.91481494903564,75.1328704704841,13.21527773141861,14.217329496819643,9.552983036464521,3.3229703267415402,2.622677103678427,1002.9986393229167,10.650404671827951,63.65638939539591,246.3559274673462,9.335412597656273,2.1705261230468977,5.129731750488304,86.2180569966634,86.12916628519694,204.33334350585938,13.758114903184527,8.445536528041766,4.446411387125693,2.906697845459007,1003.4001106770833,14.020771836241087,66.3851858774821,155.1015439828237,8.834008789062523,1.6301208496093977,4.973753865559918,85.6069450378418,74.58148131767909,0.0069444444961845875,13.093515965761588,9.046399030168413,3.5681460062663177,2.674335734049521,1002.5761263020833,12.971218202263117,56.26046299934387,190.27227656046549,10.286218261718773,2.5666137695312727,5.673046366373721,82.55925925572713,90.11990722020467,73.3472228050232,9.932010343095143,7.143118515249655,3.7427294413249115,2.7860415140788177,1003.6600162760417,11.180475493272146,66.57444564501445,149.0706741809845
2021-11-04,5.372644042968773,3.1173339843750227,4.1468063354492415,92.8060188293457,98.37824026743571,194.2013864815235,22.379968455410484,18.37766013814806,-1.3591916402180573,3.0738222757975677,1008.4761783854167,15.472833355267843,16.86740694443385,745.9546991984049,5.143853759765648,2.3784729003906477,3.7128362019857,95.42268562316895,99.85416603088379,287.65971851348877,23.076959849548007,16.498771140751103,-1.028379821777321,3.0364713033040402,1008.9272265625,17.126782933870953,6.60879618426164,580.1489175160726,5.534112548828148,1.9151550292968977,4.229845937093121,92.09768517812093,96.41666571299235,213.42361076176167,23.731458514196063,18.055304953293938,-1.1847328186034929,3.041713968912802,1008.412529296875,16.85171922047933,18.72166696190834,696.817897160848,5.510827636718773,1.9392028808593977,3.8123667399088768,94.43148199717204,98.56620375315349,313.46528029441833,21.258325842569068,16.162475847485734,-1.1698008219401004,2.9899205525716184,1009.5532747395832,17.70099965731303,11.519166866938273,636.4151573181152,5.407067871093773,1.9703308105468977,4.059112803141299,91.77546310424805,93.2537039120992,142.81944379210472,24.672430648351565,17.7464776726399,-1.2135172526041629,2.8239061991374115,1008.343720703125,18.055456280708313,20.47074105342229,669.7500495910645,5.675805664062523,2.3526550292968977,4.081975555419945,91.60277875264485,90.11759281158447,210.88194155693054,22.78495006354031,16.550113103741705,-1.3777297973632585,2.8174682617187727,1008.522138671875,15.859675660108527,31.798612078030903,674.9581349690756,5.615991210937523,2.5897766113281477,4.077456410725934,91.8944444656372,90.41759332021077,193.27777868509293,26.282432435083695,19.486605533101375,-1.3457244873046648,2.8562929789225677,1007.5843033854167,18.959062139193218,22.240740815798443,723.9923222859701,5.498803710937523,2.9685607910156477,4.139173126220726,92.56666660308838,98.3319444656372,276.9513887730427,22.337799981684427,17.633326089349612,-1.1028859456379791,3.024519856770837,1008.02921875,14.911782145500183,18.690185263752937,680.9794438680013
2021-11-05,7.507196044921898,1.7567382812500227,4.451543426513695,77.17129580179851,87.65925788879395,282.7777805328369,11.437623140552247,6.480236718818993,-2.394823455810524,0.6542233784993527,1022.7915625,7.2768023411432905,61.43046232064565,257.4180911382039,6.153497314453148,0.23562011718752274,3.3625516255696843,85.39629618326823,64.08009139696757,259.06249809265137,14.250746388136026,9.518746607842786,-2.009465281168616,1.0363517761230696,1023.2691080729168,13.667113656798998,59.31148258845011,320.66337092717487,6.157250976562523,0.37893066406252274,3.3757682800293196,83.6259256998698,61.10231479008993,22.826388776302338,12.848858991154163,8.689216052625975,-2.2423283894856354,0.7788838704427121,1023.5218098958333,13.505498814086119,61.76713021596273,273.3052248954773,7.780145263671898,0.05938110351564774,3.7020914713541893,80.6912047068278,48.13194433848063,289.5,10.507239903172911,6.794481717942323,-2.0078389485676666,0.5324582417806027,1023.19453125,9.987303296724955,89.79712732632954,261.98239119847614,5.970208740234398,0.35424194335939774,3.202108001709007,86.75648180643718,71.21666661898296,3.8472223430871964,13.962617880135888,9.335293806987352,-2.2163477579752566,1.1249290466308821,1023.5387239583333,14.297552846372128,53.86185026168823,318.81764761606854,6.412866210937523,0.37697753906252274,3.0088007609049705,85.16666762034099,58.57546313603719,186.29861211776733,12.787037892535396,9.202615533617744,-2.0140683492024323,0.6642598470052121,1023.526201171875,16.273580888907116,60.92805655797323,300.27376651763916,5.399743652343773,0.6524902343750227,3.3531903584798406,88.33333428700765,78.42500019073486,1.798611112870276,15.887931638632546,10.098611126684792,-1.950193786621071,1.5617271423340071,1023.5015852864583,13.880581068495909,32.71064774195353,314.9574297269185,7.349298095703148,1.8266845703125227,3.878719584147158,82.67916774749756,81.18796269098918,237.1041612625122,14.197750289255254,10.719694785475419,-2.2791389465331804,1.0939931233723996,1023.0179036458333,10.632404709234834,52.89601933956146,391.4733174641927
2021-11-06,8.539331054687523,1.3222290039062727,4.88522872924807,75.26805448532104,55.703703835606575,2.7499999701976776,6.6661971326507174,3.8635236430087443,-1.5900850931803348,0.7035855611165402,1029.027548828125,5.417829533418019,84.41657733917236,230.5291202465693,8.260766601562523,1.3473754882812727,4.565216318766299,75.50000111262004,51.64074079195658,284.09027767181396,5.229546456054612,3.2924038550763535,-2.1485872904459598,0.42029088338216525,1028.520849609375,9.91000317533811,91.19305372238159,265.0591498215993,8.549066162109398,1.4379821777343977,4.996320343017601,76.018980662028,57.070371200641,5.409722164273262,7.545725874462849,4.1270051450056,-1.642057800292946,0.9625704447428802,1028.9601985677082,5.7173788622021675,83.45944599310558,235.8285744190216,8.254876708984398,1.2750488281250227,4.553460693359398,78.12268511454265,52.58287037412325,23.756944715976715,6.231754225988411,4.81488663991237,-1.3839795430500885,0.9131955464681027,1029.278427734375,6.1566166778405504,88.62759367624919,220.8919082482656,8.645898437500023,1.4696594238281477,4.9222681681315335,77.80648008982341,56.762963066498436,5.277777761220932,6.923975264219738,3.8547357336495884,-1.3402109781901004,1.207893625895224,1029.0565625,5.126087961097558,80.93666394551595,208.88160848617554,8.538415527343773,1.2873779296875227,4.660612996419293,79.01527802149455,54.97546306749185,4.993055447936058,6.533302389197508,5.2165630272632235,-1.4473391215006473,1.1629450480143646,1029.15740234375,5.3928832312424975,85.82370320955913,230.84591945012411,8.600488281250023,1.4195800781250227,4.846007283528668,79.13611125946045,54.80462969342867,1.2083333302289248,7.04068578997484,3.7548161528278086,-1.3269866943359148,1.385189310709677,1029.0143684895834,5.563671052455902,84.68416539827983,208.94376619656882,8.740045166015648,1.4853759765625227,4.796478525797549,78.68888854980469,48.960648576418556,4.97222213447094,8.439787864180447,4.717435796121673,-1.3076639811197879,1.2246833801269759,1028.8498665364582,5.354043270150821,92.61592491467793,242.77785857518515
2021-11-07,9.573754882812523,-0.32089843749997726,4.338667805989606,72.93796332677205,47.8550926403453,0.22916666930541396,17.156800125135643,12.671726794414582,1.7548817952473996,-0.43005981445310226,1021.38162109375,7.795041848129283,84.79435229301453,381.80501381556195,9.059960937500023,-0.16803588867185226,4.287550862630231,74.0175913174947,63.934721417725086,3.3194443583488464,16.94837544368612,12.366417788706059,1.779976145426474,-0.21871287027994413,1021.5206087239583,8.933214912811914,73.86999813715617,364.5889715353648,9.230004882812523,-0.30316772460935226,4.242654418945335,73.08888864517212,59.614351430907845,0.6805555615574121,16.50781425458532,12.467713650113447,2.1302912394206146,-0.5083653767903229,1021.580107421875,8.273581574360529,75.56805674235027,367.28400834401447,9.728875732421898,-0.16290893554685226,4.439879353841168,73.73287105560303,51.000924975300826,6.02777773141861,17.662069411088165,12.248830230994242,1.5500885009765852,-0.14621200561521164,1021.797119140625,7.357771456241608,84.29712835947673,368.7799174785614,9.194085693359398,-0.36661376953122726,4.144623057047549,74.08750057220459,57.535648718476295,1.6041666427627206,16.832673862201634,12.684000410945492,2.0320348103841184,-0.4120188395182254,1022.2059147135417,8.616560369729996,72.93583297729492,382.1755108833313,9.694757080078148,-0.05127563476560226,4.563719685872418,73.96481641133626,53.81018489599228,6.770833283662796,18.05849211967141,13.08766756547866,1.7169497172038177,0.004692331949911477,1021.694833984375,7.726169044772784,77.27842545509338,401.4790548483531,9.238122558593773,-0.40451660156247726,4.018570200602237,72.23564879099528,59.24305513501167,0.3958333358168602,16.727431010312877,11.746139609798135,2.2441192626953352,-0.906065368652321,1022.3541015625,10.315067994097868,74.2032409509023,323.29202858606976,9.704156494140648,-0.17017211914060226,4.462028757731143,73.79860893885295,51.6518522053957,2.3124999925494194,18.004397682154842,13.033894469938696,1.5799118041992415,-0.1129656473795535,1021.3106217447917,7.342592420677344,82.52407328287761,411.08460251490277
2021-11-08,7.977471923828148,2.3551269531250227,5.034782663981143,76.38796488444011,66.81481464703877,6.902777761220932,12.073466145180342,6.650683162408633,-2.0845855712890398,1.0171193440755246,1023.0693587239583,4.497300792175035,76.21833372116089,336.343955596288,7.631005859375023,4.042077636718773,5.480764007568382,75.8898156483968,87.71388800938924,12.0,16.3757792522052,9.545475988407397,-2.129911804199196,1.3887636820475677,1021.4120670572917,2.128669161349535,71.4203691482544,510.3498185475667,8.242730712890648,2.7380615234375227,5.253269449869815,77.83981434504192,71.24907445907593,7.374999881722033,12.421417144694704,5.841237058229669,-1.6260513305663835,1.530787404378259,1022.718876953125,2.7428740908702216,73.72851860523224,321.2218020359675,7.920739746093773,3.2298522949218977,5.0977238972981995,77.90184990564983,75.04305489857991,9.430555626749992,13.289383269154435,9.431161219982478,-1.9846862792968523,1.3641448974609602,1021.6819303385417,3.6727619717518487,81.93898210922877,466.69425535202026,8.391900634765648,2.9994140625000227,5.330388641357445,79.74999984105428,63.099537213643394,9.569444708526134,11.76898771233837,6.2862899017723235,-1.5084836324055573,1.9774922688802121,1022.7940201822917,2.9688031474749246,77.13370418548584,309.0961917241414,7.787988281250023,3.6528869628906477,5.382573699951195,71.85694567362468,88.68888918558757,12.291666686534882,13.784685114992586,5.98410436665267,-2.289750162760413,0.4565025329590071,1022.5838411458333,2.1685553789138794,63.83916727701823,377.678350965182,8.231195068359398,1.8204589843750227,4.917788441975934,82.94444433848064,53.91713015238444,11.083333544433117,11.564935823699347,6.036190276704502,-1.4770785013834598,2.1336367289225677,1023.253740234375,4.707122067610423,83.4580561319987,291.74529504776,8.104302978515648,4.124078369140648,5.4835271199544495,73.33148129781087,89.62083307902019,6.86111107468605,11.394504421065596,7.376070675187999,-2.084233347574866,0.8725346883138059,1022.7161588541667,0.6840693652629852,65.22203572591145,358.34706393877667
2021-11-09,7.694238281250023,-0.28238525390622726,2.71057790120445,85.76898288726807,19.36898140112559,13.166666507720947,19.214825373624475,9.599947290575988,2.9660558064778684,0.42842381795247775,1026.89150390625,17.973646335303783,91.06759174664815,216.02644928296408,8.127954101562523,0.23366699218752274,3.2184476216634343,80.25787162780762,28.99675949414571,7.666666746139526,15.893888531637687,8.494240826336059,1.4079655965169309,-0.026753489176428502,1028.0305143229168,15.47552552819252,89.29851873715718,242.06927871704102,7.773431396484398,-0.17331542968747726,2.9128026326497625,82.74120283126831,30.316203713417053,3.3333334922790527,20.072314251927963,10.362438074951845,3.032734171549521,0.12523803710939774,1027.0273470052082,17.5692755569083,91.24231441815694,234.0901699066162,8.112573242187523,0.5152221679687727,3.4671239217122625,80.27499945958455,40.21620440483093,9.833333015441895,15.62290303168568,8.761071732271203,1.1305023193359602,0.24172108968099337,1027.8193359375,14.077978756589195,89.5103686650594,253.29036140441895,7.690118408203148,-0.31351318359372726,2.7552162170410384,82.2671292622884,36.828703920046486,1.3333333432674408,20.79891234324607,10.911075436562507,3.0517364501953352,-0.11189244588211977,1027.0671809895832,17.620155935486157,91.39370465278625,244.45105799039206,7.774011230468773,0.35433349609377274,3.140700276692731,83.83286952972412,24.222222089767456,13.333333969116211,15.717777190615651,8.825837699246767,1.124447123209677,0.5312057495117415,1027.56576171875,16.34139343102773,89.97879616419475,238.13770667711893,7.649591064453148,-0.20648803710935226,2.8937482198079656,82.0962971051534,38.19444465637207,0.0,20.899432373537266,11.201952580940974,3.1421422322591184,-0.000977579752600377,1027.0707682291668,16.76940746108691,91.34564797083537,252.62547175089517,7.681512451171898,-0.09689941406247726,2.8544733683268455,84.65370305379231,17.385648647944134,14.500000476837158,19.93378436516084,10.123786848150464,2.044110870361351,0.3948354085286496,1026.7176790364583,16.852640620122354,91.0037001768748,236.53083237012228
2021-11-10,8.905175781250023,0.6835571289062727,3.9802223205566634,80.74675830205281,91.31759405136108,0.0,6.073148720225583,3.5788807854767732,9.785820261637411,0.8492891947428802,1026.1772428385418,6.060752809047699,62.858797669410706,60.666240771611534,8.433709716796898,0.5332275390625227,3.6871454874674705,79.23101790746053,83.11759185791016,13.166666507720947,5.683187268945617,4.020998047157343,8.922561899821005,0.2783192952473996,1026.974072265625,8.830378795663515,59.03425896167755,62.22829341888428,9.022760009765648,0.6463562011718977,4.022356923421246,79.5074070294698,88.11203781763713,0.0,5.543258119633796,3.4235993836764265,9.954632059733115,0.6560493469238509,1026.1862662760418,6.991880307594935,58.848611195882164,59.069804191589355,8.736077880859398,0.5881591796875227,3.962691243489606,79.598610719045,94.44814809163411,3.3333334922790527,5.349306224273897,3.829047689161009,9.074894205729208,0.6210545857747434,1026.9828938802084,7.327279592553775,64.06749888261159,64.29026889801025,9.051080322265648,0.45470581054689774,3.858388519287132,79.24722178777058,82.98749995231628,0.0,5.9080383693102405,3.6307302584606784,9.913351949055993,0.4434956868489621,1026.33943359375,7.438384289542834,65.49092471599579,63.47115488847097,8.780297851562523,0.5582214355468977,3.907361602783226,80.41620524724324,88.10231431325276,1.3333333432674408,5.5164445431234626,3.9072207385109436,9.360557810465536,0.7175041198730696,1026.5690852864582,6.287433723608653,61.62407227357229,59.35116255283356,8.728173828125023,0.45543823242189774,3.8163569132487205,78.92268546422322,91.55462900797527,0.0,5.207209648188658,2.9007557486571964,10.073772684733115,0.3601140340169309,1025.8524641927083,8.279700577259064,59.11481495698293,60.1999120314916,8.774987792968773,0.7047668457031477,3.950086212158226,80.70416688919067,93.45833365122478,0.0,5.971010177938016,3.3973449575260197,9.674259440104208,0.8079378763835052,1026.4297688802083,5.713376720746358,63.37305577596029,62.636263489723206
2021-11-11,11.356805419921898,2.7698608398437727,5.849478658040387,79.45648113886516,9.482870439688364,0.0,6.080163788233911,2.5491246207473677,9.093123372395837,2.4388404846191634,1024.3484830729167,0.8939996163050333,84.08527831236522,75.1222939491272,10.574334716796898,2.4798522949218977,5.45514322916669,81.2384262084961,28.447685460249584,0.0,6.268482644885623,3.6214061414858683,8.672888692220056,2.378872172037802,1025.4642350260417,1.5545564691225688,83.20472304026286,86.85574849446614,11.583764648437523,3.1410461425781477,6.1621973673502835,80.13888915379842,6.700925876696904,0.0,4.990256130772381,2.633578467668898,8.915266927083337,2.8757720947265852,1024.248681640625,0.9093196292718252,83.81157382329305,81.6502290169398,10.745263671875023,2.5821777343750227,5.556334431966168,80.09490776062012,20.88101875782013,0.0,6.7795039836186906,3.7376074726403465,8.810940043131552,2.2605097452799896,1025.14978515625,1.3783357044061024,83.58713126182556,84.92447125911713,11.757073974609398,3.1886840820312727,6.303366597493512,81.28750069936116,7.753703743219376,0.0,5.481046405252365,2.991993832326147,8.979175821940146,3.2178627014160384,1024.21841796875,0.6502603888511658,83.41852056980133,86.48396837711334,10.844567871093773,2.3701721191406477,5.485365804036481,80.01620324452718,7.266203721364339,0.0,5.3393794490030935,3.079933874729529,8.857798512776696,2.1838305155436615,1024.8297721354168,0.7618133823076884,83.72500244776408,80.70072182019551,11.719262695312523,3.1051574707031477,6.233631388346377,80.56250047683716,6.903240551551183,0.0,5.318466970335239,3.149515013744231,9.406237538655603,3.0197680155436615,1023.8612337239583,0.8929994106292725,83.34759402275085,86.6257419983546,10.953973388671898,2.4094177246093977,5.552246348063174,79.45972347259521,11.670370697975159,0.0,5.332092749355541,2.989935687339949,8.823133087158226,2.151119486490927,1024.3866438802083,0.3145156006018321,83.56481643517812,79.04462842146556
2021-11-12,11.310113525390648,3.5996643066406477,6.629436747233096,87.50833288828532,7.610185280442238,0.0,5.645502528527514,3.562337441312769,7.981336212158226,4.638172403971396,1019.9532747395833,1.7252181768417358,80.3824999332428,102.51682130495708,10.737939453125023,2.9490905761718977,6.050831095377627,86.81898180643718,35.866203347841896,0.0,7.5125905933908985,4.671159087271203,8.18915456136068,3.9509635925293196,1019.2598567708333,2.8448327779769897,78.956298828125,104.14597125848134,11.398919677734398,3.5864196777343977,6.640589650472028,87.267591158549,4.3097222441186505,0.0,5.621626962979496,3.567096956668298,8.131317392985068,4.604988352457724,1019.859296875,1.7565211256345112,80.59879557291667,101.20234175523122,10.789086914062523,3.2123352050781477,6.1398076375325745,87.21666717529297,40.37222123146057,0.0,5.482871062320347,4.070719195225082,8.020274098714196,4.104638671875023,1019.5588639322917,3.8688583374023438,75.96824061870575,97.29741764068604,11.211053466796898,3.2362304687500227,6.346097564697288,85.58009338378906,9.20092604557673,0.0,6.200591475233917,3.79421583545428,8.51913986206057,4.02485300699874,1020.0169986979167,2.407613197962443,80.79990816116333,96.94245330492656,11.152856445312523,3.3100219726562727,6.333484903971377,87.92731539408366,15.026388704776764,0.0,6.53843166864564,4.620908060193409,8.174011484781943,4.409541066487634,1019.259716796875,2.989468514919281,80.77935429414113,106.75145343939464,10.949609375000023,2.8235107421875227,5.979792531331403,83.71990807851155,14.943518161773682,0.0,6.292818023886487,3.710156003409061,8.670597330729208,3.3399152119954465,1020.0258528645833,3.6871227025985718,80.8971277475357,93.36504479249318,11.305078125000023,3.3661743164062727,6.45371271769208,87.34212938944499,11.955555617809296,0.0,5.89647757497167,4.14819213910758,8.181826527913415,4.436334228515648,1019.5823502604167,2.070186893145243,80.72074357668559,104.10192251205444
2021-11-13,10.592828369140648,4.196130371093773,6.866994476318382,88.47176043192546,68.62083262205124,51.81250031478703,13.774761915190195,7.704177621311025,4.915553029378259,4.999005889892601,1016.6528483072917,-0.40261492133140564,46.791202545166016,182.2883858680725,10.954095458984398,4.875512695312523,7.506487782796246,86.92268530527751,70.8708329598109,9.94444440305233,12.264708288207117,8.217213152914143,4.66798044840499,5.393924967447958,1016.469384765625,-1.706492766737938,39.559258699417114,205.80201562245688,10.233361816406273,4.069940185546898,6.618039703369163,89.78194363911946,64.95324061314265,70.82638892531395,12.607784541840672,8.677065474019386,4.539807891845726,4.98404210408529,1016.4159895833333,2.1704763819773993,34.144166668256126,205.5640717347463,10.218743896484398,4.586785888671898,7.075036621093773,89.9574073155721,67.40555545936029,40.256943956017494,13.386389777317405,8.074256212857646,4.531827545166038,5.479524230957054,1016.3440071614583,1.6033112495206296,29.486759662628174,194.15618642171225,9.997583007812523,3.3987670898437727,6.278562164306663,88.1550931930542,62.671295861403145,33.6597220832482,12.392145311990594,7.506655495237656,4.85096130371096,4.3756818135579465,1016.9130436197917,0.6300701200962067,42.8482395807902,172.8190440336863,10.832360839843773,4.478601074218773,7.207411702473981,89.61111195882161,64.78425913055737,45.62499935925007,12.92596297067748,7.87781266728438,4.868179575602255,5.5331283569336165,1016.2248893229167,0.2584492936730385,39.617778301239014,186.35517168045044,9.580224609375023,2.5719848632812727,5.61868820190432,86.47962919871013,66.79351846377055,17.21527757914737,9.265533731392761,6.237632500060795,4.684681193033896,3.4445409138997434,1017.3215950520832,2.6477924585342407,42.904258608818054,127.09410659472148,10.346520996093773,4.302117919921898,6.919252014160179,89.43194548288982,57.41990749041239,55.29166703764349,11.151217280783714,6.015749113839989,4.91256993611654,5.21551411946615,1016.5575846354167,-0.2642706483602524,42.288333773612976,122.4279929002126
2021-11-14,7.899499511718773,3.0085693359375227,6.086150105794293,91.30046272277832,90.38194433848064,77.38194441795349,12.172798073835617,7.596713184957704,1.9814786275227902,4.755245463053427,1018.789267578125,4.28555796846437,29.907221893469494,207.07703804969788,8.484216308593773,6.186303710937523,6.927896118164085,91.436110496521,99.17962996164958,212.63888835906982,14.75351717586205,9.532673121805326,1.5185791015625227,5.615935262044275,1018.3974348958333,2.442741890748342,22.611111630996067,324.90386215845746,7.911645507812523,3.2663818359375227,5.909012095133487,90.23472181955974,91.50231504440308,64.73610973358154,13.874532211210969,8.221332733226179,1.8007789611816634,4.411189015706384,1019.112939453125,4.669743671741647,28.937129497528076,234.24250062306723,8.469293212890648,6.108789062500023,6.966697947184268,91.54814847310384,99.99166647593181,257.47916412353516,12.79926870246226,9.162182678415206,1.1065498352051009,5.669702148437523,1018.0096744791667,0.03317224979400635,30.369629323482513,316.6318705876668,7.926965332031273,2.8074279785156477,6.035249328613304,91.5949068069458,90.18981536229451,76.43749952316284,14.559028283425432,8.538880043485454,1.9282051086426009,4.7542650858561615,1019.079951171875,2.9125469451149306,31.47685155272484,238.51786812146506,8.911706542968773,4.250726318359398,6.859333292643252,91.30972131093343,96.57499980926514,135.27777814865112,14.0443370416375,8.613769136290665,1.7696256001790402,5.514203643798851,1018.394287109375,1.4120532448093097,39.405648638804756,281.47239855925244,8.260583496093773,2.7556396484375227,6.075012461344424,91.16342671712239,86.90138943990071,4.465277828276157,15.200449095835337,8.64886923018863,2.0006958007812727,4.7176923116048215,1019.2062760416667,2.101809626134733,39.96749968330065,230.76417994499207,8.321710205078148,3.3022705078125227,6.265064493815127,90.7314821879069,92.41805585225423,65.06250047683716,13.2007975551866,8.058675288074435,2.065998331705771,4.832996622721396,1018.6874251302083,2.8448560337225595,33.25175897280375,229.1919353802999
2021-11-15,8.421716308593773,1.8151489257812727,4.196181233723981,90.48148250579834,58.05740769704183,1.8333333134651184,8.44280527879077,6.0147956518150485,5.277298227946005,2.717421468098962,1021.1761783854167,12.484960482766231,69.93907527128856,162.80138019720712,8.995294189453148,2.3329101562500227,4.55704269409182,90.37083212534587,46.94259226322174,78.25694346427917,10.284323975592837,6.881747529900646,5.172812398274743,3.051534271240257,1020.8745638020832,10.798286577065786,73.48823992411296,181.58590590953827,8.248406982421898,1.1216979980468977,3.7881141662597884,90.15046501159668,54.31064788500468,0.0,8.959893897448486,6.269016036608828,5.567971801757835,2.2570370992024777,1021.1404654947917,13.846248636643091,67.12898174921672,153.1844805876414,9.216699218750023,2.4320617675781477,4.754321034749371,89.32500139872234,52.922685424486794,64.99999809265137,10.932100033978722,7.22442570896298,5.4523419698079465,3.077948506673181,1020.9977115885417,9.657592579722404,73.25259339809418,181.4293146530787,8.368493652343773,1.3947387695312727,3.870163218180361,89.9393523534139,49.41713031133016,0.0,9.324382111259869,6.469785450870515,5.586568450927757,2.2974525451660384,1021.1899348958333,13.407039095958075,69.67944220701854,165.236732006073,8.187066650390648,1.9622436523437727,4.158813730875674,90.49212964375813,57.323148330052696,76.83333206176758,9.527406058053906,6.4972301870320095,5.117822265625023,2.686043039957724,1020.8586458333333,13.147150884071985,63.50342567761739,162.78040063381195,8.384698486328148,1.1762634277343977,3.8314020792643455,89.34768517812093,49.6731473604838,0.0,9.642129516401136,6.850890166863171,5.891726430257165,2.1611686706543196,1021.2594759114583,13.062123492360115,75.20999892552693,175.1830804347992,8.106774902343773,1.9106689453125227,4.027485148112002,91.04073937733968,61.11435159047445,4.666666746139526,8.514663288022982,6.374988168267923,5.243403371175134,2.640168762207054,1021.207607421875,13.442961812019348,66.74592542648315,160.16069209575653
2021-11-16,8.329370117187523,2.2189270019531477,4.628905232747418,88.54583231608073,94.1388889948527,0.0,8.232469026058048,4.946122939586619,4.313562011718773,2.8356351216634152,1021.6648567708332,5.387815122803052,66.17629750569661,137.94565920035043,8.026239013671898,1.7898803710937727,5.09491373697919,85.1495377222697,67.26990707715352,1.8333333134651184,7.874627977435062,4.958594653476953,2.8237548828125227,2.714565531412802,1022.6456575520833,3.724004790186882,45.35231455167135,144.34711547692618,8.030816650390648,2.3015686035156477,4.950378672281924,87.50648085276286,99.18750031789143,0.0,8.341853049913329,5.479598068574063,3.719641621907556,2.9884684244792084,1021.3894140625,1.2845595503846805,57.13194473584493,168.35158610343933,8.343041992187523,1.5170532226562727,4.9233566284179915,86.18611081441243,49.22037021319071,0.0,7.256486237841154,5.131901615929486,3.622095998128259,2.7300951639811615,1022.279296875,2.132680286963781,66.82685263951619,150.88657879829407,6.767114257812523,1.5733276367187727,4.369032796223981,88.39351844787598,97.95925966898601,0.0,7.617766086580643,4.98653091687562,3.987301127115927,2.5648106892903684,1021.730078125,4.668176472187042,35.50231488545736,165.77509876092276,8.117120361328148,1.5315185546875227,5.042323048909528,85.33888975779216,76.04768482844035,0.0,8.730535432445963,5.810628791076056,3.3529347737630246,2.697994486490927,1021.9202669270833,2.3410840556025505,55.982222517331444,167.99092280864716,6.979272460937523,0.9395080566406477,3.678297932942731,89.06435267130534,96.32361189524333,0.0,7.381537614083784,4.928709230505998,4.471662139892601,1.9884035746256927,1021.499326171875,8.254955371220907,58.99250157674154,145.1822859843572,8.179315185546898,2.2704711914062727,4.94263102213544,87.11435349782307,91.52731545766194,0.0,8.313930587664188,5.255944492192364,3.7313400268554915,2.9155822753906477,1021.98369140625,2.163456511994203,58.58916711807251,148.7930482228597
2021-11-17,6.155755615234398,4.235559082031273,5.007174428304059,84.89259274800618,99.76018524169922,0.4236111189238727,8.942359922241108,6.491925869537624,-0.739890797932901,2.6600369771321652,1023.671865234375,2.13128304729859,17.218796481688816,229.11595916748047,7.046044921875023,4.587030029296898,5.61069513956708,86.55092684427898,98.7638889948527,0.9652777849696577,9.853903344284648,6.3226115286915565,0.16518554687502274,3.524654642740927,1022.9255045572917,0.5994079113006592,19.10425963997841,206.3596879641215,6.149652099609398,4.325219726562523,4.998339589436871,85.11620585123698,99.94583352406819,0.09722222294658422,9.106370420757482,6.708417707809495,-0.8364496866861941,2.687434132893884,1023.674326171875,1.8914270562430222,17.23222217957179,230.13244501749674,7.145623779296898,5.234948730468773,5.957304890950543,84.59120337168376,99.0634256998698,1.0972222327254713,11.044688323806671,6.554547909068479,-0.03994216918943039,3.5445432027181027,1022.8398470052083,1.9108585913976033,19.253703822692234,227.93585777282715,5.663079833984398,4.003778076171898,4.66306584676109,84.39814758300781,100.0,0.45138890109956264,9.641977865857227,6.82313880744919,-1.1559852600097429,2.241260782877646,1023.81755859375,3.223251568774382,16.414907952149708,245.70863310496011,6.659570312500023,4.782983398437523,5.478683725992862,85.96666622161865,99.95648161570232,1.3055556109175086,7.944833137637779,5.802850004669417,-0.262840016682901,3.3045885721842865,1023.2342513020833,2.2683951755364737,17.205092817544937,169.72909355163574,5.451440429687523,3.7494140625000227,4.4078943888346585,82.84861214955647,100.0,0.0,9.12264081014517,6.773884670306178,-1.296542867024698,1.7339213053385834,1023.6911555989583,4.068730933591723,18.23805586496989,281.0918623606364,6.117547607421898,4.206140136718773,4.932158406575543,85.82777818044026,98.4287036259969,0.5763889127410948,8.766645252103954,6.103468804964521,-0.5847254435221316,2.7456387837727902,1023.082392578125,3.1684311913947263,16.05703729391098,199.99415651957193
2021-11-18,7.762658691406273,2.6181884765625227,4.91220626831057,80.05231444040935,88.92963012059529,0.15277777891606092,8.307768541871843,7.0466176820600595,-0.579826100667276,1.691963450113974,1030.0626041666667,5.413562193512917,43.8303703914086,206.81705494721731,8.105035400390648,3.2384887695312727,5.52619323730471,81.09444427490234,96.6495361328125,2.0694444477558136,9.957929698420264,7.403141868465103,-0.6585016886393191,2.4794619242350677,1029.6843098958334,3.254767306149006,44.58944461743037,255.62502002716064,7.483331298828148,2.5245300292968977,4.804457600911481,80.3074083328247,92.37083419164021,0.43055556807667017,9.133033448414979,6.9100956208472235,-0.565916442871071,1.6382893880208371,1030.4136067708332,6.164549171924591,37.12898131211599,204.16400949160257,8.375329589843773,2.9718261718750227,5.554137166341168,80.00231393178304,93.93935139973958,1.215277791954577,11.220244863119348,7.925825125123491,-0.773795827229776,2.292445119222009,1029.5863606770833,4.383756637573242,44.66962909698486,278.7181203365326,7.940667724609398,2.5828491210937727,4.802910105387393,79.21435165405273,91.7074081103007,0.43750001303851604,8.125012382337433,6.716582003699291,-0.4052324930826785,1.4340733846028684,1030.5207454427082,5.116871337095897,50.518889079491295,218.75243878364563,8.222619628906273,2.9423461914062727,5.320272064209007,80.29722277323405,94.89212894439697,1.3333333805203438,11.77765996010213,8.490036228312768,-0.5468772888183366,2.133816019694052,1029.660419921875,3.793949142098427,43.52574082215627,296.81968835989636,7.987084960937523,2.5119873046875227,4.65250422159833,80.4986120859782,91.8870366414388,0.5833333381451666,8.803533601877856,6.634102986999754,-0.17443949381510038,1.5140421549479584,1030.6549837239584,5.385109305381775,54.09388765692711,229.10225228468576,7.350762939453148,2.5899597167968977,4.989760335286481,80.46527703603108,92.2384262084961,1.270833371207118,9.844228776300112,7.801619103301146,-0.7625577290852448,1.8617696126302121,1029.89591796875,6.24315329392751,27.458518117666245,260.41008559862775
2021-11-19,8.807336425781273,1.9353271484375227,4.484682973225934,82.65000120798747,75.24398159980774,1.1666666865348816,9.462974234696226,7.498370449947477,3.5431826273600677,1.6632489522298215,1032.0637565104166,7.205925183991591,42.36453767617544,89.3921993970871,9.496240234375023,1.9267211914062727,4.864912923177106,82.9319429397583,56.78888932863871,0.1666666679084301,9.461882155367793,7.857566466361767,3.1680834452311615,2.0663607279460052,1031.3442545572916,4.264779170354207,51.22064812978109,110.84124958515167,9.480767822265648,1.8073974609375227,4.686696624755882,82.33333412806194,56.314813693364464,0.0,9.495906856838673,7.5331113350906875,4.185107167561853,1.7820055643717865,1032.1100520833334,5.159512440363566,59.51296343406042,98.86498145262401,9.115594482421898,1.7944274902343977,4.523243204752627,82.13425985972087,63.542593002319336,0.5000000149011612,9.421796475107923,7.347263787639622,3.2566530863444427,1.5975789388020871,1031.644658203125,6.321167975664139,56.54296068350474,93.09310114383698,9.276116943359398,1.5986572265625227,4.6957056681315335,80.5875015258789,66.0504641532898,0.0,9.864364674914123,7.405641427961254,4.379273986816429,1.4820088704427121,1032.16767578125,4.585453296701114,59.49398156007131,100.66885153452556,9.311151123046898,1.7664428710937727,4.602783457438174,81.11990785598755,78.14305543899536,0.5000000149011612,8.561229959429115,7.3819229197201,3.3060470581054915,1.4906224568684934,1031.7549544270832,6.196884730209907,59.19861147801081,97.06736906369527,9.382806396484398,1.4506469726562727,4.406463877360049,81.31342617670695,56.2060178120931,0.0,9.457892091818774,7.231844389505677,4.729970550537132,1.3071100870768646,1032.0203938802083,6.822897449756662,65.28898004690807,101.22966424624126,8.868005371093773,1.7864929199218977,4.496194458007835,81.7055565516154,70.36018482844035,0.6666666716337204,8.98153316266336,7.669320527563009,3.5080429077148665,1.4992233276367415,1031.7244759114583,6.985334575176239,53.02268632253011,95.90328411261241
2021-11-20,9.488153076171898,3.3994384765625227,5.271972910563174,85.39398161570232,26.024536843101185,0.0,5.927485614456448,3.275490439824471,7.322827911376976,2.951582845052087,1026.0077408854168,3.3255669275919595,70.4243511358897,89.29394590854645,10.205957031250023,3.8756347656250227,6.050579325358096,83.13472334543864,49.64907423655192,1.1666666865348816,8.156430747936689,4.441688807621635,5.302168782552087,3.320795949300134,1025.7697330729168,-1.3084992667039235,62.32722228765488,113.60290845235188,9.367700195312523,2.7363830566406477,4.973134613037132,85.69212945302327,24.503241042296093,0.0,5.859921648521432,3.710535017707804,7.1187733968099,2.6989494323730696,1026.026923828125,4.203090685109298,72.75333311160405,77.80627024173737,9.440545654296898,2.6703125000000227,5.0738794962565335,87.32129542032878,19.112036277850468,0.0,6.416827900782397,3.270840962145192,6.630628204345726,3.0847475687663177,1025.8876888020832,6.116312279744307,71.49241002400716,78.40474514166515,9.051324462890648,1.9394775390625227,4.4518600463867415,85.30740801493327,20.52916673819224,0.0,6.1363104809933855,3.573977884836839,7.341971333821618,2.115515645345056,1026.127763671875,6.622104600071907,73.30139104525249,71.18611963589986,9.199395751953148,2.4019714355468977,4.935798899332705,86.36805470784505,31.985185901323955,0.0,5.972277481888348,3.013175202507652,7.26069285074874,2.7877009073893646,1026.1256868489584,6.284942085544269,70.09537172317505,78.70310886700948,8.851434326171898,2.5549255371093977,4.513870493570987,85.6486104329427,25.604629635810852,0.0,5.972824083697033,3.844667233640814,7.186111704508505,2.2454200744629134,1026.135537109375,5.966662799939513,72.70870363712311,86.11361646652222,9.584497070312523,3.4490905761718977,5.319380696614606,85.14120133717854,30.71851893266042,0.0,5.71782008954704,2.976619795588873,7.12250671386721,2.952993011474632,1025.8830305989584,3.194157282511393,69.45046480496724,87.92616697152455
2021-11-21,8.845300292968773,1.7490783691406477,4.064717864990257,83.12731679280598,19.93148203069965,0.0,10.767395570247563,6.758309433851683,3.9187319437663177,1.3239837646484602,1013.5462890625,10.952878495057425,70.82518808046977,132.34500348567963,9.111535644531273,2.1138244628906477,4.456718699137393,83.10648171106975,21.141666521628697,0.0,11.489638614359114,6.076879831532582,4.420129394531273,1.7081949869792084,1013.1983723958333,10.527561970055103,70.76336967945099,119.83649349212646,8.870141601562523,1.7739501953125227,4.067839558919293,82.30555486679077,17.02222262121116,0.0,9.968101651295152,6.04315548776468,4.437317148844443,1.1869305928548215,1013.7530078125,10.704907037317753,70.98574018478394,117.03019285202026,8.795800781250023,1.8845458984375227,4.259524281819684,83.76620292663574,23.359259138504665,0.0,11.569767730547673,6.563632614560234,3.8615140279134152,1.6371882120768646,1013.5953483072917,10.126391698916754,70.6385733683904,126.15770037968953,8.568750000000023,1.5595947265625227,3.98838068644208,81.99444675445557,35.77175978819529,0.0,8.94299463929837,5.8136899845771275,4.280114746093773,1.0606424967448334,1013.733291015625,8.59652832398812,70.8840743501981,113.64564136664073,8.902368164062523,1.8557983398437727,4.210284169514996,83.163889726003,16.351388533910114,0.0,11.803714500743371,6.997923545570338,3.8811673482259152,1.4807017008463959,1013.5458138020833,9.081776020427546,70.80573970079422,137.71564296881357,8.341790771484398,1.3735290527343977,3.6804862976074446,81.30370505650838,33.65601790944735,0.0,8.861738366861902,5.593947237429958,4.546075439453148,0.6258661905924896,1013.9625162760417,10.230827771127224,71.13250110546748,104.38477790355682,8.890527343750023,1.8243347167968977,4.093896484375023,82.92638778686523,16.133795713384945,0.0,11.23276573883451,6.705930510405865,4.041772460937523,1.3238655090332259,1013.6391015625,10.348312900712093,70.87064810593922,129.94102176030478
2021-11-22,5.061090087890648,2.3126770019531477,3.419850921630882,91.45138772328694,99.5337963104248,9.763888862915337,14.00067568088479,8.074867496993631,-1.3737548828124773,2.1396156311035384,1019.2153515625,8.285253738363584,14.966759701569876,392.44131620724994,4.092187500000023,2.4168334960937727,3.4838348388672102,93.99074045817058,98.75277741750081,23.756944612134248,13.682748326453495,8.592236491824254,-1.6110125223795535,2.6003954569499115,1018.6483561197917,9.014177108804384,4.754166702429454,365.72052725156146,4.880822753906273,2.0472656250000227,3.4039894104004134,90.05277570088704,99.28564802805583,3.854166706558317,12.72384166898462,7.1840467100574275,-1.4935757954914948,1.9121287027995209,1019.4333984375,7.161301103730996,12.91879636545976,342.3576914469401,5.220422363281273,2.4555908203125227,3.7115773518880437,91.66203689575195,98.1111110051473,4.979166590142995,13.859754245105247,7.130556562704644,-1.0567815144856354,2.4659464518229584,1018.476416015625,6.986683330052377,14.06814780831337,328.9488219817479,4.246728515625023,1.5434509277343977,2.8608311971028875,89.66527779897054,99.6009251276652,6.972222183365375,11.833237851684347,6.814416443319492,-2.1246589660644304,1.3047042846679915,1019.6942578125,7.763123314827681,14.661666532357534,368.6515955924988,4.815820312500023,2.5442138671875227,3.5384155273437727,93.07824071248372,99.99490769704182,9.52083341870457,13.74003581215041,7.635463611612974,-1.0100425720214616,2.5111086527506927,1018.3910026041667,8.875399851162607,8.849352151155472,313.5412538051605,3.1172119140625227,0.7798095703125227,2.1265324910482,90.84861056009929,98.84675947825114,14.208333313465118,11.61434231669207,5.984813221898302,-2.3418360392252566,0.7572163899739621,1020.1509049479167,11.17648201684157,9.364444394906362,335.2404869397481,5.677819824218773,2.5709167480468977,3.833753204345726,89.38194592793782,99.73425896962483,5.930555580649525,13.912143441629434,7.991394643152553,-1.1283020019531023,2.2224517822265852,1018.928583984375,5.974852691094081,20.611944774786632,407.23391958077747
2021-11-23,4.451440429687523,-1.6340087890624773,1.1660425821940332,86.05833498636882,42.86574097474416,37.180556416511536,14.656288410451667,10.708174677768957,-2.340874735514319,-0.9907936096191179,1027.6012076822917,19.587165319050353,64.6062952876091,305.3110520044963,4.529901123046898,-1.5846923828124773,1.1126762390136946,81.18379561106364,38.42824053764343,36.479167461395264,13.678305330833492,10.84851931800381,-2.496989949544229,-1.9141728719075104,1027.9830859375,25.363258977731068,68.73823854327202,294.1634283065796,4.458520507812523,-1.5823425292968523,1.2567268371582259,85.54351965586345,43.77453682820002,36.76388871669769,14.85444795217655,10.960981423099321,-2.212924702962198,-0.9883878072102448,1027.625458984375,18.354152242342632,65.67740897337596,314.5853459040324,5.059197998046898,-1.1881164550781023,2.0539413452148665,82.6421292622884,47.866666465997696,17.902778029441833,13.498145434174846,10.80129024205715,-2.505241139729776,-0.6893918355305573,1027.1742903645834,18.108427941799164,65.42444535096486,332.4796787897746,4.473443603515648,-1.6313842773437273,0.9527412414551009,86.08240667978923,34.73564745982488,33.979166984558105,13.895083529828547,10.509570188405773,-2.0474825541178348,-1.2103981018066179,1027.852578125,20.253843835244577,70.31296414136887,284.29988129933673,4.590112304687523,-1.5842956542968523,1.2737798055013247,85.54259045918782,40.03101867437363,26.611112236976624,13.474770608322986,10.62773125700137,-2.2690884908039948,-0.9883572896321198,1027.594404296875,22.1998780220747,64.97787034511566,308.38125769297284,4.555505371093773,-1.4469970703124773,1.1767491658528872,86.01435120900472,38.17824057737986,8.729166597127914,13.6221445798592,10.730102776783339,-1.9985132853190066,-0.9948600769042741,1027.6150911458333,18.78289942940076,69.66814869642258,302.9686387379964,4.100000000000023,-1.9683593749999773,0.654182688395205,84.280091603597,34.08194457491239,47.95833337306976,13.937914132268277,9.981723728721997,-2.4774930318196198,-1.8171524047851335,1027.9545670572918,22.982926204800606,70.69203703602155,266.5428075790405
2021-11-24,5.109674072265648,-1.9942993164062273,0.20597737630210608,80.99074172973633,5.724074083069961,1.0000000298023224,12.912875799614472,8.347504742419265,2.922065989176474,-2.8441846211750885,1021.4942578125,29.822193294763565,70.7402773698171,167.6261707941691,4.807214355468773,-2.3644470214843523,-0.10348485310870122,79.18009217580159,7.81851859887441,37.33333396911621,12.420404404369208,8.479044872120419,2.824939982096396,-3.458280944824196,1021.0314615885417,31.212387909491856,70.49110875527064,165.45901981989542,4.912316894531273,-2.0365051269531023,0.14750315348309564,81.34675931930542,5.428703678150971,0.0,11.674685226238537,8.224826913140744,2.5388364156087277,-2.8471880594889285,1021.7170833333333,30.499612321456272,70.7113897105058,168.1711450020472,4.914208984375023,-2.2851318359374773,-0.06415405273435226,80.38101784388225,8.510648064315319,36.833333015441895,11.655355281814874,8.282712470352186,3.038466389973962,-3.2048159281412723,1021.23404296875,31.084105531374615,70.85046275456746,167.90595416227976,4.881280517578148,-2.0586303710937273,0.15235036214194983,82.43194643656413,6.263888816038768,0.0,12.895678310229972,8.527157248750743,2.584645843505882,-2.6503115336100223,1021.695166015625,29.88225684563319,70.41046487291653,173.67561674118042,4.896508789062523,-2.2840026855468523,-0.08930816650388351,79.18101835250854,4.743981506675482,34.16666793823242,11.980480973777109,8.401738206661905,3.0865582784016965,-3.449210866292276,1021.4707454427083,30.249266346295673,71.06527921557426,165.930558125178,4.728967285156273,-2.1645568847656023,0.009880320231142528,82.05833355585735,5.481944501399994,0.0,13.904063566369523,8.704496176268743,2.3569516499837277,-2.875084940592444,1022.0713899739583,31.097447901964188,70.77768797675769,175.47712906201681,4.912744140625023,-2.1631835937499773,0.022730763753277945,79.92870426177979,5.4652778177211685,8.833333253860474,12.769120598809895,8.421223621966938,2.931555684407556,-3.2154436747233035,1021.19380859375,30.200480818748474,70.97509345412254,172.57436227798462
2021-11-25,5.717919921875023,-1.2356323242187273,0.9936271667480696,75.88240718841553,65.60324026147525,0.0,7.827318371641775,4.5237004552284015,3.5818954467773665,-2.9357246398925554,1011.1686979166667,11.88168062766393,58.39601789911588,69.47924546400706,5.547052001953148,-1.5174621582031023,0.8277704874674706,74.05740785598755,51.283796275655426,1.0000000298023224,6.960868544517521,4.437110088933898,3.827338155110681,-3.488792165120401,1010.8404264322917,15.75765918691953,57.51259207725525,60.354002356529236,6.331048583984398,-1.3361572265624773,1.0605153401692935,76.41481320063274,44.12731551130613,0.0,8.6552462702163,4.944238113420662,3.464832560221396,-2.798509979248024,1011.3668391927083,9.94405229886373,63.90675896406174,78.86258474985759,6.066979980468773,-1.2461303710937273,1.0882329305013247,75.25509246190389,49.58703709890445,0.0,7.508519588602575,4.621933959399353,3.8109743754069427,-2.978392028808571,1010.9489192708332,12.592340966065725,59.19962787628174,62.5602472225825,5.916345214843773,-1.5895751953124773,0.7775499979655175,75.17361195882161,47.49675928552946,0.0,7.936709702973245,4.6182799678488164,3.649359639485681,-3.2839263916015398,1011.5551920572917,12.024711648623148,60.641944040854774,70.05524321397145,6.025262451171898,-1.0760559082031023,1.0897626241048404,76.63194465637207,64.11990738411744,0.0,6.870905107930565,4.784832351950822,4.149456278483115,-2.704355621337868,1010.2612044270833,12.959855695565542,57.3731484413147,61.51781566937765,5.982110595703148,-1.6458801269531023,0.635920461018903,76.28703753153484,53.147685050964355,0.0,7.297619866433832,4.391369012388039,3.856971995035849,-3.2194516499836823,1011.2702669270833,12.983474731445312,60.02824040253957,64.39176678657532,5.760583496093773,-1.3319458007812273,0.9491732279459862,76.30462948481242,62.064815570910774,0.0,8.054132037902223,4.459572439273532,3.742902374267601,-2.924454752604163,1010.8011881510417,12.290488600730896,58.454815059900284,63.15989498297373
2021-11-26,1.0960021972656477,-1.8429931640624773,-0.501378122965472,89.1287031173706,99.24398136138916,10.118055496830493,10.30464111391066,7.948824436190122,-3.8116732279459598,-2.104845428466774,1004.0245865885418,12.8814088900884,25.765833745400112,223.07636817296347,1.2901245117187727,-1.7981018066406023,-0.4067036946614356,92.01388963063557,99.4587968190511,13.333333071321249,7.462498133350652,6.378835165530224,-4.133258565266885,-1.5710421244303348,1004.3828157552083,14.435946135471264,20.81499956548214,171.07596508661905,0.9689270019531477,-2.3905395507812273,-0.5328544616698991,86.94953727722168,98.89907391866048,6.805555567611009,11.11678561861279,8.376016185164579,-3.745902760823526,-2.4938440958658816,1003.923837890625,14.0727901806434,25.286758944392204,256.98880259195965,1.5847717285156477,-1.5019897460937273,-0.143858337402321,90.02685197194417,98.09722328186035,12.687500022817403,9.520406607229946,6.726330648835723,-4.0517715454101335,-1.609378560384073,1004.7826822916667,11.802697656055292,24.307962983846664,211.871488571167,0.8675781250000227,-2.7298034667968523,-0.8778200785318783,87.68750095367432,99.40879694620769,3.2291667461395264,10.87588113221472,8.305328079512645,-3.7935572306315066,-2.728295389811194,1003.59197265625,18.930631153285503,27.55425935983658,243.63784058888754,1.3825012207031477,-2.4567016601562273,-0.40559997558591476,88.90277735392253,98.09027703603108,5.548611058387905,9.055677836623735,7.08356514717844,-3.6333742777506473,-2.0608708699543854,1004.2301953125,15.285298474753896,29.1897224932909,185.18159453074136,1.0293518066406477,-2.9632629394531023,-1.06789372762042,86.14722188313802,99.55925909678142,1.7222222187556326,11.013607822854416,8.242933133372562,-3.675498708089151,-3.1773335774739166,1003.4694759114583,20.191550364368595,32.59157294034958,263.26343631744385,1.2602783203125227,-2.3010009765624773,-0.7030573527018001,89.08796310424805,97.1416670481364,8.118055663071573,8.23845286323299,6.925239890686558,-3.525102996826149,-2.3371159871418854,1004.0055989583333,18.11086382220189,27.028519302606583,178.7232129573822
2021-11-27,1.9789672851562727,-0.8000854492187273,0.5529380798340071,87.6055539449056,99.78425884246826,26.78472149372101,11.73009233705545,7.6423293750390755,-2.713463846842444,-1.3439163208007585,994.3185319010418,2.906993582844734,18.084166904290516,180.56312402089438,2.6420532226562727,-1.3326782226562273,0.5290733337402571,85.52638785044353,99.74999968210857,35.833333015441895,19.48718461165869,10.55345684742602,-2.444621785481729,-1.6677205403645416,994.59794921875,5.674737095832825,23.065369576215744,300.7709321975708,3.1148620605468977,-0.7730773925781023,0.890498097737653,88.75324122111003,99.75555515289307,26.96527808904648,11.33282020245872,8.203796036298618,-2.529306793212868,-0.8206237792968523,994.6225748697917,-0.5441877692937851,22.567036633690197,248.39500363667807,3.1916748046875227,-1.0164855957031023,0.3884025573730696,85.95972315470378,99.61574077606201,43.51388877630234,12.282492932610786,9.3359291161079,-2.6614987691243073,-1.7526687622070085,995.35529296875,8.214762394626936,18.79972145954768,253.2407922744751,2.5582824707031477,-0.8665527343749773,0.8185935974121321,86.97453848520915,99.94074026743571,19.85416665673256,13.230479602605904,8.488070842643218,-2.4254465738932254,-1.1616958618163835,994.776806640625,0.8498848993331194,21.98453717927138,210.63096253077188,2.6932922363281477,-0.7984985351562273,0.8163302103678612,87.67962869008382,99.94907442728679,36.56249958276749,11.761758842411165,8.302991271752333,-2.611626688639319,-1.0487757364908816,994.4203092447917,1.041214796404044,19.598611275355022,217.2400925954183,2.6321960449218977,-0.7372802734374773,0.7663169860840071,86.70416609446208,99.9319445292155,14.437499840278178,10.312213138970796,7.298034349377812,-2.2278503417968523,-1.2444531758625885,994.628203125,1.5202622370173533,22.559259096781414,139.31505902608237,1.9859558105468977,-0.46164550781247726,0.6064938863118717,88.73888874053955,99.88564840952556,32.72916626930237,11.309323785188294,8.393401185837254,-2.7554890950520416,-1.0791458129882585,994.7003157552083,3.228915753463904,16.515925782422226,185.14731216430664
2021-11-28,0.49202880859377274,-1.7350830078124773,-0.7770446777343523,94.39768473307292,99.89212958017985,70.70138883590698,8.527574809407144,5.1810026496071755,-4.523494466145792,-1.5824073791503679,998.5473209635417,14.571059102813402,22.61861090362072,137.08210464318594,1.5070739746093977,-1.7016357421874773,-0.4907491048176856,91.63333225250244,99.97824096679688,91.07638883590698,17.03578613843262,10.178806368722297,-5.50741297403971,-1.7297920227050554,998.0851106770833,10.25292299936215,41.60648140062889,406.8771410783132,0.9215026855468977,-1.9797119140624773,-0.6262293497721126,92.5717601776123,99.61990801493327,66.78472185134888,10.05938962043594,5.1795656202844205,-4.604099019368448,-1.7157971700032135,998.56376953125,13.73329896479845,26.644537682334583,158.37646762530008,1.4341064453125227,-1.2901367187499773,-0.4255572001139096,93.6513884862264,99.67453670501709,179.03472232818604,17.89801103820711,10.182453527509113,-5.357647959391272,-1.3562276204426666,996.9472493489583,8.174073422948519,38.89509070912997,426.11386171976727,0.36406860351564774,-3.0414489746093523,-1.0682281494140398,92.60000006357829,98.6189816792806,46.04861098527908,8.036972682665784,3.5938941346566615,-4.745025380452432,-2.155875905354776,998.477216796875,17.862768530845642,23.89083383480708,110.00841550032298,1.3105407714843977,-2.6835388183593523,-0.5836446126301856,91.67314879099528,98.8384256362915,75.6805557012558,12.691965589488163,8.24877290606903,-5.363900248209632,-1.8293975830077898,998.3882649739583,11.605979089935621,37.8676848312219,327.6831537882487,0.28008422851564774,-2.1359008789062273,-0.7936793009439876,91.7925910949707,99.87036959330241,21.39583333581686,6.968416205847912,4.27125803441661,-4.873673502604163,-1.9950444539387604,998.4248046875,14.900286661150554,25.517129510641098,140.02636750539145,0.7271972656250227,-2.9865478515624773,-0.5028531392415138,97.25324026743571,99.99675941467285,192.1250011920929,10.729019186475341,6.929536206808731,-4.96456375122068,-0.9008735656738054,998.83357421875,5.721367105841637,36.39425956706206,269.5413068135579
2021-11-29,0.5361877441406477,-2.2641357421874773,-1.414719645182269,91.12407557169597,97.20972220102946,93.6111114025116,21.8019107388604,14.3462185145822,-6.9458513895670535,-2.732993825276651,1007.854892578125,17.451212430993717,40.725740663707256,547.4040088653564,0.23159179687502274,-3.4716247558593523,-1.523112996419248,90.69027900695801,94.78101825714111,119.79166507720947,25.177470189988732,15.598916125417967,-7.01671193440751,-2.895694478352823,1007.7123307291668,20.390745403865974,34.27148147424062,600.8755111694336,0.7756896972656477,-2.4063171386718523,-1.359788004557269,90.88287194569905,95.83749961853027,65.96527779102325,20.04031150250637,13.330702272903887,-6.8735120137532135,-2.722257995605446,1007.7889713541667,19.550299016137917,40.256852527459465,494.0783945719401,0.49147949218752274,-3.2146057128906023,-1.6524070739745866,90.55972321828206,94.48888874053955,128.02777910232544,22.010411658841893,14.389497603189417,-7.080235544840491,-3.0654879252115848,1007.9635807291667,20.01049833993117,42.919629633426666,536.9931735992432,0.5320983886718977,-2.7648986816406023,-1.3333788553873471,91.1393518447876,95.81851768493652,35.36805558204651,23.79009958582157,14.522752831787914,-6.70965677897135,-2.6351710001627566,1007.6923958333333,19.78316906094551,36.562776704629265,497.90705649058026,-0.15646972656247726,-3.1925720214843523,-1.6472470601399511,92.81296157836914,96.71203708648682,132.91666626930237,18.226412932554894,14.295989621688362,-6.99547424316404,-2.706102752685524,1007.7458984375,16.117828955252964,27.488703144093353,524.2871812184652,0.6106201171875227,-2.3807434082031023,-1.2461023966471128,90.29444567362468,93.417129834493,29.99305535852909,24.229727755955032,14.537344284296262,-6.682338460286417,-2.6847061157226335,1007.6504036458333,19.362168977657955,37.34037039180597,512.8507479031881,0.09252319335939774,-2.9652465820312273,-1.5799685160318784,91.63379542032878,97.70879522959392,82.74305558204651,24.360224206987464,15.407640740543096,-6.972465260823526,-2.8186414082844635,1008.0044368489583,19.904990665614605,36.43490658700466,568.0173015594482
2021-11-30,2.7950988769531477,-1.7497314453124773,0.5633000691731999,86.03981653849284,99.53564771016438,95.88194465637207,45.37531161248453,36.722461183789505,-4.400882466634073,-1.5999931335448991,1014.935478515625,5.601377721875906,15.464629662533602,1091.7822291056316,2.6460510253906477,-1.7096313476562273,0.2313743591308821,87.46388880411784,99.98703670501709,171.49305629730225,41.65391726580642,33.059692305867145,-4.617545827229776,-1.670140329996741,1016.5912858072917,6.532502302667126,23.63879589488109,996.2649561564127,2.9122253417968977,-1.3393005371093523,0.5643948872884342,87.43796221415202,99.89027849833171,96.95833384990692,45.59382653497129,37.23006615121091,-4.3969011942545535,-1.3449119567870866,1014.6590104166667,6.809487601121266,14.705277567108473,1096.1360473632812,2.8882995605468977,-1.4757446289062273,0.4210016886393457,87.80092557271321,99.9805555343628,145.9722228050232,42.62599076035261,32.99480755804884,-4.5198743184407135,-1.4301717122395416,1016.8201171875,5.988900085290273,20.688517595330875,1015.9208908081055,2.8919311523437727,-1.6388916015624773,0.4064486185709863,88.81573994954427,99.91157404581706,108.65277791023254,44.6347736077319,36.717398806871216,-4.463763936360635,-1.2778724670409929,1014.6594108072917,7.991797912865877,14.02166672050953,1072.9448649088542,2.6067138671875227,-1.4104675292968523,0.3916018168131738,87.11851851145427,99.56250031789143,113.29860997200012,42.92267865591091,35.44853989517724,-4.561980946858682,-1.5763483683268191,1015.7348046875,6.575744121025006,15.742962941527367,1067.6389592488606,2.8088928222656477,-1.7171691894531023,0.362519836425804,89.03101952870686,99.83935165405273,99.74305462837219,44.54583007965966,36.48050758533503,-4.486781819661417,-1.2902193705240848,1014.6902408854168,8.409182539209723,13.215370165805021,1072.6154912312825,2.5282226562500227,-1.3756774902343523,0.4577143351237207,87.4574073155721,99.95324071248372,105.61805701255798,44.4631045790819,35.822669519084904,-4.48253479003904,-1.451011403401651,1015.519189453125,5.5685375183820724,17.19027738769849,1066.8280792236328
2021-12-01,6.634729003906273,3.0909362792968977,4.9938827514648665,87.5074052810669,97.62036895751953,230.6458339691162,35.403648705624164,26.041634655142207,1.0872016906738509,3.0562848409016965,1005.759970703125,-27.23095389207204,36.52601825197538,905.6283060709635,6.953424072265648,3.0336547851562727,4.728386179606143,86.375,94.23749987284343,249.48611545562744,33.36023763959763,24.070965356279725,0.8678718566894759,2.593043263753259,1005.7691569010417,-23.450874110062916,42.49277832855781,836.6777394612631,6.589532470703148,3.1496520996093977,4.843353525797549,87.28147983551025,94.73703702290852,230.00694370269775,35.27028584375045,25.796134242099484,1.0743003845215071,2.8640800476074446,1005.8822786458333,-25.892472783724468,41.29324064403772,879.5221405029297,6.464746093750023,3.2501159667968977,4.7880722045898665,86.50046284993489,95.08981355031331,226.88194179534912,33.75296484908917,24.258158210691946,0.8632916768391965,2.690632120768271,1005.5494075520833,-26.1677983601888,41.756018395225205,863.1514434814453,6.850732421875023,2.7813354492187727,4.850372568766299,87.63333129882812,95.69398085276286,225.1666660308838,35.08984481127108,24.904836423655183,0.8436955769856809,2.924794769287132,1005.7898795572917,-25.626790245374043,42.237963477770485,910.460947672526,6.606927490234398,3.1744323730468977,4.953229522705101,87.1402775446574,96.02175903320312,273.9236145019531,35.09418253936793,27.364047254403292,0.7756591796875227,2.9525505065918196,1005.5087337239582,-26.846043705940247,30.507870038350422,962.7752583821615,6.818383789062523,2.8502136230468977,4.884422556559268,87.51434993743896,96.936110496521,129.48611330986023,35.264101306896386,24.981223923202027,1.0423586527506927,2.942408498128259,1005.5601171875,-26.474076588948567,44.61851820846399,895.8640085856119,6.442651367187523,3.0589538574218977,4.7293869018554915,88.2861099243164,98.66620445251465,263.99999713897705,35.445250305370536,26.89071142720067,0.6573603312174896,2.919332122802757,1005.80677734375,-25.719487468401592,31.066017650067806,934.1581141153971
2021-12-02,4.985131835937523,-0.30704345703122726,2.471356964111351,88.20694414774577,99.95277786254883,125.7847228050232,25.00790327409313,17.49552236688973,-3.5661745707193973,0.6804494222005246,1002.9538151041667,10.089694440364838,33.60157475247979,823.8050053914388,4.164605712890648,-0.7268127441406023,2.089880879720075,91.38981533050537,99.94074058532715,343.86110973358154,21.368450155478964,15.417894882566019,-3.640269978841104,0.8092068990071652,1003.7359895833333,11.66615225871404,16.791481079533696,684.7775459289551,5.232690429687523,-0.40427246093747726,2.722378031412783,88.54074064890544,99.94861094156902,78.23611176013947,24.272625765174293,18.47414695948797,-3.3012845357258698,0.9863766988118527,1002.9650358072918,8.141748369360963,27.6737026621898,839.7870661417643,4.114617919921898,-1.3576416015624773,2.268849945068382,90.27546374003093,99.95879618326823,316.1875009536743,23.56981189397385,17.059677043056848,-3.6583084106445085,0.8208862304687727,1003.5881640625,11.058165234824022,23.572777518381674,797.9895807902018,5.302423095703148,-0.5823120117187273,2.693849182128929,88.66990693410237,99.80138874053955,64.47222232818604,26.209936602515782,18.799270068041036,-3.2391354878743073,0.9790473937988509,1002.955869140625,11.054908209480345,18.90481494491299,837.1203969319662,4.772485351562523,-0.7144531249999773,2.0372965494791893,92.93518670399983,99.99722290039062,325.2569456100464,22.470224366994255,15.679048643426336,-3.5970214843749773,1.0012870788574446,1002.82234375,11.792927220463753,19.039536809548736,668.3812026977539,5.664147949218773,-0.17850341796872726,3.082460021972679,87.32129605611165,99.95370324452718,38.04166665673256,26.276634439243335,19.340813395417843,-2.9864830017089616,1.1481618245442746,1002.3346516927082,8.652843765060728,24.92379599499206,890.0124918619791,4.641381835937523,-0.7206787109374773,2.2998888651530174,91.36018625895183,98.97962919871013,226.9583339691162,21.873502537355847,16.322595674834073,-3.468523406982399,1.0125251770019759,1003.1518001302082,10.987707863251368,21.617129437004525,726.9902051289877
2021-12-03,1.5539489746093977,-2.9682678222656023,-0.9411745707193783,82.17824236551921,78.55138889948527,84.13888931274414,20.059428964463926,14.186765642670116,-6.343047841389932,-3.7001950581868073,1015.0315755208333,32.45962393283844,58.44000140205026,559.59077390035,1.3227172851562727,-3.9123901367187273,-1.6057151794433366,81.65046326319377,57.719907681147255,171.40971899032593,20.098644570310487,13.848062025855066,-6.696775817871071,-4.486339314778604,1015.183388671875,36.69913806517919,61.78472152352333,497.51075649261475,1.4441467285156477,-3.2376159667968523,-1.0158231099446386,83.45231533050537,76.99444500605266,93.3263897895813,17.695154777169517,13.457827780191986,-6.4053418477375885,-3.5795781453450104,1015.3783138020833,31.51245267689228,58.63490863268574,541.7206492424011,1.1662841796875227,-3.9777587890624773,-1.479935709635394,83.1504643758138,77.69768540064494,135.87500047683716,20.804502562290295,13.826647411953333,-6.8303359985351335,-4.09762293497721,1014.982216796875,34.445569271842636,48.20092515771588,546.6500457127889,1.4339538574218977,-2.9243225097656023,-1.0767361958821386,84.96944491068523,82.10324009259541,82.60416722297668,17.392524719187538,12.798531780833423,-6.09435119628904,-3.3737205505370866,1015.1468001302082,32.39008690261593,56.33694435904423,487.7867307662964,1.2431884765625227,-3.0808471679687273,-1.297422790527321,83.58101749420166,84.38240814208984,117.72916412353516,20.034711366557538,13.792265603444115,-6.694364929199196,-3.8151802062988054,1014.8108723958333,36.95810457070669,49.62685322140654,525.2037731806437,1.2944580078125227,-3.2313903808593523,-1.250926717122373,85.57731501261394,71.80740904808044,32.0833335518837,17.0134750229437,12.709040425232823,-5.9906448364257585,-3.4555318196614166,1015.1850358072917,34.92053918292125,57.610092935462795,460.3425753911336,1.3381286621093977,-3.4343017578124773,-1.2305536905924253,83.00787035624187,81.37638799349467,70.9791669845581,21.36556392896019,14.240639113753957,-6.506058756510413,-3.8599761962890398,1014.8911393229167,34.77537411202987,48.80786984289686,546.3347590764364
2021-12-04,6.070062255859398,-2.3840393066406023,2.187532043457054,84.99722258249919,98.22500006357829,227.0416659116745,28.293993684672845,16.62585970840679,0.24916737874349337,-0.18536987304685226,1004.5821484375,-0.5754596690336863,3.208148157224059,535.7139431635538,5.302697753906273,-3.0241760253906023,2.12345148722333,83.93842617670695,99.40925852457683,276.0694479942322,24.843060218107563,15.550530361957811,0.2409225463867415,-0.45827840169266665,1004.7243131510418,-1.082748755812645,10.235740653704852,498.2840989430745,5.710931396484398,-2.5495056152343523,2.087916310628278,85.19120454788208,99.06713008880615,205.59028010815382,31.45493483158572,15.632562154352698,0.6422871907552121,-0.2679084777831804,1004.3029036458333,0.580772994707028,6.542870305168132,434.18502203623456,5.869592285156273,-3.5170654296874773,1.872333780924502,80.94861141840617,99.12129624684651,212.56944704055786,24.882533739361588,15.319194201774215,0.5231122334798215,-1.1610384623209598,1004.980400390625,2.8330257634321847,4.856388850758473,464.3175474802653,5.870721435546898,-2.9314025878906023,1.8930310567220279,84.06759262084961,98.11203670501709,214.11111072450876,28.473515840265335,15.366510540722166,0.6103759765625227,-0.6615191141764285,1004.2971744791668,3.1463982264200845,3.96324087275813,414.1965519587199,6.370782470703148,-2.5334533691406023,2.1769513448079656,84.08611138661702,98.98703734079997,262.67361307144165,26.793860660692157,15.813358800259152,0.384004211425804,-0.3259223937988054,1004.360986328125,-0.36391567687193555,7.304259471129626,496.3077783584595,4.852227783203148,-2.5470947265624773,1.3163454691569239,86.80972290039062,98.18425877888997,275.4305556640029,24.60201972244204,13.4779902789305,0.41905492146810275,-0.8057388305663835,1004.4931022135418,8.667169710000357,2.5648147302369275,327.1846679051717,5.525292968750023,-3.1662048339843523,1.896492258707705,83.74675941467285,98.88888867696126,206.25000047683716,30.8461025742633,15.980441251400057,0.357972717285179,-0.683775329589821,1004.6456705729167,1.0302883138259251,4.484259284722309,472.98507595062256
2021-12-05,2.1988769531250227,-1.5357421874999773,0.8171821594238509,87.97592671712239,96.05879592895508,614.6875038146973,27.95014896922954,8.271531842573344,-4.212630971272745,-0.9781389872233035,1006.8882779947917,7.882411614060402,30.000370527307194,327.8587197462718,2.9803405761718977,-1.1045898437499773,0.8266896565755436,86.2777779897054,87.10231463114421,442.34722328186035,24.415130050744388,14.621929735552792,-4.2483963012695085,-1.2472404479980241,1005.968203125,12.840867459774017,45.105185221880674,498.65839950243634,3.4563232421875227,-0.9790405273437273,0.9506418863932519,89.64583333333333,99.94120343526204,443.9583377838135,29.359866872700454,8.564238114665281,-4.1060864766438385,-0.5868362426757585,1007.2537239583332,8.116875802477201,29.977778907244403,298.79897689819336,2.5997558593750227,-1.3944458007812273,0.8707773844401269,86.8981466293335,99.62129592895508,419.0416660308838,29.63893492490972,13.350878948748358,-4.372446441650368,-1.0917813618977448,1005.8770930989583,10.544018981357416,35.07675918812553,453.1357692082723,3.3539672851562727,-0.20413818359372726,1.216523742675804,90.85092576344807,99.73240661621094,208.13194370269775,27.9647907908894,8.253264842646422,-3.9937741597493073,-0.14041748046872726,1007.2712337239583,5.5145374064644175,24.148518755411107,342.3378737767537,2.6638427734375227,-1.0631774902343523,0.8078679402669499,87.9962968826294,99.2444445292155,408.56945037841797,26.2028435235625,11.269786788005305,-4.144527180989542,-0.9893745422363054,1006.153681640625,10.042191485563913,39.1605560152481,376.82851004600525,3.4869018554687727,-0.37015380859372726,1.2760520935058821,89.50786940256755,99.29629643758138,72.09722256660461,26.85388826731036,8.911879259389062,-3.9317319234211823,-0.28647079467771164,1007.3691373697917,6.440295428037643,27.097129300236702,344.33480286598206,2.2418762207031477,-1.0442565917968523,0.7152267456054915,90.40000025431316,99.99814828236897,571.2500076293945,26.318267504777605,8.020190424652661,-4.061954243977823,-0.7016560872395416,1006.7489225260417,9.0243488351504,23.59527803895374,307.6245259443919
2021-12-06,1.5308471679687727,-2.4028991699218523,-0.3281603495279721,88.06573963165283,93.14351908365886,28.263889014720917,11.268017811139496,5.714359394154305,-5.7062146504719635,-2.1266731262206804,1015.3363346354167,22.7871728738149,27.590185409411788,214.141033132871,1.8996826171875227,-2.0130981445312273,0.06701685587567378,85.7944434483846,96.11805534362793,619.9305591583252,9.245614085192617,4.561616245787138,-6.106139882405557,-2.100297037760413,1013.13009765625,13.785277965168158,30.949074134851497,139.0761922200521,1.7925964355468977,-2.2828124999999773,-0.4568148295084408,88.60555648803711,87.79861052831014,32.5555557012558,11.377894777360652,7.5198639086964905,-5.661601765950479,-2.1753868103027116,1015.3239713541667,24.85071363548438,32.87407494088014,247.4029578367869,1.1180053710937727,-2.3774169921874773,-0.311491394042946,89.48286978403728,98.77685070037842,450.840274810791,10.220402125039037,6.618035331367854,-5.615788523356116,-1.8854469299316179,1014.6268359375,19.51884671052297,22.292592239255708,202.2681899468104,1.2268920898437727,-2.4709228515624773,-0.5201820373534929,88.44675827026367,91.08796342213948,27.722221791744232,13.61829716026053,7.701492723668781,-5.602977498372354,-2.251109822591104,1015.0851595052083,26.95452806601922,16.466017841051023,270.04628189404804,1.3886962890625227,-2.1640075683593523,0.06358235677085607,90.83148129781087,95.19073963165283,234.43749809265137,9.379013349657171,6.111057176410622,-5.593267822265602,-1.3025573730468523,1014.9532421875,12.987527549266815,27.66898117897411,213.32697041829428,1.4103637695312727,-2.2835754394531023,-0.4563837687174252,87.68888982137044,86.30694405237834,4.708333362359554,13.553883288717067,8.110297990008954,-5.602311197916663,-2.3035669962565066,1014.8389973958333,27.909551776324708,23.23648075138529,264.43121695518494,2.0396362304687727,-3.0796569824218523,-0.27377548217771164,90.068052927653,84.4166652361552,88.29166603088379,9.400554841276014,5.628296587126807,-5.586391194661417,-1.7660736083984148,1015.5599088541667,20.888610750436783,38.23398152987162,166.87991070747375
2021-12-07,2.4054199218750227,-3.1077331542968523,-0.5315015157063575,88.7888879776001,74.20277786254883,57.1666659116745,27.08015639817626,13.655190954461668,-4.92619679768876,-2.208579762776651,1014.2150032552083,21.863220045963924,47.82101754037043,482.0758167902629,1.6734863281250227,-3.6454528808593523,-1.2600680033365659,88.88796265920003,72.9314814209938,86.65972447395325,29.09761639572169,14.938080979362988,-5.0252759297688385,-2.9260340372721316,1014.4498177083333,26.8560175349315,42.824166743240006,490.5233328342438,1.7944580078125227,-3.1216491699218523,-0.9062802632649513,89.91898091634114,76.31574102242787,59.1736116707325,24.46190189534794,13.512625666024464,-4.497148895263649,-2.4034332275390398,1014.401572265625,22.77821822464466,30.614258715106796,425.62438186009723,2.1732116699218977,-3.7166809082031023,-0.9079294840494564,88.17222213745117,68.26481477419536,88.75694394111633,29.656827685287226,15.243118944884964,-4.910487874348917,-2.6866884867350223,1014.0084700520833,24.226874964932602,51.05601764656603,531.252931435903,2.0098205566406477,-3.1404174804687273,-0.7707860310872169,89.26157442728679,77.7523148059845,49.173611149191856,23.03734107459939,13.250594301056998,-4.544741058349587,-2.3689852396647098,1014.3404720052083,22.01246144870917,31.734722894461203,409.0068820317586,2.0632263183593977,-3.9390319824218523,-0.9108108520507585,89.59999974568684,63.46759215990702,94.79861032962799,30.462717303842293,15.429572077171557,-4.835995737711585,-2.4651512145995866,1013.8128580729167,23.548563804477453,53.41148099862039,523.4494407176971,2.5562683105468977,-3.1751770019531023,-0.7376248677571388,89.06712849934895,70.06064794460933,42.743056145496666,22.100601806487266,13.555171827633103,-4.326059722900368,-2.3670906066894304,1014.2701041666667,22.038250220318634,38.497500594084464,426.7648603916168,2.2569824218750227,-3.1950439453124773,-0.8155273437499773,89.83750120798747,66.63009170691173,74.10416734218597,26.698721060137,14.27123769240429,-4.734311167399085,-2.3337069193522098,1014.12591796875,23.504118112226326,51.06592524982989,495.99674820899963
2021-12-08,0.11852416992189774,-3.8723205566406023,-1.7493715922037534,82.30509344736735,79.9712963104248,65.84027814865112,14.107398881748635,6.194800265916847,-0.7713073730468523,-4.516672515869118,1004.8878450520833,28.646282076835632,32.52611020067707,157.80040073394775,0.5718627929687727,-3.3679565429687273,-1.2876063028971128,92.51018460591634,94.48657417297363,177.5555543899536,16.58334010953241,5.994213810673742,-2.1577756245930573,-2.4097745259602448,1004.35630859375,19.561068390806515,12.547222112227852,185.21409193674722,0.5951477050781477,-3.9055847167968523,-1.9185661315917741,81.84120400746663,84.66620294253032,21.58333307504654,14.916108199683457,5.971088673382056,-0.5627718607584598,-4.718216959635413,1004.2594791666667,30.70058166111509,26.632591805265594,136.2803193728129,0.26741943359377274,-3.8097595214843523,-1.7318290710448991,86.15139071146648,91.48796240488689,83.75000047683716,12.99462578737456,5.854125043603396,-1.4154507954914948,-3.8295196533202898,1003.6969986979167,25.940267259875935,28.839167205772053,141.09187952677408,0.9163146972656477,-3.6854309082031023,-1.8663098653157324,78.82685279846191,83.67129635810852,2.3263889201916754,15.26062391061161,5.240682320799824,-0.8023284912109148,-5.178373718261696,1004.2454166666668,30.036123365163803,37.62194568105042,126.676278591156,-0.022650146484352263,-3.3651794433593523,-1.5897850036620866,88.10092703501384,90.10185170173645,81.29166603088379,14.71447427610144,5.731771925725584,-0.8133110046386491,-3.380442047119118,1004.431806640625,26.191209415594738,30.288981982972473,160.08393955230713,0.8180480957031477,-3.5723937988281023,-1.8898656209309668,80.01249885559082,81.37268567085266,2.0069444025866687,15.299926383204067,5.751259517468845,-0.5707191467284929,-4.9872027079264285,1004.1783561197917,28.175723165273666,43.58305494145801,136.68029061953226,0.7342163085937727,-3.3426574707031023,-1.4680491129557065,88.48009236653645,93.7541675567627,86.625,13.47135838044645,6.944752667957329,-1.0157722473144304,-3.204569244384743,1005.470361328125,21.152751146505278,23.15370376439144,160.93002319335938
2021-12-09,0.9429870605468977,-1.8742126464843523,-0.13467763264971686,95.9120381673177,99.99490737915039,87.03472197055817,16.65946712386441,10.61054451726166,-4.762965901692667,-0.7240420023600223,1007.5503092447917,5.99024227137367,8.572222316016754,366.79601764678955,0.7213989257812727,-4.104528808593727,-0.7045107523600033,96.78333346048991,98.68287054697673,300.91666984558105,15.950280859654248,11.058467326957578,-5.162121836344397,-1.1757631937662723,1008.1438346354167,5.129702405072749,31.43768409243785,406.0382318496704,0.9692321777343977,-1.0513671874999773,0.05622253417971024,94.63333288828532,99.89074103037517,101.25694537162781,16.048689283095335,11.606175435655397,-4.447495524088538,-0.7228225708007585,1007.2774674479167,7.921524654142559,10.887777699778477,413.82891941070557,0.7750183105468977,-2.3737548828124773,-0.26488469441729495,97.54722277323405,99.80555566151936,221.05555510520935,16.686952691584207,10.703460035053197,-4.7564592997233035,-0.6195460001627566,1007.4038151041667,4.600939025947203,18.610092517492983,388.3208243052165,0.6498046875000227,-0.9971679687499773,0.12616755167645502,96.83935038248698,99.95092582702637,124.15277832746506,15.206905986711146,11.378951812549047,-4.445932769775368,-0.3308598836262604,1007.485791015625,6.537003008027871,7.947963131979729,428.52374776204425,1.1201721191406477,-2.5097106933593523,-0.5462961832682064,94.30694516499837,99.73935190836589,61.3055557012558,17.3546887861935,12.427320205326163,-4.902844492594397,-1.3683647155761491,1007.6286979166667,8.877039189140001,17.81509271989732,425.1374263763428,0.7076965332031477,-2.1375183105468523,-0.06417566935219081,96.78611056009929,99.87407398223877,123.69444328546524,15.818093412115108,11.432864137982099,-4.586918894449866,-0.5254730224609148,1007.6020084635417,7.729705603929081,9.800370299334949,431.44398307800293,0.5304504394531477,-2.3034729003906023,-0.5845652262369564,95.9162031809489,99.53472169240315,113.84722186625004,15.522589101042348,10.87579975273745,-4.7084487915038835,-1.1716331481933366,1007.2098567708333,10.114728319148222,7.879629651957657,377.0548102060954
2021-12-10,0.7590576171875227,-6.263433837890602,-2.3765027364094826,92.39305591583252,88.5777777036031,214.4930543899536,19.871540950740826,11.239995413172773,-2.920757039387979,-3.5428718566894304,1003.529169921875,22.105578627437353,34.68527836973468,312.30667845408124,0.45501098632814774,-4.811437988281227,-1.5489690144856543,90.34166622161865,82.6569443543752,131.02083539962769,22.050602356891307,10.138891719902254,-3.2289756774902116,-2.9916900634765398,1004.1866731770833,18.438551558181643,36.74425954992572,284.509029229482,0.8960205078125227,-6.145910644531227,-2.3913177490234148,91.08518568674724,85.14861138661702,107.03472208976746,18.593076076159242,10.6270430740518,-2.5526743570963504,-3.7684107462565066,1002.8561165364583,26.663224934289854,34.559536887953676,298.67504302660626,0.6666809082031477,-5.105322265624977,-1.9415674845377378,89.69212945302327,82.16110964616139,136.6736125946045,18.569319031879385,10.375100580992695,-2.938653055826819,-3.5083030700683366,1003.996513671875,25.079741527636845,30.176388853540022,287.1019566853841,1.0124450683593977,-6.307775878906227,-2.537485504150368,90.6643517812093,84.12129704157512,23.069444477558136,19.382575433613873,10.232601707843795,-2.638559722900368,-3.986942036946573,1002.2006770833333,27.655003637075424,35.99009199316303,284.44444338480633,0.6727233886718977,-5.750830078124977,-2.214445495605446,92.71851984659831,84.77638864517212,195.57638835906982,19.524004538144855,10.11281401077762,-3.107108815511026,-3.320524597167946,1003.5698795572918,23.5203844110171,31.768888507038355,282.7998452981313,1.2627502441406477,-6.349676513671852,-2.5511484781900813,90.87546284993489,87.15694506963094,8.263889027759433,20.83772966455195,9.774020589125328,-2.5727244059244754,-3.960611724853493,1001.7438411458332,27.93666495879491,35.58027819171548,260.4870183467865,0.8691040039062727,-6.063024902343727,-2.580686950683571,92.02638975779216,77.84999998410542,197.7361102104187,20.97052081083696,10.500652917596579,-3.0751925150553348,-3.8039433797200104,1003.4860774739583,25.517162437240284,32.753888799498476,285.65464973449707
2021-12-11,1.4944702148437727,-0.7771667480468523,0.4172480265299707,90.42685254414876,98.68564732869466,91.63888812065125,26.07883454067142,19.018406565887602,-5.398480478922522,-1.0048189798990848,1015.97474609375,4.369620167339842,26.198703057326686,698.7123305002848,1.1115661621093977,-0.37631835937497726,0.25518697102866855,90.90601921081543,98.99629561106364,256.4166669845581,26.000919659727398,22.11973816410824,-5.510104878743448,-1.074271901448526,1016.9123307291667,3.5927960773309073,33.713055140532866,789.1064910888672,1.5621887207031477,-2.2921203613281023,0.08181025187176753,92.18148136138916,94.43611017862956,90.40972232818604,27.047739862699803,18.941763793908382,-5.339626057942667,-1.0658782958984148,1015.6322330729167,7.313745488723119,26.376111394919764,670.346835454305,1.1580444335937727,-1.4675048828124773,0.11971817016603836,90.42916615804036,98.89166673024495,180.229163646698,25.02568970426085,20.898527848544706,-5.607389831542946,-1.285087331136026,1016.7133854166667,5.992191340153416,30.884350783385646,766.0349807739258,1.3793273925781477,-2.7383178710937273,-0.06875330607094081,92.06157302856445,95.88148085276286,129.41666650772095,26.785985731513424,19.109264381407886,-5.53371658325193,-1.2415489196777116,1015.9026985677083,7.735442644606034,21.74194416081688,663.3481489817301,1.2932678222656477,-0.17264404296872726,0.4567771911621321,91.64953708648682,97.27361138661702,97.54166722297668,27.6847415306701,23.20428876267125,-5.435760243733682,-0.7634427388508698,1015.2987239583333,3.2480477715531983,30.356389211374335,863.0744934082031,1.3708129882812727,-2.4040893554687273,-0.08174743652341476,93.4893528620402,97.46944491068523,115.9027771949768,25.512902654508142,18.178843313999817,-5.562338256835915,-1.0302070617675554,1016.0045768229168,7.489396462837855,23.86935167189222,650.6365343729655,1.2886596679687727,-0.35104980468747726,0.5188995361328352,90.66527843475342,99.58194414774577,70.58333349227905,26.870177305734245,19.668641604835436,-5.397066497802712,-0.8622904459635379,1015.395380859375,2.7831317369515696,27.5904630489725,744.1583061218262
2021-12-12,1.4419494628906477,-1.7674316406249773,-0.17777353922523767,93.49166711171468,78.93148159980774,46.833332657814026,11.343663728540115,8.329353441395781,-3.2827031453450104,-1.1231229146321198,1029.5454036458332,7.3876546422640486,51.778610507647194,200.3479634920756,1.8097473144531477,-1.2003540039062273,0.35555928548179355,90.63472080230713,83.61296192804973,118.25000095367432,10.303652063530798,8.065292031979942,-3.914994303385413,-1.0179021199543854,1030.2387923177082,3.383646039913098,51.89490669965744,200.18718576431274,1.2680297851562727,-1.9229492187499773,-0.34010416666664395,93.49305566151936,80.27685117721558,43.284722447395325,11.866230500663073,8.208455557821315,-3.3488741556803348,-1.288609568277991,1029.4622623697917,8.41562027235826,53.09148192405701,179.42788441975912,1.2686401367187727,-2.3230651855468523,-0.32833964029945645,93.1435178120931,81.7444445292155,119.40972375869751,10.779146720379648,8.34655234036137,-4.047015889485635,-1.323545837402321,1029.9920930989583,8.842565717486044,50.371758778889976,204.71326931317648,1.4048095703125227,-2.8473876953124773,-0.502128346761045,92.91944408416748,81.5273159344991,20.374999821186066,12.128987065541612,8.732933234012764,-3.2896611531575104,-1.5378110249836823,1029.5914485677083,10.715266859158874,53.52379512786865,175.21605332692465,0.9994750976562727,-3.0204833984374773,-0.3580116271972429,91.57777786254883,79.48796343803406,154.98611164093018,9.880289868678247,7.96996505976946,-3.656797790527321,-1.5901957194010379,1030.2310579427083,8.119900931914648,45.600648283958435,214.24607388178507,1.6762329101562727,-2.4214538574218523,-0.2812433878580502,93.3490727742513,82.80555685361226,8.423611227422953,11.24222355155925,8.446063464477135,-3.3210586547851335,-1.2506952921549441,1029.1853841145833,10.545553946867585,53.21138906478882,177.7015266418457,1.4113708496093977,-2.3199218749999773,-0.1509498596191179,93.54351870218913,80.79490685462952,145.85416650772095,10.833650718209324,8.122454749363653,-3.485934956868448,-1.0924883524576785,1029.9840234375,7.53398638466994,54.269815325737,191.4498813947042
2021-12-13,4.435144042968773,1.3554931640625227,2.4459332784017156,98.01435375213623,98.56944465637207,52.39583420753479,7.017025522245212,4.156150387771405,2.645581817626976,2.1560061136881927,1029.3594270833332,-12.390162032097578,21.20620432496071,59.302730003992714,3.4131408691406477,0.9364868164062727,1.934035237630231,91.79120254516602,99.0523141225179,51.56250047683716,5.898550106748621,3.4316656357744377,2.8302347819010834,0.7096852620442746,1029.45509765625,-6.008656680583954,15.9665740331014,23.27365744113922,4.479180908203148,1.5094543457031477,2.5065373738607,97.5120366414388,98.83935165405273,46.83333343267441,7.050691134681298,4.115761775090882,2.7798502604167084,2.1440953572591184,1029.46849609375,-12.12627325952053,17.844629511237144,55.781796058019005,2.7549072265625227,0.9610229492187727,1.609145100911481,94.76296329498291,95.8902775446574,57.3402783870697,6.39397073128995,3.1478854025687775,2.8187601725260834,0.8441749572754134,1029.342744140625,-3.452397850652536,9.972870260477066,23.56912402311961,4.245965576171898,1.5193725585937727,2.4031768798828352,97.64074103037517,97.97407372792561,31.59722226858139,6.970407874869996,4.115037850429842,2.9691927591960052,2.0576950073242415,1029.7027180989583,-11.477129365007082,20.101296350359917,51.83181401093801,3.1081481933593977,1.2017761230468977,1.9473192850748926,96.46157423655193,99.3578707377116,39.55555593967438,6.4433423097262486,3.566206636138716,2.8178153991699446,1.4288853963216184,1029.28630859375,-8.10987169543902,12.766759425401688,26.159716844558716,4.522973632812523,1.4907470703125227,2.341902669270856,97.48935254414876,94.57453791300456,27.87500023841858,7.649976971320037,4.916221060704748,2.758345540364587,1.9773078918457259,1029.675869140625,-11.411794493595758,23.589074343442917,70.69332047303517,3.5655151367187727,1.3140197753906477,2.2677907307942937,97.84027862548828,99.8509251276652,49.430555284023285,7.030648589882553,3.9205397020389667,2.6584157307942746,1.9516209920247434,1029.173935546875,-10.496418596245348,14.129722634951273,38.62049527963003
2021-12-14,4.652764892578148,1.6256347656250227,2.594246164957705,95.13842487335205,96.48564942677815,25.12499964237213,6.8302634668037,5.089351039482512,3.5806607564290402,1.8778307596842865,1029.9850748697918,-5.626514616111915,30.941388885180157,69.47299722830455,4.545220947265648,2.0678955078125227,2.852778371175153,96.13333288828532,99.18286927541097,68.00000166893005,5.657003087100592,3.481995645909928,2.1771217346191634,2.2825040181477902,1029.97255859375,-9.975183546543121,27.81138801574707,70.33565171559651,4.514337158203148,0.31301269531252274,2.125630950927757,96.35000197092693,93.5342591603597,5.041666820645332,5.9711007636350395,4.3724108234723325,3.841804758707724,1.5908129374186615,1030.1469791666668,-4.170087732374668,32.1909259557724,66.29773155848186,4.393426513671898,1.7274414062500227,2.5454994201660384,95.5124994913737,97.54999987284343,56.95138883590698,5.920602392821528,3.4389442317867167,2.101636505126976,1.8856737772624115,1030.2033040364583,-7.000758854051431,28.70259263118108,66.21353844801585,4.889428710937523,1.1676574707031477,2.417343393961611,96.01111125946045,95.86944516499837,0.25000000186264515,5.348428360735753,3.945001582064347,4.065400695800804,1.8298558553059934,1030.039775390625,-5.709181845188141,30.97425937652588,50.33671283721924,4.915185546875023,1.7851196289062727,2.7449979146321843,96.10185146331787,99.06527837117513,39.57638919353485,6.601025550152073,4.610671508805876,2.822225189209007,2.170271809895837,1029.9094401041666,-9.23883734519283,31.07453791300456,82.82577427228291,5.092248535156273,1.1152587890625227,2.538404083251976,95.98703797658284,96.26990826924641,0.4513888922519982,6.3902566106994705,4.446271507486141,4.2579449971516965,1.9469187418620209,1029.8684309895832,-7.227529816329479,32.64574074745178,59.17560501893362,4.334222412109398,0.7942443847656477,2.164258575439476,95.14675903320312,96.18750031789143,32.80555593967438,4.939176080121229,3.8693027659712254,2.9053830464681027,1.4481737772624115,1030.2530305989583,-4.605813953715066,31.68749992052714,68.66385118166606
2021-12-15,5.588616943359398,1.0534301757812727,2.817248280843122,93.31990877787273,87.44490845998128,0.0,7.509924454433562,4.49386620485858,1.9434537251790402,1.8250734965006927,1032.6710416666667,5.137860448410113,44.45314836502075,76.43120006720225,5.207208251953148,-0.17743530273435226,2.0636090596517156,93.30555534362793,81.11527649561565,26.499999046325684,5.634895031919558,3.8822859224107247,2.1289840698242415,1.0701932271321652,1032.8226204427083,5.546294629573822,47.98879702885946,57.37619094053904,6.018121337890648,0.9674011230468977,3.1011393229166893,92.86296304066975,84.348610719045,0.5000000149011612,6.906702033162627,4.2111292100050335,2.4109893798828352,2.024306233723962,1032.629384765625,6.422041858235995,43.50046292940775,80.96388598283131,4.704003906250023,-0.5941528320312273,1.3917149861653872,93.20648225148518,76.17777824401855,6.333333492279053,5.283781239740368,3.5552644583727306,2.319563802083337,0.3814699808756927,1032.9415657552083,9.554401020208994,45.427778363227844,53.89019596576691,5.578698730468773,1.0547424316406477,3.247871653238955,92.77638912200928,85.5050916671753,0.14583333441987634,6.184327209695739,3.163934813502024,2.3845026652018646,2.1687777201335052,1032.8175716145834,3.5341387962301574,30.235277096430462,63.07550366719564,4.898217773437523,0.8429504394531477,2.6582618713379134,92.98888810475667,96.55694421132405,0.5347222266718745,4.838703749771053,3.2534748331020844,2.0775123596191634,1.598322804768884,1032.8560872395833,-0.9571187968055407,26.18694551785787,59.42735640207926,5.319055175781273,0.8806396484375227,2.930983479817731,93.57916577657063,84.56713056564331,0.0,6.221776487402899,3.45129371826755,2.0014460245768646,1.978218332926474,1032.753076171875,4.969669207930565,30.799166758855183,59.43363245328268,4.650231933593773,0.5226989746093977,2.5639625549316634,93.35926119486491,93.91851711273193,0.6666666716337204,6.73290557147354,3.911581645597036,1.5280942281087277,1.5680887858073334,1032.6795052083332,2.49700395266215,26.09666673342387,74.55221335093181
2021-12-16,4.821252441406273,0.39464721679689774,1.6895296732584864,92.31388886769612,33.50601855913798,0.0,5.85316248330721,3.8580025711768493,1.2436271667480696,0.5466005961100677,1036.5862174479166,12.542480532700816,50.041017254193626,78.76806151866913,4.515313720703148,0.7665344238281477,1.8260462443034082,92.52777767181396,52.15648214022318,0.0,4.843428010910199,2.7182229814893755,0.25879821777346024,0.723305002848349,1035.870419921875,10.456144423379252,36.03333306312561,72.1287122964859,4.076013183593773,0.31212768554689774,1.6540479024251529,92.19583257039388,54.02129634221395,0.0,6.813008019150352,3.4302000490565328,0.5359410603841184,0.5010594685872434,1036.82271484375,12.562984297672907,35.7491664091746,83.27727488676707,4.833551025390648,-0.028051757812477263,1.5410934448242415,92.79351838429768,29.286574125289917,0.5000000149011612,7.102831832561481,3.5055041273417724,1.1994199117024777,0.47025833129885086,1036.057470703125,16.259551937381428,51.156665563583374,71.09287110964458,3.4457336425781477,0.5362792968750227,1.6838101704915591,90.62036959330241,72.0990743637085,0.0,5.759276543545971,2.611785791834586,-0.07005920410153976,0.29290161132814774,1036.8525651041666,14.248123823354641,15.881018420060476,57.50440160433451,5.106713867187523,0.11989746093752274,1.7240501403808821,91.51574071248372,26.918056050936382,0.1666666679084301,5.501512731096442,3.3488314497046345,1.0778798421223996,0.4571395874023665,1036.5235872395833,16.529545232653618,51.872036854426064,61.94501256942749,3.5908142089843977,1.1140686035156477,2.174303944905622,89.20694510142009,85.44259293874104,1.7569444593973458,6.214393248295252,2.738474212148948,-0.8704233805338504,0.5660860697428802,1036.881416015625,7.938122600317001,13.216852029164633,40.34742486476898,4.894921875000023,0.022637939453147737,1.5820060729980696,92.2055565516154,29.187962849934895,0.0,6.790778707095946,3.642824227523962,0.8748044331868527,0.42169469197591525,1036.2691341145833,15.394966596116623,51.33333500226339,67.73684700330098
2021-12-17,5.097863769531273,-0.6815246582031023,1.695686594645205,87.30833371480306,49.35370414455732,4.5,8.07891584037658,4.809715520508174,2.376105244954431,-0.22493082682291288,1037.6250846354167,12.890843452264866,48.89990735054016,64.11496714750926,4.827294921875023,-0.48956909179685226,1.8082010904948145,91.06666660308838,41.73333285252253,0.0,7.6951172917602255,4.940304552041109,1.283900197347009,0.47896219889327085,1037.4728125,5.668391063809395,54.52666628360748,70.93853453795116,5.402520751953148,-0.30133666992185226,2.1283063252767156,86.86296240488689,51.306943794091545,3.0,6.7979617448719845,4.280775938389362,1.6262311299641965,0.12867635091146212,1037.874716796875,10.485378436744213,50.47083453337351,61.14546366532644,4.937493896484398,-0.6935791015624773,1.6111719767252832,87.74120394388835,59.22314850489298,0.0,8.318521515744413,5.5494701795420385,1.5704526265462277,-0.2504651387532135,1037.5828287760417,9.932549640536308,51.46740690867106,71.97061602274577,5.678094482421898,-0.19092407226560226,2.2486981709798406,86.7425931294759,39.55601888895035,0.3333333358168602,6.988967591906192,4.1308112012609035,1.5899876912434934,0.22505594889327085,1037.8571126302083,9.594151025017103,53.66666730244955,66.78369053204854,4.913568115234398,-0.8249877929687273,1.2352462768554915,87.85601965586345,31.551388576626778,0.0,7.388216513765445,5.035784783026547,1.8080637613932709,-0.6008056640624773,1037.5900520833334,14.680639952421188,55.7882399559021,62.75389893849691,5.723626708984398,-0.28311767578122726,2.1805422465006736,87.23333485921223,41.49861065546671,0.3333333358168602,7.275986734862916,4.2934548997358535,1.5642092386881927,0.231660461425804,1037.943837890625,9.74365853269895,53.169445077578224,66.91200792789459,5.121850585937523,-0.6500305175781023,1.4551139831543196,86.88796170552571,38.4597223152717,2.6666666865348816,7.346705196324097,5.140701621523019,2.2266237894694427,-0.5311976114908816,1037.576533203125,15.85555092493693,50.959258913993835,65.42417816321056
2021-12-18,4.792749023437523,-0.5690673828124773,0.9019218444824446,85.1814816792806,8.937500018626451,0.0,8.3062439017206,4.0799001889491375,1.8340736389160384,-1.3910736083984148,1036.2593717447917,25.029836530797184,54.821666399637856,67.51145581404369,4.884912109375023,-0.8738464355468523,0.8373008728027571,83.3523136774699,5.735647971043363,4.5,9.694860616404844,5.139131601970763,1.3780761718750227,-1.7614438374836823,1036.2976595052082,23.218602296430618,54.43138746420542,64.127565741539,4.750329589843773,-0.8949645996093523,0.7576843261718977,84.00046443939209,16.763425787289936,0.0,8.695282977800067,4.507243668907493,1.5383138020833371,-1.7424415588378679,1036.6576139322917,26.330705953141052,55.00638898213705,66.89868497848511,4.674249267578148,-0.7049926757812273,0.8670694986979394,85.50277773539226,4.990740809589624,3.0,10.28295700390286,5.286979223828253,1.0090143839518646,-1.353422546386696,1036.3490397135417,24.216304533183575,55.14629713694254,71.56839474042256,4.683984375000023,-1.0134338378906023,0.6163078308105696,84.17731602986653,14.220833380396167,0.0,8.80139745762737,4.429126942230771,1.9136723836263059,-1.851615651448526,1036.7320833333333,26.885036652286846,54.353518764177956,69.54169023036957,4.904443359375023,-0.5253356933593523,0.995051320393903,84.63888994852702,4.609722114012887,0.3333333358168602,9.72622159477572,5.302344521506238,1.538387552897177,-1.3763514200846316,1036.0506217447917,23.993963869909447,54.77314877510071,65.77619743347168,4.624505615234398,-1.1139892578124773,0.5221496582031477,84.061110496521,12.638425981625915,0.0,8.426065795185,4.249655943858024,2.0185702006022552,-1.9644416809081804,1036.8323177083332,27.300788303216297,54.16648177305857,66.93418264389038,4.732415771484398,-0.6855529785156023,0.8957852681478092,85.59259382883708,2.9638888572808355,0.3333333358168602,9.566607980154167,5.5431908636564735,1.7269391377766965,-1.3194348653157135,1036.3801432291666,24.70962432771921,55.30444316069285,69.93289347489674
2021-12-19,5.289025878906273,0.019860839843772737,1.5232203165690332,86.15509351094563,32.378240793943405,0.041666666977107525,17.00668902856148,12.315206319041176,1.6697275797526459,-0.6199923197428348,1029.4921842447918,1.7774247204264004,54.12638954321543,214.18244171142578,5.314447021484398,-0.5341857910156023,1.7891593933105696,86.00370375315349,36.10138892646258,0.0,16.850533305407918,13.233590837858808,1.0972750345866302,-0.3587504069010379,1029.1797428385416,1.7605540504058201,52.12064981460571,228.90417750676474,5.096917724609398,-0.9882873535156023,1.0632110595703352,88.05601819356282,23.498611240337294,0.027777778450399637,16.365981119046726,11.549535170117776,2.5828351338704465,-0.7750584920246979,1029.75689453125,6.423048774401347,54.1781481107076,197.9532803694407,5.378381347656273,-0.09363403320310226,1.7042353312174707,84.67360941569011,30.329629734158516,0.0,16.37948994838695,12.390287972649043,1.5986317952473996,-0.6703514099120866,1029.2822135416668,2.877768258253733,54.00685119628906,197.64463218053183,4.682183837890648,-1.1760314941406023,0.9432909647623925,87.18564860026042,38.75092586874962,0.041666666977107525,16.380581763822114,11.299635817978732,2.4602968851725677,-1.0236991882323991,1029.927314453125,5.140407522519429,53.21833415826162,215.99627002080283,5.139184570312523,-1.3981994628906023,0.7656608581543196,85.76666641235352,5.877314865589142,0.02083333395421505,16.160972491612352,11.756604260168578,1.915589904785179,-1.4463638305663835,1029.4409993489583,12.074617703755697,54.049815932909645,178.77667021751404,4.292718505859398,-1.6854309082031023,0.4984692891439029,87.97824287414551,40.812499483426414,0.02083333395421505,15.815224751686005,10.582798975082335,2.5489173889160384,-1.3447708129882585,1030.0472591145833,8.79039833943049,51.74944500128428,208.86696751912436,5.234216308593773,-1.3594726562499773,0.8531102498372624,86.31342601776123,14.158796379963556,0.0,15.68176514435235,11.47481299567261,2.140236155192099,-1.2769035339355241,1029.469033203125,9.969107985496521,54.152222673098244,176.7292061249415
2021-12-20,3.1178833007812727,-2.9447998046874773,0.21836369832359045,85.90324052174886,57.53842639923096,5.472222398966551,12.120406976203554,7.254657658865489,-4.947047932942667,-1.9259348551432254,1026.4860774739582,6.954741311570008,48.196668376525245,187.27157497406006,3.2995849609375227,-2.8947509765624773,0.5298210144043196,83.593518892924,52.82268629471461,4.881944425404072,12.277384118275306,7.205951710243628,-5.0347122192382585,-2.0236966451008698,1026.817646484375,9.810711558908224,52.47481483221054,200.2788716952006,3.1656127929687727,-2.9648193359374773,0.1729777018229394,86.11759281158447,57.27083247900009,3.625000032130629,11.292880041748122,7.149556713419513,-4.7843828837076785,-1.9351079305012604,1026.4240397135418,6.727760533491771,47.98925908406576,170.71904826164246,3.2682434082031477,-2.9045166015624773,0.48001887003583005,84.31296348571777,56.74259297053019,3.8958333507180214,12.066659997044521,6.813877509304241,-4.84178517659501,-1.9224685668945085,1026.147353515625,7.29080899975573,47.288425574700035,171.3146177927653,2.9835449218750227,-2.9614013671874773,-0.001716359456357471,84.94166660308838,55.56249956289927,3.736111111007631,12.448043697417143,7.246978609562054,-5.104696655273415,-2.306645456949866,1026.5722200520834,8.740364839633306,49.91953682899475,179.9548393090566,3.1457153320312727,-3.0561279296874773,0.40693054199221024,85.51712735493977,60.060648918151855,6.659722149372101,12.863802439333842,7.358603125312325,-5.010418955485022,-1.7999430338541629,1026.082666015625,6.802827769890428,46.188704212506615,181.74035517374674,2.9393249511718977,-2.9288696289062273,-0.07993164062497726,85.50277805328369,57.17824053764343,4.493055492639542,12.790873669054026,7.52498457805051,-5.123800659179665,-2.2859151204426666,1026.596416015625,9.057774521410465,49.47990586360296,184.80172610282898,3.1851135253906477,-2.9677185058593523,0.36868184407554355,85.74675846099854,60.13750012715658,6.2083334401249886,12.212465424129569,7.301056570657252,-4.997368876139319,-1.8029642740885379,1025.973359375,6.367482074846824,46.104723205169044,176.60099800427756
2021-12-21,0.7448974609375227,-4.101293945312477,-2.607884470621722,79.74259169896443,30.326852291822433,3.833333373069763,11.705861502030203,7.75097450904848,-4.40242996215818,-5.8392102559407135,1025.6863020833332,43.53936618566513,54.83972108364105,171.43752145767212,0.6833435058593977,-3.9521240234374773,-2.5793340047200295,80.05925941467285,11.112962941328684,6.777777671813965,9.441075831453714,6.70692983672284,-4.896337890624977,-5.715399169921852,1026.9136165364582,46.4391321738561,55.85203584035238,156.10771028200784,0.8142333984375227,-4.099157714843727,-2.499363962809222,80.31018384297688,33.15370391805967,3.1666667461395264,12.317166747410049,8.460191513609995,-4.310301208496071,-5.632430775960245,1025.9127994791668,43.968557278315224,54.36638677120209,190.86464802424112,0.6563049316406477,-3.9715637207031023,-2.590377553304014,79.8847206433614,19.546758989493053,4.666666746139526,10.974050849514878,7.081804389110938,-4.827574157714821,-5.7691482543945085,1026.5557161458332,45.37670856714249,55.95629668235779,165.58925620714822,0.7890563964843977,-4.142797851562477,-2.5487566630045344,80.00925827026367,33.698147624731064,0.1111111119389534,13.29259005865782,8.731896778424622,-4.42157084147135,-5.732187652587868,1025.9457063802083,44.39568889141083,54.286020398139954,193.88402620951334,0.7801147460937727,-4.065039062499977,-2.598081970214821,79.74351914723714,24.268055886030197,4.5,12.609700095393224,7.751569485576976,-4.567883555094397,-5.818038686116495,1026.6162890625,43.92225303252538,55.74796346823374,171.3845535914103,0.8950439453125227,-4.047033691406227,-2.4511423746744563,80.24814875920613,29.07824069261551,0.0,12.753135528346775,8.528964989311321,-4.465832773844397,-5.599090321858682,1025.8742252604168,43.54361100991567,55.91842599709829,185.75655714670816,0.7365966796875227,-4.071295166015602,-2.597964986165342,78.23981428146362,26.910185928146046,5.666666507720947,13.065369948700772,8.28615488511324,-4.265865071614542,-6.081697845458962,1026.1779459635418,42.96237481633822,55.95537122090658,188.22323942184448
2021-12-22,0.17830810546877274,-5.413122558593727,-3.430741373697894,74.48333263397217,31.57916651169459,0.0,10.013125105915078,6.504802431418678,-2.465867106119788,-7.596315765380837,1027.0284114583333,37.16274952888489,56.72111177444458,110.46005853017171,0.35726318359377274,-5.482244873046852,-3.3555803934732844,71.15277830759685,36.48888917764028,3.833333373069763,8.239234240729848,5.923224842712639,-2.0802368164062273,-8.132058207194007,1025.2268717447917,35.78283715248108,55.18379724025726,86.13751149177551,0.33162841796877274,-5.448858642578102,-3.3843330383300554,73.15277830759685,31.51527827978134,0.0,10.439584900424036,6.952440992701224,-2.3448153177897098,-7.79234670003251,1027.0304264322917,36.780434012413025,56.81629550457001,118.38726290067036,0.32787475585939774,-5.495611572265602,-3.4057118733723732,74.08240667978923,31.38101828098297,3.1666667461395264,8.464721731022237,6.221358214992922,-1.9453631083170535,-7.649392191569007,1025.7165657552082,36.989765425523125,57.07490682601929,97.31466221809387,0.29271850585939774,-5.528265380859352,-3.5283467610676857,74.27963050206502,29.431481917699177,0.0,10.463371532508841,7.355239332713012,-2.2553784688313385,-7.749566141764319,1027.074912109375,37.84876157840093,56.81592591603597,125.15120204289754,0.04097900390627274,-5.605291748046852,-3.6021993001301857,75.93981536229451,25.99861131111781,0.1666666679084301,8.611036533693056,6.247764891662285,-2.5392962137858035,-7.4989519755045535,1026.5346647135418,37.993756810824074,56.87435026963552,107.85911218325298,0.30693969726564774,-5.510504150390602,-3.5093025207519304,74.5231482187907,29.912036935488384,0.0,11.43782523980746,7.626080435828204,-1.9503387451171648,-7.6913831075032135,1026.9539778645833,37.69864311814308,56.73009212811788,131.3221321105957,0.20726928710939774,-5.423529052734352,-3.3763323465982844,74.94305642445882,30.906944692134857,0.0,8.82743648855632,6.261672143027375,-2.1967720031738054,-7.454279327392555,1026.7607584635416,36.41986274719238,56.77435131867727,104.69387594858806
2021-12-23,5.070611572265648,-4.111608886718727,-0.08369166056312831,58.96435228983561,99.94074058532715,0.43750000558793545,20.51818145418572,8.864102299516098,3.1045089721679915,-7.351859792073526,1018.5148958333333,-4.637489398320516,25.480369726816814,146.97018818060556,1.7934814453125227,-3.8426269531249773,-0.9290476481119564,61.43148120244344,99.91203689575195,0.18750000512227416,9.806983821557147,6.4742097796879365,2.041876729329431,-7.57888259887693,1020.68751953125,6.523031993458669,23.50250005722046,66.32298990090688,4.912011718750023,-4.145086669921852,-0.07375310262041997,59.899999459584556,99.95555591583252,1.0972221959382296,20.31578354652862,9.074374498004866,3.1350863138835052,-7.146490478515602,1018.357490234375,-5.422418070336183,27.389444947242737,157.20577657222748,1.9143310546875227,-4.067297363281227,-1.0385917663573991,61.13009230295817,98.83240763346355,0.15277778217568994,10.19232096788435,6.599686313404345,2.254535929362021,-7.786974334716774,1020.653466796875,9.185499370098114,24.764722148577373,70.6108478307724,6.046441650390648,-4.250860595703102,0.2523386637370019,59.503703912099205,99.9236110051473,1.8124999478459358,24.729881515766248,10.583859966552106,3.2321512858073334,-6.946348571777321,1017.9234049479168,-9.488719900449118,30.999630451202393,201.23358178138733,2.3891540527343977,-4.139196777343727,-0.8408327738443783,60.24629656473795,99.22824128468831,0.0,14.486493300392482,7.463489482224669,2.7818822224934934,-7.8004898071288835,1019.572490234375,6.028467943271001,31.284167170524597,96.64365597565968,5.083520507812523,-4.238104248046852,0.004113769531272737,59.89722235997518,99.97314802805583,1.7777777314186096,22.669505627506357,9.70163777042959,3.202673848470056,-7.066216532389319,1018.1984049479167,-6.160744269688924,27.80750020345052,169.3524514834086,3.5989929199218977,-4.069036865234352,-0.523161315917946,59.89999977747599,99.30879592895508,0.06250000046566129,15.868712545225753,8.187393667634234,3.1065917968750227,-7.55797424316404,1019.153984375,2.4941927393277488,25.25851857662201,120.79867871602376
2021-12-24,5.584832763671898,3.0359741210937727,4.439623769124371,81.52268473307292,94.3870366414388,49.499999925494194,22.512631615638835,17.76644394827953,2.694538370768271,1.4322321573893646,1010.5816178385417,-44.988312403361,9.429722328980764,438.90610059102374,5.677453613281273,3.8178955078125227,4.885998026529971,77.48379611968994,97.30601851145427,37.93055517971516,21.91588673355678,18.613415358376457,2.811030324300134,1.0980328877766965,1010.6012337239583,-47.69199148813883,7.122870405515035,498.8763771057129,5.567590332031273,3.9419189453125227,4.930217997233096,83.14768473307292,94.5995381673177,52.37500008940697,23.577348842868478,18.184005087303827,2.7018536885579465,2.216542816162132,1010.48279296875,-50.61986287434896,9.323981444040934,461.1125132242839,6.074243164062523,3.5525146484375227,4.979965464274112,77.75555610656738,99.27592690785725,49.361111640930176,22.218182221980754,18.81226786224556,2.972505187988304,1.2419715881347884,1010.443330078125,-50.265695889790855,11.181018590927124,476.5951207478841,6.124566650390648,4.719232177734398,5.497383371988955,83.63981596628825,98.39953740437825,89.77083241939545,23.69454676919663,19.98016698893968,2.994153594970726,2.8488377888997434,1009.6528743489583,-58.640510400136314,5.984166661898295,553.4032198588053,6.205163574218773,2.6863037109375227,4.750154113769554,80.62546189626057,94.68935171763103,42.61805549263954,22.777718077724575,18.20803420530353,2.8036590576172102,1.578248596191429,1010.237626953125,-47.83708985646566,11.755463004112244,466.8292007446289,6.360620117187523,4.388604736328148,5.569106038411481,83.34305540720622,98.7967586517334,80.57638973370194,25.163191738032612,20.585535701723177,3.082496897379599,2.8834625244140852,1009.4402571614582,-58.751733938852944,7.455185095469157,564.7751820882162,6.166680908203148,2.5047241210937727,4.398782348632835,80.7412036259969,95.12361176808675,44.180555671453476,22.192030120041423,17.38690884622194,2.9634821573893646,1.2574656168620209,1010.1710188802083,-43.90235392252604,11.442962884902954,436.27454630533856
2021-12-25,8.181817626953148,4.297509765625023,5.78165461222333,91.29120254516602,99.9925931294759,304.04860973358154,16.393848624348703,9.182554014529389,2.541279093424521,4.444117482503259,1006.3959700520833,-19.395015209913254,25.53768507639567,257.7444257736206,7.262658691406273,3.4656005859375227,5.134152984619163,89.69351895650227,99.98749955495198,190.11111116409302,11.415596129661797,8.651881052145654,2.621509806315146,3.5548187255859602,1007.1786328125,-22.285989940166473,26.709259072939556,179.2532517115275,8.064874267578148,4.801721191406273,5.926311747233096,91.97592639923096,99.99490737915039,368.7986145019531,18.51355799857882,10.06071662456234,2.098048146565759,4.701904551188193,1006.8770670572917,-19.650676389535267,14.02222247918447,292.046888033549,7.507379150390648,3.9977355957031477,5.517095184326195,89.10648155212402,99.99861145019531,163.7291660308838,16.536006629626606,9.638631798256974,2.838314310709677,3.839363352457724,1006.38775390625,-21.27765490611394,25.502777576446533,253.5806934038798,8.230035400390648,4.357537841796898,5.928895568847679,90.98888874053955,99.90138975779216,243.35416650772095,19.869375180178007,10.805001461903965,2.1934422810872434,4.543298339843773,1006.7264680989583,-17.679514442880947,23.384628891944885,315.2876083056132,6.962915039062523,4.057092285156273,5.494222259521507,91.09907372792561,99.99537054697673,342.4791660308838,14.739194349637222,9.502862103641482,2.2110839843750227,4.133724466959677,1006.8578678385417,-17.90517995754878,17.037221948305767,316.45975573857623,7.864526367187523,3.6358581542968977,5.848129526774112,91.4499994913737,99.93796284993489,173.58333349227905,21.63009408484103,11.449100799686242,1.9947245279948334,4.537854766845726,1006.544306640625,-17.324329370011885,17.869722644488018,399.95165729522705,7.880334472656273,3.9558959960937727,5.52429606119794,90.75879605611165,99.97361119588216,293.2083320617676,20.019482602833328,10.987654134661184,2.3020479838053802,4.112563069661462,1006.1119954427082,-18.21256150305271,18.69722229242325,376.79544162750244
2021-12-26,4.185235595703148,2.0088134765625227,2.992860412597679,95.3009262084961,99.9319445292155,148.1736102104187,9.64858210001632,6.779226783750004,0.4391138712565521,2.3077382405598996,1009.5970279947917,3.552622467279434,5.405277838309606,134.6831372578939,6.261132812500023,3.5371337890625227,4.772861735026065,93.84814739227295,99.98009141286214,390.2638874053955,9.860114945633123,6.905064140939031,1.1104293823242415,3.852840677897177,1007.0359244791667,-5.456578892966111,9.401759097973505,188.62537256876627,3.6546569824218977,2.1576477050781477,2.95105641682945,94.99907557169597,99.99629656473796,128.95138835906982,9.40815404034496,6.687427087456883,0.48639831542971024,2.225373840332054,1009.5798600260417,6.9452938834826154,4.299073874950409,141.02629295984903,5.365197753906273,3.9166503906250227,4.72425231933596,94.96111106872559,100.0,477.6527786254883,8.665417222657076,5.696269554529458,1.1003547668457259,3.9761825561523665,1008.050595703125,-4.644483432173729,4.150000030795733,113.59357595443726,3.9085937500000227,1.6328979492187727,2.6242373148600486,95.05879561106364,100.0,127.27083206176758,11.294429448411893,7.158120965610142,0.4466097513835052,1.9066101074218977,1009.22283203125,8.6153983262678,3.6722222914298377,144.76012309392294,5.550561523437523,3.5098205566406477,4.701764678955101,94.47870381673177,99.99953715006511,325.55555725097656,12.011882966505798,6.483395538885168,1.007931009928427,3.8799975077311615,1008.1799055989583,-4.744292765855789,5.630092511574428,170.18422905604044,3.3210693359375227,1.7435546875000227,2.4329162597656477,95.05046399434407,100.0,90.41666650772095,10.696559075715472,7.8832960346336804,0.3752863566081146,1.7149762471516965,1009.2892936197917,9.588125993808111,3.8890741219123206,156.54352951049805,3.7074829101562727,2.6809936523437727,3.144892628987653,95.44027837117513,99.96249961853027,272.375,8.627031483049539,6.508316101665656,0.32955322265627274,2.4819389343261946,1009.481259765625,4.53255108371377,3.8764813939730325,136.8634516398112
2021-12-27,6.374810791015648,1.2247558593750227,3.4376630147298406,89.77175776163737,96.23888905843098,102.5972216129303,9.148322815173222,6.803590168024246,1.359127298990927,1.8871182759602902,1008.0747102864583,-1.1071027324845393,37.47583391269048,106.11016162236531,6.421716308593773,1.9729248046875227,4.016932423909528,88.31481424967448,96.60462951660156,192.42361164093018,11.241966859448308,7.919175425901969,1.6623321533203352,2.2220461527506927,1007.09517578125,-2.9544651781519256,42.911573668320976,123.80673583348592,6.535150146484398,1.6391845703125227,3.731947835286481,88.88981501261394,90.76111141840617,97.48610997200012,11.467942928299058,7.787064956160857,1.740913645426474,2.0432919820149777,1007.529638671875,-4.07196357473731,41.281111071507134,122.68368895848592,6.390496826171898,2.4640747070312727,3.9762664794922102,88.39444637298584,93.64305591583252,163.2291660308838,13.508429107455884,7.773381891563326,1.9459879557292084,2.1944430033366302,1007.058544921875,-1.4307834406693776,49.65518546104431,130.4760225613912,6.472192382812523,2.1054931640625227,3.80338312784833,89.73148091634114,97.63009262084961,58.16666769981384,12.217729362649267,8.262917520093069,1.9606745402018646,2.249396260579431,1006.9397298177083,-4.864089066783587,42.44268480936686,141.43353350957236,7.282250976562523,2.0627685546875227,4.466291046142601,89.46296310424805,88.1365753809611,185.2986102104187,11.517307945622857,8.345704031004395,1.647651926676474,2.841523742675804,1007.413203125,-5.046995048721631,46.17333394289017,172.46167135238647,6.146569824218773,1.5403381347656477,3.3829144795735906,88.82037130991618,97.59120337168376,27.152777086943388,12.864983424963793,7.784373434628175,2.026129659016931,1.6830688476562727,1007.1887434895833,-1.9733311260739963,40.17685202757517,120.2905654112498,6.827935791015648,1.3791137695312727,3.904272969563825,90.8842585881551,91.00601895650227,161.9097194671631,11.611541522376239,7.602430455596477,1.420313771565759,2.518623606363974,1007.912392578125,-2.904804507891337,44.04777673880259,127.2073260943095
2021-12-28,7.834100341796898,1.8586669921875227,4.839447275797549,84.18888918558757,98.94398180643718,91.5972228050232,25.58254454012508,12.207224883651378,2.294044748942099,2.368355051676474,1005.9798307291667,-8.768131583929062,10.344629943370819,347.9923214117686,8.326837158203148,1.7967773437500227,4.930310821533226,81.83426062266032,97.22824001312256,166.63888883590698,33.03914024409587,16.123737459610997,2.2162770589192746,2.0091186523437727,1005.6396907552083,-10.786828024468074,10.379907608032227,545.9165207544962,7.655969238281273,1.8297973632812727,4.743733978271507,83.54259173075359,98.35648155212402,58.798611640930176,29.433272658706123,12.139293742574404,2.2779034932454465,2.163617706298851,1005.9445442708333,-9.689232428868612,22.03694434960683,327.6546681722005,7.586480712890648,2.4088073730468977,4.949246978759788,85.25972429911296,97.63796329498291,184.4930567741394,27.436765098103184,13.843713310200544,2.5104970296223996,2.652839914957724,1005.6478873697918,-10.540050089359283,6.774259328842163,394.1516966819763,7.068475341796898,2.2202697753906477,4.695057169596377,83.93055566151936,97.38611094156902,55.451388934627175,31.75320982345989,13.245701403020439,2.240735626220726,2.181128438313806,1005.5501595052083,-7.786896526813507,9.812500019868216,369.38646904627484,7.712670898437523,2.4485717773437727,5.0546432495117415,85.9273141225179,98.979629834493,176.0555558204651,27.960322763069474,14.736250522341814,2.410414632161462,2.869728342692099,1005.4479134114583,-11.91476974884669,12.33499942223231,481.74495633443195,7.053216552734398,2.1590209960937727,4.794587707519554,85.35555521647136,96.31944338480632,73.45138922333717,36.00144022568313,14.30013873856116,2.259578959147177,2.522375996907556,1004.9026432291668,-9.636235485474268,12.117962956428528,434.04860432942706,7.861383056640648,1.9235168457031477,4.943685150146507,84.85370445251465,98.14305528004964,101.38888907432556,24.55369495440247,13.26941507616248,2.185689544677757,2.573055521647177,1007.1454850260417,-10.054912539819876,11.743333260218302,425.48919701576233
2021-12-29,7.064477539062523,5.424096679687523,6.207114156087262,84.48842684427898,99.98148123423259,365.1736087799072,40.31976070931882,26.32104544599747,0.6971806844075559,3.752205149332724,1011.5600944010417,-10.340592553218206,16.654536833365757,967.753791809082,8.489862060546898,5.150506591796898,6.223877207438174,82.89027818044026,92.92499987284343,308.90277671813965,33.2064497717209,22.999872712112737,1.3556648254394759,3.4474159240722884,1010.2742936197917,-8.191502833118042,15.31592607498169,833.141300201416,7.355737304687523,5.571801757812523,6.486516571044945,85.15324147542317,99.36064783732097,428.4652805328369,40.18266260376185,26.16579295518164,1.1155868530273665,4.1414594014485715,1011.6133854166667,-11.951856245597204,15.790833393732706,966.0490976969401,10.378137207031273,4.957055664062523,6.562500254313174,83.02685038248698,99.90879567464192,271.79166412353516,36.31023738517611,26.55560018249379,1.3771720886230696,3.8248153686523665,1010.2398274739583,-12.45671616991361,18.50694425900777,964.1676991780599,7.487756347656273,5.243829345703148,6.524800872802757,84.08842595418294,99.79305648803711,339.20139026641846,39.337511328694156,25.856675969809658,0.8840092976888059,4.000580088297568,1011.602421875,-10.604586626092592,13.672222336133322,953.9495519002279,6.954492187500023,5.381799316406273,6.120127614339215,84.03472105662028,99.85648155212402,291.1527786254883,39.31341626030227,26.009489844517123,0.8575162251790402,3.5670956929524777,1010.7276139322917,-11.004015251994133,19.912777761618297,953.7461255391439,7.299523925781273,5.029229736328148,6.631148274739606,84.86805693308513,99.8240737915039,138.9166660308838,37.61353485649246,24.855952990046546,1.1382207234700559,4.243824259440146,1011.0898502604167,-12.31954654554526,16.842870116233826,928.4971504211426,7.203942871093773,5.325128173828148,6.249705251057965,84.4277769724528,99.91203721364339,337.33332920074463,40.20564516688789,25.29902337825601,0.9912722269694427,3.7539090474446652,1010.5581282552083,-10.073316964010397,18.1339814166228,937.2035636901855
2021-12-30,11.201196289062523,7.163812255859398,9.961761728922548,89.83564758300781,99.24166647593181,210.52083158493042,26.49372081111911,17.7370363287732,5.123468017578148,8.356272633870446,1020.7411197916667,-31.73903485139211,15.585740546385447,572.3094571431478,11.388574218750023,7.039819335937523,9.850821431477888,92.03518676757812,93.61481507619222,589.6944446563721,25.54308608992713,19.172500778410306,5.653192138671898,8.6091298421224,1020.335048828125,-30.573473572731018,4.207129756609599,600.3017183939616,11.451501464843773,8.485498046875023,9.957865651448591,89.6402775446574,96.01018555959065,211.4652795791626,26.3596290923963,17.172041044730722,5.211499786376976,8.322830454508505,1021.1358235677083,-26.510904224589467,22.137499809265137,600.3275413513184,11.448266601562523,7.318505859375023,10.023948923746767,92.74583371480306,96.71018505096436,753.4305572509766,24.011761765401985,18.632017847926676,5.672703043619833,8.890866851806663,1020.6374381510417,-33.28032121062279,6.017963151137034,582.7906017303467,11.958459472656273,8.096459960937523,10.128861999511741,89.31388854980469,97.97407404581706,268.50694370269775,28.024129433640766,18.392379651080457,5.665399169921898,8.43323415120443,1020.6577994791667,-27.133783380190533,28.072778165340424,620.6044222513834,11.467401123046898,6.465020751953148,9.80856602986656,92.76527659098308,99.61805534362793,522.4236087799072,22.157720699016185,17.443520833466653,5.52884190877279,8.682949320475302,1021.1835123697917,-32.60933987299601,8.451296359300613,540.2955080668131,12.189477539062523,8.558129882812523,10.554500834147158,89.7550916671753,97.9574073155721,250.1666660308838,26.803689095322685,19.13145008718488,5.728115336100302,8.933647410074911,1020.2690364583333,-32.24434872468313,22.624999562899273,632.9780553181967,11.572625732421898,6.411279296875023,9.784602101643904,93.05092652638753,97.43425846099854,358.64583587646484,23.03592943741691,16.455375944753044,5.381262715657556,8.698504384358728,1020.8930533854167,-32.38095990816752,13.196851670742035,509.78381220499676
2021-12-31,11.812738037109398,6.615411376953148,8.742977396647158,85.8634262084961,35.04305579637488,34.15277886390686,13.030663727203658,9.158291367025887,7.134341176350915,6.463934834798181,1024.7859700520833,-1.965289572874705,54.38925830523173,147.39931980768839,11.253747558593773,6.177850341796898,8.219280497233095,86.27037080128987,47.2180561174949,225.31945419311523,18.15827344695382,9.162851885602956,6.82419102986654,6.022693888346396,1024.9038411458332,-2.906621739268303,53.45231568813324,146.27191853523254,11.708276367187523,7.048425292968773,8.653307851155622,86.56388854980469,27.48379611472289,32.49305462837219,14.438100321329129,9.740104117840742,7.320967610677087,6.489508565266931,1024.759072265625,-0.6582098801930746,54.37814784049988,164.86184358596802,11.490136718750023,6.421197509765648,8.562465922037783,84.69305483500163,43.18981446698308,218.40278244018555,13.029254138732647,8.915619236666778,7.110759989420615,6.080133056640648,1025.5383723958332,-5.000821763028701,54.04703732331594,150.2676043510437,11.586938476562523,6.208764648437523,8.137283579508486,85.5513900121053,16.68657427529494,4.166666507720947,13.753494577823005,9.770439791455667,8.02088572184249,5.794085439046228,1024.7293815104167,1.4719476401805878,54.6996306180954,143.09934298197427,11.540307617187523,6.966333007812523,8.534875488281273,84.4143517812093,34.234259273236,276.4374933242798,16.322385365616142,9.755939030410527,7.120236968994163,6.000971730550134,1024.8870149739582,-3.660904437303543,54.55935104688009,160.52905384699503,11.632104492187523,6.132501220703148,8.240532175699892,84.37360986073811,15.86388856669267,2.333333373069763,16.546655796727094,10.089468967320252,8.233984883626306,5.68503341674807,1024.51546875,1.3017839441696804,54.885648250579834,153.8639472325643,11.689965820312523,6.499810791015648,8.579822794596376,86.34212970733643,36.15601915617784,263.96527767181396,12.635325717566843,8.779855303019891,6.879388427734398,6.3901471455891965,1025.066884765625,-2.0510235714415708,54.39620419343313,128.84282779693604
2022-01-01,10.241326904296898,4.819451904296898,6.564303334554059,82.06851736704509,37.44629700978597,0.0,12.68849470623013,6.753891239745088,7.514128621419275,3.6773353576660384,1027.9791569010417,5.330309400955836,53.25907496611277,76.30711627006531,10.657495117187523,4.916223144531273,6.8553227742513245,79.12592474619548,41.13564817110697,34.16666793823242,13.633775195012015,7.062093255417057,7.802852884928427,3.431576029459677,1027.2192350260418,5.987222711245219,54.35138940811157,92.0828054745992,10.302911376953148,4.858422851562523,6.6033696492513245,81.14398256937663,45.50138854980469,0.0,13.419600883935958,6.679014366329845,7.772818501790368,3.5463005065918196,1028.0286588541667,5.6120181282361346,53.616761565208435,77.52095325787862,10.937493896484398,5.446069335937523,7.1993169148763245,83.8675931294759,38.04212987422943,32.499999046325684,14.759903584708878,6.909994093893324,7.168697611490927,4.618131256103538,1027.8205859375,1.2236765598257382,50.75648295879364,98.44330616792043,10.964898681640648,5.266320800781273,7.17902018229169,78.15416558583577,49.859722216924034,0.0,14.41313723877234,7.181430125553644,7.622060394287132,3.5652709960937727,1027.9514095052082,2.709077907105287,55.06851820151011,92.47044706344604,10.364312744140648,4.868890380859398,6.562454477945987,82.00740845998128,30.424999674161274,4.166666507720947,12.690583048474496,6.59434674137347,7.29007237752279,3.6663375854492415,1027.610673828125,4.6042764981587725,52.2023153702418,77.45348791281383,10.790551757812523,5.251367187500023,7.137348429362002,78.62083339691162,48.527777353922524,0.0,15.466349304843924,7.3329223660232286,7.5008407592773665,3.619471486409509,1027.8206966145833,2.665469562013944,53.98342470328013,97.60094555219014,10.301934814453148,5.023797607421898,6.711223856608096,82.00324058532715,51.89027786254883,2.333333373069763,11.828438527502389,6.659023042758309,7.145876820882165,3.814998881022177,1027.9295279947917,4.177605723341306,50.24111111958822,77.89811245600383
2022-01-02,11.104791259765648,4.355218505859398,7.634177144368512,64.68842490514119,80.49398040771484,0.0,23.41793549945805,12.237984106992585,9.267354583740257,1.2356493631999115,1022.2440885416668,-3.640717327594757,41.58555539449056,252.7599782148997,9.880273437500023,3.7834411621093977,6.82175470987958,68.44027853012085,83.7620366414388,0.0,23.13165494346926,9.863558624867427,8.844912465413415,1.3199363708496321,1023.2964778645833,-1.308397074540456,40.92351897557577,173.02823996543884,11.603967285156273,4.170861816406273,7.41977971394859,65.0055554707845,92.0611120859782,0.0,22.572262186687848,12.047928903220216,9.063025410970056,1.1237477620442746,1022.5391861979167,-4.201774934927623,39.20574128627777,238.29834385712942,10.066583251953148,3.8800903320312727,7.068399047851585,66.93009154001872,77.78240656852722,0.0,21.000385930299498,11.274487133969847,9.101402537028036,1.1977287292480696,1023.4410123697917,-3.0625423590342202,42.053519209225975,208.91254770755768,11.783593750000023,4.212182617187523,7.492439524332705,64.87176005045573,84.43472131093343,0.0,23.581458972077474,12.381610822756363,9.001749928792321,1.1688438415527571,1022.508017578125,-4.19126158952713,46.36638923486074,248.25925850868225,10.542108154296898,3.9990783691406477,7.31738688151044,64.88194433848064,80.78703697522481,0.0,22.358714013085805,12.029910993020897,9.375552113850915,1.0135564168294309,1022.7053873697918,-2.877696692943573,39.188981811205544,230.72397228082022,11.886987304687523,4.248803710937523,7.658489481608096,65.79675912857056,86.05787007013957,0.0,23.284606541027127,12.651932540735478,9.191298421223962,1.5237543741862396,1022.1068196614583,-5.275546153386434,44.314722180366516,266.583349665006,10.879083251953148,4.307489013671898,7.231281534830752,64.66111087799072,80.39676125844319,0.0,20.375119343091466,11.386309383926971,9.23660558064779,0.8929662068684934,1022.648193359375,-2.7539147436618805,44.88536977767944,203.44086865584055
2022-01-03,9.570214843750023,7.001947021484398,8.507239278157575,73.45879554748535,99.46759223937988,6.243055534083396,30.481977935803894,23.51672217810001,1.7856536865234602,4.008261617024743,1018.7271158854168,-7.5983639260133105,37.69796280066172,1071.4868596394856,9.534814453125023,6.880548095703148,7.785578664143903,80.95555591583252,98.15555604298909,112.47222362458706,31.760864908092586,26.814325843668723,1.248200988769554,4.651110585530603,1018.9293424479167,-1.4482942807177703,5.940555428465207,1169.3071060180664,9.504479980468773,6.854150390625023,8.551230367024763,71.95509147644043,99.60416730244954,4.645833281800151,30.822953850833585,24.591052777582604,1.7753946940104584,3.7395238240559934,1018.3411979166667,-5.729074410318087,34.23323897520701,1160.1495895385742,9.106469726562523,7.136071777343773,8.043897247314476,80.01435089111328,99.1837968826294,68.04861107468605,30.653345897390352,25.218382754918668,1.3057469685872434,4.7566390991211165,1019.3858919270833,-5.998638326923053,16.3767595042785,1163.8078002929688,9.542932128906273,7.680993652343773,8.695225016276064,70.48611068725586,99.10138893127441,1.3402777989394963,30.178589689691545,25.59235609399276,1.7069831848144759,3.5999122619629134,1017.9648177083333,-6.914711183557908,34.25194390614828,1220.9841893513997,9.558160400390648,6.695123291015648,8.489953613281273,74.56481456756592,97.93796316782634,11.624999871477485,30.81332754452431,25.49553057171251,2.0589576721191634,4.207636769612634,1019.013779296875,-7.628501156965892,30.529444495836895,1124.6499087015789,10.001367187500023,7.800408935546898,8.83586146036786,71.64953740437825,99.15046310424805,0.5208333404734731,29.891439929220727,25.02753517609506,2.074140167236351,3.9699696858723996,1017.6037467447917,-7.506295573587219,34.545648634433746,1146.5144729614258,9.655450439453148,6.515313720703148,8.542876180013044,72.8291670481364,99.4111115137736,4.395833348855376,31.445731657761936,25.15919338136479,2.1361264546712277,3.9238881429036496,1018.7592317708333,-6.721822728713353,34.63666568199793,1132.7274983723958
2022-01-04,12.275292968750023,4.219598388671898,8.41314595540367,79.31574026743571,99.95509243011475,89.90972223877907,39.68185733415182,21.6510138770897,3.7232910156250227,4.93336130777999,1003.759736328125,-4.833910336097081,5.792129635810852,993.9110641479492,10.803582763671898,6.416986083984398,8.11457468668622,71.80555566151936,99.44999980926514,47.84027764201164,34.60638210615018,16.754203179012457,5.725747680664085,3.283252970377646,1004.3740266927083,-5.3741558988889055,7.966944175461928,518.7517528533936,12.427209472656273,4.480218505859398,9.004871622721376,78.6435194015503,99.92361132303874,105.33333283662796,38.6109079862006,22.773108766451703,4.2268603006999115,5.395478820800804,1003.0010384114582,-9.507278054952621,10.220555489261946,1083.627606709798,11.083551025390648,6.376153564453148,8.022096252441429,75.32222398122151,99.66898187001546,90.77083206176758,20.76202125994675,15.190453710419547,5.668439483642601,3.8816937764485715,1003.694638671875,-2.14428937745591,4.709814888735612,529.7934951782227,12.534143066406273,4.836145019531273,9.263342793782575,78.15601857503255,99.0759261449178,103.90972313284874,35.054478560165336,23.26526694236405,4.659839884440146,5.562312062581384,1002.5275,-10.949940467874208,13.102036789059639,1076.728614807129,12.129235839843773,6.842645263671898,9.11023610432945,75.4546292622884,98.70555528004964,74.57638902962208,32.699892101523076,21.565633080903496,4.965899403889978,4.950168863932333,1003.1541145833332,-8.854964070022106,8.336018408338228,951.0555890401205,12.528833007812523,5.029687500000023,9.174492136637392,78.70972315470378,99.62777805328369,90.31944572925568,31.920181985854164,22.19816609430993,4.601035054524743,5.573585764567099,1002.5461848958333,-9.773294871052107,16.34222251176834,1006.2490005493164,11.927484130859398,4.507073974609398,8.038911437988304,81.39675807952881,99.96944363911946,104.6041676402092,42.119617306093836,20.683922921242655,3.190418497721396,4.966518656412802,1003.8910872395833,-3.842652181784312,5.435555572311084,930.1826184590658
2022-01-05,5.651177978515648,-0.38822021484372726,1.9284619649251529,81.58194573720296,99.98796304066975,248.92361402511597,26.723737099573626,21.68414763332082,-4.49099197387693,-0.9926297505696198,1010.0470703125,41.37750085194906,25.869074230392773,933.7463099161783,3.9954772949218977,-1.3520874023437273,1.2280174255371321,92.22731272379558,100.0,417.0208320617676,20.010248624261543,14.570150814652985,-3.692919158935524,0.07988637288411837,1009.8802799479167,37.146685202916466,13.41425907611847,559.1513341267904,5.639337158203148,-0.20847167968747726,2.159469858805361,82.37453587849934,99.97222232818604,152.57639026641846,27.83549914640054,21.174364274938636,-4.145507558186807,-0.6256075541178348,1008.7868977864583,37.82827798525492,26.051944573720295,922.6413701375326,4.205133056640648,-1.0620483398437273,1.1772577921549707,91.26203854878743,100.0,368.4027714729309,21.09585222606068,15.442152416599535,-3.7769976298014285,-0.12023518880204165,1009.9654524739583,39.624603271484375,13.053055467704931,570.4746481577555,5.015649414062523,-0.5289978027343523,1.8463086446126529,83.29444408416748,100.0,178.2361112833023,31.484434940748233,21.323417460449825,-4.178991699218727,-0.7781458536783816,1008.3899674479167,40.96379359563192,18.958148290713627,863.7477620442709,4.452691650390648,-0.28092041015622726,1.8100079854329654,80.91805585225423,98.00509262084961,287.8402786254883,31.928346017110794,23.190425749764188,-4.710155232747354,-1.2136596679687273,1010.760625,41.343443950017296,34.59370466073354,1009.1053848266602,4.915093994140648,-0.30319824218747726,1.9333282470703352,84.29537041982015,100.0,183.84028089046478,28.41759567134424,21.61749616087069,-3.9973141988118073,-0.5192703247070085,1008.38142578125,39.77149717013041,26.453242500623066,859.5911966959635,4.734094238281273,-0.29004516601560226,1.7983871459961165,81.81712945302327,98.72222232818604,281.3750014305115,26.68161212176839,22.471336063643587,-4.523171488444007,-1.0764895121256473,1010.5845475260417,40.95587436358134,27.41157429665327,944.7510426839193
2022-01-06,1.5609375000000227,-3.1166748046874773,-0.6639338175455501,87.25972143809001,87.67500003178914,200.95138883590698,23.004082903943168,15.062605638933968,-6.9790176391601335,-2.584635162353493,1019.1723958333333,29.040966908137005,43.546203911304474,542.67049853007,1.4773193359375227,-2.3722290039062273,-0.4912564595540137,85.94259293874104,85.36620394388835,313.50000286102295,23.86477037051197,12.987099616626836,-6.6004534403483035,-2.606326802571573,1021.3254752604167,31.483793891966343,30.67583243052165,454.4683532317479,0.9824462890625227,-3.1746582031249773,-0.80733464558917,88.82314840952556,83.77361035346985,86.96527671813965,21.829537943665734,14.987104977832937,-6.6325146993000885,-2.4713106791178348,1018.7889420572917,31.27225946386655,30.646202484766643,507.14165846506756,1.4319702148437727,-2.8020385742187273,-0.480986022949196,85.51481596628825,90.11388794581096,204.59027910232544,21.086144470957276,14.680986425028527,-6.847696685790993,-2.6704048156738054,1019.658388671875,31.965475340684254,31.380926728248596,553.3783439000448,1.4956298828125227,-3.2751525878906023,-0.9347785949706804,89.34444332122803,79.24722290039062,39.52777722477913,22.582847309216586,14.89644624632958,-6.52749099731443,-2.521190388997354,1019.0696451822918,33.45748363931974,40.74629610776901,464.6428244113922,0.7620483398437727,-3.2099975585937273,-1.1025540669758886,88.3347225189209,87.57129653294881,254.4236135482788,22.946883912334364,15.749299446105534,-7.085661315917946,-2.831877136230446,1019.835986328125,33.18895596265793,29.329074382781982,540.5488969484965,1.0542846679687727,-3.6272949218749773,-0.9432637532551856,90.1342601776123,84.35185289382935,45.291665783151984,22.476753064091444,14.512752531758784,-6.500957234700479,-2.402409617106116,1019.2293326822917,32.78981904188792,33.06981555620829,453.03439152240753,1.0341430664062727,-3.2392333984374773,-0.929295603434222,87.37407461802165,77.60370353857677,253.51388835906982,23.430253102666217,15.563864484722123,-7.023289744059241,-2.8218902587890398,1019.4901009114583,33.34849522635341,36.73249953985214,542.9900063673655
2022-01-07,1.7721801757812727,-3.8739074707031023,-1.350113932291644,83.29490693410237,61.768518129984535,63.138888359069824,17.45406156276027,10.627460543756472,-6.3443066914875885,-4.045000457763649,1021.558291015625,35.46790818249186,55.927499095598854,378.3623204231262,0.9479003906250227,-4.199194335937477,-1.9905087788899511,82.47361119588216,47.66018501917521,218.63195037841797,12.671522618735453,8.550049443092256,-6.992001597086585,-4.810423278808571,1021.3121223958333,40.65475228925546,57.41981558005015,286.81242632865906,1.4441162109375227,-3.5691284179687273,-1.1711079915364355,81.94398132960002,70.1365737915039,26.15277761220932,19.286190490453556,10.970773031122084,-6.18019078572587,-4.105856323242165,1021.5728092447918,37.09815535446008,37.6302783091863,396.1704246997833,0.7338500976562727,-4.169104003906227,-1.8693209330240659,82.07453886667888,56.082407116889954,102.37499618530273,14.50006332715896,9.460516289389263,-6.865415954589821,-4.693449401855446,1021.9936197916667,41.95669808611274,43.9486110607783,321.82102489471436,1.6843200683593977,-3.4670166015624773,-1.0433664957682065,81.4273149172465,70.37546281019847,10.958333358168602,19.56273592176295,11.202442391744475,-6.002691650390602,-4.072275543212868,1020.5489713541667,35.58121178050836,37.219907681147255,392.88663323720294,0.8438659667968977,-4.194097900390602,-1.8807459513346128,85.05092557271321,50.468518018722534,61.94444251060486,13.684658583082253,9.530659557331639,-6.806711578369118,-4.2454602559407135,1021.8418717447917,40.89798131585121,54.15222152074178,344.0168213049571,1.4518676757812727,-3.5361694335937273,-1.0671791076659929,79.28194363911946,70.19814815123875,6.187499922234565,22.64586384950298,10.507730283736871,-5.885785166422522,-4.455173238118448,1020.259365234375,34.92207999030749,38.14388879140218,352.659481883049,0.9632202148437727,-4.309271240234352,-1.7203913370768003,85.43564891815186,59.07083328564962,74.03471994400024,17.167936009344416,11.017548968610988,-6.386873626708962,-4.0216875712076785,1021.64767578125,39.96283662567536,43.39185337225596,388.0664653778076
2022-01-08,1.9214416503906477,-2.1679138183593523,-0.13181406656898767,78.69074122111003,82.33796302477519,40.520832896232605,38.02283364733686,17.133004304650456,-4.65387064615885,-3.5046053568522098,1014.4992936197917,16.02689812084039,47.610277593135834,556.0631095568339,1.2884155273437727,-2.9865478515624773,-0.8471740722656023,81.70509211222331,70.58888951937358,109.81249928474426,27.11108052230007,16.021961356458217,-5.077050272623694,-3.6864926656086823,1017.3778352864583,21.387624974052112,60.538055300712585,598.0481190681458,2.0976196289062727,-2.0782226562499773,-0.10366541544594081,81.14212989807129,89.60740645726521,41.63888871669769,33.18887376665318,15.574888198137069,-4.437731170654274,-3.0424471537272098,1013.986630859375,14.602978785832724,35.93314832448959,512.9211972554525,1.3994384765625227,-2.5814880371093523,-0.7151181538899513,82.6319449742635,68.20324087142944,66.62500047683716,28.06957903696757,15.595304936703892,-5.256903076171852,-3.376023356119788,1017.6373307291667,22.189617385466892,60.355090936024986,564.2451391220093,2.1832214355468977,-2.5540527343749773,0.08815790812176753,79.8916654586792,77.71111218134563,44.291667222976685,31.92745421580722,15.205281825534582,-4.328039550781227,-3.061455790201819,1013.5464453125,12.074712504943212,50.08444450298945,563.7706071535746,1.4518981933593977,-3.2874816894531023,-0.37434488932289395,83.38564777374268,64.84629587332408,56.354166984558105,33.12665456222672,15.440694369072226,-4.742272440592444,-2.9337855021158816,1015.3629654947918,17.595049630850554,55.43481294314066,553.0887230237325,1.9623962402343977,-2.7958740234374773,-0.21565221150713873,80.28888988494873,68.23518506685893,48.409722089767456,39.96133202225962,16.266585438688896,-4.406975809733069,-3.313841247558571,1013.4223893229167,14.600589971989393,54.05138850212097,557.0132365226746,0.9584594726562727,-3.1973022460937273,-0.9582529703775814,87.29351965586345,78.66666650772095,74.34722304344177,25.57970688249219,12.662367603269052,-4.769164784749307,-2.8670867919921648,1015.916572265625,19.798700258135796,45.74898167451223,401.40393630663556
2022-01-09,2.6642089843750227,-2.0909790039062273,0.5503135681152571,80.45509338378906,99.96342627207439,68.4652783870697,36.557454174640576,19.592140611602733,-3.869256083170569,-2.516391499837198,1005.700048828125,5.590409845113754,35.75414760907491,725.3305263519287,1.8946472167968977,-2.7207702636718523,0.156282043457054,83.26574103037517,96.7990738550822,102.18750178813934,34.468635963691476,17.19699127607206,-4.124175771077432,-2.4483462015787723,1006.5241080729168,10.56219893693924,38.12527708212534,659.3085401852926,1.7534118652343977,-2.3813842773437273,0.1566800435384342,84.8384272257487,99.33657328287761,105.57638835906982,31.395490756164115,19.12655988584736,-3.504228973388649,-2.206260426839151,1005.844345703125,8.02982845902443,19.81842589378357,664.9674050013224,2.4432617187500227,-2.2573608398437273,0.3164840698242415,84.2120377222697,90.03333346048991,117.38194465637207,37.57159293845091,18.37528345858076,-4.1314898173014285,-2.1281252543131473,1006.4538704427083,9.991856068683168,46.39314897855123,656.8690228462219,2.1507812500000227,-2.2033142089843523,0.3894210815429915,81.70092455546062,99.26296297709148,30.368055373430252,33.20313400296465,19.610045160689136,-3.3765714009602448,-2.478947703043616,1005.7116569010417,6.027051496009032,27.18644432226817,691.8590208689371,2.7054382324218977,-2.9760498046874773,0.24502207438153314,86.27777894337972,89.16203657786052,109.52777600288391,34.24277529961977,17.214219770133116,-3.987841033935524,-1.8535369873046648,1005.6577311197917,9.305973685346544,38.210832397143044,644.4942959149679,2.4490905761718977,-1.2623046874999773,0.39756546020510086,82.50509039560954,99.28055540720622,25.10416653752327,33.914837470684155,17.560441579368828,-3.136601511637366,-2.336496734619118,1005.394609375,6.2009463707606,31.036981801191967,588.1530872980753,2.5527893066406477,-2.9784301757812273,0.29042968750002274,83.97916793823242,97.76805591583252,120.52777647972107,38.97173389958403,18.897507677780183,-3.975248718261696,-2.1808049519856354,1005.3432486979167,8.890415207172433,36.52564789851507,701.6874485015869
2022-01-10,1.8416381835937727,-1.7894348144531023,-0.5680107116698991,88.54444567362468,88.83888991673787,51.645833015441895,7.530526894686293,4.04054464240302,-6.09866053263346,-2.2862139383951785,1020.1531608072917,18.62870934170981,44.7535932858785,131.95913501580557,1.2757507324218977,-3.0753540039062273,-1.5555875142415136,88.88981501261394,70.26666641235352,77.96527814865112,11.15669176905488,6.272344574287885,-5.977148437499977,-3.2308436075846316,1017.4605729166667,32.37110569079717,57.50650187333425,149.60991342862448,1.9418884277343977,-0.6708740234374773,0.23288752237958002,86.25786972045898,97.28055636088054,32.11111128330231,8.598066127601818,4.802835247931902,-6.098088328043616,-1.8358329772948991,1020.091728515625,5.818202371398608,36.289721846580505,149.35282476743063,1.0845275878906477,-3.7206787109374773,-1.5558202107747168,91.64907232920329,88.71296215057373,136.56249618530273,7.767378181809143,4.696975692473763,-5.657197062174475,-2.7992551167805573,1019.1076399739583,25.69464486837387,52.62607232729594,147.15212953090668,1.6115356445312727,-1.9480041503906023,-0.4237248738606543,91.30324045817058,87.89583428700765,10.70138892531395,8.147956903907923,5.867980132394689,-5.962896728515602,-1.7170572916666629,1020.637236328125,17.53938349088033,32.05213010311127,174.43092532952627,0.7151123046875227,-3.1928161621093523,-1.1896512349446386,91.892591158549,96.78564834594727,49.55555510520935,8.927848743282313,4.832031547713922,-5.937682851155557,-2.3896392822265398,1020.08931640625,22.154015116393566,26.384851892789204,171.12175663312277,1.7588134765625227,-1.8218444824218523,-0.25984420776364914,91.74259344736735,89.282408396403,8.02777774259448,9.320664952211459,6.6417048217544306,-5.721194966634073,-1.4777308146158816,1020.5302311197917,14.74243133266767,33.97240742047628,190.85432147979736,0.8586669921875227,-2.0777343749999773,-0.6173474629719825,91.82824198404948,93.03240648905437,40.88888895511627,8.353808052823606,5.956528744790564,-6.072335306803382,-1.814731343587198,1020.772509765625,14.381681889295578,32.93785168727239,187.94367281595865
2022-01-11,1.5569702148437727,-4.476263427734352,-1.0115315755208105,87.42499955495198,50.61759243408839,54.26388704776764,10.718819541455293,7.526257972562867,-5.364201609293616,-2.970835113525368,1032.8326106770833,17.371900883813698,62.0086301167806,247.38596439361572,0.8948608398437727,-4.212286376953102,-1.2327484130859148,90.5967591603597,68.46990726391475,88.92361235618591,9.309436606606303,5.828589512435883,-6.570782725016272,-2.6696901957193973,1032.6963020833332,19.610720155139763,40.083665231863655,229.6894122759501,1.5964599609375227,-4.287115478515602,-1.1744166056314878,86.33009211222331,41.357407331466675,31.94444513320923,11.275810654704406,7.767311708342668,-5.434184773762979,-3.3091313680012604,1032.69517578125,22.207543631394703,65.69537170728047,219.1286784807841,1.4792419433593977,-4.136511230468727,-0.763066355387347,92.5180549621582,81.34444348017375,67.56944477558136,9.978226107549245,5.852022333813394,-6.6541580200195085,-1.8726384480793854,1032.5120540364583,13.96187523752451,29.77972286939621,210.78245782852173,1.8567138671875227,-3.7286743164062273,-0.9976053873697689,89.3740743001302,46.726388235886894,21.819444179534912,9.364225870355266,6.723989092020017,-5.639323933919229,-2.6203254699706804,1032.79482421875,19.589538137118023,62.10139032204946,200.3552452723185,1.1006103515625227,-4.072241210937477,-0.9510253906249773,90.45092550913493,75.89722204208374,46.13194537162781,8.736653581609009,5.67315365445344,-6.24425354003904,-2.395671590169229,1032.673955078125,15.645595466097197,29.491073767344158,248.90828402837118,1.9085021972656477,-3.7854370117187273,-0.9267130533853939,89.58379713694255,51.399074335893,20.048611521720886,8.54794960774435,6.45833930924627,-5.8594434102375885,-2.5164004007975223,1032.6552669270832,19.30875137945016,59.036683559417725,203.50862471262613,1.7371765136718977,-4.378973388671852,-0.8565912882486751,89.81805578867595,60.377314269542694,49.60416615009308,9.55060014298471,6.190919776232694,-5.982173665364542,-2.424486541748024,1032.75138671875,14.126602545380592,58.322963893413544,225.30087645848593
2022-01-12,0.9793945312500227,-4.410894775390602,-2.5185302734374773,75.50092649459839,27.40787136554718,3.0,6.596936729124056,4.214893448838441,-3.5365203857421648,-6.547136688232399,1038.685498046875,44.87001599868139,62.08581558863322,110.42274995644887,0.31276855468752274,-5.280798339843727,-3.3025281270344826,75.88564697901408,39.45833388964335,56.3194465637207,6.376146663993212,3.8035432517139185,-3.528513336181618,-7.246384684244788,1038.3484440104166,50.03267353028059,57.10963042577108,93.58314228057861,1.1228576660156477,-4.398199462890602,-2.4428377787271907,75.47361040115356,22.046295881271362,0.0,6.55223134805573,3.867984802560818,-3.3360109965006473,-6.48501307169596,1038.807734375,44.23839787642161,65.47305552164714,108.19707417488098,0.5046020507812727,-5.085852050781227,-3.2329849243163835,75.31574058532715,18.23842579126358,33.500000953674316,6.836937153046413,4.624521193964399,-3.7069051106770416,-7.298373921712198,1038.50306640625,48.01003709435463,68.61336914698283,114.2670525709788,1.1678405761718977,-4.338262939453102,-2.3695205688476335,75.93981409072876,20.830555001894634,0.1666666679084301,6.044481805823,3.725682824277842,-3.296274566650368,-6.2987808227538835,1038.8009342447917,43.276820957660675,66.14336995283763,108.28996388117473,0.6143127441406477,-4.876470947265602,-2.9675366719563576,76.77175839742024,21.61018478870392,22.66666603088379,7.112437573374539,4.8755920624013855,-3.667857869466104,-6.778479003906227,1038.752470703125,47.0512244005998,66.61076001326244,113.36703844865163,1.0192199707031477,-4.437231445312477,-2.4712890624999773,76.17361116409302,23.85370421409607,0.0,6.302759252316732,3.9456587542154367,-3.519120279947913,-6.377111816406227,1038.6421419270832,44.1404917438825,66.05929780006409,113.94528635342915,0.6758056640625227,-4.984106445312477,-3.0017888387044045,76.68147993087769,15.365740736325582,20.83333396911621,6.655297087981012,5.148670160839678,-3.9270016988118073,-6.8450518290201785,1038.7794108072917,47.815804282824196,68.15677777926128,118.63353729248047
2022-01-13,3.0238891601562727,-2.9049133300781023,-0.9016187032063575,61.43611208597819,10.239814857641855,0.0,6.120331430597758,3.678779313710472,0.28887329101564774,-7.625744883219397,1040.9189225260418,18.275144457817078,64.56372173627217,57.866871078809105,2.2487121582031477,-3.8625854492187273,-1.6158228556314878,65.79675833384196,10.995370264165103,3.0,7.3611908151853385,4.191550641189569,-0.05150960286454165,-7.422680918375647,1041.0771907552082,22.046860218048096,65.79453865687053,67.65634683767955,2.8760925292968977,-2.7951416015624773,-0.8517720540364356,60.689351876576744,22.97546251739065,0.0,5.579586910740712,3.3385829944278047,0.1670954386393646,-7.717860921223917,1040.7963932291668,22.00869695345561,58.310240626335144,58.47232639789581,2.6031738281250227,-3.6107849121093523,-1.3251098632812273,65.90833282470703,12.29953729112943,0.0,6.066388927295104,3.6166938929581556,-0.25008239746091476,-7.093991343180335,1041.1044986979168,20.348180492719013,64.9683502515157,56.787920792897545,2.9231506347656477,-3.2905029296874773,-1.1126477559407324,58.28842544555664,10.596759278327227,0.0,6.536733302443362,3.4990843369029467,0.4236605326335052,-8.523593648274698,1041.0357552083333,21.978819092114765,63.98853659629822,63.88680930932363,2.6993347167968977,-3.3055480957031023,-1.2137957255045346,67.4791669845581,9.807407399018606,0.1666666679084301,6.041629784318025,4.071132645138139,-0.04829508463541288,-6.629119618733682,1040.985888671875,19.97652081648509,65.55298181374867,62.4027924935023,2.9077697753906477,-3.6562255859374773,-1.328605397542295,56.39722235997518,9.83009268840154,0.0,6.305978901287224,3.45273115855381,0.3809715270996321,-9.170516713460245,1041.1394694010417,23.032615303993225,65.41394408543904,65.75930599371593,2.5585266113281477,-3.5004638671874773,-1.4102793375650815,67.30509217580159,9.10740731159846,0.0,6.9631572740259084,4.452626637210716,0.022116597493493373,-6.871745808919229,1040.9477115885418,21.108655015627544,65.78657217820485,66.75176004568736
2022-01-14,5.735284423828148,-0.8978332519531023,1.040699259440127,69.35370349884033,0.38101849642892677,0.0,6.9240247515534055,4.949465352070785,4.464691416422568,-4.10865758260087,1035.86740234375,-3.570866882801056,65.9998521010081,47.47372059027354,5.643823242187523,-0.8428710937499773,1.1889930725097884,70.13981405893962,0.0009259259483466545,0.0,6.154683399603847,4.242006607361477,4.1818036397298215,-3.8045486450195085,1035.7805989583333,-4.046359072128932,65.2083512544632,42.38055328528086,5.526391601562523,-1.0180114746093523,0.9407681783040592,69.15787013371785,0.6351852019627889,0.0,7.471386217886225,4.718614782993076,4.592188771565759,-4.2479258219401,1035.797275390625,-3.3638163805007935,66.07377950350444,45.95101869106293,5.737603759765648,-0.7816833496093523,1.1423329671224185,70.11944580078125,0.23009259440004826,0.0,6.403912064242869,4.50259338170897,4.063947296142601,-3.8604390462239166,1035.6414029947916,-2.625203271706899,65.9636116027832,46.373035868008934,5.529901123046898,-1.0551208496093523,0.9562647501627831,68.98287121454875,2.917129710316658,0.0,8.615202670289698,5.07884510747335,4.569272613525413,-4.2741709391276,1035.771669921875,-4.013877987861633,65.95626060167949,48.90058020750681,5.801782226562523,-0.7655090332031023,1.1806579589843977,68.92175849278767,0.1273148109515508,0.0,7.362398906874355,4.834448173724687,4.303979492187523,-4.057171885172522,1035.7039095052082,-3.6203900376955667,66.11881426970164,47.7104260524114,5.663293457031273,-1.1528686523437273,1.0237302144368716,69.3648149172465,2.6796296692142882,0.0,7.8997938622202515,4.838942613390151,4.65909093221029,-4.134990437825479,1035.617451171875,-4.707594156265259,66.01090840498607,44.49802418549856,5.792749023437523,-0.7840026855468523,1.1621884663899966,69.01435232162476,0.7699073767289519,0.0,7.03015498293571,4.62700824345847,4.53824132283529,-4.049082183837868,1035.6353092447916,-3.906363765398661,66.16763071219127,45.009926319122314
2022-01-15,5.239221191406273,-1.0021728515624773,0.8303924560547102,87.33611011505127,8.917129741981626,0.0,10.291694559748759,6.006727833979905,3.4349049886067746,-1.0845461527506473,1029.6213020833334,-1.1755737960338593,64.83429634571075,82.78029243151347,5.296716308593773,-1.2948974609374773,0.82102228800458,87.66712856292725,14.3402782852451,0.0,12.170433376484832,6.562244583720695,3.4357022603352902,-1.0420313517252566,1029.6138151041666,-1.52433176835378,62.091203689575195,111.43363149960835,5.032250976562523,-1.0833190917968523,0.6828768412272362,87.67870394388835,6.1587963091830416,0.0,9.169968280408277,5.378249910007771,3.584907786051474,-1.172019704182901,1029.56298828125,1.890807827313741,66.29842555522919,79.74388146400452,5.253045654296898,-1.3125671386718523,0.9103129069010644,87.91851774851482,23.443518335620563,0.0,11.673586972121194,6.695768769084523,3.1941569010417084,-0.913548533121741,1029.6187141927082,-4.60875238229831,59.58014969031016,114.25889468193054,5.064477539062523,-1.0905822753906023,0.7482518513997624,87.32916609446208,13.78749997789661,0.0,9.864545371955565,5.545201983292766,3.912849680582724,-1.1666371663411041,1029.5207877604166,-0.37208634863297146,63.10824124018351,84.90349968274434,5.350366210937523,-1.1218017578124773,0.9475583394368717,87.23935127258301,18.68472181384762,0.0,11.324813475377724,6.600135450212115,3.2438102722168196,-0.9816930135090729,1029.2747884114583,-4.019992709159851,61.0819236834844,102.3301014105479,4.670281982421898,-1.2609924316406023,0.4510691324870019,86.7856486638387,5.186111107468605,0.0,10.381946598467307,5.95858158392328,4.119569396972679,-1.5483866373697879,1029.4762955729168,4.253043254216512,67.02950016657512,86.50767191251119,5.319665527343773,-1.1243347167968523,0.9074251810709862,87.08240922292073,15.755555729071299,0.0,10.990777150038436,6.367749165145039,3.6255215962727902,-1.0508674621581804,1029.4542610677083,-3.2381369272867837,62.4281120300293,96.66558539867401
2022-01-16,4.793786621093773,-1.5317749023437273,0.681391652425153,83.60000069936116,36.27870378891627,0.013888888992369175,17.194804395262803,11.628964249553166,-0.23237584431961977,-1.8869422912597429,1028.5261067708334,0.21622754633426666,67.51527627309163,332.07513038317364,4.607659912109398,-1.3559936523437273,0.5900639851888249,85.55231602986653,31.775000244379044,0.020833333488553762,17.176994075022844,10.913155430854411,-0.5051203409830691,-1.641697947184241,1027.9501953125,0.9082902368778983,67.14879576365153,309.6304244995117,4.678460693359398,-1.5467285156249773,0.6228538513183821,83.280091603597,36.49861121674379,0.055555556900799274,17.811572931776215,11.86878204171901,-0.210447692871071,-1.9956052144368073,1028.39728515625,1.1137328843275707,67.66194415092468,334.2620263894399,4.778527832031273,-1.3299316406249773,0.7506144205729394,84.92777887980144,37.03055606285731,0.09722222434356809,17.52378179176915,11.784277211510789,-0.7230374654133698,-1.581236267089821,1028.16,0.06686796310047309,65.77444390455882,358.6195257504781,4.565240478515648,-1.6667236328124773,0.5974899291992415,83.08657455444336,36.481480995814,0.18750000419095159,18.18057905757567,11.916806441463706,-0.16571909586588163,-2.0627896626789948,1028.2107259114582,0.6189595200121403,67.55981659889221,351.02161006132764,4.791802978515648,-1.3319152832031023,0.593446350097679,86.66712919871013,32.90509214003881,0.45138888293877244,16.80699287845703,11.045811191248069,-0.3999211629231354,-1.4633811950683366,1028.551943359375,1.739686518907547,66.97314814726512,306.1291062434514,4.380151367187523,-1.9208435058593523,0.4728446960449446,83.38287035624187,46.51574114958445,0.14583333441987634,17.312171474340314,11.726618017613418,-0.166868591308571,-2.137224578857399,1028.1675846354167,1.123769278327624,66.75157245000203,351.96270020802814,4.836236572265648,-1.3988098144531023,0.8053400675455956,84.39768441518147,34.88194433848063,0.14583333674818277,17.231798539928633,11.675998683417937,-0.4495681762695085,-1.6140591939289948,1028.244140625,-0.9757338166236877,67.07046270370483,355.89306914806366
2022-01-17,3.5226989746093977,0.22527465820314774,1.692336018880231,89.90694363911946,98.39259274800618,27.701388955116272,27.28097641349722,22.909477150192235,-3.9750134785969635,0.1827204386393646,1033.34998046875,-17.75628348191579,32.29233386119207,769.2004776000977,3.4523559570312727,-0.5220092773437273,1.1628662109375227,86.68472258249919,95.27036952972412,7.819444401655346,21.54710229721873,16.92148581853559,-4.2415667215983035,-0.8514249165852448,1035.4877701822918,-9.54520697783058,35.28677771488825,499.1201629638672,3.6810241699218977,0.30925903320314774,1.8036565144856997,89.42314847310384,98.4189821879069,22.680555522441864,29.1973972661252,23.671674220278845,-3.880846405029274,0.21137262980147398,1033.2816243489583,-17.98208959897359,31.641074419021606,747.0379308064779,3.2412658691406477,0.32488403320314774,1.3863032023112207,86.0009256998698,95.0634256998698,9.298610962927341,22.67849181387695,18.90067859047142,-4.223754628499307,-0.7415298461913835,1034.9359537760417,-12.3976856097579,31.99422100186348,600.7463976542155,3.7632995605468977,0.04424438476564774,1.7222801208496321,87.94166787465413,95.18379561106364,17.833333253860474,28.792333177382737,22.84167629373212,-4.1360852559407135,-0.10236714680985415,1033.6629329427083,-16.2613637521863,36.35787038008372,762.8221054077148,3.8207031250000227,0.31688842773439774,1.6323511759440332,87.15416781107585,95.78750069936116,12.38888868689537,26.16980115747196,21.160377286085204,-3.915141805012979,-0.3129053751627566,1034.07376953125,-16.57830737407009,37.763148625691734,680.2323621114095,4.003442382812523,0.17705688476564774,1.853138224283877,87.45092646280925,96.91897996266682,19.180555433034897,27.750476319605564,22.72111012141438,-4.122399393717444,-0.06121419270829165,1033.6546028645832,-17.767730062827468,33.55370326836904,789.641855875651,3.3304382324218977,0.09926757812502274,1.6202153523763247,89.58425966898601,99.40046310424805,18.916666641831398,27.262610020983175,22.697168184417535,-3.887822214762366,0.0542109171549896,1033.377158203125,-16.683385021984577,23.109592656294506,740.5269686381022
2022-01-18,2.5578247070312727,-2.0400451660156023,0.7993357340495019,91.08333428700765,75.90046362082164,28.93055522441864,17.796265270827234,8.910631117497807,-2.0866149902343523,-0.5367925008137604,1036.74908203125,-2.78325122470657,43.864037334918976,295.22742048899335,2.7690368652343977,-2.3981994628906023,0.5415537516276269,90.32916736602783,60.59999934832255,58.63889026641846,16.431657105812693,8.521310167987055,-3.225908660888649,-0.9195096333821198,1037.11861328125,-1.7553175048281748,59.837000370025635,284.7201852798462,2.8698059082031477,-2.0784057617187273,0.7443964640299706,91.41527811686198,70.43842599789302,26.875000178813934,17.729479281067185,8.453071506008824,-2.0988220214843523,-0.5495908101399323,1036.716064453125,-2.0834477841854095,42.68538967768351,265.37845516204834,2.5947204589843977,-1.9865783691406023,0.5161872863769759,88.17499955495198,59.356481532255806,37.64583349227905,16.08231389077643,8.18361805952609,-3.4439478556315066,-1.2811353047688385,1037.3107584635418,-0.2931209299713373,63.66496350367864,276.72144651412964,2.7768798828125227,-2.1084350585937273,0.6651830037435124,91.2398141225179,69.45648221174876,28.708333611488342,17.68053820916114,8.551677790493175,-1.6960713704426666,-0.6456118265787723,1037.030068359375,-1.5926152914762497,46.75935389598211,268.6506067911784,2.5428710937500227,-2.0273803710937273,0.6346005757649967,91.42824077606201,73.65509235858917,40.333333015441895,16.26345908575209,8.420199741705014,-2.4035158793131473,-0.6483876546223541,1037.0697981770834,-1.774358533943693,45.22238977750143,286.079270362854,2.9816528320312727,-1.8589843749999773,0.829316711425804,91.93657557169597,71.29259290297826,26.659721851348877,17.343477932376054,8.730327709359912,-1.817069753011026,-0.37186787923172915,1036.9011555989582,-2.9813843915859857,46.255702435970306,275.565406481425,3.1586853027343977,-1.9871582031249773,0.7680641174316634,90.8592602411906,69.66898155212402,37.70138919353485,16.52876591360147,7.728151171991107,-2.1478485107421648,-0.6226219177245866,1036.7008430989583,-2.1551252404848733,47.45705575744311,258.34683084487915
2022-01-19,5.958123779296898,-2.1777709960937273,0.8803204854329655,81.37546269098918,26.86111109952132,12.715278029441833,26.884195159664653,12.420229088921436,0.7211891174316634,-2.138040924072243,1028.30751953125,11.524404622459164,72.67425998051961,406.73048480351764,5.167626953125023,-2.8123535156249773,0.5794158935547102,82.88888963063557,31.61481503645579,31.034721732139587,24.253815548767506,12.783143049216557,-0.020475769042946013,-2.1702293395995866,1027.360966796875,13.931630800167719,73.03055493036906,431.1101760864258,6.071405029296898,-2.2009033203124773,0.9159154256185124,80.77916479110718,19.11064785718918,0.6875000074505806,25.683921402230435,11.7508905165465,0.861323293050134,-2.2209368387858035,1028.4114615885417,11.702069337169329,72.97172292073567,382.0096990267436,5.484979248046898,-2.7348388671874773,0.7279576619466374,82.44490845998128,28.961573898792267,29.166666984558105,29.54745910098281,13.840809220953162,0.11892852783205399,-2.0999117533365848,1027.5565364583333,10.468955874443054,72.76864719390869,490.3846547603607,6.231896972656273,-2.2533020019531023,0.8896512349446842,80.20277865727742,17.054167290528614,0.0,23.776126173399156,11.416030216281564,1.032191212972009,-2.3715029398600223,1028.1534049479167,12.127495177090168,73.08372330665588,365.71229402224225,5.463891601562523,-2.6818603515624773,0.52384211222333,83.21249961853027,26.514814058939617,30.666666984558105,26.972928198469106,11.737890122155264,0.5161020914713959,-2.1664451599120866,1028.1769921875,12.601594944794973,73.01679650942485,392.3975350856781,6.104943847656273,-2.2745727539062273,0.7487172444661686,81.40787156422932,16.46064819643895,0.0,23.564093830791904,10.84191494392121,1.2525751749674896,-2.296256764729776,1028.4623958333332,14.201082042107979,73.09177605311076,330.9016897678375,5.627618408203148,-2.4837097167968523,0.7225954691569237,83.0953704516093,33.82453732689222,29.54861044883728,27.346659997300915,12.797036525968595,0.16844202677413023,-1.9824038187662723,1028.1578743489583,11.390272955099741,72.69248000780742,436.85704771677655
2022-01-20,2.4393554687500227,-3.1933349609374773,-0.1397346496581804,85.50694306691487,80.7837963104248,55.687499629333615,29.738309338817697,24.094370198625597,-6.797014617919899,-2.3320894877115848,1026.1840397135418,10.923372824986776,52.03888958692551,933.7807159423828,1.7965942382812727,-2.9177001953124773,-0.2585332234700293,86.14722156524658,91.2550916671753,77.98611044883728,30.76863665740074,26.29245267878191,-7.073067728678382,-2.3559707641601335,1024.8875260416667,14.193034206827482,39.72611206769943,1027.5427754720051,2.3403564453125227,-3.2765258789062273,-0.1791938781738054,85.4564832051595,83.80092748006184,49.0555551731959,30.490890660865535,24.667699941850042,-6.665733083089151,-2.383029683430948,1026.2389908854168,10.745270070930323,41.92759293317795,918.5146052042643,2.2492004394531477,-3.1075500488281023,-0.06226450602211268,84.29073905944824,83.42037041982015,37.7847222276032,28.8283126717093,24.947387174906478,-7.020273590087868,-2.4490175882975223,1025.01921875,10.951316943236938,43.062871277332306,1025.9854380289714,2.3293395996093977,-3.1789611816406023,-0.08951034545896164,85.14907423655193,86.85416682561238,48.92361099086702,29.706993051515465,24.68994552132466,-6.718742116292276,-2.3430147806803348,1025.9672819010418,9.761315318445364,46.438241283098854,936.0537948608398,2.0801635742187727,-2.9157470703124773,-0.23825810750323248,85.45231437683105,85.67175944646199,62.062500482425094,31.762003393039663,25.484072305077422,-7.100383504231729,-2.4420977274576785,1024.6576236979167,12.856876214345297,45.63926029205322,1031.3163426717122,2.3867431640625227,-3.0601867675781023,0.0386240641276269,85.0004612604777,83.03657388687134,47.74305545352399,30.759116941564315,24.971757506315388,-6.656009419759073,-2.2446133931477448,1025.9221419270832,8.812641251211366,46.04490768909454,948.8406626383463,1.5915771484375227,-3.1125244140624773,-0.2868497212727637,84.49675846099854,85.2944442431132,41.00000035576522,30.020855153688007,24.19541335828674,-7.00591125488279,-2.6393277486164948,1025.8563151041667,13.214833895365397,27.33796175320943,925.18115234375
2022-01-21,-0.12351074218747726,-3.2106079101562273,-2.1301572163899514,83.43425877888997,92.14120292663574,90.70138812065125,21.800047090654168,19.6084171096374,-9.34420496622721,-4.653667195637979,1032.1817220052083,31.752519416312378,51.868333266931586,732.7578811645508,0.38512573242189774,-3.5568908691406023,-2.0077270507812273,83.3504638671875,88.80138969421387,97.13888907432556,24.533219151671506,21.017555647410834,-8.968220774332679,-4.548392995198526,1031.4554231770833,27.980545729398727,59.94111256476026,755.2759730021158,0.023065185546897737,-2.8718017578124773,-1.8461669921874773,84.19351927439372,89.34768486022949,70.17361116409302,21.76107919128698,19.332793046436237,-9.103619639078772,-4.25039138793943,1031.8609375,28.5742912987868,51.02981452818494,740.4010340372721,0.32625732421877274,-3.4547485351562273,-1.9379091898600034,83.26944255828857,86.0967591603597,96.49305558204651,24.603110825587652,20.869181420756636,-9.054856363932288,-4.503533426920569,1031.4515690104167,26.81154354910056,63.82463046586296,756.0376027425131,0.015893554687522737,-3.1012939453124773,-1.86867497762042,82.9842602411906,91.59953737258911,56.979167222976685,21.462310012962785,18.939333703938434,-9.36565500895182,-4.46855519612626,1032.1061360677083,29.130888005097706,53.464165773747176,748.6811879475912,-0.05066528320310226,-3.4418395996093523,-2.1157605489094826,83.50694370269775,93.4847207069397,97.72222185134888,23.18468285766197,20.728828120192162,-9.393878682454385,-4.63583094278971,1031.695625,29.035658955574036,55.024998433150664,792.1094106038412,0.05245361328127274,-2.8789428710937273,-1.902939860026019,84.26435152689616,87.49166536331177,19.74305553920567,21.953807887894328,18.263574661610424,-9.189750417073526,-4.297307078043616,1032.2310481770833,29.246978546182316,60.788889573770575,691.8313840230306,-0.20651855468747726,-3.6195434570312273,-2.254775746663389,83.01620419820149,90.70324023564656,93.71527791023254,22.88304637839484,19.996055388782125,-9.542218271891272,-4.853117370605446,1032.120986328125,31.63227282402416,50.91064795529625,749.0949478149414
2022-01-22,0.8185058593750227,-2.6179565429687273,-0.5088752746581804,92.97129758199056,99.30277729034424,120.63194441795349,26.144085852994632,19.78200116335497,-4.015011850992835,-1.568565114339151,1032.8058138020833,10.6242034137249,8.019351995744122,535.2006429036459,0.7371154785156477,-1.9609741210937273,-0.38641459147133145,93.95601971944173,99.86342652638753,219.3819456100464,25.990455405212,21.986337577570186,-4.180583699544229,-1.2841451009114166,1032.3810970052082,8.0884500592947,6.0508334373589605,627.3163070678711,0.6958251953125227,-2.3176940917968523,-0.5230316162109148,93.03981399536133,99.77685165405273,96.09722247719765,26.60775519861409,18.98193674240899,-4.2349316914875885,-1.5666908264159929,1032.9717154947916,10.300819019476572,9.02416700796069,504.88385009765625,0.7239013671875227,-2.6783508300781023,-0.6179781595865658,93.31944402058919,98.781018892924,175.09722328186035,25.66114248148666,21.205323369739613,-4.320318603515602,-1.6187678019205691,1032.6347688802082,12.495568712552389,5.906944361088487,587.1695493062338,0.49523315429689774,-1.7595275878906023,-0.4672658284504981,93.62824026743571,99.96574147542317,99.46527843177319,26.576967414486724,19.347954406158618,-4.40040562947587,-1.4200449625651004,1032.9788053385416,9.346275130907694,11.010277834294053,505.0133450826009,0.7876525878906477,-3.0415405273437273,-0.699864451090472,92.9111115137736,97.14259243011475,147.56944370269775,25.715560177879883,20.728840485192993,-4.134713236490882,-1.7601735432942291,1032.8691015625,12.493171672026316,5.956018553930335,555.6105295817057,0.38112792968752274,-1.5658935546874773,-0.4693422953287533,93.20463021596272,99.93796221415202,96.67361062020063,25.98030470276782,19.697340145556236,-4.408429209391272,-1.490226491292276,1033.1291373697918,9.54853551586469,10.498611006652936,530.2955881754557,0.7475830078125227,-3.1965087890624773,-0.7043289184570085,93.0532414118449,98.5824089050293,100.56250035762787,24.15218738622275,19.655604420225433,-4.095939381917276,-1.744937642415323,1033.3798665364584,11.851540277401606,6.219814545668972,522.582867940267
2022-01-23,1.7622314453125227,-1.7660583496093523,0.1868186950683821,98.65324052174886,97.08472220102946,258.9027738571167,12.223828010833913,5.0811727179986015,-4.260168457031227,-0.015830739339151023,1034.7260286458334,-2.595536487797896,36.660278565444365,186.50152818361917,2.0913024902343977,-0.49796142578122726,0.5899533589681217,97.73379484812419,97.65324052174886,231.56943893432617,13.119744609444783,5.48976456367906,-3.7708432515461823,0.2634241739909271,1034.7062369791668,-7.355075559268395,30.17601867542059,166.4410413901011,1.4894348144531477,-1.2572998046874773,0.19492238362632483,98.44675922393799,96.35601711273193,263.8333377838135,12.748511438593143,5.690888730180838,-4.098919932047522,-0.0360600789387604,1034.976318359375,-3.0516233444213867,32.27648242985985,187.8261677424113,1.7565856933593977,-1.7466796874999773,0.23106282552085608,96.36898136138916,91.98425928751628,191.3819398880005,10.840257345966073,4.718525179559383,-4.152745310465491,-0.3035059611002566,1035.2427734375,-3.5006911059220633,32.126851757367454,166.72474006811777,1.6541076660156477,-2.5876525878906023,0.11183064778648107,97.74768575032552,90.6416670481364,190.32638549804688,14.230528977742193,6.153619926016897,-4.166979217529274,-0.220067087809241,1035.152861328125,-0.040838971734046936,28.75787025045914,160.94937944412231,1.7977233886718977,-2.2277587890624773,0.1313657124837467,97.52129618326823,94.78101793924968,202.60416650772095,9.635684363410812,4.382731661948075,-4.424865468343057,-0.23654276529947538,1034.97232421875,-2.680584023396174,31.49731357570272,156.76426299413046,1.5945068359375227,-1.3734802246093523,0.3814153035481998,97.86805534362793,97.37962977091472,88.00694370269775,14.641555420856772,6.4525856573391005,-4.431466166178382,0.0741071065266965,1035.239970703125,-3.4608237047990165,32.96175922305944,199.38891315460205,1.5393005371093977,-1.9715026855468523,0.146791076660179,98.47546354929607,98.04537010192871,230.45833206176758,10.845329624742265,4.573721107638297,-4.243992869059241,-0.07685063680008852,1035.2139908854167,-3.073575794696808,28.616110798475955,168.5066085656484
2022-01-24,3.5725036621093977,-2.8631958007812273,-0.5685460408528419,91.80833371480306,19.299999872843426,11.833333253860474,14.458516314828156,8.979367837584698,0.5676335652669309,-1.7937009175618073,1035.0598763020832,11.41075394799312,78.21425975300372,154.82502810160318,1.9763427734375227,-2.2843688964843523,-0.6439918518066179,95.91250069936116,78.81527789433797,262.2708263397217,12.128353676205187,8.021878717033857,-0.9956980387369754,-1.2504079182942291,1034.861279296875,4.52362388620774,64.71720220210652,213.95370546976724,3.1119323730468977,-2.9467529296874773,-0.716771189371722,91.89351844787598,22.428703904151917,1.1388889104127884,14.61176388949426,9.043388518309223,0.5876530965169309,-1.9250600179036041,1034.8573046875,13.012031068404516,77.94879330135882,159.188755830129,2.2034545898437727,-3.8369506835937273,-0.8388999938964616,95.55648263295491,63.96064774195353,266.74999618530273,12.535338273638205,10.08227457038488,-0.03375345865885038,-1.4960502624511491,1035.0946875,8.54428314169248,74.06736862938851,225.03714179992676,3.2820983886718977,-2.8713134765624773,-0.5594657897948991,91.14629364013672,27.64953686793645,0.1666666679084301,14.585300181863312,9.178519429503671,1.4493893941243527,-1.8803123474120866,1034.8295572916668,9.714523414770762,78.53101902144651,169.89554278055826,1.3562561035156477,-4.262548828124977,-1.4739695231119565,95.93472258249919,57.88055547078451,192.49999237060547,13.61931232258807,9.15694544490972,0.18564503987630587,-2.0966018676757585,1035.1428450520832,14.267372687657675,61.060463702616595,184.00377146402994,3.4329772949218977,-2.7046874999999773,-0.24530639648435226,90.6708329518636,33.38842602570852,0.1666666679084301,14.54011012340646,8.982810057886367,1.6959040323893646,-1.6358309427897098,1034.656728515625,6.4346296191215515,78.3545376950254,168.62438996632895,1.4307189941406477,-4.273413085937477,-1.4577201843261491,95.9662036895752,62.540278673172,90.65277791023254,13.4749662346331,9.100351032849083,-0.020072682698526023,-2.0781323750813385,1035.1235709635416,13.401327669620514,58.692815114433564,182.57020139694214
2022-01-25,5.061212158203148,-1.6921447753906023,0.5050229390462467,84.21713034311931,4.439814898185432,0.0,6.713275762935661,4.131511512353673,1.9362350463867415,-1.959464772542276,1034.1663899739583,5.130153973897298,80.64101741556078,87.15421724319458,2.9992004394531477,-1.8770812988281023,-0.5933937072753679,92.27453708648682,42.90277751286825,11.937499970197678,6.240982083030509,3.595038732208817,0.9296318054199446,-1.7395996093749773,1035.963798828125,9.506463151425123,69.2546324369808,115.2749417622884,5.626092529296898,-1.2848571777343523,0.9247680664062727,83.52685165405273,4.704629774515827,0.0,6.509222168016241,4.23211601097372,2.1197054545085052,-1.6792561848957916,1033.969736328125,11.732052564620972,80.67064887130012,99.0062579313914,2.9422241210937727,-2.1657470703124773,-0.75246404012042,91.93425846099854,35.86435238520304,1.3055555671453476,6.6849719118699555,3.6897370263065987,1.2650810241699446,-1.9550371805826785,1035.355205078125,11.990462611118952,72.16129586783548,108.43740053971608,5.804528808593773,-1.3647216796874773,0.9380915323893456,82.64768489201863,3.937500037252903,0.0,6.782822758314346,4.370709283979544,2.5542465209961165,-1.8268875122070085,1033.7441959635416,11.245333353678385,80.59731417739143,95.91876431306203,3.5705505371093977,-2.7152465820312273,-0.5790122985839616,90.41157468159993,23.710648328065872,0.3263888913206756,6.148342309598414,3.2544821429306836,1.6893351236979584,-2.0326599121093523,1034.647890625,11.75937271118164,78.53518297057599,91.23384769757588,5.866052246093773,-1.4311889648437273,0.8930030822754134,81.89027643203735,4.1810185089707375,0.0,6.7564356909388845,4.6382498021205985,2.6923093159993527,-2.010546112060524,1033.7607096354168,11.700857520103455,80.84435190601896,95.28906699021657,3.8042541503906477,-2.4863952636718523,-0.4664723714192481,90.26712989807129,25.78611143430074,0.1666666679084301,6.217546730141703,3.652250200090462,1.9801472981770871,-1.945860290527321,1034.7694954427084,10.05049932996432,77.84444349134962,100.38908700148265
2022-01-26,5.189202880859398,-2.4959777832031023,0.09208068847658524,85.30509249369304,23.135648076732952,0.0,13.282470722544186,9.315286819367566,-0.4180447896321198,-2.2249829610188385,1032.979267578125,11.3415736357371,82.50073827803135,172.43026812871298,4.554803466796898,-1.7226318359374773,0.3664159138997623,84.85740788777669,5.620833383252223,0.0,7.181630877402977,4.935200734704783,-1.0915054321288835,-1.9741182963053348,1033.909501953125,7.225232809782028,81.00138907382886,122.1325722138087,5.211968994140648,-2.5363525390624773,0.1471115112304915,85.66759363810222,22.939351856708527,0.0,12.54295499146099,8.889614326081146,-0.25544331868485415,-2.108189646402991,1032.9028841145832,10.869990229606628,82.19287003576756,160.9511087735494,5.004785156250023,-1.4454406738281023,0.6704867045084862,84.41851902008057,9.70787021269401,0.0,9.500088590374213,5.802069926510371,-1.202293141682901,-1.7685124715168854,1033.708955078125,11.628629008928934,81.23916765799125,145.06932512919107,4.774102783203148,-2.7914794921874773,-0.03923263549802414,86.18564796447754,26.578240796923637,0.0,12.196095357600663,8.583739486556741,-0.4502878824869754,-2.204032643636026,1032.92712890625,10.95211269458135,81.32564915716648,167.57188606262207,5.466668701171898,-1.2984985351562273,0.8729110717773665,82.28935194015503,18.511110971992213,0.0,11.713394084894448,8.681390337650608,-0.7358853658039948,-1.9465952555338504,1032.9952669270833,9.085886006553968,80.57879683127005,167.97285087903342,4.605462646484398,-2.9694580078124773,-0.21800842285153976,85.40555540720622,30.088889718055725,0.0,11.977405850700046,8.389840476638627,-0.0599248250325104,-2.517685953776038,1032.84810546875,12.204086403052012,80.53157319128513,160.7726922829946,5.728326416015648,-1.2966369628906023,0.9961728413899967,80.67361005147298,24.713889243702095,0.0,13.545398237956565,9.468802231172754,-0.5337178548176666,-2.109166208902991,1032.9381412760417,6.808833325902621,82.17333297679822,191.76521245638529
2022-01-27,5.983148193359398,-2.7529052734374773,0.9805974324544499,79.08564710617065,78.48009220759074,2.298611095175147,28.596384140969967,14.089376251464031,1.1213127136230696,-2.4584246317545535,1029.1617447916667,-3.341942956050237,81.89740942418575,321.0211666425069,6.334375000000023,-1.9521850585937273,1.3483456929524966,77.81250015894572,80.85370294253032,4.4236110262572765,29.32525846577576,15.631243649298034,0.6536257425944427,-2.3410947163899323,1028.52669921875,-3.849943444132805,80.80435109138489,362.4012117385864,5.973992919921898,-2.6352294921874773,1.0450136820475489,79.395370165507,79.33101876576741,2.88888880610466,28.6638063607452,14.564121393056288,1.0984639485677121,-2.343089803059854,1028.994443359375,-4.945692017674446,81.43462681521972,347.65195480982464,6.405999755859398,-1.7830566406249773,1.4229764302571841,77.9930550257365,84.48935174942017,3.5347222294658422,27.44186437205741,14.951604111513399,0.9093350728352902,-2.217209879557288,1028.9435579427084,-4.594364061951637,82.1170347109437,342.393759727478,5.535333251953148,-2.6412719726562273,0.8455177307129134,79.99861176808675,78.81620399157207,4.437499960884452,29.353605618297674,14.666797941229243,1.0359626770019759,-2.448473358154274,1028.7173600260417,-3.939350595076879,82.71194555113713,378.4419870376587,6.340905761718773,-1.4618896484374773,1.5849967956543196,77.98611084620158,91.11388810475667,2.520833333954215,28.42819979303474,15.083000038815712,0.9753649393717865,-2.0517295837402116,1028.972001953125,-7.31511848171552,79.45675998056929,351.89523188273114,5.180810546875023,-2.8666748046874773,0.620857493082705,81.15509351094563,84.2509253025055,5.541666518896818,28.979683557191745,14.412759598689382,1.108247375488304,-2.4621109008788835,1028.56568359375,-2.72848387559255,81.33194560930133,397.931396484375,6.283776855468773,-2.0877746582031023,1.2382560729980696,77.64305528004964,75.51666633288066,1.3958333358168602,27.35214051747486,14.33008541879276,1.0720090230306027,-2.4560455322265398,1029.0209733072918,-5.072042661408584,81.44935158640146,324.00090980529785
2022-01-28,2.2975708007812727,-1.1413024902343523,0.8870000203450749,86.6689821879069,88.81064828236897,142.43749809265137,28.330183982193955,22.61850415969141,-6.325482432047522,-1.1285919189452898,1032.97876953125,-5.5067177166541414,71.11601903724174,914.5253117879232,3.2913757324218977,-0.44376220703122726,1.462294514973981,86.10601838429768,95.26620419820149,66.49999928474426,27.403698353697212,21.712463806045008,-5.603650156656897,-0.6711702982584598,1033.0181477864583,-11.996639291445414,70.83268478885293,849.8845342000326,2.3529296875000227,-0.8994812011718523,0.9827031453450749,87.02592468261719,91.18472353617351,162.4930567741394,27.75175005753242,22.479937521554717,-6.309147898356116,-0.9790049235026004,1032.8208951822917,-7.115023622910182,68.0409282296896,917.6988773345947,3.0713439941406477,-0.39734497070310226,1.4799680074056216,85.0402774810791,86.89861138661702,63.76388931274414,27.684506930754946,22.524200772025086,-5.882379913330055,-0.8134368896484148,1032.915244140625,-12.371404945850372,75.9912041152517,896.0336125691732,2.2925964355468977,-0.6995300292968523,0.9632138570149967,87.5810194015503,96.71249993642171,145.18055653572083,27.64607004722754,22.95742016954505,-6.219232940673805,-0.9088768005370866,1032.8702083333333,-7.236766949295998,65.92648183802764,943.4732805887858,2.3462158203125227,-1.2714599609374773,1.0106165568034082,85.74768575032552,93.22222232818604,77.74305510520935,29.993588843995497,22.37033015795377,-6.2266741434733035,-1.153294626871741,1032.9677994791666,-7.887907912333806,64.84953734837472,892.4222863515218,2.4232116699218977,-0.9740661621093523,0.9346252441406477,87.61203606923421,95.85509204864502,114.80555582046509,28.33303902166365,22.959026999229362,-6.09865798950193,-0.9344365437825104,1032.9764908854168,-6.262246395150821,60.208794820432864,905.4624951680502,2.3055664062500227,-1.7437805175781023,0.71079279581708,87.76851812998454,94.88657410939534,99.86805558204651,28.40554298899249,21.84337648141216,-6.454000854492165,-1.1318483988443973,1033.3370377604167,-5.52370008515815,64.83129641724129,871.8894952138265
2022-01-29,5.652124023437523,-1.1228698730468523,2.4927116394043196,77.41388924916585,99.87083371480306,63.805556535720825,35.17222650031858,21.592851456476733,-0.8866167704264285,-1.156223042805948,1030.3994563802082,-13.917492032051086,35.38509271418055,565.5176207224528,5.955773925781273,-1.3771118164062273,2.313521321614606,75.52592611312866,99.69537099202473,161.27777671813965,36.76296325483615,20.316454440704266,-0.9257746378580691,-1.7182818094889285,1030.320888671875,-11.174989665548006,46.53249974548817,528.6177527109782,5.561975097656273,-1.1063903808593523,2.464381154378278,79.10462919871013,99.6305554707845,62.48611044883728,34.55806058263916,20.751522194847468,-0.9203145345051666,-0.8800453186034929,1030.8977376302082,-12.941614771882692,30.141758722563583,565.864803314209,5.378564453125023,-1.7114624023437273,1.8840627034505435,76.85185241699219,99.38703727722168,184.13889026641846,30.338522112806075,17.724591721154628,-0.8905281066894304,-1.907096608479776,1031.5182389322918,-7.079308907190959,33.28351748238007,427.3628568649292,5.912530517578148,-1.5099853515624773,2.553137715657575,78.67916742960612,99.01666673024495,21.97916668653488,35.90129679769431,20.872349819379497,-0.9680592854817291,-0.8753519694010379,1030.6498502604168,-14.512761195500692,42.00990675762296,584.7427043914795,5.545220947265648,-1.3933471679687273,2.233505503336611,76.04583215713501,99.2671308517456,175.2361102104187,31.813913294937336,19.036713794318718,-0.8905815124511491,-1.7046340942382585,1031.0570833333334,-10.914471626281738,39.29888967921337,476.15978749593097,5.810174560546898,-1.4834350585937273,2.550402577718122,80.44444465637207,99.64675998687744,1.729166692122817,36.296746524567766,20.869419256617093,-1.066496276855446,-0.5597531636555573,1030.627236328125,-15.109319905440012,46.087129992743336,615.3757435480753,5.733087158203148,-1.4321044921874773,2.437165832519554,76.69490750630696,99.2754618326823,141.15972232818604,32.74439990335484,20.442454649414007,-0.8934997558593523,-1.3617245992024323,1030.8243001302083,-13.016591114302477,36.56361146271229,532.6879297892252
2022-01-30,5.983941650390648,-1.2555297851562273,3.4163312276204656,79.47870381673177,53.06203710039457,25.01388919353485,38.06995577489076,25.878523307939005,-2.537101491292276,0.12048110961916336,1027.5637434895832,-4.788593062510093,85.16435086044173,923.6423250834147,5.573999023437523,-0.9378417968749773,3.434339141845726,79.63888804117839,52.69444431861242,83.48611164093018,36.00678562223172,23.076864752417837,-2.222282155354776,0.16463623046877274,1026.9313997395832,-8.790974562366804,76.65740769977371,822.4353694915771,5.851953125000023,-1.3229431152343523,3.4444010416666893,79.34351793924968,51.95092578728994,24.423611611127853,37.431228440649484,25.603261783304323,-2.731400553385413,0.11228713989260086,1027.4627669270833,-5.5631589988867445,85.13565092906356,934.7379581133524,5.618188476562523,-1.1291564941406023,3.5424591064453352,79.81527773539226,52.83888906240463,83.58333396911621,35.23621172606703,24.488202140589753,-2.1876281738281023,0.301173146565759,1027.8141796875,-9.069248298803965,85.29759231954813,863.8119084040324,5.708276367187523,-1.1654113769531023,3.6216458638509343,80.40370400746663,53.62592581907908,23.43055546283722,36.06022552599291,26.270115225114864,-2.655718231201149,0.48282775878908524,1027.3368489583333,-7.555707942539205,83.04453695068757,950.933939297994,5.838006591796898,-0.9477600097656023,3.6544548034668196,80.47453689575195,57.66481472055117,41.034722447395325,36.54054363702737,24.601755497870684,-2.1697601318359148,0.5444783528645871,1027.164990234375,-8.41824068625768,77.96518775324027,870.0473877588907,6.031121826171898,-1.1098388671874773,3.7821034749349187,80.95509243011475,54.54166660706202,21.24999988079071,35.359000967930186,26.24885874074958,-2.5213328043619754,0.7377436319987396,1027.2279329427083,-8.929641370971998,83.21324166407187,953.1217234929403,5.750512695312523,-0.9041809082031023,3.5629974365234602,81.10046259562175,54.64675901333491,27.98611056804657,36.58168285580791,24.467110678024962,-2.1932701110839616,0.5403928120931027,1027.3630533854166,-6.998507586928706,79.57814738154411,865.6453784306844
2022-01-31,2.6275573730468977,-1.3534912109374773,0.6752588907877831,84.7259251276652,92.06944425900777,48.4722221493721,38.78620949015476,26.54242704370412,-4.1641436258951785,-1.6657534281412723,1015.5105598958332,18.452484612663586,36.497684597969055,962.6377595265707,2.3971496582031477,-1.2477783203124773,0.5548988342285384,88.6773141225179,93.72361103693645,81.07638955116272,35.46656338229322,24.28538642438154,-4.14858729044596,-1.1535718282063385,1015.5140592447917,17.59674697369337,33.37277806798617,917.1932506561279,2.8071228027343977,-1.1750244140624773,0.7641337076823144,86.06481583913167,92.604629834493,47.43750011920929,37.4468217149245,26.934233146074934,-4.20614089965818,-1.3491615295409929,1015.2712532552083,18.39185432344675,30.074629296859104,997.9831476211548,2.9063659667968977,-1.3831237792968523,0.702967580159528,88.54583326975505,93.75972231229146,82.63888931274414,40.080660635756125,25.48126294824714,-4.121163431803382,-1.0265500386555573,1015.8490625,17.23928638671835,27.196296095848083,931.0071091651917,2.8197570800781477,-1.1325439453124773,0.6498873392741112,88.89166736602783,93.91620357831319,55.79861127957702,40.68318028163229,27.103695176209225,-4.379543050130167,-1.0140200297037723,1014.9602115885417,17.899534521003563,26.845277627309162,1010.6874109903971,2.8084960937500227,-1.2804626464843523,0.7304143269856999,84.95416831970215,93.13055491447449,61.277777671813965,39.11170633683655,26.55677422048375,-4.100438181559241,-1.5717834472656023,1014.9171875,17.485987432301044,33.94111114492019,961.8927532831827,3.0198303222656477,-0.8936523437499773,0.8952791849772362,87.46805413564046,94.58611106872559,37.10416653752327,39.14685051168753,26.39011339541624,-4.361725870768225,-0.9894546508788835,1014.7318619791668,15.56937845602321,33.32472244401773,964.4830576578776,2.7659851074218977,-1.2587646484374773,0.7269009908040592,84.26620388031006,92.57037039597829,51.5763885974884,39.32815768050939,26.341917546586284,-4.228105926513649,-1.6835909525553348,1015.199130859375,18.864886462688446,35.2349074780941,960.3064119021097
2022-02-01,1.4477172851562727,-0.8115905761718523,0.12195103963218419,90.67638905843098,99.99583307902019,225.82638931274414,40.49587955488847,29.698417612483926,-6.013216400146462,-1.2606007893879791,1019.293818359375,7.403959566727281,55.01148079832395,1075.6177291870117,1.5604187011718977,-1.4316162109374773,-0.10049158732094081,92.22685241699219,100.0,234.79861116409302,40.84666940013708,32.46002531870762,-6.202861531575479,-1.2292274475097429,1018.6344498697918,7.315658945590258,50.24305504312118,1143.3614654541016,1.9914489746093977,-0.5385498046874773,0.5066136678060124,90.25092474619548,99.88240718841553,244.88888788223267,41.74956419989388,29.730277997761817,-5.696493530273415,-0.9461222330729129,1019.0403580729167,6.3615507533152895,53.98851822068294,1071.582196553548,1.1814208984375227,-1.4509033203124773,-0.1705128987629981,91.57129700978597,99.99305534362793,255.70833444595337,39.12033966002411,32.568725260089415,-6.246249898274698,-1.4058962504068973,1019.1597037760417,7.7999435520420475,53.74120553086201,1128.3448079427083,2.0393615722656477,-0.6590637207031023,0.5379704793294499,90.27592531840007,99.93518511454265,188.9027783870697,40.458990452130294,30.56943288578215,-5.574430847167946,-0.9070393880207916,1018.5516569010417,6.760957436015208,49.22324258337418,1077.9209365844727,0.9780822753906477,-1.6254028320312273,-0.4406227111816179,91.62731393178304,100.0,297.13194465637207,38.34661211186143,32.40361058922895,-6.542214457194007,-1.665347798665323,1019.8327115885418,8.27648600935936,53.75573975841204,1111.3789723714192,2.0938659667968977,-0.37613525390622726,0.6478363037109602,90.22222137451172,99.89027818044026,123.82638871669769,41.043244742986936,30.50872138892016,-5.615288798014319,-0.8049593607584598,1018.3911653645832,5.994626730370025,47.19592690716187,1104.7633641560872,1.5532470703125227,-1.0334228515624773,-0.07786661783851893,91.27407455444336,100.0,254.2083339691162,40.40984106560507,31.481588079862345,-6.172088368733682,-1.361210886637366,1019.4797037760417,7.724180261294047,51.9324991106987,1111.3443094889324
2022-02-02,3.6278930664062727,1.7755981445312727,3.006607309977236,93.26805623372395,94.88287003835042,211.3194441795349,37.7692851085996,29.36209678733228,-2.969791158040323,2.007899220784509,1017.551982421875,-7.224650134642919,16.26064814813435,1201.6707026163738,3.5865417480468977,1.5643554687500227,2.767452494303408,94.46990712483723,99.51666673024495,403.1875,36.24311042665162,29.399502596037124,-3.171311442057288,1.9519541422526459,1019.9142936197917,-9.38777040441831,20.739074274897575,1151.020133972168,4.102563476562523,2.0699401855468977,3.2277160644531477,91.60277716318767,94.66435209910075,171.3333339691162,40.05435869396609,29.813319324644173,-2.9898094177245866,1.9642946879069427,1017.7317024739583,-8.615050872166952,23.7005541647474,1234.409034729004,3.9731994628906477,2.1622558593750227,3.0570401509603093,94.09676011403401,100.0,378.25000190734863,38.05077815855216,30.383548408784847,-2.928452555338538,2.1835444132487396,1019.0755924479167,-10.773287456482649,15.672685409585634,1249.3798802693684,3.9477172851562727,2.2246643066406477,3.2967862447103093,91.46527862548828,99.26388867696126,180.93055534362793,38.984070372640154,29.103409117238474,-3.058725738525368,2.0093424479167084,1018.3729654947917,-10.143173415834704,30.0106469001621,1269.837771097819,4.321496582031273,2.2486511230468977,3.3669321695963768,92.28101921081543,99.53703689575195,324.23611068725586,39.78558777922104,30.97133356639469,-2.8534060160318973,2.207105255126976,1017.9326529947917,-10.936797658602396,17.630370276980102,1256.298812866211,4.492517089843773,2.2410217285156477,3.5565594991048406,90.44398180643718,96.86666742960612,161.22916746139526,38.7207870061077,28.834891946669085,-2.7821627298990848,2.101032511393271,1018.1771744791668,-11.45152402917544,33.087685749555625,1229.2766927083333,3.5473876953125227,2.3798461914062727,3.062880452473981,94.75046284993489,99.97916634877522,292.9722213745117,37.24742281126719,28.901512488625855,-2.7692220052082916,2.289264933268271,1018.2295670572917,-10.019490251938501,11.125370244806012,1219.714111328125
2022-02-03,7.986413574218773,2.7724548339843977,5.0215215047200745,90.86666647593181,99.98749987284343,214.3958339691162,13.652544120466608,8.616101951607037,0.4341903686523665,3.6106124877929915,1021.1459700520833,-14.405774255593618,43.68046356489261,279.0501985549927,7.023858642578148,2.1775146484375227,4.616872406005882,93.64861138661702,98.80555566151936,365.91666984558105,18.77119392342512,10.587919617647538,-0.16520665486649477,3.6569368998210052,1021.5477897135418,-15.528237541516622,31.02527834661305,371.5347834428151,8.390985107421898,3.7048583984375227,5.3478154500325745,89.6703691482544,99.41805617014568,138.74305725097656,16.054857372986056,10.051045471052074,0.7843287150065521,3.737921651204431,1021.155009765625,-15.54079912106196,48.98657373338938,333.10616215070087,7.623437500000023,2.1631103515625227,4.751372273763043,92.16990756988525,98.5740737915039,306.93749809265137,17.822728000646812,10.325334400213059,-0.48307393391922915,3.5587885538737396,1021.5899544270833,-16.64805893599987,40.00564887622992,373.00846004486084,8.208367919921898,2.7224670410156477,4.940740203857445,89.31203619639079,99.24305629730225,54.56944501399994,11.673295270859946,8.679410574208768,1.0364611307780365,3.2676788330078352,1021.258984375,-12.722866532703241,51.68305507302284,256.92202790578204,7.668420410156273,3.1556030273437727,5.168180084228538,91.92361164093018,99.92777824401855,372.9791650772095,20.03728188755577,10.702982014187967,0.24850234985353836,3.9307787577311615,1021.205966796875,-18.099732195337612,40.45796272344887,415.59792097409564,8.295556640625023,1.8689208984375227,4.701135253906273,90.93240865071614,98.78101825714111,18.284722238779068,9.760122586116248,8.034060152002944,1.0922180175781477,3.3026125590006927,1021.006279296875,-11.954231684406599,51.1812047859033,191.1003796259562,8.008508300781273,3.3105712890625227,5.039951578776065,90.9532397588094,99.21435197194417,279.604172706604,15.581293611019845,9.441776302850037,0.4788820902506927,3.6444806416829465,1021.2226790364583,-15.463564058144888,44.66212951640288,325.77628684043884
2022-02-04,7.658593750000023,1.7478576660156477,4.844461059570335,81.19351895650227,73.05138826370239,19.090278148651123,29.756260709577194,16.10264299702999,0.4124605814616302,1.8046852111816634,1017.202392578125,-4.6072093695402145,60.872092535098396,611.644118309021,6.623559570312523,0.8436828613281477,4.008295949300153,83.20555464426677,78.9560186068217,220.15972328186035,34.312547544213245,15.597824913013335,0.15454508463545835,1.3649892171223996,1016.5469596354167,-0.3690782388051351,63.924223432938255,554.817729473114,7.136376953125023,1.8567138671875227,4.765860493977887,82.09166622161865,75.0717585881551,0.11111111333593726,26.666692535948716,15.49523283112667,0.2784032185872434,1.9057416280110715,1017.2482454427083,-2.589926613805195,55.694036876161896,576.0414374669393,7.112695312500023,0.9653869628906477,4.189682261149112,82.18101978302002,70.7337965965271,144.9722237586975,28.723211377941556,15.709950348541957,0.2083857218424896,1.3621332804362396,1017.8455078125,-0.768989751736323,70.56468440095584,560.6294240951538,6.948083496093773,1.8497253417968977,4.685774739583356,82.19351927439372,77.92546319961548,0.15972222667187452,29.794580916725266,15.852893977259882,0.14774347941084898,1.8544606526692746,1017.1591438802083,-2.742821308473746,52.96814803779125,601.4290145238241,7.899316406250023,0.9943481445312727,4.3767868041992415,81.15416558583577,66.14814750353496,56.9236114025116,30.928889968227132,16.09597960966806,0.430940246582054,1.3503725687663177,1016.7814811197917,-3.812689950068792,82.58190519611041,605.3632977803549,7.376702880859398,1.8669677734375227,4.660919443766299,80.38425954182942,80.87036975224812,0.15972222667187452,30.87091211642688,15.7820814231533,-0.23779525756833664,1.4879483540852902,1016.8220865885418,-4.187255650758743,63.35685100654761,634.4044424692789,7.590264892578148,1.3840576171875227,4.531947072347028,82.07685120900472,72.79861116409302,21.0,30.35181102344537,16.2232588523808,0.0787470499674896,1.662971750895224,1016.9573697916667,-4.190100707113743,73.70701668659846,600.1273825963339
2022-02-05,5.354150390625023,-0.34171142578122726,2.2097946166992415,74.77592690785725,58.27129737536112,39.847222089767456,33.1339097623099,17.97245497914164,-4.917946879069007,-1.973393503824866,1024.8147330729166,15.168435424566269,96.03835162520409,786.8694661458334,5.314569091796898,0.07912597656252274,2.1610211690267156,79.48379691441853,65.77592611312866,68.97916603088379,28.276328061918385,16.085947800987412,-4.684444173177042,-1.1761980692545535,1025.3256673177084,16.51369398087263,85.00222133596738,726.4578857421875,5.391809082031273,-0.16464843749997726,2.5212735493978093,77.18148183822632,62.97314707438151,40.36111066909507,31.866810498373518,17.219201817252443,-4.219235483805335,-1.2127886454264285,1024.14591796875,12.188474752008915,91.89642699559529,756.4732449849447,5.562707519531273,-0.10132446289060226,2.419576263427757,80.9444448153178,75.68472234408061,59.04861160926521,26.975453542177558,15.738634292449959,-4.498203023274698,-0.6496465047200104,1024.857236328125,14.316781734426817,77.23522229989369,743.4565035502116,5.096246337890648,0.25188598632814774,2.4588002522786687,76.57916609446208,66.40092714627583,36.02777782082558,31.582234951618144,17.479363043928007,-4.45787658691404,-1.3866549173990848,1023.99712890625,11.18671796967586,96.94868376851082,789.4087092081705,5.622949218750023,0.11339721679689774,2.4561159769694236,75.42500098546346,60.9805551369985,42.34722154401243,30.254551180277307,16.994430851711257,-4.538486226399698,-1.6593104044596316,1024.7699055989583,13.846577162543932,99.00694447755814,735.9005133310953,5.311242675781273,0.23616943359377274,2.6726102193196843,75.95694462458293,62.037499487400055,38.65972136706114,31.551185185208652,17.278916887981964,-4.034911855061807,-1.3189364115397098,1023.6142708333333,8.82211403052012,99.72655425469081,747.0828475952148,5.593713378906273,-0.015844726562477263,2.2289621988932518,77.28749990463257,65.38518516222636,44.180555330589414,31.412783553085095,17.408799901180775,-4.805461629231729,-1.4651588439941179,1024.849228515625,16.928309455513954,84.98644325137138,776.5506540934244
2022-02-06,5.946893310546898,0.48165283203127274,3.5227027893066634,70.28425963719685,97.97407404581706,52.875,46.16812119394706,30.803967110701837,-1.7623987833658816,-1.5294987996418854,1016.1525813802083,-2.6811024447282157,46.29231512049834,1104.9852053324382,6.044824218750023,0.34743652343752274,3.544814046223981,70.28194538752238,95.02314853668213,52.027777552604675,48.44929758582093,31.568082461732004,-1.5393496195475223,-1.4997339884440066,1017.33509765625,-2.5281293988227844,42.972648133834205,1055.638894399007,6.278131103515648,0.10045776367189774,3.555922444661481,68.9333340326945,96.1222227414449,5.944444388151169,46.201359404817865,31.001628516093295,-1.3466425577799441,-1.777580006917276,1016.1344466145833,-2.9417605996131897,41.128148590524994,1093.9902826944988,5.762750244140648,0.33333740234377274,3.517065938313825,72.1592591603597,92.8972217241923,52.895832896232605,49.319757220705824,31.92143156889532,-1.5116447448730241,-1.1517763773600223,1017.6553385416668,-2.1163989305496216,45.99699987471104,1044.6667086283367,5.931573486328148,-0.14072265624997726,3.3865854899088768,68.07129573822021,90.50462929407756,4.645833411253989,46.85763269156094,31.115328913993064,-1.3199371337890398,-2.1071177164713504,1016.187373046875,-0.9704108635584513,39.9879620273908,1073.8450546264648,6.036645507812523,0.37050781250002274,3.5366442362467674,70.60648314158122,94.49722258249919,45.576388478279114,48.36668073796054,31.575088316168507,-1.5957333882649323,-1.4391082763671648,1016.5317610677083,-2.4792806605497995,44.94924134016037,1090.8076998392742,6.028192138671898,-0.04831542968747726,3.423031107584658,67.73472261428833,91.04722181955974,4.8263888116925955,46.75158890608759,30.93964953702115,-1.3016456604003679,-2.137241109212198,1016.1355208333333,-1.2932383914788563,43.41898106535276,1080.379700978597,6.158990478515648,0.5838562011718977,3.6733591715495018,70.83796342213948,97.51250044504802,54.42361032962799,47.38277728132579,31.08455373308887,-1.4782928466796648,-1.2685099283854129,1015.8607486979167,-3.104048232237498,44.979721983273826,1100.8135363260906
2022-02-07,5.096734619140648,0.11687622070314774,1.368477121988955,82.54490661621094,98.53611183166504,237.3263874053955,45.738998958457024,32.49407196805788,-6.2331438700358035,-1.3143981933593523,1020.4701627604168,13.405533850193024,74.99725935856502,1385.3862915039062,2.6823669433593977,-0.48023071289060226,0.7846211751302311,83.89768600463867,91.24305566151936,344.3263883590698,35.808313641139975,32.1967676521783,-6.582553609212198,-1.660037740071573,1021.4044661458333,16.995196888844173,86.70724245905876,1342.598711649577,5.695031738281273,-0.06763305664060226,1.4343938191731997,83.47222105662028,93.92824109395345,271.3333320617676,48.22864800907161,32.35975962859501,-6.0858050028483035,-1.0930605570475223,1020.440869140625,13.064447075128555,82.56055611371994,1377.141716003418,3.8916564941406477,-0.39066162109372726,1.0015973409017154,81.17592557271321,93.24444405237834,236.5277762413025,37.41499653986792,32.037217981153454,-6.637803141276038,-1.8918390909830691,1021.1158854166667,16.147443152964115,85.6669430732727,1367.8616358439128,5.463891601562523,0.04003295898439774,1.571522013346377,82.81435108184814,92.69583352406819,287.951388835907,44.853235159061555,32.252835809784806,-5.905669911702432,-1.0496480305989166,1020.144130859375,12.887715708464384,72.18029296398163,1375.5911509195964,3.9569335937500227,-0.43677368164060226,0.9364219665527571,83.32268492380778,96.83009243011475,292.77083444595337,39.170188565124256,30.96126745346238,-6.461302185058571,-1.600303395589151,1021.0989713541667,15.449837734301886,77.98307307561238,1308.620002746582,5.124780273437523,-0.20163574218747726,1.5592043558756739,82.54861005147298,86.54768482844035,286.7083328962326,41.59505303262227,31.229270328659283,-5.784820302327432,-1.1071291605631473,1020.0749381510417,13.30111030737559,84.14694554607074,1318.7002283732097,4.817651367187523,-0.30545654296872726,1.0108708699544497,86.07499980926514,95.1796293258667,359.416668176651,41.713892016760056,30.80628913260937,-6.2346328735351335,-1.0921475728352448,1020.6437923177083,14.495004897316297,75.01731652021408,1311.258710225423
2022-02-08,6.331811523437523,-2.7578491210937273,0.8848383585612206,70.55185079574585,44.819444398085274,234.1666717529297,20.610826313199208,12.553767067032544,-1.7728103637695085,-4.177019500732399,1034.0664453125,14.160220483938852,87.96842640638351,262.3220405578613,6.445153808593773,-1.9453186035156023,1.2647974650065332,71.7453719774882,68.45416680971782,290.33333587646484,25.74020540162385,13.60906806160591,-2.7284022013346316,-3.5373138427734148,1034.5280078125,7.674956142902374,80.05459225177765,328.9024567604065,6.609948730468773,-2.0640930175781023,1.3096265157064029,72.06573963165283,50.54676032066345,14.937500238418579,21.877703085780805,13.145950957103105,-1.4474993387858035,-3.4465393066406023,1033.550107421875,9.510421931743622,85.33653491735458,274.6891978581746,6.045037841796898,-2.4068054199218523,1.0876887003580957,73.51064888636272,61.45879681905111,330.15278244018555,24.299581628660345,13.346585266590559,-2.4735689798990848,-3.3551175435383698,1034.54201171875,8.706469158331553,93.15866508086522,319.6383768717448,5.637353515625023,-1.9178527832031023,1.2936670939127832,73.03333282470703,59.506945729255676,7.11111119389534,22.180655774346242,14.158137040029535,-1.9214449564615848,-3.215142313639319,1033.4061197916667,12.820115973552069,54.64164794484774,314.0170663197835,6.181359863281273,-2.2579711914062273,1.1379269917806216,70.12592665354411,68.25092510382335,330.99306297302246,21.781810991813952,12.675845627439125,-2.2977902730305573,-3.965519968668616,1034.2455110677083,10.232589463392893,82.95509139696757,284.7231945991516,5.812310791015648,-1.8478149414062273,1.3374661763509341,74.31249984105428,59.29444456100464,4.027777701616287,21.63325326378302,14.191883793053407,-1.9331789652506473,-2.9110969543456804,1033.2633984375,11.880590309699377,46.93101865053177,323.7048816680908,5.738610839843773,-2.4643005371093523,1.1055503845215071,69.21527608235677,56.04675853252411,326.6666564941406,21.158873196779414,12.183367158586316,-2.1656987508137604,-4.206086222330725,1034.115341796875,14.056759973367056,72.1108717918396,265.14417123794556
2022-02-09,8.797692871093773,0.23970947265627274,3.4394622802734602,75.47870365778606,15.241666773955027,3.4999998807907104,9.975919699541969,5.850907971586669,2.7304117838542084,-0.659581247965491,1030.5798763020832,-8.502623558044434,106.55712725718816,118.49109816551208,7.839227294921898,-0.9480041503906023,2.187910970052106,71.33703645070393,9.988889053463936,234.1666717529297,8.504341043854092,5.1753323872292505,2.9460782368977902,-2.680985514322913,1031.294921875,-1.5175663232803345,108.19378052155177,99.49430286884308,8.887445068359398,0.27483520507814774,3.4837318420410384,76.17685238520305,16.664352118968964,5.333333373069763,10.006060783307863,5.99228157926355,2.7851259867350677,-0.4857213338215729,1030.6142936197916,-8.573716243108114,105.91496360301971,115.53723108768463,8.109155273437523,-0.8680175781249773,2.3759462992350486,72.22824192047119,6.639814938729008,15.0,8.122326126902419,5.06504867602539,3.4503888448079465,-2.3287350972493073,1030.6542740885418,-1.7148280143737793,108.46748079856236,96.38802301883698,9.250878906250023,0.32521972656252274,3.6702362060547102,75.34398174285889,15.599074468016624,0.0,10.01410562384535,6.406348183066483,3.301338450113974,-0.5079012552897098,1030.6200911458334,-8.0513776242733,106.09327753384908,116.80807375907898,8.120294189453148,-0.8641418457031023,2.3909889221191634,75.71388864517212,6.051851997772853,7.5,8.876690276559877,5.377730312611504,3.2756680806477902,-1.6483151753743073,1030.66845703125,-3.208523760239283,108.29292639096577,99.67498735586803,9.454461669921898,0.22042236328127274,3.688722229003929,75.27314853668213,17.62963016082843,0.0,10.046777060385255,6.88730950936646,3.6216280619303802,-0.5361427307128679,1030.4017252604167,-8.294086217880249,106.8160367210706,116.00713594754536,8.167291259765648,-0.8007568359374773,2.4751869201660384,78.1500015258789,7.3268520481263595,4.9999998807907104,9.446628072691004,5.73044711705542,2.881832377115927,-1.1145296732584598,1030.6781868489584,-3.905874381462733,107.7199830810229,106.12005257606506
2022-02-10,10.173638916015648,0.42196044921877274,4.280623372395856,71.13055467605591,58.345833495259285,0.0,18.383396880802767,11.819056930958814,2.601466115315759,-0.7362503051757585,1024.9829069010418,-4.640133435527484,96.83805445830028,307.15083320935565,10.442620849609398,0.22628173828127274,4.466003672281924,70.70555448532104,37.46018496590356,3.4999998807907104,18.416049558356388,11.73640587372905,2.4136876424153684,-0.7107948303222429,1024.8961328125,-8.713589787483215,107.01329497496288,329.67207928498584,10.392968750000023,0.45974121093752274,4.515279388427757,70.44444449742635,58.05786934494972,0.0069444444961845875,19.613112625186155,12.430112853068193,2.6577939351399777,-0.6426058451334598,1025.0939908854168,-7.129771675293644,99.41333210468292,349.1023732821147,10.647363281250023,0.42089233398439774,4.678919728597028,69.97453721364339,35.21388864517212,5.368055582046509,20.479085434305947,12.82802720893382,2.6991452534993527,-0.6372512817382585,1024.8869661458332,-8.80883975327015,107.97922543684642,368.24296347300213,10.583032226562523,0.5708251953125227,4.710023498535179,69.23981364568074,55.64490728576978,0.013888888992369175,20.355120132302556,12.99491215106002,2.9953653971354584,-0.6802009582519304,1024.635654296875,-7.687948182225227,96.88103493054707,373.6274041334788,10.279626464843773,0.5413757324218977,4.587341562906924,69.90648174285889,51.32777767380079,0.013888888992369175,18.571469494912847,12.252673120145275,2.692975616455101,-0.7130060831705691,1024.8879720052082,-6.550748979051908,97.6637770930926,340.20465874671936,10.643945312500023,0.5926757812500227,4.6960311889648665,69.7138900756836,57.33426038424174,0.0069444444961845875,20.44321318865476,12.938415635664088,2.902936553955101,-0.5992874145507585,1024.5450227864583,-7.278495103120804,96.28710997104645,376.31957817077637,10.367547607421898,0.5952392578125227,4.485463714599632,69.99861033757527,52.73425863186518,0.0,18.254369377113328,11.597953484824608,2.7457214355468977,-0.7917821248371979,1024.6502083333332,-6.063527810076873,98.51247988144557,302.2242693901062
2022-02-11,4.936578369140648,-0.14185180664060226,2.582598622639997,85.14768441518147,93.16805521647136,114.05555502744392,21.773864674654593,16.807595987049055,-4.285341644287087,0.24770253499349337,1028.0707486979168,9.219536781311035,58.65666647255421,716.5806032816569,4.505822753906273,-2.2375854492187273,1.629591878255231,84.8671309153239,80.78333282470703,97.38194385776296,22.7837457502155,14.474158086457587,-5.301775360107399,-0.7411229451496979,1030.1459049479167,18.42296451648387,66.113517579933,647.1315330266953,5.026147460937523,-0.8765014648437273,2.492860412597679,85.08379713694255,82.31435187657674,131.8958342988044,22.317013708062678,16.063567725526593,-4.083147430419899,0.16714757283529025,1027.8916276041666,13.200410153716803,52.7794429436326,668.6732749938965,4.833032226562523,-2.4308532714843523,1.4916905721028872,84.2736104329427,83.8847218354543,83.88194491993636,18.944493087989752,12.256539729497055,-5.746324920654274,-0.9534388224283816,1031.3571516927084,21.634509469072025,33.8181479498744,598.6917153994242,4.967462158203148,-1.1401123046874773,2.4742294311523665,84.42083326975505,85.00879685084026,105.82638895511627,22.677158359315342,15.708394882357217,-4.280355834960915,0.03329747517904025,1028.350087890625,15.44944096232454,43.75166741013527,682.9184068044027,4.927026367187523,-1.1370300292968523,2.16480153401695,85.76898225148518,94.13935120900472,125.2916664192453,20.850565351747317,14.853052289475928,-4.489453379313147,-0.04529546101883852,1028.0723828125,14.520743178203702,48.30490616212288,621.9677721659342,5.285974121093773,-1.0018676757812273,2.5681180318196843,84.71851825714111,86.44675819079082,114.83333365619183,22.639104399010897,15.429041453576124,-4.264810943603493,0.17305399576827085,1028.5326725260418,15.58796956638495,38.783981996277966,700.8271058400472,5.113793945312523,-1.6557983398437273,2.1210418701172102,87.87546348571777,89.81064748764038,140.2500013653189,18.4247282767739,12.200177029898128,-4.2194109598795535,0.26591898600264585,1027.2973860677082,15.931668256719908,32.18027815967798,488.1938238143921
2022-02-12,4.441247558593773,-1.9693359374999773,0.5471410115560124,76.99212869008382,24.40370323260625,157.16666793823242,18.687304070125574,10.09162937924142,-3.4545247395832916,-3.220568084716774,1030.7839876302082,20.929601042356808,117.720649878184,290.17769145965576,3.9204956054687727,-1.5815185546874773,0.4079045613606998,82.28055636088054,50.896759470303856,184.13888883590698,18.448720705302907,10.309005890437755,-4.0307627360026,-2.419383748372354,1031.491376953125,14.751041581233343,111.26444365580876,392.4876166184743,4.673669433593773,-1.7600769042968523,0.571992492675804,77.26435232162476,20.158333251873653,63.16666603088379,18.605872747041264,10.125669067940976,-3.1209676106770416,-3.168450419108069,1030.9349348958333,23.92324873308341,117.89296360810597,279.36065284411114,4.020288085937523,-2.0476135253906023,0.17456715901694983,82.3874986966451,34.31898178656896,206.09027576446533,18.616303934208865,10.121530216502354,-3.8492149353027116,-2.6597923278808366,1031.0138313802083,20.86200816432635,116.00694433848064,303.4627151489258,4.615563964843773,-2.0326904296874773,0.29231033325197586,74.74120314915974,6.659722288449605,5.833333253860474,18.751997056445724,10.273180742398731,-3.1769317626952898,-3.9434481302897098,1031.1798958333334,29.391301984588306,118.5008333126704,272.35016361872357,4.174371337890648,-1.8725952148437273,0.15856196085614252,77.69537083307902,22.577777965615194,154.94444751739502,19.18940604313016,10.017458985486991,-3.5069348653157135,-3.508158111572243,1031.0758333333333,25.236617585023243,117.86463137467702,289.89796328544617,4.703698730468773,-1.9911865234374773,0.3627283732096582,75.48333374659221,7.466666529575984,0.1666666679084301,19.52297862602843,10.142108275046057,-3.2270708719889285,-3.7561846415201785,1031.2671875,28.81744360923767,118.40379726886749,270.75903455416363,4.376031494140648,-2.2277587890624773,0.24543024698895502,77.89953692754109,18.673610744376976,161.33333587646484,19.145182224647204,10.149725965965308,-3.1644475301106354,-3.382256571451819,1030.8277311197917,26.10639362409711,118.09870382150014,269.919631878535
2022-02-13,8.288140869140648,-0.9989990234374773,1.9097902933756739,55.70601733525594,35.579166577508055,0.0,9.898822543613804,7.762893584015927,0.7905390421549896,-6.46249109903971,1021.4564290364583,-2.3998112281163535,118.7443521420161,120.66979678471883,8.775598144531273,-1.0016845703124773,2.27848078409833,57.62870454788208,43.5291670759519,157.16666793823242,10.355300680660797,8.085048458928478,0.7517969767253021,-5.563225809733069,1020.568291015625,-2.321534355481466,115.67676413059235,135.82210652033487,8.395959472656273,-0.9535278320312273,2.0227689107259343,55.28055477142334,42.34212917089462,0.0,9.583054108266117,7.628071924433318,0.8125651041667084,-6.427557373046852,1021.4481901041668,-3.1030875047047934,117.3269065618515,118.7047545115153,8.694696044921898,-0.9848999023437273,2.217005666097028,57.02037032445272,29.58333345254262,63.16666603088379,10.127144426042047,8.000053225082022,0.947578684488974,-5.800966644287087,1020.9057194010417,-1.6837794482707977,116.72713120778401,128.71550567944846,8.327661132812523,-0.8978332519531023,2.0052352905273665,55.68101851145426,40.383796686927475,0.0,9.131235942267923,7.822641391641945,0.6922571818034271,-6.315873209635413,1021.7229264322917,-2.6814674139022827,118.39816586176555,118.54205465316772,8.660485839843773,-1.0007995605468523,2.1504824320475486,57.02129602432251,43.83287050450841,5.833333253860474,10.373801186963194,8.060211453195803,1.0485931396484602,-5.846448008219397,1021.1777994791668,-5.829516649246216,117.12101642290752,120.10216085116069,8.404351806640648,-0.8238891601562273,2.006698862711611,55.49027792612711,41.39536985817055,0.0,9.837283414931917,7.970413203516364,0.7174201965332259,-6.372555796305335,1021.5998046875,-2.438311755657196,118.23295827706654,116.9522655804952,8.516473388671898,-0.9370788574218523,2.0686698913574446,57.0546301205953,43.823610623677574,0.1666666679084301,10.008908739007666,7.921378894799034,1.0547119140625227,-5.9444043477375885,1021.359443359375,-4.418643534183502,117.32750022411346,117.4981923898061
2022-02-14,8.872979736328148,-1.9140075683593523,2.0156290690104393,53.66296227773031,3.125462998946508,0.0,9.295539791959227,7.607568614472231,3.4572934468587277,-6.953192138671852,1012.855556640625,0.48002217213312787,120.71824443340302,114.34111766020457,8.767419433593773,-2.0998596191406023,2.1139083862304915,53.072684367497764,19.554629772901535,0.0,9.982309279768437,7.169863266249561,2.904298400878929,-6.982316080729163,1012.7254850260417,-2.462584654490153,118.32670656840007,107.19200082619984,9.095880126953148,-1.7960876464843523,2.2069310506185125,52.73472213745117,7.897685004087786,0.0,9.790322338258969,8.275845669891103,3.3509078979492415,-7.02086486816404,1012.4186946614583,0.29446204503377277,120.93527591228485,124.78248524665833,7.865747070312523,-2.0890563964843523,1.860274251302106,50.78333377838135,20.008333299309015,0.0,9.630189116775261,6.056868456887194,2.496069844563806,-7.773785654703772,1012.703408203125,0.15109318494796753,121.59851845105489,119.04927968978882,9.348260498046898,-1.5276855468749773,2.4811632792155174,52.473147551218666,11.313888462260365,0.0,10.973300270859452,8.548592475916216,3.3568906148274777,-6.814086659749307,1012.0665983072918,-2.6154147485891976,120.13379557927449,133.37734452883402,8.597772216796898,-1.9518798828124773,2.0225641886393455,52.58657352129618,15.043055693618953,0.0,9.402540699713347,6.238383283175476,2.9449249267578352,-7.189484659830725,1012.9193815104168,-0.47440214455127716,120.00074009100597,107.3251467148463,9.345452880859398,-1.2993530273437273,2.6718739827474187,50.73657496770223,8.222685126277307,0.0,10.261073298333795,7.042574869590227,3.2017735799153684,-7.0355056762695085,1011.9675162760417,-3.8588861922423043,120.05831754207611,129.90955686569214,8.578027343750023,-1.9569458007812273,1.9174158732096582,54.14212958017985,9.867129690013826,0.0,9.439551588485138,6.900990907741531,3.0788055419922102,-6.894472503662087,1012.623193359375,-0.799173633257548,120.20148078600566,114.16410446166992
2022-02-15,3.5196472167968977,1.6733947753906477,2.4947245279948143,88.10601838429768,95.74768463770549,19.416666742414236,15.144539268601715,11.367448316575349,-2.0097437540690066,0.6341440836588959,1016.9005891927083,0.8137769948807545,12.39416698118051,413.19861761728924,3.4388366699218977,0.5737548828125227,2.0847399393717674,88.89629618326823,91.65786933898926,7.562500137835741,13.64953230522076,10.578067141673747,-1.7352864583332916,0.3617467244466184,1018.0310384114583,1.4351127743721008,12.26409262418747,341.8326743443807,3.6946960449218977,1.3550048828125227,2.6961647033691634,88.27453645070393,96.03657372792561,8.770833302754909,16.598142191904028,12.2744753053833,-1.885764821370401,0.8766621907552121,1016.723115234375,0.6677905470132828,11.925185004870096,463.04345480600995,3.4730773925781477,0.9245849609375227,2.388323720296247,90.73518562316895,96.85185241699219,13.666666645556688,12.257052620506578,9.91425608537345,-1.8170583089192291,0.9739827473958371,1017.1909049479167,-1.8715539624293644,12.009611134727797,351.875306447347,4.308953857421898,2.1163574218750227,3.0004376729329656,88.48610941569011,96.03842480977376,35.96527763875201,18.40566436389606,13.80511137068749,-2.1173105875651004,1.2325594584147552,1016.476787109375,-0.8112965971231461,16.336444730559986,569.7744471232096,3.5133911132812727,1.2678771972656477,2.531855519612653,90.17962837219238,94.9310188293457,27.20138888899237,16.24797170932719,11.578852852936478,-2.0686782836913835,1.034969584147177,1016.9309928385417,0.5055244167645773,13.048296372095743,429.57625007629395,4.638970947265648,2.4255920410156477,3.213881429036481,89.6643517812093,97.9962968826294,43.49999940348789,19.120879511126546,13.542322410327465,-1.958043162027991,1.6325508117676009,1016.2357291666667,-2.39716757585605,20.037352417906124,569.0695603688558,2.9692932128906477,1.2072387695312727,2.1713373819987205,89.78518549601237,94.23657417297363,24.284722220152617,15.981433650603448,11.780574025762148,-2.025047047932901,0.5802742004394759,1017.080625,3.659231166044871,8.004537085692087,403.3957052230835
2022-02-16,8.281213378906273,0.5108276367187727,4.321378326416038,76.77453597386678,98.55972290039062,85.4513897895813,31.3518838019699,20.212827187818796,0.3425804138183821,0.476472473144554,1013.8622916666667,-5.372937738895416,29.315611402193706,667.7686195373535,8.493432617187523,0.04909667968752274,3.9168195088704656,80.67453861236572,86.85833350817363,85.48611104488373,33.64128721889045,21.79033811828617,0.6264790852864621,0.8263425191243527,1014.3624934895832,-7.2905135949452715,19.930166323979694,662.6515299479166,8.076287841796898,0.39046630859377274,3.971345520019554,78.66759252548218,91.52962986628215,63.94444406032562,32.223439470163946,19.27281530916864,0.3376429239909271,0.4886540730794309,1013.68279296875,-3.546525518099467,29.11798059940338,635.1072622934977,8.233605957031273,0.20220336914064774,3.7456451416015852,82.15416622161865,94.41388893127441,84.90277808904648,32.02686983238279,20.829659225760494,0.4620592753092865,0.9304748535156477,1014.1531510416667,-7.101570139328639,14.066685239473978,650.930742263794,8.551507568359398,0.26717529296877274,3.9703956604004134,78.45879570643108,95.6916659673055,47.527777791023254,34.72817402356209,19.299112792021248,0.316285705566429,0.45517374674483335,1013.3232486979167,-4.04552408059438,28.446889122327168,628.0295728047689,8.238549804687523,0.5288330078125227,4.148662821451846,80.24212964375813,98.24351851145427,112.88888812065125,33.05071207586083,21.529340590095234,0.2833165486653684,0.9900413513183821,1013.627646484375,-7.692955553531647,17.35218592484792,714.1233348846436,8.537438964843773,0.49773559570314774,4.0910914103190335,78.3754620552063,96.49398231506348,27.48611081391573,34.15246993583325,19.283453538130633,0.35156656901045835,0.5592043558756927,1013.0291536458333,-3.7961083253224692,27.290258924166363,637.4633757273356,8.033868408203148,0.35799560546877274,4.245095825195335,78.24351930618286,99.71296278635661,91.97916507720947,32.012803940305204,19.890567736534816,0.2703046162923215,0.677607472737634,1014.4209309895833,-6.6426467796166735,26.718629519144695,683.2864074707031
2022-02-17,11.897515869140648,5.139825439453148,9.47142054239911,69.49537102381389,89.63518555959065,134.16666650772095,49.363570701326644,40.828883474154026,2.4974456787109602,4.128553009033226,1010.0730826822917,-30.051456928253174,81.33036988973618,1631.3927892049153,11.525415039062523,5.453271484375023,9.322251892089866,68.4259246190389,94.45833365122478,161.28472328186035,46.65935053472135,39.650254466926555,2.5632555643717865,3.735340372721396,1012.1922395833333,-28.121474981307983,61.62779715657234,1502.0403594970703,11.917443847656273,5.622613525390648,9.59485778808596,70.4856481552124,95.05879720052083,140.5208330154419,47.67439320671036,40.74971833617718,2.4582865397135834,4.457617696126306,1009.70740234375,-27.450869917869568,70.81931403279305,1685.162592569987,11.769219970703148,6.816857910156273,9.654248809814476,73.71759351094563,94.01805528004964,204.13194274902344,47.73482375443505,39.00565078750785,2.8859357198079465,5.158108011881552,1011.8211360677083,-34.42271606127421,71.67694429556529,1498.6426798502605,10.650628662109398,6.200738525390648,9.298159535725935,72.86527554194133,93.04074096679688,162.93055486679077,46.406155783917406,39.29505604126537,2.408034261067712,4.639011637369833,1009.5255891927083,-25.15903474887212,46.449242075284324,1661.2227121988933,11.852868652343773,5.767144775390648,9.55079294840497,71.44675985972087,85.30601867039998,137.93055534362793,45.7846990650035,38.765477824761895,2.6307718912760834,4.612001037597679,1011.4572135416668,-33.322307427724205,89.81729749838512,1575.145757039388,10.717645263671898,5.983728027343773,9.220029449462913,72.65092658996582,89.36759376525879,94.5416671037674,48.33350329126245,40.09094255928455,2.3516886393229584,4.514752960205101,1009.1697786458333,-23.538992702960968,52.24592616160711,1677.0057220458984,11.678033447265648,5.538598632812523,9.440775807698591,72.08425903320312,92.67777760823567,118.84722208976746,46.236666713159266,39.986240908861696,2.518537139892601,4.6427169799804915,1011.027177734375,-28.641297856966656,58.49133195479711,1593.8478724161785
2022-02-18,12.978845214843773,4.464562988281273,8.331091817220075,71.47453625996907,92.97592608133952,105.65972518920898,29.539717508539493,17.299152864418872,2.9184242248535384,3.2645266215006927,1012.7093098958333,-19.658782069881756,95.5922071536382,707.2562421162924,13.272485351562523,4.494561767578148,8.302007293701195,70.94814825057983,82.65277814865112,151.63194704055786,32.945012598657314,15.6042441339131,3.0009768168131927,3.0885164896647552,1014.0491080729167,-19.010888646046322,109.34511013825734,680.0600528717041,12.665368652343773,3.7653747558593977,8.013008371988954,70.22175963719685,89.28935114542644,72.20138883590698,28.779057390859048,18.31469135981126,2.7894645690918196,2.6863583882649777,1012.7604459635418,-17.10772932569186,92.20685156186421,712.9879576365153,14.067071533203148,4.492364501953148,8.539348856608095,73.25046491622925,96.042129834493,163.09027910232544,35.781941467501646,16.791040045619372,3.320631917317712,3.8369143168131927,1013.1263932291668,-20.865431427955627,87.64763073126475,707.7889385223389,12.456384277343773,3.8198791503906477,7.8726872762044495,70.45925807952881,95.65231513977051,29.437498807907104,29.762360544718103,19.571240394331728,2.7023495992024777,2.6268656412760834,1012.718203125,-16.373737772305805,80.0687034924825,757.3073170979818,13.856835937500023,5.023278808593773,8.66544876098635,75.72685194015503,84.88796313603719,217.8958282470703,29.399049736701013,16.166504335496196,3.2112174987793196,4.47720870971682,1013.140439453125,-21.613112690548103,86.63498171170552,716.9587484995524,12.160913085937523,4.151605224609398,7.9648605346679915,71.35740756988525,89.15138785044353,2.819444462656975,31.089227227934494,19.654750027365726,2.930012003580771,2.920259094238304,1012.3321875,-14.814829856157303,67.19703729947408,741.5510896046957,13.474053955078148,4.551507568359398,8.379519399007185,73.64120213190715,80.52175823847453,137.11111450195312,28.032253169107438,17.1771339502745,3.0460080464681027,3.7602516174316634,1013.0100455729167,-19.391243035594623,93.10997970898946,720.8926792144775
2022-02-19,6.067742919921898,0.8449645996093977,3.75840021769208,67.94444417953491,75.85555537541707,59.73611056804657,30.752661740223346,22.597729574227305,-3.965738677978493,-1.8278017679850223,1018.6181477864583,18.82341221968333,117.89074047406514,1231.8156878153484,5.592065429687523,-0.24893798828122726,3.3092984517415593,71.9212965965271,96.86296240488689,169.18055534362793,29.7700303505093,22.096997671047564,-4.413627370198526,-1.4843620300292741,1019.4030891927083,24.238819656272728,92.22777724266052,1213.6308682759602,6.337274169921898,1.2106262207031477,3.981646474202497,67.95000012715657,65.75231417020161,63.62500023841858,30.629225983442126,22.848094688510432,-3.7013140360514285,-1.6156740824381473,1018.2091178385417,18.307850817839306,121.26203815142314,1244.8448543548584,5.655755615234398,-0.27088012695310226,3.2272125244140852,72.856019337972,92.83611138661702,146.9166660308838,29.17646730314392,21.52045144472665,-4.284908040364542,-1.3750556945800554,1019.1399186197917,23.503024290005367,94.25972215334575,1153.5610631306965,6.037164306640648,0.8775878906250227,3.800099945068382,65.47037140528361,54.803240617116295,59.13888728618622,31.16364856708916,23.095006744660566,-3.9246404012043854,-2.3344673156738054,1018.8576985677083,20.142544279495876,128.85453899701437,1252.54576365153,5.986871337890648,0.06386718750002274,3.4359769185384343,69.83379570643108,82.80231523513794,85.98611211776733,29.859249745891393,22.061345874682928,-4.29909998575846,-1.7643506368000885,1019.1783756510417,20.60514835516612,119.55786903699239,1223.3307304382324,6.772027587890648,1.3161254882812727,4.282484944661481,67.32175970077515,62.395833015441895,51.23611032962799,30.864931437451926,22.58109515823023,-3.3583142598469635,-1.480949147542276,1018.3736946614583,16.873979712526005,125.61546103159587,1212.517765680949,5.999810791015648,0.29036865234377274,3.5652086893717674,71.29212935765584,74.69722255071004,67.90972328186035,28.68869462941818,21.36436395315211,-3.9248349507649323,-1.4294443766276004,1018.6653059895833,19.859863325953484,122.28444361686707,1165.1439838409424
2022-02-20,7.608392333984398,1.4897094726562727,5.005002593994163,71.14490779240926,92.36388961474101,17.555555254220963,35.82379394486838,28.18961338376759,-1.2038647969563385,0.1595881144206146,1017.5815169270833,-4.7224362678825855,71.67944431304932,1053.950912475586,6.882562255859398,0.6970458984375227,4.440521494547549,76.31342665354411,92.77129658063252,82.86111044883728,36.362071438654304,28.459330411895227,-1.8324556986490848,0.5885126749674896,1017.777509765625,-5.189559309432904,66.14981547991435,1065.519526163737,7.847833251953148,1.6048828125000227,5.190569814046246,71.87268511454265,93.56666628519694,11.11111119017005,35.83866210000546,28.77433060471328,-1.1193438212076785,0.4743464152018646,1017.151142578125,-5.186135940253735,65.95536814133327,1093.903907775879,7.930566406250023,1.1787048339843977,4.932672119140648,75.39537048339844,93.02870432535808,83.79861211776733,35.84436277661807,29.623371031842282,-1.1353604634602448,0.8637189229329465,1016.8870670572917,-7.943596492211024,65.11500000953674,1084.1001116434734,7.822930908203148,1.8755126953125227,5.184612528483096,70.31990750630696,94.11203734079997,6.326389056164771,35.738479987008134,28.407633545633455,-1.0674702962239166,0.18333841959639585,1017.5565625,-3.987100158507625,68.4204611380895,1070.9494323730469,7.138482666015648,0.9048706054687727,4.6781071980794495,73.34398078918457,93.34444578488667,71.38888931274414,34.86211767278087,28.47316503902808,-1.3350802103678348,0.2600977579753021,1018.118017578125,-6.122733196864526,78.00898043314616,1024.7661895751953,8.310083007812523,2.0988098144531477,5.353604888916038,70.54444408416748,94.45462958017985,9.041666513308883,35.31055270732823,28.591950852916654,-0.9068181355793854,0.3668571472168196,1017.6862923177083,-5.5397628247737885,74.56027676661809,1077.8864618937175,7.689630126953148,1.4804321289062727,4.814898427327496,72.89999961853027,90.13055515289307,60.819443702697754,35.812647308818214,27.944696786364613,-1.3128850301106354,0.3164065043131927,1018.085126953125,-5.3824730316797895,83.20212946335475,1018.4792327880859
2022-02-21,7.919580078125023,1.5866638183593977,4.540235137939476,67.23657321929932,78.30601914723714,70.93055558204651,42.487909231618794,36.69449994111949,-3.078586324055948,-1.232481384277321,1008.9655891927083,10.715470659236113,124.97751808166504,1689.533950805664,7.380395507812523,1.5452209472656477,4.377615865071637,69.18518606821696,73.57916605472565,62.437500059604645,40.62778005901693,36.388391303176995,-3.1823308308918854,-0.9568974812825104,1008.44572265625,8.330413597015044,122.32027663787206,1639.014175415039,7.683007812500023,1.8588500976562727,4.58353703816734,66.41018470128377,80.04537026087444,53.53472267277539,42.746933647345806,37.46162161824391,-3.1361412048339616,-1.257664744059241,1008.7176334635417,10.366758445898691,120.92638570070267,1704.9390157063801,7.449304199218773,1.2748657226562727,4.472552235921246,66.631942431132,71.02777737379074,58.39583337306976,41.598535099937024,37.08027064719305,-3.1429593404133698,-1.407408142089821,1007.722275390625,8.799228909735879,127.46164870262146,1719.9557495117188,7.705957031250023,2.3862548828125227,4.788681284586612,66.46527703603108,78.54629631837209,70.6597212255001,41.65285364462841,36.70561125096047,-2.8286867777506473,-1.0983426411946198,1008.45490234375,9.395330289999643,119.93851776917775,1720.3118896484375,8.040643310546898,1.7971435546875227,4.539874013264996,66.98842604955037,73.60740617911021,58.18749979138374,41.98404398972208,37.901543113488586,-3.154544576009073,-1.2476511637369754,1008.0076953125,9.204712126404047,127.12884891033173,1734.3803151448567,7.771386718750023,2.2313476562500227,5.080874379475934,69.43888982137044,77.33796286582947,97.90277803083882,41.73928377131506,35.43001634238533,-2.2353411356608035,-0.19226048787430727,1007.93673828125,6.642626891533534,115.07388925552368,1667.6497599283855,7.790490722656273,1.9085937500000227,4.498232777913434,67.00694370269775,77.72129638989766,68.33333384990692,42.279542663855025,37.337556424483346,-3.167094930012979,-1.3061241149902116,1008.2146419270833,9.81945457185308,124.54847923914592,1741.1787821451824
2022-02-22,6.071343994140648,1.4360900878906477,3.502154286702497,79.04213047027588,81.19537003835042,186.47222471237183,30.207459155963214,28.150750607372576,-3.902245585123694,0.1354118347168196,1021.3296028645833,5.344573237001896,112.6895006497701,1196.2507298787434,5.743615722656273,1.0030456542968977,3.0298744201660384,81.04768625895183,86.97037092844646,171.06249856948853,32.409215957301654,28.28442063737258,-3.9742378234863054,-0.003024800618447898,1020.3238248697917,5.961330632368724,106.03740639487903,1203.6009877522786,6.182183837890648,1.6340576171875227,3.476253763834658,78.52222347259521,87.94768492380778,151.25694465637207,32.65270384611093,27.470085765548433,-4.078005218505837,0.024245198567712123,1021.2617317708333,4.973264033595721,101.30362844467163,1227.9881388346355,5.842736816406273,1.1899047851562727,3.155531819661481,80.8810183207194,81.74675909678142,147.98610973358154,34.220700214190664,27.680297767269632,-3.9022099812825104,0.04022623697920835,1020.7979915364583,4.4927308062712354,114.49924051761627,1183.7144139607747,6.130517578125023,1.5817810058593977,3.5824651082357,78.74722258249919,83.03657325108846,72.63888883590698,30.726793008098518,27.82601123653539,-3.9663998921711823,0.18153661092122775,1021.2881412760418,3.667298946529627,102.4608375231425,1230.2004648844402,5.757043457031273,1.2580505371093977,3.016830698649111,80.77500009536743,88.417129834493,160.8333339691162,32.087921255584604,26.5420068258821,-4.145189666748024,-0.09495646158853788,1021.231748046875,6.567213733990987,105.30990822116534,1128.3445231119792,6.058160400390648,1.7419982910156477,3.6588429768880437,79.73981539408366,82.59675884246826,66.4791659116745,30.97011058744725,27.84553547345767,-3.8026565551757585,0.432594553629599,1021.254912109375,3.4004802207152047,97.08044616381328,1223.9600652058919,5.728906250000023,0.9574523925781477,3.11133473714195,80.51944382985432,87.70462942123413,214.97916793823242,36.88189517607226,27.693130918322918,-4.198815409342444,-0.009926859537756627,1021.251357421875,7.26128064095974,114.70929674307506,1175.5617294311523
2022-02-23,8.872613525390648,1.8835083007812727,5.412936147054059,80.63564999898274,60.68842530250549,122.81944441795349,33.17410766889074,14.00509987558639,-0.13844909667966476,2.1702145894368527,1026.5175162760418,-11.477599049607912,118.46322464942932,668.7706100145975,8.250482177734398,1.7895446777343977,4.886018371582054,75.91018565495808,47.476852575937905,254.31249809265137,35.02032282684255,17.06997017876088,-0.21803385416666288,0.7399345397949446,1026.7796549479167,-4.755152612924576,133.25386969248453,738.3319565455118,8.812493896484398,2.0584960937500227,5.501214599609398,80.82175811131795,60.62916652361552,94.16666662693024,34.09292194953462,14.29788306390717,-0.3108657836913835,2.303993479410849,1026.3937890625,-8.799438533683619,109.77500156561534,677.848061800003,8.092187500000023,1.2776428222656477,4.673749542236351,74.18333276112874,45.73425845305125,200.6875057220459,34.324943685287195,16.690292866657128,-0.553947194417276,0.20082117716475523,1027.4881640625,-4.349509239196777,133.24707412719727,718.543129603068,9.253167724609398,2.0979248046875227,5.604884084065778,79.58287064234416,47.371295849482216,77.37499862909317,34.33514449132826,14.572061717339531,-0.5393025716145416,2.1279769897461165,1026.1574251302084,-9.607500493526459,127.19914778073628,714.0702177683512,8.446374511718773,2.0545898437500227,5.026175435384137,78.5240740776062,56.33842615286509,138.06250166893005,34.64613854635069,15.838671668083009,-0.3027430216471316,1.4045514424641965,1027.3264876302082,-6.306249885509412,115.10139052073161,695.8770098686218,8.590417480468773,2.0507446289062727,5.435211435953799,79.32731453577678,51.54861110448837,73.31944391131401,33.0952725256784,14.570851737930932,-0.5292559305826785,1.9452428181966184,1026.381826171875,-7.143048909803231,122.74424322446187,701.4421707789103,8.622949218750023,1.6697326660156477,5.180271402994815,77.45370356241862,58.00046292940775,141.583331823349,33.74657341046278,14.895195029971974,0.029351806640647737,1.3002258300781477,1026.9745865885418,-7.58177843503654,125.06755685806274,694.9689725240072
2022-02-24,11.144342041015648,1.2607055664062727,5.533916727701846,70.73102029164632,86.5439813931783,71.66666793823242,26.309040381699575,14.558130562249952,1.7722679138183821,0.27160924275716525,1019.7696516927083,-3.655535419782003,98.68357340494792,580.2008148829142,10.532739257812523,1.0576721191406477,5.162037150065127,73.95046250025432,77.58333269755046,140.66666793823242,22.8339379730301,14.081905991845188,1.2146481831868527,0.6035756429036496,1020.11283203125,-0.8469011584917704,95.00418607393901,564.3035167058309,11.333215332031273,1.3015380859375227,5.643017069498721,70.68842633565266,89.16018533706665,2.5902777165174484,25.519144714357317,14.312921741431703,2.1309181213379134,0.3596956888835052,1019.4634798177083,-5.478346834580104,100.86437312761943,564.2626611391703,10.441827392578148,1.0035034179687727,5.192522939046246,74.72037076950073,75.82824118932088,110.24999809265137,22.256432840180054,14.508154253557938,1.1536702473958371,0.8103233337402571,1020.2251692708332,-1.6949109037717183,93.37627855936687,611.7547688484192,11.365655517578148,1.0935913085937727,5.575830078125023,69.19907283782959,92.80092684427898,0.02777777798473835,27.38931803976739,14.02484113011159,2.361421203613304,-0.012341562906897252,1019.3242220052083,-5.704791183272998,101.94442431131999,524.458892027537,10.630548095703148,1.1255126953125227,5.1059229532877835,73.67638905843098,73.83981513977051,92.20833134651184,23.507178942865128,13.486050771715583,1.2683540344238509,0.5056434631347884,1020.2041927083333,-0.3748929699261983,96.52822128931682,509.76527341206867,11.590203857421898,1.0422607421875227,5.66785074869794,68.2967602411906,92.909721215566,0.0625,27.392719413459528,13.074950893909325,2.7794306437174896,-0.12169621785477602,1018.9205143229167,-6.6163316667079926,104.87047990163167,471.10586563746136,10.749993896484398,0.9690795898437727,5.1615158081054915,72.63148164749146,71.71805548667908,90.3749988079071,24.647102147219545,13.738308515072463,1.5113349914551009,0.30632934570314774,1020.00908203125,-0.7941089272499084,98.33016459147136,518.4274036089579
2022-02-25,4.701989746093773,-0.009222412109352263,2.004145558675153,72.63194402058919,84.88657442728679,41.25694461166859,27.992302135840436,21.17795577063354,-6.237191263834632,-2.7499819437662723,1026.0097819010416,23.202958243588608,123.82814749081929,1160.3750406901042,4.578942871093773,-0.7958435058593523,1.9353335062662989,74.37314796447754,80.25833304723103,106.31944417953491,25.146133261887456,18.923569308884936,-6.09428761800126,-2.4631841023762604,1025.959267578125,22.284168938795727,121.12359396616618,1039.9867871602376,5.482934570312523,0.03569946289064774,2.2849060058593977,75.83194573720296,86.84722423553467,57.145833015441895,28.29521067643438,21.518759592546832,-5.735688273111975,-1.7978157043456804,1025.1203352864584,22.589217841625214,122.33529416720073,1111.058120727539,5.583581542968773,-0.6779846191406023,2.1839042663574446,72.81064907709758,85.95787127812703,39.59722237288952,27.780863331883086,18.984483687065303,-5.981857045491495,-2.5248181660969635,1025.9871940104167,21.73593095441659,117.39837042490642,1087.3393020629883,5.919396972656273,-0.22882690429685226,2.43137385050458,75.18055534362793,86.76296377182007,56.013888239860535,29.360716686522313,20.727743271478325,-5.66832326253251,-1.8344546000162723,1024.9241048177082,20.68069790583104,125.7593325773875,1108.5722096761067,4.824975585937523,-0.39206542968747726,1.985553995768252,70.38286987940471,84.53472344080608,37.36805507540703,26.705019810174587,20.350579645393257,-6.26324564615885,-3.2411165873209598,1026.2969498697917,21.393241147200268,127.4171272913615,1142.5441614786785,5.652520751953148,-0.04163208007810226,2.8165273030599187,71.4550937016805,83.44213024775188,37.583333380520344,31.715013639019684,20.54729595123589,-5.520672861735022,-2.2650728861490848,1024.93306640625,17.86086964296798,132.59207423528036,1194.4048487345378,4.439599609375023,-0.03903808593747726,2.034070587158226,71.97037013371785,87.33009243011475,43.368055641651154,28.247218251189473,20.78173848561756,-6.2730303446451785,-2.8375012715657135,1026.1148795572917,21.37888911863168,122.49437181154887,1155.3706385294597
2022-02-26,2.0313049316406477,-2.1329711914062273,0.00402730305991857,79.55972242355347,75.73750058809917,49.4930557012558,14.555798341537063,9.710794285232994,-7.59666798909501,-3.2581746419270416,1033.6287825520833,24.27244793375333,64.6639803647995,491.18224064509076,2.4378295898437727,-2.2130798339843523,0.17280095418296545,76.81296412150066,75.62175971269608,76.63194441795349,17.821649289132235,11.083304074661982,-7.715325419108069,-3.5745363871256473,1034.5116048177083,18.232339312632877,88.94188642501831,618.9529651006063,3.5281311035156477,-1.6292480468749773,0.6237452189127831,77.08750009536743,76.86064751942952,30.59027796983719,14.483341531342571,10.493851346723096,-7.201696777343727,-3.169145965576149,1032.87435546875,17.011287599802017,97.64698173602422,579.5961621602377,2.9555297851562727,-1.7914794921874773,0.438874816894554,78.41388924916585,76.68286919593811,106.86805534362793,18.95181958450596,11.531627831940389,-7.5631787618000885,-3.0342900594075104,1034.2909537760418,18.822147051493328,83.84829771518707,630.7568586667379,3.1211486816406477,-1.9300598144531023,0.28733596801760086,77.12824074427287,73.78981455167134,20.291666746139526,14.101205820748943,9.867667597317563,-7.399528249104776,-3.467974090576149,1032.981083984375,18.630098859469097,89.08166642983754,553.138186454773,2.7943664550781477,-2.1794494628906023,0.2606152852376529,78.8865753809611,82.55555582046509,110.81250047683716,15.749245913513652,10.209702249079392,-7.648839060465491,-3.1302881876627566,1034.2483756510417,18.36413764456908,80.98607325553894,568.6068407694498,2.9975524902343977,-1.8236755371093523,0.33795064290366855,77.74814875920613,77.4759251276652,12.833333395421505,15.070811079846107,10.21465366545413,-7.434464518229163,-3.3002507527668854,1032.9881217447917,18.608032437662285,91.07022126515706,555.2744487126669,2.6536193847656477,-1.9499877929687273,0.4657353719075748,77.28101762135823,74.4648147424062,76.61805558204651,15.380898560699258,10.714727729938309,-7.60375061035154,-3.2079973856608035,1033.8553157552083,20.687260421613853,88.65772159894307,611.4907692273458
2022-02-27,5.099847412109398,-2.6268371582031023,0.35027465820314774,71.53333330154419,15.96805543700854,16.597221851348877,23.77536941814371,15.212781575745632,-6.24843826293943,-4.609250132242835,1031.34173828125,18.381581005950768,146.78657039006552,593.1608287493387,5.413598632812523,-2.6386474609374773,0.3431513468424707,72.46111170450847,8.686111082633337,54.11111068725586,25.152461125379883,16.12302986309727,-5.432903035481729,-4.427501424153604,1032.0234537760416,15.122852643330893,151.86970456441244,546.834610303243,5.233850097656273,-2.4170593261718523,0.4693478902181217,71.48703702290852,14.442129929860434,13.000000476837158,24.363944554778364,15.350535616689285,-6.130650583902991,-4.485271199544229,1031.697158203125,18.75065280745427,148.89163080851236,579.8954068819681,5.364312744140648,-2.3371643066406023,0.5233194986979394,71.46759303410848,12.537962893644968,35.66666793823242,24.916127146778003,16.51344520422273,-5.703330739339151,-4.433663431803382,1031.396865234375,17.184674036999542,150.30116176605225,590.2030156453451,5.160058593750023,-2.6030944824218523,0.39737854003908524,70.84953737258911,11.683796415726343,3.833333373069763,25.284313758144812,15.482103558112572,-6.284479522705055,-4.6623303731282135,1032.00150390625,19.527755424380302,151.44964996973673,583.732676823934,5.197717285156273,-2.7621215820312273,0.2990979512532779,70.88101800282796,7.141203694045544,24.500000953674316,23.4826221783118,15.374420450203294,-6.16706822713212,-4.7538220723469635,1031.204052734375,18.15340154369672,151.75955740610758,567.668215751648,5.097344970703148,-2.5849060058593523,0.3355473836263248,70.39768505096436,8.781944364309311,0.0,24.380945391022006,15.406473593927629,-6.417541249593057,-4.804132843017555,1031.967744140625,20.04022128880024,152.83222103118896,586.3914518356323,5.189355468750023,-2.6191772460937273,0.34696858723960605,70.53240664800008,8.15555548419555,17.500000476837158,24.690263226989757,15.626703767862999,-6.103488667805948,-4.78152186075846,1031.179658203125,17.842117557923,151.98137442270914,581.953190167745
2022-02-28,5.347192382812523,-2.9335388183593523,0.13754170735679358,63.219907919565834,5.154629603028297,0.0,14.92445397719257,10.262253279779985,-5.363485717773415,-6.502678934733069,1031.6987662760416,10.857792009909948,154.97012519836426,434.99521255493164,5.580987548828148,-3.0416931152343523,0.2466929117838769,65.57314777374268,7.603703687588374,16.66666603088379,17.456600841619093,9.369701811576808,-4.605271402994788,-5.957682037353493,1031.260029296875,8.882591297229132,154.24816544850668,391.2823344866435,5.478326416015648,-2.7500366210937273,0.2757481892903873,62.38148276011149,3.830555575589339,0.0,16.452447375133623,10.14025634642471,-5.173006439208962,-6.531530761718727,1032.0485579427084,10.702560861905416,154.88831202189127,438.0462989807129,5.579003906250023,-2.9986633300781023,0.23493728637697586,64.8175916671753,5.5745371133089066,13.000000476837158,18.192480625558936,10.5640774199483,-4.70903625488279,-6.115657552083292,1031.7612532552082,10.697069684664408,154.14725716908774,408.3295907974243,5.399377441406273,-2.8725952148437273,0.16396230061851233,62.7263871828715,3.9842592577139535,0.0,16.11760557165027,10.23506982174176,-5.225692494710245,-6.578009033203102,1032.2772102864583,11.437740842501322,155.2265224456787,430.1479838689168,5.354882812500023,-2.9733947753906023,0.07362391153973628,64.09722264607747,4.992592622836431,3.833333373069763,14.176415450920773,10.566873919478402,-5.009706878662087,-6.4247942606608035,1031.9373795572917,11.32376198967298,154.71074517567953,430.9030885696411,5.422021484375023,-2.9242614746093523,0.1638364156087467,63.72268486022949,4.7995369881391525,0.0,14.474911330928752,9.702613908705715,-5.0828320821125885,-6.396032714843727,1032.1590755208333,11.072997858126959,154.69801998138428,415.88329124450684,4.900628662109398,-3.0892700195312273,-0.1891311645507585,63.3125,5.331018454084794,0.0,13.858756097274119,10.78635779475671,-5.730173492431618,-6.827352905273415,1031.834580078125,13.82509708404541,155.26686811447144,455.20360628763837
2022-03-01,5.827813720703148,-4.169653320312477,-0.21330235799151373,54.08888785044352,0.42407407984137535,0.0,15.198233100875226,11.205815396211959,-4.259703063964821,-9.002921803792276,1030.20603515625,13.579076051712036,162.9868632952372,354.4475775559743,6.116662597656273,-3.9945129394531023,-0.13213195800778976,56.329629262288414,1.8097221969316404,0.0,17.468367341267786,13.321305565342596,-4.076912943522132,-8.351118469238259,1030.114736328125,12.395748376846313,162.26313336690268,395.98034779230755,5.799981689453148,-4.352484130859352,-0.30558878580726895,52.448612451553345,10.055555687014325,0.0,12.867072067120235,10.193021847569732,-4.174509429931618,-9.498533630371071,1029.96318359375,13.614893794059753,163.32724523544312,330.60072231292725,6.264733886718773,-3.8387817382812273,-0.007032775878883513,54.77129681905111,3.9467593850567937,0.0,19.475739362893396,13.485473470946673,-3.540580495198526,-8.611996714274085,1030.454873046875,13.4354789853096,162.24885082244873,383.63108285268146,5.588952636718773,-4.404760742187477,-0.44224777221677414,51.74073998133341,5.790277831877272,0.0,13.07554779851624,9.780344517149066,-4.37464879353837,-9.774923706054665,1030.3135514322917,14.309393604596456,163.26047881444296,331.135745326678,5.754449462890648,-4.145605468749977,-0.2682835896809668,53.505093812942505,4.079629742540419,0.0,14.718422247838804,11.515223325070231,-4.2567034403483035,-9.157748921712198,1030.2733268229167,14.545586387316385,162.94895871480307,364.9560767014821,5.499261474609398,-4.381079101562477,-0.47598495483396164,51.54953742027283,5.211111140437424,0.0,13.869107058175082,10.269379298987285,-4.362474822998024,-9.864192708333292,1030.442900390625,14.981991012891134,163.36162662506104,337.2994828224182,5.786553955078148,-4.042700195312477,-0.2453114827473731,55.127777655919395,1.3175925808027387,0.0,15.357850505227889,11.406258790662733,-4.33745168050126,-8.736569468180335,1030.1474772135416,14.058789253234863,162.77155526479086,359.08672682444256
2022-03-02,6.083337402343773,-3.0072998046874773,0.7259524027506737,53.60972181955973,83.278240442276,0.0,9.59531738593043,6.8538039872757395,-1.2614705403645416,-7.939145151774085,1024.5472330729167,0.5310272971789042,119.14325826983743,199.97756560643515,6.908868408203148,-2.8269104003906023,0.8410265604655175,54.837963263193764,58.53518563012282,0.0,12.24918192044542,7.486662784180548,-1.034459177652991,-7.6206738789875885,1025.11890625,1.0940297444661458,150.43183678012187,228.17455291748047,5.138909912109398,-2.9511779785156023,0.48310241699221024,54.8902784983317,87.44629573822021,0.35416667396202683,7.499676223441991,5.641521553810371,-1.2155517578124773,-7.80681203206376,1024.7015787760417,6.300892194112142,85.63822461784973,164.87932217121124,6.731317138671898,-2.9529785156249773,0.9769963582356999,54.01203727722168,53.116667091846466,0.0,10.261121468181916,6.682331797427615,-1.357475026448526,-7.661656443277991,1024.2774283854167,0.2456460396448771,140.30122122785542,213.976757645607,5.181665039062523,-2.8511718749999773,0.5157867431640852,56.37407445907593,89.5055554707845,0.6319444384425879,7.600464692150222,5.503052932481651,-0.9301119486490848,-7.407892608642555,1024.796572265625,4.959616581598918,86.93885104936392,159.32613134384155,5.870904541015648,-2.9453491210937273,0.6064315795898665,54.4773146311442,80.3347209294637,0.0,8.028429710015534,5.324510627981364,-1.449088795979776,-7.831819915771462,1024.385927734375,4.092355032761891,118.46233433108621,193.9142338434855,5.277276611328148,-2.9055541992187273,0.5812049865722884,55.2583327293396,82.55694437026978,0.08333333395421505,7.9323269862750605,5.651172882814659,-0.7708470662434479,-7.618040466308571,1024.5973404947918,4.70441069205602,87.41005438189798,155.81635403633118,6.116662597656273,-3.0825256347656023,0.7521415710449446,53.695370515187584,77.29907441139221,0.0,8.90278682741959,6.023239426148845,-1.5666018168131473,-7.890576426188147,1024.4671842447917,0.12794492642084757,129.00583395978902,203.57245270411173
2022-03-03,6.991601562500023,-2.4566101074218523,1.1800437927246321,54.09768533706665,16.713888825227816,1.8333333134651184,10.467800927040582,5.691227374392408,-1.3399477640787723,-7.551827494303382,1019.0406315104167,-4.872313559055328,162.35190652295327,232.66897102197012,6.554803466796898,-2.4662841796874773,1.0369468688965071,51.189351876576744,24.060647810809314,0.0,9.93327587672364,5.04892304283048,-2.385226949055948,-8.375044250488259,1018.1956966145833,-3.4210866490999856,163.03805612012124,266.77646080652875,7.115319824218773,-2.2541870117187273,1.3772496541341372,55.69675906499227,26.057407120863598,0.8333333730697632,10.226678377420495,5.7458802786510175,-1.2957328796386491,-6.932063802083292,1018.8762174479167,-7.074060370524724,159.9109831500488,223.51475004355112,6.351861572265648,-2.5301269531249773,0.8505391438802311,54.77685181299845,34.76990763346354,1.1666666865348816,9.024445744568203,5.381002460102927,-2.470543924967444,-7.67705128987626,1018.22947265625,-2.8923147320747375,155.50070467079058,279.4903275171916,7.334252929687523,-2.2416748046874773,1.4417078653971582,57.11527681350708,25.046758983905118,1.3333333432674408,9.247837623998068,5.746815258754711,-1.1884038289387604,-6.481843058268225,1018.9486458333333,-8.753106514612833,159.80457932238156,220.65020497639975,6.641717529296898,-2.3920349121093523,1.0154879252116114,55.31712897618612,20.74490784605344,2.166666626930237,9.471007068120961,5.456082149752599,-1.8471333821614166,-7.409057362874307,1018.4764290364583,-3.76087478796641,157.93226216717935,254.00042088826498,7.297723388671898,-2.2205261230468523,1.467439270019554,57.72129583358765,22.872685710589092,0.0,8.855255284388669,5.383411004225786,-1.0923637390136491,-6.331040445963538,1018.7265755208333,-8.363611951470375,159.57812856122231,220.79198424021402,6.462030029296898,-2.4862121582031023,0.9694572448730696,54.19953727722168,41.05972184240818,0.3333333358168602,10.724343801382167,5.709091339543547,-1.8810727437336823,-7.696152750651038,1018.177958984375,-2.789344767729441,150.64788697644448,246.53010952472687
2022-03-04,5.271417236328148,-3.2073425292968523,0.13009287516278314,60.213425159454346,3.4287035977855944,0.0,12.938485853466522,8.89902350923417,-5.030009969075479,-7.096066538492835,1020.2276920572917,9.799945404132208,167.49093229168406,431.63503154118854,5.412683105468773,-3.3562683105468523,0.1604337056478092,58.60462919871012,2.6902777329087257,1.8333333134651184,11.273698185610963,7.8983610251910905,-4.905938212076819,-7.4080947875976335,1020.0504850260418,9.04335535566012,168.26044065350047,394.6207154194514,5.258630371093773,-3.2922729492187273,0.06439870198569982,59.518518606821694,1.7944444893704106,0.0,14.083286995989674,9.14325359464025,-5.1556533813476335,-7.288165791829385,1020.4152278645832,10.365817691509923,167.84488787843534,422.0704708099365,5.270104980468773,-3.3747314453124773,0.03118031819663732,60.18194595972697,3.162499924811224,0.8333333730697632,14.680330761265065,10.432770608151015,-5.00310109456376,-7.2523941040038835,1019.708447265625,11.360636750857035,168.34783393734446,444.31837526957196,5.202264404296898,-3.3403076171874773,-0.0342531840006283,59.412962913513184,1.7773148541649182,0.0,12.67564396957089,8.69599047639746,-5.076554361979163,-7.455029551188147,1020.2117220052082,10.244497666756311,168.04972456488758,414.3627947171529,5.305902099609398,-3.2995666503906023,0.1320981343587467,60.05231539408366,7.462962653798361,1.3333333432674408,15.411730135982582,10.651724913406612,-5.010795338948526,-7.118157450358069,1020.176875,10.586887458960215,167.61398329927275,455.09278774261475,5.322381591796898,-3.2892822265624773,0.05287704467775711,59.20277770360311,1.5777777368202806,0.0,12.696324375004739,8.875187322534481,-4.844639841715491,-7.41189295450846,1019.7559928385417,9.712942351897558,168.0778697192048,418.54591369628906,5.223107910156273,-3.2182983398437273,0.15318959554038733,59.92777713139852,6.0865740844359,0.0,16.773537901322825,11.02970424141585,-5.053849283854163,-7.105289204915323,1019.4936555989583,11.072813287377357,166.99232910666615,483.62971417109173
2022-03-05,4.470056152343773,-3.7282775878906023,-0.47034428914385745,67.15694427490234,13.280092358589172,0.0,17.365832277631952,12.188459210502819,-6.225181325276651,-6.294040425618448,1020.744091796875,12.529141465822855,169.6843712575113,532.0982036590576,4.740350341796898,-3.5685485839843523,-0.2729286193847429,68.78333346048991,11.05046292146047,0.0,18.357592806053198,12.334392831872833,-5.912907663981116,-5.809517923990882,1020.4911979166667,11.20167569319407,169.1162948058918,523.5805387496948,4.527520751953148,-3.8207458496093523,-0.4865351359049252,66.93796221415202,24.730555435021717,0.0,16.68717418081091,11.600354415936076,-6.320366923014319,-6.369926198323526,1020.5524186197918,11.593854834636053,167.29788965452462,545.2792625427246,4.727777099609398,-3.6196044921874773,-0.2703371683756283,67.754629611969,18.72407414515813,0.0,16.402612565060686,11.072423942492819,-5.968941752115882,-5.943462117512979,1020.3642317708333,10.42679849267006,168.05729479063302,501.2996284166972,4.449975585937523,-4.001715087890602,-0.627293650309222,67.74629561106364,16.148611068725586,0.0,16.8807289389941,11.854788178934276,-6.38664601643876,-6.372558339436807,1020.6866731770833,12.497369845708212,169.48840994108468,531.0220904350281,4.684136962890648,-3.6355957031249773,-0.37225952148435226,69.21851793924968,9.6523148616155,0.0,17.563630056021324,12.249264361101526,-5.998191579182901,-5.8171218872070085,1020.851787109375,11.394820074240366,169.92622115680328,508.910231590271,4.334497070312523,-3.9504150390624773,-0.6300987243652116,67.53240664800008,15.882870495319366,0.0,17.339449969862674,12.621664440285352,-6.49868240356443,-6.424503072102823,1020.5989453125,12.71049028635025,169.03106938271472,565.1826648712158,4.616693115234398,-3.6549438476562273,-0.4001106262206804,69.09444459279378,7.138888955116272,0.0,17.924819346748055,12.822496975762702,-5.986210886637366,-5.869868977864542,1020.4794921875,12.091291089852652,169.56735001473376,540.4855588277181
2022-03-06,4.199060058593773,-4.171606445312477,-0.6504730224609148,64.32036940256755,58.81203745802244,0.0,12.38845479103018,8.395753609667858,-6.5093521118163835,-6.942578379313147,1020.9861165364583,9.520309388637543,151.99181440720955,453.27866236368817,4.361840820312523,-4.220220947265602,-0.733915710449196,64.1134262084961,10.126851896444956,0.0,14.86981666748771,10.019270239514286,-6.367739105224587,-7.125901285807288,1020.3407682291668,10.724776347478231,171.2410377766937,486.33422740300495,4.252496337890648,-4.155737304687477,-0.6661107381184669,64.37731536229451,54.63518361250559,0.0,12.582678325002941,8.861367226880017,-6.601843261718727,-6.949132029215491,1021.1953776041668,8.799406806627909,155.23955417734882,472.21317108472186,4.336358642578148,-4.287573242187477,-0.7413060506184669,64.44259214401245,15.572685162226358,0.0,13.224191605427604,8.862666734075498,-6.532906595865882,-7.089913431803382,1020.458662109375,10.59642548362414,169.9635188796868,475.1682398716609,3.7174926757812727,-4.313024902343727,-1.0178868611653418,62.54166634877523,51.75694457193216,0.0,12.53626877686835,8.750810410734411,-7.038787587483682,-7.704303487141885,1021.8256640625,11.945708493391672,151.02124224292734,477.52243185043335,4.343591308593773,-4.241583251953102,-0.6396647135416439,64.93379640579224,41.45277772347132,0.0,11.689802486314296,8.354222598800101,-6.524599456787087,-6.848468526204385,1020.7054329427083,8.792203990121683,166.07943003997207,456.0588901440303,3.8112731933593977,-4.302343749999977,-1.0110661824544043,62.82407395044962,49.306017418702446,0.0,12.934882176981922,9.209741832708952,-7.127611541748024,-7.654154205322243,1021.622890625,10.929603338241577,157.98905543237925,499.60109281539917,3.9388671875000227,-4.092047119140602,-0.7542378743489356,65.19166692097981,49.92129611968994,0.0,11.445086397083568,8.002338741308568,-6.509776814778604,-6.856125895182288,1020.4841536458333,11.761327082912127,143.50825829555592,446.55686744054157
2022-03-07,4.077478027343773,-4.232946777343727,-0.9784886678059669,61.3263889948527,9.740277647972107,0.0,13.352220478357848,9.729777887141331,-7.069408162434854,-7.868770345052042,1023.69654296875,6.16364061832428,175.3815189873179,464.1808263460795,4.749993896484398,-3.6384033203124773,-0.384336853027321,63.1953698794047,25.710648079713184,0.0,15.107564540260991,8.72931375253668,-6.207291666666663,-6.867001597086585,1022.3942252604168,3.45592200756073,172.11357433348894,462.102845231692,3.8192993164062727,-4.362921142578102,-1.1293027242024511,60.731945832570396,9.56296294927597,0.0,14.240201517551172,9.82157932793009,-7.2603655497233035,-8.161501312255837,1024.0780110677083,7.3372471034526825,175.74871983875832,467.7715603510539,4.193170166015648,-3.8458007812499773,-0.6855478922525814,62.69120343526205,27.416203419367474,0.0,14.527136113629345,9.167892334919527,-6.697808329264319,-7.302483622233069,1023.1792578125,6.28441987435023,170.89466920246682,490.8256895542145,3.2416320800781477,-4.857397460937477,-1.6698300679524511,61.51851797103882,13.203240523735682,0.0,14.110240127590558,9.781435300312182,-7.9676892598469635,-8.515545908610022,1024.3845182291668,11.008836458126703,175.30288695047298,477.65893268585205,4.413842773437523,-3.9934753417968523,-0.7097330729166439,60.57499853769938,7.304166565338771,0.0,13.43056164052895,9.000082268896877,-6.790340169270792,-7.762664540608682,1023.930341796875,4.910719553629558,175.72968513518572,438.51606329282123,2.8166748046875227,-5.313452148437477,-2.0891492207844826,60.246758778889976,12.391203805804253,0.0,14.99786172285882,9.672414146446542,-8.49612147013346,-9.18538894653318,1024.4081184895833,14.215981046358744,176.243516591688,470.1123695373535,4.186578369140648,-4.126348876953102,-0.8592081705728939,61.912962436676025,8.986111362775167,0.0,13.953520377477046,9.33590633821637,-6.873140716552712,-7.624210103352823,1023.6834928385417,5.872128804524739,175.08785055826107,459.0769302050273
2022-03-08,5.672204589843773,-4.238165283203102,-0.35742289225258145,59.05092589060465,12.718981596641243,0.0,25.462057139554,15.641425954753009,-4.826570892333962,-7.921563212076819,1023.6271354166668,0.19446269671122232,181.26807305092612,497.03126017252606,5.472192382812523,-3.7483886718749773,-0.13252614339190436,59.28379583358765,18.474999585188925,0.0,27.0035147708744,17.893706179844546,-5.366508229573526,-7.625897471110022,1023.3968196614583,2.340902884801229,180.27418923502168,582.6283988952637,5.774224853515648,-4.322851562499977,-0.3708684285481543,59.386572202046715,9.500926042596499,0.0,24.516722274517605,15.522041224652076,-4.340361022949196,-7.851208750406897,1023.8937141927083,-0.31588677565256756,181.13529458766183,472.97228050231934,5.389886474609398,-3.6860107421874773,-0.20595016479489914,61.038425286610924,20.107407357543707,0.0,26.028438854769103,16.57203885120352,-5.586498006184854,-7.319925689697243,1023.8165787760418,2.2332192262013755,178.24207776412368,557.0202509562174,5.575463867187523,-4.653662109374977,-0.6717056274413835,57.564351399739586,25.524537213146687,0.0,24.733503906089847,15.351398682590649,-4.729135894775368,-8.44717127482096,1023.9592154947917,1.1079646150271099,170.34848571941257,487.73890431722003,5.581445312500023,-4.124792480468727,-0.36395365397133145,59.46759271621704,7.761574334193331,0.0,25.627291755276083,16.12978542041791,-4.798403167724587,-7.854095204671182,1023.8055110677083,2.0305970509847007,181.9162034317851,503.2157897949219,5.572198486328148,-4.682958984374977,-0.6374712626139095,57.91990645726522,24.437499814977247,0.0,24.152956733354777,15.056930614578581,-4.9827649434407135,-8.306776428222634,1023.739404296875,0.6389512419700623,172.03562995543084,495.36973253885907,5.499963378906273,-4.198583984374977,-0.42921549479164395,59.304166634877525,8.922685137639442,0.0,25.53795307790134,15.585478427781238,-4.78654836018876,-7.94668045043943,1023.639267578125,1.2350168625513713,182.11364962905645,482.42278416951496
2022-03-09,8.122277832031273,-3.2277893066406023,1.4318583170573145,60.6754625638326,7.224073850860198,0.0,10.175171771238578,6.850474513790718,-0.5088765462239166,-5.810226186116495,1026.5908854166667,-15.647291719913483,179.77153513083854,247.08461133639017,8.338891601562523,-3.2751220703124773,1.4590316772461165,60.461573918660484,9.258333325386047,0.0,12.167050424396914,7.46239415911883,-0.3789759318033816,-5.8481341044108035,1026.891455078125,-14.012772997220358,180.01651722565293,252.13407158851624,8.080102539062523,-3.1944335937499773,1.3849591573079654,60.40601921081543,9.112963251769543,0.0,10.556451663903918,7.148168796658903,-0.727513376871741,-5.918122355143225,1026.2649544270832,-15.234648366769155,179.86955440665284,252.32991560300192,8.503930664062523,-3.0809387207031023,1.677138264973981,59.37685219446818,16.777777552604675,0.0,9.183399972967017,6.454916353842134,-0.16643625895181913,-5.869633738199866,1027.277255859375,-15.818105717500051,180.26546755308905,234.65999042987823,8.084344482421898,-2.9463562011718523,1.5199930826823145,59.402778784434,27.9361108019948,0.0,10.338802280400907,6.852676139951015,-0.8460334777831804,-5.974888865152991,1026.25619140625,-16.56859330336253,179.6986277202765,248.56513460477194,8.138879394531273,-3.2199462890624773,1.379993693033877,61.37638886769613,15.4370370109876,0.0,12.591567693348189,8.346474026082431,-0.6132898966471316,-5.697122955322243,1026.7398828125,-14.865091939767202,179.46464785436788,267.796515305837,8.217736816406273,-2.6220764160156023,1.6939572652181216,58.97546275456747,28.475462826589744,0.0,9.44348014233479,6.379719251025816,-0.764823659261026,-5.894517008463538,1025.7905208333332,-17.771228035291035,179.86620073392987,244.52721683184305,8.170617675781273,-3.2374633789062273,1.4152198791504134,61.133796532948814,7.254629597067833,0.0,10.889938397154681,7.452610723786265,-0.5875826517740848,-5.7292249043782135,1027.0812434895834,-15.043044487635294,179.56755120431384,256.9540958404541
2022-03-10,9.153588867187523,-1.7287048339843523,2.724336242675804,63.267593224843345,1.3453703878136973,0.0,21.793489473094915,14.134226748268167,0.6339024861653684,-3.9677070617675554,1026.729912109375,-11.353951692581177,184.70447662472725,382.642057577769,9.634973144531273,-1.6619628906249773,2.933407084147158,64.8574070930481,0.27500000037252903,0.0,15.459511990801102,10.05227782728976,0.8006937662760834,-3.5035957336425554,1027.264990234375,-15.228910168011984,185.25935422380766,313.55265907446545,9.185906982421898,-1.7279724121093523,2.7175816853841375,62.854165395100914,0.33703702765827376,0.0,21.58399012124241,14.52415399629991,0.5150174458821652,-4.059623463948526,1026.4818033854167,-11.194632232189178,184.46874263634285,397.93175021807355,9.556542968750023,-1.7890991210937273,2.8160708109537986,64.58657360076904,0.438888900137196,0.0,16.534672557297192,10.959732599841479,0.7325174967448334,-3.6986234029133698,1026.7092545572916,-14.499862114588419,184.50398183365664,321.053573846817,9.272210693359398,-1.6166748046874773,2.8372169494629134,63.05138842264811,0.25462962640449405,0.0,21.30449805070136,13.487212284786544,0.3592760721842865,-3.881553395589151,1026.4455045572918,-11.922811349232992,184.10400003939867,389.4477302233378,9.200952148437523,-1.9437011718749773,2.654415384928408,64.46157614390056,0.37314814887940884,0.0,20.519747090341376,13.156563724283048,0.34235026041670835,-3.8498786926269304,1026.599912109375,-12.262464900811514,184.53765005866686,371.84969846407574,9.477807617187523,-1.3792175292968523,3.0760080973307518,63.73842684427897,0.23518517691021165,0.0,21.594674545006733,13.344336102166451,0.481117502848349,-3.499802652994788,1026.0760709635417,-13.457669496536255,184.09220213691393,387.94133190313977,9.234948730468773,-1.7548278808593523,2.746212259928408,63.31990639368693,0.5907407392126819,0.0,21.107383174620182,13.808785571569693,0.41283950805666336,-3.949509684244788,1026.34947265625,-11.706763863563538,184.66155364861092,385.93621015548706
2022-03-11,8.848748779296898,-2.7690490722656023,1.817811584472679,59.88379685084025,18.894444425900776,0.0,19.22691313949846,16.426903524521144,2.5698855082194427,-5.485210164387979,1021.4405501302083,2.6610785325368247,186.55559193094572,418.74695523579913,9.017846679687523,-2.7233642578124773,2.0558690388997625,62.1231484413147,49.51296389102936,0.0,18.487097665580496,14.268837315406996,2.6108083089192746,-4.748641713460245,1021.8202734375,-1.998574137687683,185.47560725857815,377.81869252522785,8.635675048828148,-2.8876708984374773,1.601795450846377,58.6870371500651,5.694444469486673,0.0,21.896723751355946,17.529489953463838,2.471096293131552,-5.964421335856116,1021.449228515625,3.9761411299308143,186.75688873728117,437.70959091186523,8.681268310546898,-2.8862670898437273,1.7506284077962466,60.39351797103882,12.344907452662786,0.0,18.830799357219192,15.647553667334586,2.4814557393391965,-5.417056783040323,1021.614306640625,1.1352787613868713,185.99438892056546,411.4748198191325,8.695916748046898,-3.1512817382812273,1.5911371866862207,57.67222213745117,7.694444514811039,0.0,20.834485916325356,16.661265450188946,2.6403811136881927,-6.181136830647745,1022.03015625,4.342391756673654,187.03156984845796,422.9220390319824,8.817346191406273,-2.8528503417968523,1.7190249125162989,60.01157410939535,10.276388737683495,0.0,18.65153586384924,15.974742638616116,2.571656799316429,-5.526684824625647,1021.9532779947917,2.0291431744893393,186.41344263901314,415.0193010965983,8.543847656250023,-3.1070312499999773,1.6838750203450747,57.950925985972084,8.47129621108373,0.0,21.480000685619515,17.01757430841359,3.0985745747884152,-6.020974222819007,1021.8991796875,4.04216140260299,187.42246283342442,422.00278345743817,9.001000976562523,-2.7155517578124773,1.8918319702148665,60.30509201685587,19.239814938356478,0.0,20.31207538785924,16.632794285618573,2.7940549214681027,-5.323032124837198,1021.3513444010417,2.57802215218544,186.75343929727873,415.84317779541016
2022-03-12,9.180383300781273,-2.2557128906249773,2.2716537475586165,58.271759827931724,34.67500039935112,0.0,15.242482331772152,10.755318920545188,2.398397064209007,-5.62840881347654,1020.8889225260417,-2.5813077489535012,188.6091262946526,279.4249835014343,9.036309814453148,-2.2462524414062273,2.358918762207054,58.13379669189453,70.37916644414265,0.0,15.137182349686928,10.455310674673967,2.1169105529785384,-5.557193501790323,1020.5327604166667,-2.277548670768738,180.57561072707176,280.01267941792804,9.224847412109398,-2.4548095703124773,2.182302093505882,58.70231453577677,47.990278124809265,0.0,14.91106685242486,10.552890805105507,2.2717338562011946,-5.570290629069007,1021.1793977864583,-2.0696784456570945,180.3076831450065,283.10675319035846,9.131158447265648,-2.5667175292968523,2.083699798584007,56.857406775156655,44.81527822216352,0.0,16.11207312572793,11.359592931429473,2.111416117350302,-6.1516924540201785,1020.5590983072917,-1.81672207514445,187.99044154584408,294.961798508962,9.194421386718773,-2.4235595703124773,2.176808929443382,58.24490706125895,51.33240741491318,0.0,15.846672259336328,10.85688837864763,2.4059565226237396,-5.677366638183571,1021.1744466145833,-2.7608319024244943,182.50483833253384,287.99175278345746,9.333367919921898,-2.6113037109374773,2.2806449890136946,57.72129678726196,48.456944942474365,0.0,14.366170126036144,10.50609893773212,2.232778167724632,-5.740867360432901,1021.2151106770833,-2.8812471429506936,187.4147713035345,284.3038065433502,9.306909179687523,-2.1734985351562273,2.368703460693382,58.63472191492716,52.19351849953333,0.0,16.94226491216545,10.904823621188237,2.664051310221396,-5.3764722188313385,1020.923759765625,-4.524902815620105,181.5275890553991,291.5773714383443,9.261071777343773,-2.4120239257812273,2.3219301859537986,58.04861195882162,44.86574012041092,0.0,15.027301354926173,10.874342019456199,2.336396789550804,-5.595700327555335,1020.5718684895833,-2.6260772148768106,189.9211615572373,290.73970794677734
2022-03-13,10.694421386718773,-1.3415283203124773,3.5031778971354393,61.0064803759257,0.564814823679626,0.0,16.430151736315196,9.67574218144764,3.359962717692099,-3.804894510904944,1018.7708203125,-8.335529923439026,191.3479052335024,271.4195348421733,10.649987792968773,-1.0128540039062273,3.6619672139485906,59.65092674891154,0.4041666607372463,0.0,14.8794040549202,8.991918253104664,3.1479176839192746,-3.9805015563964616,1020.1552766927083,-9.817744374275208,190.98997788131237,254.32825462023416,10.765588378906273,-1.6290954589843523,3.4494720458984602,59.8004625638326,0.6064814846031368,0.0,16.972195645338,10.077813738569292,3.4711293538411496,-4.1511609395344635,1018.1515885416667,-7.509442567825317,191.94814786563316,274.8580005168915,10.540490722656273,-1.2211059570312273,3.579821523030622,59.03842560450236,0.6527777689819535,0.0,15.738920497106415,9.56583157752941,3.383247629801474,-4.303930664062477,1018.8723274739583,-9.140746533870697,192.41155535231033,247.58865022659302,10.843286132812523,-1.7069458007812273,3.4107465108235906,59.174074014027916,0.3884259283853074,0.0,17.039006470670255,10.23099665933094,3.6465850830078352,-4.367016855875647,1017.9493815104167,-6.751224080721538,193.35939387977123,272.8950647513072,10.594201660156273,-1.2569641113281023,3.5059511820475486,59.897685527801514,0.3944444484077394,0.0,15.572034992769447,9.373510565304409,3.2389389038086165,-4.107377115885413,1018.8485384114583,-9.088229695955912,191.83822638044754,260.72008029619855,10.932122802734398,-1.4193786621093523,3.6344416300455955,59.90277624130249,0.40231481846421957,0.0,16.787800988070618,10.121913678637958,3.754073079427087,-3.9949045817057254,1017.86234375,-8.212727884451548,193.39094746112823,275.42159207661945,10.683343505859398,-1.1225646972656023,3.6266507466634343,61.13425954182943,0.6083333375863731,0.0,15.058616309355237,8.77305064862321,3.053102111816429,-3.5941223144531023,1019.0606380208333,-9.28389859199524,190.3421822041273,269.92973105112713
2022-03-14,10.802697753906273,0.9552856445312727,5.302447255452496,76.1175929705302,64.18564863999684,0.20138889458030462,14.596410925684953,8.30554853833671,1.958796437581384,1.2738255818684934,1027.66517578125,-15.664220968882242,113.7984443133076,334.56652132670087,11.924188232421898,0.9315124511718977,5.86151529947919,73.05694309870402,62.56666700076312,0.0,14.417617249886442,9.515020126642334,2.699811553955101,1.2882896423340071,1027.2862467447917,-19.983343919118244,170.00186817348003,344.02714109420776,11.313256835937523,1.0137878417968977,5.568554178873721,72.83703740437825,63.062037194768585,1.4722222466953099,16.764144131994794,11.024978967279216,1.4524360656738509,0.8154897054036496,1027.4295833333333,-13.40599282582601,130.52075899640718,496.3393948872884,12.644372558593773,1.0422607421875227,6.1893783569336165,70.63101863861084,67.96805526316166,0.0,13.702943745823871,9.189123176247152,2.4533782958984602,1.0514834086100677,1027.20029296875,-21.143762350082397,156.34301703919968,410.6688605944316,11.767236328125023,1.3009582519531477,6.079642232259137,71.81064955393474,62.732871090372406,3.743055507540703,19.310201023410368,11.737702039975483,1.6182253519694427,1.0645322163899777,1027.5849348958334,-13.933103799819946,140.68677795430025,537.4450159072876,11.320062255859398,0.8280273437500227,5.248223876953148,72.99814891815186,62.023611165583134,0.0,13.015748048958072,9.06141674631351,2.124518330891931,0.6129508972168196,1027.4503938802084,-15.4574027856191,123.29400164882342,373.85346508026123,12.186242675781273,1.7016845703125227,6.465968068440778,69.02453645070393,58.119444370269775,2.916666564065963,23.441919560109355,12.343889825635875,1.9100407918294309,0.8403322855631927,1027.1775944010417,-14.934359788894653,155.04666427522898,591.0835102001826,11.295892333984398,0.8055358886718977,5.019829050699893,73.93055566151936,63.056482004622616,0.47222224110737443,12.109269498877765,8.428043550726409,1.895118967692099,0.5541664123535384,1027.113212890625,-11.941643873850504,104.71463171641032,330.72857507069904
2022-03-15,12.365136718750023,3.3221374511718977,7.532849884033226,71.59259351094563,99.75231488545735,1.6944444589316845,15.982414401904704,7.9671010081543905,5.17402292887374,2.5085019429524777,1026.9482486979168,-12.667493635167679,99.22479400038719,219.36357657114664,13.526361083984398,2.5944458007812727,7.699361419677757,72.29722166061401,99.99351851145427,0.5000000149011612,13.632528350996342,7.615413892959464,5.9437360127766965,2.593769327799521,1026.1754427083333,-19.416054686531425,113.10166903833549,191.28159443537393,10.956689453125023,3.0712219238281477,7.057589467366559,75.72685066858928,98.26805559794109,3.5416666292585433,14.216639459521623,7.59454301203603,4.4849042256673215,2.8821146647135834,1027.22998046875,-12.6530934770902,93.99472427864869,232.60763708750406,12.786065673828148,2.6931701660156477,7.18137130737307,73.24490753809611,99.86296304066975,2.770833358168602,12.44373659107333,8.108309020857574,5.54880040486654,2.3305755615234602,1026.4998404947917,-15.934513429800669,103.57075968384743,206.89283990859985,11.770776367187523,3.3898864746093977,7.315323130289737,75.89629793167114,98.8550926844279,2.569444477558136,11.46971852928172,6.895205668585341,4.57951380411788,3.148622131347679,1027.180693359375,-11.304377496242523,83.59213084727526,206.29993216196695,13.273919677734398,2.8244873046875227,7.523207600911481,73.15555508931477,99.63518492380778,6.444444328546524,13.823034662241719,8.260459006337864,5.363739267985068,2.6687650044759152,1026.6531282552082,-16.477885498354834,116.57172325750192,214.67701482772827,12.714227294921898,4.136926269531273,7.758418019612653,75.76018476486206,99.08240763346355,6.180555540136993,9.926638081317158,6.0383089306490545,4.863904571533226,3.512081400553427,1026.7762662760417,-15.119571606318155,98.017610202233,214.4652682940165,12.530847167968773,2.8261962890625227,7.401637013753278,72.45509354273479,99.44814840952556,4.520833253860474,12.461585207734224,7.592357134631302,5.48516743977865,2.461860911051474,1026.921533203125,-14.777571707963943,107.47494376202424,210.63958477973938
2022-03-16,11.696130371093773,4.851342773437523,7.671571350097679,80.8592586517334,65.16666667660077,71.38194489479065,18.324183399268968,12.211328527943884,4.5216168721516965,4.437762196858728,1025.7632552083332,-11.081889552374681,137.50255744407573,413.01858139038086,11.244348144531273,4.487756347656273,7.583192443847679,76.52592611312866,63.13611148297787,10.340277627110481,20.158125292039745,14.2031608220004,3.3464815775553802,3.532875315348349,1025.359736328125,-9.271517996986708,141.47677572257817,543.4293416341146,11.342034912109398,4.839837646484398,7.438694254557315,81.57176049550374,64.66296326120694,162.61111307144165,19.669327820848753,12.280598375504809,4.1645001729329465,4.33906199137374,1025.5496126302082,-10.136915419250727,138.85985047121844,439.48694292704266,11.212030029296898,4.296014404296898,6.951263682047549,79.24212916692098,62.86342545350393,115.93055510520935,20.432314766849164,14.497684615207815,3.3309188842773665,3.3781219482422102,1026.0320475260417,-8.395862092574438,157.12273982415596,524.6441701253256,11.098962402343773,4.691918945312523,7.143867746988955,80.79259204864502,68.84953692803781,176.7847261428833,19.817370157675548,13.134408886344211,3.8644437154134152,3.9007113138835052,1025.9558268229166,-9.365855634212494,144.09020609160265,472.93693288167316,11.282250976562523,4.258355712890648,7.287519073486351,80.48101902008057,70.24074066181977,70.1597228050232,20.667830475514457,12.668625140743865,3.600489552815759,3.9620961507161496,1025.965986328125,-9.987091739972433,138.92244689290723,481.8865229288737,11.201806640625023,4.938867187500023,7.328185017903668,81.18148215611775,69.91157421966393,120.68750333786011,19.537971932702717,12.37807008674118,3.786799367268884,4.161072031656943,1025.515400390625,-10.110900854070982,141.98857306440672,464.34944279988605,11.487420654296898,4.676660156250023,7.441917673746768,81.60509316126506,72.63101926445961,65.19444346427917,18.430769328899306,12.673480806489872,4.398339843750023,4.339089965820335,1025.9282063802084,-8.63499261935552,134.7230731373032,431.88796106974286
2022-03-17,12.131524658203148,2.4350219726562727,7.102175649007184,72.34814834594727,81.1981475353241,10.833333492279053,18.496296277615976,10.6117439987846,6.022466278076195,2.175818379720056,1025.9659635416667,-9.091215133666992,144.99887025853,320.4381106694539,13.122705078125023,2.1553588867187727,7.276897684733096,72.97870222727458,78.47731336951256,71.83333396911621,16.98789573287431,9.096894669475455,5.740117645263695,2.4097470601399777,1026.6905891927083,-9.00361293554306,165.25147849321365,314.36188260714215,12.429345703125023,2.3914733886718977,7.140912628173851,72.03703832626343,77.28379640976588,0.5000000149011612,17.757607011922186,10.323568886398977,5.494557952880882,2.1291201273600677,1025.9043717447917,-9.250730593999227,152.67796069880328,333.53887637456256,13.103173828125023,2.1784606933593977,7.233631388346377,72.90602016448975,69.86527847747008,167.33333587646484,18.229706410351096,9.220286348456137,5.700888570149743,2.3646789550781477,1026.333173828125,-10.60744192202886,181.68083320061365,321.2368812561035,12.165246582031273,2.1285644531250227,7.046743011474632,72.51990747451782,74.25879647086064,0.0,15.979064381941235,8.897723273162741,5.379579162597679,2.1468991597493527,1026.2138997395832,-9.412328203519186,137.44081577658653,304.17662596702576,12.810723876953148,2.3550964355468977,7.24607111612958,72.35555505752563,68.82407388091087,180.1666717529297,18.466377709384005,9.736841645210943,6.100514984130882,2.2944020589192746,1025.81306640625,-10.2333265542984,164.74066358804703,311.5343864758809,11.385400390625023,1.9854675292968977,6.538210805257184,74.28240791956584,77.6189812719822,0.0,15.737724765819786,8.63069055597828,4.863933817545615,2.0380111694336165,1026.4794498697918,-6.095567941665649,122.16757610936959,295.4789090156555,12.880548095703148,2.5855957031250227,7.306523895263695,72.45509258906047,74.25879497577746,123.50000381469727,19.25141280007522,10.104221504246075,6.244172668457054,2.361334737141931,1025.888857421875,-9.60939602057139,160.5027213394642,314.33442346254986
2022-03-18,11.285791015625023,4.488732910156273,7.1235010782877835,71.19953854878743,87.94305499394734,0.5833333544433117,20.030872156022046,12.849277332020895,0.49872105916341525,1.9268674214681027,1035.0836295572917,-5.053251796298961,147.14877854287624,565.0415388743082,11.753106689453148,4.161096191406273,7.5296798706054915,65.47870397567749,74.9287040233612,12.333333134651184,21.383350947029935,13.611087086791109,0.705683644612634,1.1822397867838959,1033.5565071614583,-6.996596306562424,169.7902717490991,620.666737874349,11.567163085937523,4.487756347656273,7.232513682047549,67.7152771949768,89.1925916671753,0.0,19.264697780882667,11.909323972140973,0.6605392456054915,1.3533823649088959,1035.340107421875,-6.149030660589536,158.52201538781324,525.7225885391235,11.733056640625023,4.038537597656273,7.5952418009440335,65.00972398122151,75.79537085692088,3.2222223691642284,21.639479124321696,13.202766464215996,0.6518315633138059,1.127865091959677,1033.359208984375,-6.617109403014183,166.98109438518682,601.690485795339,11.385034179687523,3.8241210937500227,6.78235270182294,65.61805597941081,78.80463182926178,0.0,19.034857807342142,11.838807238263234,0.2557362874348996,0.49584350585939774,1035.244052734375,-4.794196446736653,169.86714887619019,540.2508545716604,11.501519775390648,4.139306640625023,7.275589243570987,66.94583336512248,80.67638943592708,0.0,21.294347757902596,12.874315254066516,0.685969289143884,1.2384340922038177,1034.4758040364584,-5.249044597148895,166.1226133455833,581.4775626659393,11.358453369140648,2.5311218261718977,6.35019454956057,66.08796294530232,80.79213110605876,0.1666666679084301,19.10740404394747,11.580178743280817,0.28004226684572586,0.14946263631185275,1035.109599609375,-3.279137074947357,178.93553911149502,522.5503400961558,11.627954101562523,4.257196044921898,7.152914937337262,68.84953610102336,81.63611062367757,0.041666666977107525,20.90981199663534,12.86243637312082,0.5130172729492415,1.4692512512207259,1034.983154296875,-6.552470872799556,158.7656315167745,572.2552412350973
2022-03-19,9.459313964843773,0.30755004882814774,4.487129465738955,63.63055531183878,23.158796589821577,0.11805555643513799,18.064089578933476,14.130684706222192,-1.423038228352823,-2.2521359761555573,1034.6842154947917,4.9802569064001245,198.98635876178741,675.7508322397867,9.357965087890648,0.23339233398439774,4.878015136718773,66.16620397567749,15.94166667262713,0.9097222574055195,22.793372816176944,16.55727018801576,-1.2612976074218523,-1.2859965006510379,1033.6515885416668,3.5757121990124383,202.06481584906578,714.5141296386719,9.293634033203148,0.36306152343752274,4.7912562052409085,66.2111104329427,24.136111193646986,0.0,20.752432218379067,15.229151376912577,-1.2828035990397098,-1.3928499857584598,1033.9204459635416,3.9176188682516417,192.12652240196863,717.8286209106445,9.353143310546898,0.5497680664062727,4.930312093098981,63.96666685740153,17.572685234248638,0.0,21.20365770796656,14.870071812620887,-1.2532358805338504,-1.8609705607096316,1033.11861328125,3.493890712658564,205.38607175151506,660.4924866358439,9.005578613281273,0.18218383789064774,4.4791427612304915,65.11620426177979,25.54305603913963,0.37500000838190317,17.616609533741702,13.203241324864692,-1.6130482991536041,-2.0672579447428348,1034.0796419270832,4.284067019820213,198.554830600818,671.1725997924805,9.149163818359398,0.28597412109377274,4.749682362874371,66.16759220759074,21.88194541633129,0.06250000046566129,21.218125157860253,15.496577490356197,-1.3351908365885379,-1.3725964864094635,1033.4992024739583,4.584898171325524,182.68485675255457,681.4392611185709,9.017816162109398,0.06163940429689774,4.392629241943382,63.48935079574585,23.871296142616,0.10416666744276881,17.43868460940577,13.367863442066232,-1.6238235473632585,-2.554406229654944,1034.1348990885417,4.52399617433548,203.92581469813982,680.3780860900879,9.804223632812523,0.43468627929689774,4.893074289957705,66.59814755121867,20.025926309948165,0.1666666679084301,21.26086269089292,15.369585507548479,-1.0409098307291629,-1.1820549011230241,1033.463388671875,1.7765015165011089,196.3838068842888,696.1950950622559
2022-03-20,11.414666748046898,-0.6057800292968523,4.628982798258487,64.72083393732707,5.734259198109309,0.8333333730697632,16.284236283104413,12.918842504573218,1.1171318054199446,-2.035557810465491,1030.5923372395832,-2.627662479877472,210.51268761356673,419.87289237976074,10.947412109375023,-0.44193115234372726,4.449828084309918,64.43935108184814,3.686574113322422,0.3333333358168602,18.51952257612417,13.664630601356459,1.135462697347009,-2.2302981058756473,1030.7605794270833,-0.39684776465098065,210.2631593644619,423.28681468963623,11.267114257812523,-0.6498474121093523,4.5718551635742415,64.72962872187297,3.636111229658127,0.3333333358168602,15.776080053604764,13.130482054161108,1.1369784037272552,-2.059281412760413,1030.649375,-2.055264929930369,210.64011709888777,431.7498016357422,11.025842285156273,-0.6426757812499773,4.565227762858096,62.96249961853027,1.0851851881016046,0.0,16.0372069920783,12.836969572124096,1.168190256754599,-2.3868927001952898,1031.5830501302082,-0.4140452941258748,209.99561028679213,419.417631149292,11.417687988281273,-0.7683166503906023,4.585595703125023,64.4032416343689,3.2361110796531043,0.0,15.462467251035642,12.963891723094742,1.1791982014973996,-2.145780944824196,1031.0622786458332,-2.399360458056132,211.26850032806396,432.43707942962646,11.066888427734398,-0.5360778808593523,4.57041193644208,63.9351855913798,5.000925864093006,1.1666666865348816,16.71872946943548,13.354495782892732,1.1073140462239621,-2.2138516743977448,1030.65365234375,-1.0849350690841675,210.30935448408127,424.4030300776164,11.468103027343773,-0.8091796874999773,4.64642740885419,64.30185254414876,3.419444407025973,0.0,15.809415124981316,12.66935691065081,1.229530588785849,-2.1089500427245866,1030.9631022135418,-2.538475255171458,210.7610032161077,423.9327761332194,11.546166992187523,-0.5220092773437273,4.7283391316731995,64.3027777671814,5.105092689394951,0.3333333358168602,16.219201418840626,13.225745880960298,1.3458305358886946,-1.9980847676594635,1030.2503645833333,-2.690227667490641,209.90368622541428,426.69077491760254
2022-03-21,11.693383789062523,-0.5527099609374773,4.761026000976585,62.23981555302938,0.5814815076688925,0.0,15.431571660524614,9.358885199339754,1.9444430033366302,-2.3437764485676666,1033.2196712239584,-3.1293108463287354,213.7867253422737,342.07958094278973,11.650018310546898,-0.7166198730468523,4.6675277709961165,59.11064847310384,0.05231481468460212,0.8333333730697632,15.91918926272362,9.912277392333854,2.3089042663574446,-3.262546284993448,1033.22240234375,-2.3244866927464805,215.2834984858831,331.87663491566974,11.835839843750023,-0.5500244140624773,4.899733479817731,61.20231374104818,0.8472222215496004,0.0,15.345960785399257,9.475849680130013,2.0564132690429915,-2.434440358479776,1033.2616731770834,-2.830759326616923,214.08927636345229,348.41082938512164,11.533166503906273,-0.7890991210937273,4.612617746988955,59.87453587849935,1.08935184784544,0.3333333358168602,15.789887590749945,10.175031188689536,2.437459564209007,-3.114810689290323,1032.6592415364582,-2.181074579556783,215.27126314242682,330.932400226593,11.956994628906273,-0.43091430664060226,5.02170333862307,61.01944430669149,1.499999922234565,0.0,14.944288957919547,9.1348866506033,2.0163360595703352,-2.354729715983069,1033.4013053385418,-3.155363361040751,214.25183337926865,350.56603622436523,11.574182128906273,-0.7360595703124773,4.5725570678711165,61.121297200520836,1.0245370510965586,0.0,16.177537728994285,9.735265087396513,2.0170405069987396,-2.7849194844563385,1033.00115234375,-2.2754902442296348,214.30674362182617,342.5855601628621,12.112084960937523,-0.46665039062497726,5.08600260416669,61.61481444040934,3.1069445377215743,0.0,14.18341796454599,8.708829706577811,1.949311828613304,-2.1506968180338504,1033.2046256510416,-3.599725862344106,214.56064394116402,365.93519560496014,11.699456787109398,-0.6358398437499773,4.709923044840518,61.788889249165855,0.8925925853351752,0.0,15.428927641959197,9.422520314720513,1.972755686442099,-2.4972251892089616,1032.972509765625,-2.8936365048090615,213.76829206943512,342.1774740219116
2022-03-22,13.007806396484398,-0.29657592773435226,5.963769531250023,57.378703117370605,0.007870370560946563,0.0,8.381122455559021,6.306245948360385,3.6018717447917084,-2.3305254618326785,1031.9497819010417,-6.0492289463679,218.29348516464233,288.17806641260785,12.997064208984398,-0.5741943359374773,5.740995025634788,58.092592557271324,0.03379629498037199,0.0,9.399102090479786,6.19266738396832,4.02277781168624,-2.4287297566731354,1030.9505208333333,-6.888146499792735,219.44300199548402,279.5581484635671,13.118402099609398,-0.0022033691406022626,6.1474065144856995,57.42361068725586,0.0,0.0,8.400690907242241,6.271891134146903,3.7398315429687727,-2.128630065917946,1032.2158984375,-6.199345151583354,218.16187047958374,286.7675865093867,13.279931640625023,-0.45456542968747726,5.930411275227887,57.974997997283936,0.00555555565127482,0.0,9.129464861304488,6.003797140988385,3.896503702799521,-2.2282051086425554,1031.2003385416667,-7.54997718334198,218.3566829363505,282.2413379748662,13.202630615234398,-0.04450073242185226,6.162731424967471,57.371296882629395,0.00555555565127482,0.0,8.052483664386072,6.084416365920464,3.627338663737021,-2.1297681172688385,1032.2859602864582,-6.4814523458480835,218.0922039349874,289.1231764952342,13.140466308593773,-0.5087951660156023,5.871172841389996,57.81666692097982,0.006481481599621475,0.0,8.906445492458099,6.15625295472335,3.692023213704431,-2.2805758158365848,1031.5781640625,-6.528261264165242,217.973129093647,287.23496103286743,13.409722900390648,-0.0005249023437272626,6.338961537679059,57.78842560450236,0.00555555565127482,0.0,8.370146067367912,5.994333835520202,3.8738456726074446,-1.8486490885416629,1032.00185546875,-7.186329970757167,218.05495659510294,290.2767954667409,13.093255615234398,-0.39499511718747726,5.920191701253278,57.94444545110067,0.0,0.0,8.438555360394384,6.161210981832127,3.6190798441569427,-2.1727686564127566,1031.7455989583332,-6.443726658821106,217.83966461817423,290.9633829991023
2022-03-23,14.624780273437523,2.0487609863281477,7.963671620686871,57.58148177464803,0.0,0.0,6.7273246816574215,3.623567741657537,4.330754852294945,-0.32438252766922915,1030.6188346354168,-12.58058234055837,219.12605675061545,275.8933832645416,14.627740478515648,1.8951965332031477,7.878816223144554,57.124536196390785,0.0,0.0,6.801663743374208,3.4490013821841115,4.4902880350749115,-0.5061007181803348,1030.38615234375,-13.25929868221283,219.25018827120462,267.6525484720866,14.727441406250023,2.0595031738281477,8.057822163899763,57.86898136138916,0.0,0.0,6.546245318578708,3.7712217178278764,4.358307139078818,-0.18127543131510038,1030.47029296875,-13.496756354967753,219.0938676595688,278.614000360171,14.683343505859398,2.0243774414062727,7.978995259602887,56.565740744272865,0.0,0.0,6.8521952736000244,3.5920475162065877,4.526699320475302,-0.5386426289875885,1030.5842415364582,-12.924962004025778,219.07025629281998,270.20767176151276,14.846337890625023,2.0152832031250227,8.103640492757185,57.71388832728068,0.0,0.0,6.224703974521334,3.880855459399926,4.612429555257165,-0.1843144734700104,1030.563466796875,-13.680444518725077,219.29447182019553,274.5330491065979,14.550744628906273,1.9675842285156477,7.879164632161481,56.407871087392174,0.0,0.0,6.828718715219078,3.6715374076350655,4.40983606974288,-0.6710380554198991,1030.6636458333332,-12.310720284779867,219.29631493488947,270.70946395397186,15.175805664062523,2.2297607421875227,8.323836263020857,59.36805613835653,0.0,0.0,5.946005579199587,4.225955223326685,5.154890950520837,0.4104832967122434,1030.1633072916668,-13.98708426952362,219.1665729880333,274.1361361344655,14.604821777343773,2.1510864257812727,8.018883005778017,56.515278339385986,0.0,0.0,6.428536557167483,3.5185883279662673,4.396532948811853,-0.5134745279947879,1030.543681640625,-12.336490233739218,219.11736685037613,274.76660100619
2022-03-24,15.334771728515648,3.4665466308593977,9.106226857503279,60.83333317438761,0.054166665921608605,0.0,7.346265757062328,4.571902875231868,4.25150070190432,1.445741271972679,1028.3063802083334,-10.906125704447428,220.30412709712982,338.24363394578296,14.939416503906273,3.1548095703125227,8.728274281819685,59.63842535018921,0.015277777798473835,0.0,7.156861099883806,3.8055682227123313,3.939832305908226,0.810023244222009,1028.3817513020833,-10.370661934216818,220.87785025437674,320.0491541624069,15.454705810546898,3.5089660644531477,9.18771642049156,60.363889376322426,0.057407406313965716,0.0,7.190683538380582,4.518626599222988,4.437792714436853,1.4446451822917084,1028.173544921875,-11.064467112223307,220.0396852493286,333.65799486637115,14.979119873046898,3.1715942382812727,8.775387064615908,59.69814904530843,0.045833333084980644,0.0,7.670458425780626,4.066619466427249,3.931545511881552,0.8613042195638059,1028.070361328125,-10.30247394243876,220.81920405228934,324.79110511144,15.553582763671898,3.6465087890625227,9.296854909261091,60.66111056009928,0.004166666806365053,0.0,7.258763014420318,4.483262185109209,4.6831158955891965,1.604737854003929,1027.9839322916666,-10.996900161107382,220.18010745445886,328.3085793654124,15.020074462890648,3.2053466796875227,8.788892364501976,58.91944440205892,0.007870370366921028,0.0,6.990872949781658,4.18821666074203,3.994765218098962,0.6975812276204465,1028.3041829427084,-10.32476806640625,220.97614804903665,320.05841914812726,16.026513671875023,4.034417724609398,9.717179870605491,59.97175947825114,0.0027777778450399637,0.0,7.21199777174242,4.314673125702499,5.30685958862307,1.835548655192099,1027.3811100260418,-12.450218558311462,220.3189461827278,321.1980372269948,15.233850097656273,3.4628234863281477,9.043923950195335,60.706482569376625,0.015277778264135122,0.0,7.196678152977332,4.276846464194278,4.162576293945335,1.3581837972005246,1028.1485384114583,-10.830614606539408,220.3667011062304,331.3536058664322
2022-03-25,15.624322509765648,4.371362304687523,9.646450297037783,63.69953632354736,5.896759533633788,0.03472222248092294,9.897367134389372,6.17020336271955,4.460902150472009,2.7260592142741302,1026.4576497395833,-10.391792257626852,219.10264346996942,414.6088116168976,15.101831054687523,3.8287902832031477,9.070447540283226,62.54305648803711,8.795370418888828,0.0,10.936871091937512,6.322420950275859,3.724972025553427,1.915584818522177,1026.9605696614583,-9.408627390861511,220.218407869339,424.72722232341766,15.610864257812523,4.223809814453148,9.500536855061872,61.25925858815511,2.2129629713793597,0.0,9.926145952669248,6.107106498429391,4.539886728922568,2.0505602518717865,1026.4855826822918,-9.458594799041748,220.29938691854477,394.5802249908447,15.089105224609398,3.8289733886718977,9.094410196940126,63.02546310424805,6.828240750978391,0.0,10.225420806323289,6.09225796948234,3.7266047159831146,2.0368756612141965,1026.8087467447917,-8.972437938054403,219.8785364230474,422.14541721343994,15.514825439453148,4.083764648437523,9.346986389160179,58.866665840148926,2.9379630219191313,0.0,9.855077480517034,6.067471857789509,4.603032684326195,1.3513834635417084,1026.7065006510418,-8.365980823834738,221.33101246754327,377.8413046995799,15.106408691406273,3.8581176757812727,9.120387013753279,63.40926011403402,6.94166673735405,0.0,9.888528929818522,6.018008987330748,3.808162943522177,2.152772521972679,1026.5863346354167,-8.85677981376648,219.75857597589493,419.9823936621348,15.838891601562523,4.358819580078148,9.614359792073591,58.15046246846517,1.071296305085222,0.0,10.335908626197014,6.175233336352863,5.047692871093773,1.4296737670898665,1026.2805696614582,-9.302863399187723,221.2156649430593,382.64311333497363,15.454187011718773,4.188836669921898,9.467991129557314,63.527315298716225,3.178703712299466,0.0,10.381879880068293,6.00396516124967,4.222083028157556,2.5131622314453352,1026.3182877604168,-9.305976827939352,219.5037751197815,413.86322538057965
2022-03-26,15.658441162109398,3.1016784667968977,8.865579223632835,58.80648183822632,0.17453702290852866,0.0,14.726127318266624,10.37689846360516,4.539690907796228,0.7819966634114621,1028.3655826822917,-5.107142669459184,227.26083606481552,381.1290152867635,15.481439208984398,3.9630065917968977,9.20090001424156,62.680091857910156,2.5050926444431147,0.1666666679084301,15.197789067952051,10.056973481850898,4.021527862548851,1.9228708902995209,1027.8054622395832,-5.749750077724457,225.3517024318377,432.55788373947144,15.462060546875023,2.9322448730468977,8.75226745605471,58.22268533706665,0.12685185174147287,0.0,13.835208691161208,9.877193552864451,4.336197153727255,0.532954152425134,1028.4811946614582,-4.718872080246608,227.6092028617859,377.0333149433136,15.558374023437523,3.5178466796875227,9.023439025878929,61.350463231404625,0.48703706031665206,0.0,14.808836054743999,10.228569397706481,4.1773302714030365,1.4733024597168196,1027.8711197916666,-5.644354780515035,225.83318797747293,401.2603645324707,15.456140136718773,2.9453063964843977,8.751078542073591,58.56620422999064,0.06944444278875987,0.0,13.55096941151815,9.653846310721681,4.315993245442712,0.6190238952636946,1028.44763671875,-4.4773905873298645,227.68685044844946,376.6173831621806,15.560693359375023,3.2215209960937727,8.842066701253279,60.54953638712565,0.23240741117236516,0.0,15.311378613153673,10.03494769580584,4.2472702026367415,1.1293490091960052,1028.3215559895832,-5.171293680866559,226.9697199265162,390.17835521698,15.611169433593773,3.0614257812500227,8.89231897989911,57.90092531840006,0.031018519153197605,0.0,13.634659990658662,9.723504562128268,4.5343859354655365,0.5826761881510834,1028.1579622395832,-4.897781528532505,227.61404850085577,373.9675877888997,15.583337402343773,3.2377868652343977,8.905854797363304,59.84490776062012,0.14027778074766198,0.0,15.097646746105365,10.519482431167054,4.4254318237304915,1.0506963094075559,1028.2242252604167,-4.888966180384159,226.99250388145447,390.7051026026408
2022-03-27,16.482019042968773,3.3299804687500227,9.59391373344092,60.20048274164615,0.01159420317929724,0.0,11.785378505050462,7.133782552965878,5.5650985054348325,1.823255986752713,1028.1147758152174,-11.359455647675887,238.36540582905644,341.91284639939016,16.739892578125023,3.2839904785156477,9.695752218495267,60.647826153299086,0.0,0.0,12.75307892622984,8.7159969590605,6.037315567680025,2.047983451511584,1027.9227513586957,-11.747841772825822,238.29762794660485,360.79797006689984,16.499780273437523,3.1842285156250227,9.54652258831524,60.27971068672512,0.0,0.0,12.176215034105036,7.7071272760906435,5.733184018342399,1.8005243716032737,1028.6974388586957,-11.220639684925908,238.80363174106765,341.14312350231666,16.572198486328148,3.1574340820312727,9.527435833474886,61.229951112166695,0.0,0.0,13.845502693910896,9.02063712384675,5.7345665973165865,2.029631772248649,1028.1202751358696,-11.021957148676334,238.14572265873784,357.6561261467312,16.540063476562523,3.1604248046875227,9.512678594174615,60.724638068157695,0.0,0.0,13.387051711139211,8.443955276941654,5.8494891622792125,1.87140211022421,1028.5390319293479,-10.709951483685037,239.16726697009543,345.9908042990643,16.513696289062523,3.1610961914062727,9.543953804347849,60.37584520422894,0.10000000181405441,0.0,13.508419651164745,8.097293124778838,5.5410984205163345,1.8335483716882095,1028.4614639945653,-11.081748153852379,238.372563942619,344.845271234927,16.672204589843773,3.2974792480468977,9.657369066321355,60.574878029201344,0.0,0.0,14.157291012699199,8.77462506097425,6.017934251868212,1.9868381666100845,1028.2179279891304,-10.844086398249088,239.44651386012202,347.01229294486666,16.543725585937523,3.2088562011718977,9.551734459918501,60.12995164290719,0.005797101265710333,0.0,13.065161478424635,7.7367438749419115,5.562391728940213,1.7800046174422732,1028.4625305706522,-10.880638412807299,238.4672236027925,338.7304431666499
2022-03-28,17.746514892578148,4.828149414062523,10.661332702636741,62.121758143107094,1.5166666855414708,0.0,15.27075802080525,8.115970424484372,6.485224660237634,2.958802795410179,1024.0325716145833,-12.059531052907309,229.939422527949,448.76405386130017,17.241815185546898,4.693383789062523,10.468328094482445,62.835185527801514,1.2537037134170532,0.0,14.593595803465242,7.410284491368597,5.772640482584677,3.1799344380696652,1023.690078125,-11.266058206558228,227.763477007548,470.10582117239636,17.733819580078148,4.771844482421898,10.619968668619814,63.14907455444336,0.5574074415490031,0.0,14.65534225947481,7.63712646870871,6.509346262613974,3.1590604146321652,1023.9274837239583,-12.447952826817831,229.48620376984277,445.1670533021291,17.345391845703148,4.686914062500023,10.501261647542341,62.890739599863686,0.8981481492519379,0.0,14.034260522657188,7.426559755736716,5.91376647949221,3.190675354003929,1024.3543619791667,-11.962052623430887,228.38384791215262,454.50310631593067,17.843988037109398,4.815301513671898,10.67441584269208,62.294445514678955,0.15324074247231087,0.0,14.04810972457937,7.628358310031783,6.663456217447958,3.0016838073730696,1023.741630859375,-12.51304050286611,229.48094566663107,452.4871547619502,17.603845214843773,4.729730224609398,10.578509267171247,62.3888889948527,1.1055555790662766,0.0,14.615712401095413,7.646693777352567,6.233843739827478,3.074745432535849,1024.1774251302083,-11.956737359364828,229.1925751566887,453.75925560792285,17.972192382812523,4.972131347656273,10.867644246419294,61.99999888737997,0.28240741277113557,0.0,13.482294364066501,7.476301309805943,6.810535685221396,3.143268839518271,1023.3513053385417,-13.147682150204977,229.24567808707556,445.4056740999222,17.838891601562523,4.909143066406273,10.747003173828148,62.352776527404785,1.5495370427767436,0.0,15.05314369549995,7.698153839513046,6.519190724690759,3.1610033671061615,1024.0118587239583,-12.234813650449118,229.59736851851144,447.7554930448532
2022-03-29,15.899438476562523,6.232934570312523,10.595554606119814,59.019444624582924,88.99444448947906,0.8958333330228925,11.592306164409491,8.11281835119197,6.585407511393271,2.6180295308431027,1012.1251692708333,-5.78662492831548,147.4190571308136,363.33598470687866,15.548364257812523,6.131372070312523,10.482549285888695,60.272685527801514,90.6999994913737,0.0,10.10954675217827,7.900321469581896,6.308806355794275,2.8154477437337277,1013.1386360677083,-6.211845219135284,137.87251766522726,330.97214579582214,15.829156494140648,6.227807617187523,10.725086466471376,57.999537309010826,88.39212944110234,0.423611119389534,11.660826501010218,8.165838313953785,6.828018442789755,2.5162457784016965,1011.775390625,-5.520321389039357,139.81683741013208,345.96084149678546,15.833276367187523,6.155938720703148,10.664009348551454,59.8685188293457,89.33101789156596,0.0,11.222763282293755,8.164038174749072,6.421266174316429,2.8603925069173215,1012.56947265625,-6.970005214214325,139.0711125532786,353.1948520342509,15.950616455078148,6.095727539062523,10.616900380452497,56.849074363708496,87.58055603504181,0.05555555643513799,13.569797885251159,8.43627618568162,6.910499827067099,2.1247484842936615,1011.7162630208333,-4.988995929559072,146.96798024574915,353.04661162694293,15.788262939453148,6.146752929687523,10.64682795206708,58.957407315572105,88.82222153743108,0.09722222574055195,9.763254542188136,8.196967121787958,6.381074523925804,2.6700836181640852,1012.5952376302083,-7.386022845904033,143.96531279881796,354.4333670139313,15.855676269531273,6.338494873046898,10.796553548177107,56.81574106216431,87.7467592259248,0.12500000186264515,14.363838399342777,8.882241620756545,7.184341684977255,2.2990941365559934,1011.3400065104167,-5.753538489341736,145.72059031327566,352.61506183942157,15.820336914062523,6.197106933593773,10.65252583821617,58.86712980270386,88.5476850271225,0.3541666716337204,12.412214112848831,8.90762937160182,6.6036366780599,2.6849164326985715,1012.2420345052083,-5.709628899892171,140.8696287870407,380.45310219128925
2022-03-30,13.047296142578148,6.529382324218773,9.480437215169294,74.09675693511963,99.99490674336751,18.31249986588955,22.09685708014799,11.001143098002004,3.3215665181477902,4.938176727294945,1002.4842122395833,-1.547027548154195,109.62357358137767,577.0937024752299,13.388970947265648,6.197290039062523,9.562043762207054,74.08703708648682,99.99074077606201,30.826388716697693,16.327435814417882,10.116211364040987,3.919337209065759,4.955499267578148,1002.5538639322917,-0.4551759461561839,112.26168552041054,489.2717909018199,12.249475097656273,7.247216796875023,9.64417419433596,73.42453686396281,99.99259217580159,13.21527773141861,19.9340605449934,11.999365537552512,3.544550832112634,4.984770711263025,1002.4258528645832,-1.9520209729671478,93.6393905878067,553.147242863973,12.428033447265648,4.951623535156273,9.070723470052107,71.8217601776123,99.99953715006511,9.993055626749992,21.311785159327165,12.065266503329392,3.9043251037597884,4.088075256347679,1002.1498372395832,3.1581364075342813,92.0652414560318,511.2845543225606,12.407067871093773,6.953424072265648,9.6839424133301,71.8069445292155,99.99537022908528,13.645833253860474,20.702529883991026,12.183429491464361,3.7317596435547102,4.717810567220056,1002.55060546875,-1.3895093997319539,95.38964849710464,570.2756390571594,12.800256347656273,7.562036132812523,9.598280843098982,70.14768425623576,100.0,9.006944432854652,19.440726969219718,10.66983153190862,3.9111203511556027,4.305390930175804,1001.6798046875,-0.26718660195668537,95.37794427076976,524.4590759277344,11.522241210937523,7.518548583984398,9.352065022786482,73.16712919871013,100.0,18.993055671453476,17.934619727915635,10.29860518716413,3.5462877909342865,4.688376363118493,1002.5584798177083,2.10154597957929,70.61818538109462,502.212279399236,12.568261718750023,6.351861572265648,9.593935902913435,69.93055534362793,100.0,10.097222123295069,18.636893949965874,11.624318542862325,3.864008839925134,4.257844543457054,1001.7880794270833,-1.2416046063105266,103.61885174115498,555.8894787629446
2022-03-31,8.996636962890648,5.755303955078148,7.076594289143903,90.66018676757812,100.0,95.24305510520935,14.793338911430805,8.610124522083833,2.014399464925134,5.615979766845726,996.4870149739583,4.181235919396083,63.61000292003155,363.1694215138753,6.139855957031273,1.7356201171875227,3.7209513346354393,95.67129611968994,100.0,150.1111102104187,14.847270377397786,10.81218230778092,-0.5519851684570085,3.084101613362634,999.831328125,25.808080593744915,13.256296130518118,432.84977595011395,8.304254150390648,4.942132568359398,6.658877309163434,92.4828707377116,99.98888874053955,79.55555725097656,12.315208577006164,7.547283061517174,1.9006273905436615,5.502449289957724,996.799169921875,7.300660490989685,32.89398108174404,274.8851613998413,8.500177001953148,5.002343750000023,6.64051208496096,88.97500038146973,99.99675973256429,50.37499988079071,12.375203186173566,8.072455787348156,1.5973958333333371,4.902042643229208,996.3856803385418,8.755419166137775,48.32916588584582,421.7098471323649,7.854119873046898,6.108758544921898,6.891172027587913,91.86852073669434,100.0,56.99305558204651,9.16233715455028,6.762049910856642,1.9229344685872434,5.637935892740927,996.2001236979168,6.4414913927515345,35.95464809238911,266.566777865092,9.973931884765648,5.030328369140648,7.228809611002627,84.77963034311931,100.0,41.14583349227905,13.031769183159366,7.468267074419579,1.9310025533040402,4.7479174296061615,996.4873177083333,3.6398926377296448,87.09816558162372,427.8195578257243,8.705895996093773,5.942956542968773,7.00413029988609,91.17407194773357,100.0,40.70833307504654,9.303862373620426,6.49402708056702,1.7684481302897552,5.622495269775413,995.8735546875,4.770370497678717,48.43764819701513,306.9889609018962,9.020257568359398,5.724450683593773,7.193401590983096,84.74861081441243,99.98240725199382,65.19444489479065,11.800748565286053,7.370724905257275,1.5310150146484602,4.697662607828818,996.570986328125,5.2255784173806505,69.61112933357556,439.13050778706867
2022-04-01,5.544519042968773,0.9897094726562727,3.2832809448242415,97.05740928649902,100.0,175.29861116409302,9.331749053655269,2.967798491868855,-1.6080485026041629,2.853730773925804,998.0519661458333,20.606804927190144,11.241851657629013,448.94372177124023,5.560174560546898,-1.3277954101562273,1.5363733927409082,96.2111120223999,100.0,304.0000009536743,19.06923360398427,13.96729415843842,-3.4047823588053348,0.980158742268884,999.534453125,26.264577349026997,79.00703629851341,492.97033437093097,5.462060546875023,1.4931884765625227,3.364156341552757,97.1013879776001,100.0,201.7916660308838,10.144698008893208,4.688911503135852,-1.5859652201334598,2.936414337158226,997.461787109375,18.874198357264202,15.22627775495251,523.9729029337565,5.072076416015648,-0.22019042968747726,1.8330360412597884,96.81666628519694,100.0,293.61111211776733,19.416367345636807,13.922090529422434,-3.272099558512366,1.3684567769368527,999.806396484375,22.962444583574932,64.47476044793923,505.56757100423175,5.594079589843773,1.2754760742187727,3.1647926330566634,97.21203740437825,100.0,241.38194608688354,10.341812039047031,4.429020801027416,-1.7876291910807254,2.7543375651042084,997.6392220052082,19.86933942635854,18.58122227092584,483.0530039469401,5.975030517578148,-1.0683349609374773,2.069849904378278,96.19166787465413,100.0,286.1527769565582,19.16055387237102,13.66800850684838,-3.0791992187499773,1.5135348002116302,998.9193098958333,23.279090960820515,62.18148276830713,489.43653361002606,5.723504638671898,1.1682678222656477,3.046442921956403,97.17870299021403,100.0,153.9930558204651,8.873473258440969,3.3477708030660644,-1.8212112426757585,2.6299962361653684,997.4248177083333,21.096755266189575,16.984111174941063,447.88062795003253,5.696710205078148,0.7538696289062727,3.217871602376325,95.44351927439372,100.0,177.9444456100464,13.556055336657549,7.408338192692153,-1.7052558898925554,2.5495048522949446,997.4666015625,20.556589206059773,31.219555479784805,431.2628110249837
2022-04-02,0.8904663085937727,-2.0392822265624773,-0.8065971374511491,96.25833320617676,100.0,314.4652786254883,17.158064777837712,14.148794579940096,-6.769530995686807,-1.344413503011026,1008.7012239583332,19.289081811904907,99.81099936847265,536.8130912780762,0.7409301757812727,-2.4888366699218523,-0.6727966308593523,90.56713040669759,100.0,369.25000286102295,20.386061959168178,14.82925674896517,-7.095817311604776,-2.0945037841796648,1009.2620572916667,22.02731390794118,102.91625867768501,621.9791749318441,0.5757995605468977,-1.9408630371093523,-0.7835105895995866,96.31203683217366,100.0,249.93055868148804,16.844359063164706,13.86441320413399,-6.586051686604776,-1.311362965901651,1007.997021484375,18.10080075263977,85.34361227299087,524.145383199056,0.9937072753906477,-2.3697570800781023,-0.8961624145507585,94.27638943990071,100.0,415.22916984558105,19.55471931501046,15.622081706463804,-6.78451004028318,-1.7241653442382585,1008.690732421875,22.53994083404541,99.44181525652918,565.4986521402994,0.12026367187502274,-1.4820617675781023,-0.6316614786783626,96.93425782521565,100.0,205.33333468437195,16.375461587586862,12.664428947053542,-6.338346862792946,-1.070530954996741,1007.6525358072918,16.94524832566579,84.97590914314303,515.1258659362793,0.9976745605468977,-2.0944580078124773,-0.6118403116861751,95.74351978302002,100.0,446.38194465637207,18.085601794066463,14.282941490244374,-6.4967241923014285,-1.2206507364908816,1008.6815104166667,20.508690496285755,98.82211242065144,526.4556592305502,-0.08115234374997726,-1.5950988769531023,-0.7742612202962013,96.87175909678142,100.0,181.7083339691162,15.703180120350366,12.056917060783803,-6.546732330322243,-1.2180898030598541,1008.118349609375,16.300010204315186,85.54220226352724,512.6286277770996,0.8277832031250227,-2.1291564941406023,-0.8330889383951595,96.23055585225423,100.0,366.4027786254883,17.199320077284277,14.558536071470334,-6.751599375406897,-1.371153259277321,1008.6256119791667,19.791913628578186,97.65283360565081,531.9231020609537
2022-04-03,1.4169555664062727,-4.646917724609352,-1.3796511332193784,92.00092601776123,95.82037130991618,268.3472204208374,11.362333080005824,7.754691331770161,-7.370236460367835,-2.5988220214843523,1019.8949544270832,10.720866945261756,191.37379686161876,365.7237579027812,2.0829101562500227,-4.987615966796852,-1.297832234700498,89.47268581390381,92.21249945958455,434.9166717529297,9.634961171931574,7.254801880206706,-7.438305918375647,-2.949125671386696,1020.2876302083333,11.861110011736551,177.21148535702378,391.477614402771,1.5117126464843977,-4.466406249999977,-1.3055557250976335,91.68796316782634,95.06249968210857,165.22222185134888,11.534238205640062,7.891178835284296,-7.521428171793616,-2.574700419108069,1019.8904264322917,11.027961134910583,183.9978353610883,383.92714103062946,1.9941040039062727,-4.777319335937477,-1.0760470072428159,92.08981577555339,93.70462862650554,401.36805057525635,11.28778344232242,8.311420362553466,-7.156841023762979,-2.2917986551920535,1019.7481770833333,10.083553113043308,173.92859406707188,403.7767858505249,1.2357421875000227,-5.362371826171852,-1.5810391743977636,93.04352060953777,95.57638835906982,134.47916746139526,11.912373436419072,7.807824751301226,-7.652880096435524,-2.6351582845051666,1019.8304459635417,10.848406213025251,173.10825587933263,376.24211772282916,1.3607116699218977,-3.9436706542968523,-1.0989466349283628,92.75185044606526,98.86898008982341,372.6875009536743,11.95496122388086,8.333745228989558,-7.396802012125647,-2.1977447509765398,1019.5842122395833,9.834287042419115,168.49735552988327,409.1425310770671,0.8862548828125227,-5.473608398437477,-2.0445668538411232,92.32685152689616,97.39351876576741,65.52083420753479,11.684570421891735,7.5813060723512296,-8.11709060668943,-3.2219362894693973,1020.1533365885417,11.828557645281156,175.86953493083516,376.4230402310689,1.3304687500000227,-4.469763183593727,-1.420866394042946,91.88611189524333,95.63611062367757,330.45138931274414,11.768642325120963,8.134449813258772,-7.530138397216774,-2.665207926432288,1019.957451171875,11.06295378257831,185.7382756844163,376.76377550760907
2022-04-04,6.908624267578148,-8.311132812499977,-0.5319122314452898,82.30972194671631,44.62083359559377,18.826388597488403,24.495931143261895,12.6683469236393,-4.994332377115882,-3.5482683817545535,1018.8281477864583,7.686743880311648,250.91512662917376,567.1720341444016,5.272271728515648,-7.044104003906227,-0.3551073710123471,85.78148078918457,49.62129616737366,274.5347213745117,28.721434338029194,15.233730069632385,-4.978067779540993,-2.655180358886696,1018.3984016927083,9.553238920867443,242.23253518529236,555.0456310907999,6.870996093750023,-8.405249023437477,-0.6130177815754981,82.18981393178304,43.39027841885885,10.5,24.11213317317913,12.347362598573104,-5.0006787618000885,-3.6530059814452898,1018.7101790364583,7.900589261204004,252.09192235022783,551.4864178101221,5.278863525390648,-7.277563476562477,-0.6039502461751075,85.18240737915039,38.73425853252411,173.3402762413025,25.966070700277026,13.943029809702708,-5.103788757324196,-3.025181833902991,1019.3427311197917,10.492915347218513,248.298273227488,519.7147299448649,6.644555664062523,-8.919989013671852,-0.9743891398111751,81.86342684427898,44.21620361010233,2.333333373069763,25.47242697056638,12.673660554398067,-5.3140764872233035,-4.0715164184570085,1018.9868977864583,9.768100765844187,251.99007569501796,561.1205889383951,5.030297851562523,-7.988653564453102,-1.0157875061034929,86.24213186899821,51.77916717529297,146.60416555404663,26.23828540743444,14.282875225163368,-5.371958160400368,-3.277335866292276,1019.2580729166667,11.374979252616564,246.60513165344796,550.333995183309,6.395715332031273,-9.083715820312477,-1.1774009704589616,81.12870407104492,41.63055566946665,0.020833333488553762,26.262245365315753,13.082708768853164,-5.719384256998694,-4.4154495239257585,1019.141513671875,10.73109846872588,252.88422555476427,571.0445528427759,5.041406250000023,-8.183325195312477,-1.1245051066080503,86.0337963104248,44.96157360076904,74.40972471237183,25.808462176802472,13.889963526035023,-5.439615631103493,-3.419688924153604,1019.3436328125,11.828326269984245,252.04147893935442,534.1837604840597
2022-04-05,5.503594970703148,2.0876403808593977,4.12598063151044,88.42638937632243,99.93796316782634,90.34027875959873,32.030382321951116,25.15533595095725,0.7694285074870209,2.3380714416504134,1012.6998502604167,-8.422239799052477,13.3459999775514,744.8719329833984,5.336450195312523,2.2277770996093977,3.775610860188825,88.99259376525879,99.84583346048991,91.4861114025116,29.18178490229663,24.314190824785737,0.43416112263997775,2.1004679361979584,1012.466513671875,-6.732006269817551,19.66348160089304,736.133544921875,6.171807861328148,2.1012207031250227,4.485818481445335,87.96527830759685,99.95185152689616,92.81944435834885,31.982868709350726,25.071088309992025,0.9526357014973996,2.6142021179199446,1012.30421875,-8.247005360821882,13.838481087392816,747.8999862670898,5.769677734375023,2.1612182617187727,3.815803782145205,89.66064771016438,99.91203721364339,94.1111111342907,30.069733222903977,24.83592657115359,0.5427337646484602,2.250942484537802,1012.2434375,-6.841845241685708,13.367389117367566,738.4635492960612,5.922387695312523,2.1611267089843977,4.244685109456403,88.781481107076,99.9990743001302,86.5486104786396,32.45013161214368,25.00122644028183,0.7035652160644759,2.5148114522298215,1012.522158203125,-7.205423240860303,11.777814679158231,758.5076433817545,5.664361572265648,2.3644042968750227,4.091364796956403,88.24351787567139,99.77685228983562,84.93055528402328,31.374169672099015,25.834302832047353,0.6510991414388059,2.2822204589843977,1011.958076171875,-8.875674930711588,15.164814876858145,770.1239903767904,6.225854492187523,2.5447021484375227,4.517804718017601,88.22176011403401,100.0,93.819444835186,32.828106168565604,25.15396171191612,0.6695610046386946,2.6891520182292084,1012.2584375,-8.666649222684404,13.242462904813388,786.7077891031901,5.490167236328148,2.2048278808593977,4.079888916015648,88.60092671712239,99.93981488545735,77.20833361521363,32.39431308013419,25.510975733346317,0.6078989664713959,2.326880391438806,1012.356435546875,-9.147695497299233,12.390444651944563,779.336794535319
2022-04-06,13.255670166015648,4.979882812500023,8.686976369222029,82.97916507720947,92.06898180643718,140.2083330154419,15.049053260466536,10.026281100100574,3.4997548421223996,5.757319386800134,1007.701943359375,-25.360263466835022,132.41501679147282,438.7968915303548,13.931390380859398,4.404199218750023,8.487954711914085,83.10185035069783,96.0342591603597,189.08333349227905,16.505516915341182,10.602559905477039,3.3058194478352902,5.566393788655603,1008.2301790364583,-25.997641384601593,134.06911158002913,498.66723950703937,13.227960205078148,5.721307373046898,8.56552658081057,84.44953632354736,97.69444561004639,133.0416669845581,15.24686764069126,9.427289020519558,3.6497245788574446,5.920652008056663,1007.8156966145833,-26.980620821317036,113.69503542936097,388.21885108947754,13.314782714843773,5.549859619140648,8.628780619303408,83.13981437683105,94.95416736602783,196.70833492279053,19.236422097249505,13.276186941989721,3.052424367268884,5.743151601155603,1007.84404296875,-25.840112169583637,147.67572404785702,602.5194409688314,13.467889404296898,5.239617919921898,8.908339436848982,82.70648161570232,95.87546284993489,82.70833373069763,16.557818857776297,11.714076792946594,3.6193901062011946,5.925405120849632,1008.0378287760417,-28.354881048202515,141.07560934871435,530.2127208709717,13.370874023437523,4.545495605468773,8.464604949951195,83.06342649459839,90.6865743001302,185.4791669845581,17.494748792131926,10.874312596708165,3.2349550882975677,5.536926523844443,1007.6156770833333,-27.63935937235753,171.23327989814183,495.74072583516437,13.466424560546898,5.755059814453148,9.021777089436872,83.31064955393474,95.23379580179851,31.666666507720947,16.68500297089447,11.799912729661642,3.5808158874511946,6.160404459635458,1007.9265266927083,-28.0533850590388,132.0937788511316,515.2600212097168,14.060632324218773,5.106744384765648,8.70313415527346,84.46435292561848,95.1990737915039,213.0277738571167,15.880731533045168,9.593606947491578,3.4023541768391965,6.0296251932780365,1007.6936588541668,-26.869376172622044,146.8996660709381,454.578200340271
2022-04-07,14.175012207031273,6.732781982421898,10.001283264160179,69.89814790089925,95.09305477142334,8.32638904452324,40.99835597075426,29.822527943702227,3.1744743347168196,4.512456512451195,1000.658203125,-15.350676864385605,145.27124325931072,1525.133529663086,14.160241699218773,6.952416992187523,9.431020355224632,73.12037102381389,97.40926011403401,157.02777767181396,40.073479141235985,30.5059887163516,2.495558675130212,4.633105214436853,1001.0844205729168,-9.706846351424852,122.09633437730372,1525.072415669759,14.350030517578148,6.855310058593773,10.024340565999372,70.73333199818929,94.69814809163411,16.125000089406967,41.65362741339695,30.404621041561096,3.1815289815266965,4.703485107421898,1000.605888671875,-14.108862181504568,158.92185444322726,1519.3775952657063,14.450006103515648,6.952416992187523,9.567974344889345,72.8949065208435,96.80370394388835,147.09722185134888,40.74682588054384,30.292886599050025,2.6162137349446652,4.71772410074874,1000.9581184895833,-13.038305088877678,143.03702109974498,1534.668306986491,14.504388427734398,6.566430664062523,9.979207611084007,71.74676005045573,94.53518390655518,25.423611044883728,41.135981442452554,29.54750282170396,3.2601854960124115,4.833351389567099,1000.59921875,-13.250712464253107,157.79216547124088,1458.801300684611,13.905053710937523,7.091088867187523,9.59940872192385,74.4518518447876,97.3449068069458,99.68749976158142,39.119400213543734,29.23382646230898,2.9188273111979584,5.081342315673851,1001.4772265625,-11.791568028430143,144.26412949462733,1396.2370325724285,14.360498046875023,6.308007812500023,9.989787038167341,72.7282411257426,87.79212919871013,21.034722208976746,40.09303759090477,29.20814998478375,3.6496559143066634,5.008356984456384,1000.4369173177083,-13.553236762682596,172.09676147066057,1412.9010931650798,14.230645751953148,7.024438476562523,10.114498392740908,70.20833365122478,96.10092671712239,41.90972197055817,38.480738723154765,29.64607877634286,3.179396565755212,4.670747375488304,1000.89041015625,-15.726866583029429,162.44581392779946,1537.4910837809246
2022-04-08,10.641870117187523,5.561090087890648,7.628463999430362,85.94722143809001,99.24305534362793,282.20833134651184,44.78298651251211,25.440685387316524,2.091146087646507,5.371625518798851,1000.8890950520832,4.814229756593704,38.16342636073629,1253.9237263997395,10.484979248046898,4.451440429687523,7.31433512369794,88.00972207387288,95.05324077606201,430.5833320617676,44.98633733812851,22.38231119084361,2.3663663228352902,5.3658920288086165,1000.5902701822918,5.943322186668714,26.604147697333246,1150.5343640645344,9.872979736328148,5.572229003906273,7.56839777628583,86.22222264607747,99.65416653951009,282.14583456516266,46.76470810275056,25.48262943965871,1.8995910644531477,5.35971603393557,1001.17166015625,6.468116658429305,26.007722078512113,1230.4158897399902,11.800164794921898,3.5443054199218977,7.193724568684918,86.25833384195964,97.20185120900472,274.69444489479065,42.69895747956353,21.684988630923943,2.290638224283896,4.9473498026530365,1000.5226009114583,5.075842012961705,53.38137103586147,1105.1155446370442,10.449700927734398,5.246850585937523,7.290979003906273,86.29629834493001,99.1796293258667,236.85416460037231,44.020114436866095,25.12999155595713,1.7284154256184934,5.10340525309249,1001.2722200520833,5.975782660146554,42.768685793193676,1211.2375666300456,9.933435058593773,4.439691162109398,6.652476247151715,87.01620515187581,99.7722225189209,269.3819452524185,40.15323814150334,24.033804054822912,1.4211555480957259,4.594105021158896,1001.894306640625,10.62821457038323,36.2585007622838,1124.1217994689941,10.327294921875023,5.297570800781273,7.324070231119815,86.6064821879069,98.75972143809001,319.2152826786041,43.546653864754546,25.816072666699032,1.7118164062500227,5.18757019042971,1001.1474186197917,7.093383808930715,38.11635239127403,1223.5238812764485,11.497369384765648,5.272210693359398,7.847506459554059,85.24953715006511,99.97453689575195,239.79860997200012,42.50984634275848,25.856785023271254,2.0073168436686615,5.458755747477255,1001.241572265625,4.0717667291561765,45.52835115479926,1292.7018216451008
2022-04-09,9.077905273437523,0.48064575195314774,4.1938644409179915,74.70833381017049,68.86620346705119,251.59722185134888,34.09031841261617,20.625566616244075,-2.398996734619118,-0.269658152262366,1008.9228190104167,10.697086503108343,192.57871780482432,1052.1687103907268,8.547601318359398,0.22414550781252274,3.7419537862142156,80.43611272176106,91.73518466949463,449.99999713897705,38.16293990372104,21.365347144008478,-2.7265508015950104,0.476472473144554,1009.513251953125,14.752917992571989,154.80461429338902,1020.9708003997803,9.316674804687523,0.23058471679689774,4.055149332682315,77.71157360076904,74.62731472651164,160.30555534362793,39.05262073896893,21.376942520885034,-2.447019958496071,0.23716634114583712,1009.08015625,13.060406119252244,167.72540894399086,1060.894611676534,8.580743408203148,0.03887329101564774,3.9309415181478093,80.79536946614583,90.94120343526204,451.6041650772095,33.16434562032421,21.788053219529086,-2.4379549662272098,0.7616821289062727,1008.559716796875,13.245072048157454,150.24710689671338,1041.968333562215,9.455712890625023,0.11663208007814774,4.22668863932294,74.44305531183879,83.75092522303264,82.37499988079071,38.03855649406767,21.070552447857878,-2.4437761942545535,-0.27597274780271164,1009.1237890625,11.988333962857723,179.76083194340268,1125.9067153930664,8.928735351562523,-0.16568603515622726,4.179573313395205,77.4625023206075,82.31064780553181,385.4722261428833,37.41082038462071,22.873262014958936,-2.342002614339151,0.3358258565266965,1008.669892578125,11.34224853788813,188.8617779975757,1131.8658796946208,10.272515869140648,-0.09891357421872726,4.07877629597984,77.19861078262329,81.54397980372111,72.39583365246654,44.12151727630025,21.34593494858821,-2.4228118896484148,0.12823511759444273,1009.2829427083333,14.11753861544033,162.04576623563966,1083.139286994934,8.361108398437523,0.18657836914064774,4.398391977945987,76.10324144363403,85.71296381950378,466.18056297302246,39.47456717096547,22.834448075646844,-2.0796048482258698,0.2037165323893646,1008.3491927083332,10.039217590043942,171.09603784202287,1176.0463565190632
2022-04-10,6.312768554687523,-1.4139465332031023,1.8257728576660384,83.65046262741089,80.72685209910075,167.56250095367432,17.888452504886132,12.24552657338097,-4.375854237874307,-0.8703737894693973,1021.2121516927083,15.805658708016077,138.84883659581342,615.8575129111608,6.909661865234398,-0.9865783691406023,2.0707870483398665,77.23333311080933,85.34583171208699,311.6388883590698,18.15490658293174,13.030178933120418,-4.394772593180335,-1.8731407165527116,1020.612646484375,14.144522299369177,180.64922187725702,777.3529911835989,7.016381835937523,-0.30316772460935226,3.018905893961611,78.69629700978597,83.6231484413147,67.37499904632568,22.138931802101173,14.418471912386806,-3.9868962605793854,-0.5597162882486941,1020.953408203125,8.652460932731628,211.05664423356453,741.3525395393372,5.978509521484398,-0.6147827148437273,1.9274854024251529,83.77546230951945,81.50555562973022,262.4791679382324,20.608110331772103,14.607298010249645,-4.482613627115882,-0.7233032226562273,1020.5621126302083,14.856872141361237,172.82471803327402,731.3894944985708,6.730920410156273,-0.6722167968749773,2.8575480143229393,79.35324192047119,87.09444427490234,62.22222197055817,22.383625300787156,14.612983779559334,-4.26064529418943,-0.5979586283365848,1021.4722526041667,8.253514538208643,216.80285036315522,750.3118556340536,5.667352294921898,-1.2375244140624773,1.6183512369791895,84.24398120244344,79.1236120859782,155.76388883590698,20.123681734336813,12.900110861692662,-4.615366363525368,-0.9437533060709598,1021.0171256510417,19.67352690299352,145.1902053107818,593.0136637687683,6.591333007812523,-1.0237182617187273,2.5407641092936424,79.62685203552246,83.98935222625732,46.10416668653488,21.766705807441404,14.364132780281253,-4.16811854044596,-0.8791564941406023,1021.576279296875,9.855065166950226,219.72129359841347,730.2664626439413,6.048303222656273,-1.5042175292968523,1.6749511718750227,83.26296297709148,81.43610986073811,146.59722137451172,19.329476844234765,12.54264318919551,-4.4513445536295535,-1.0445833841959598,1021.2104134114583,17.837328175703686,145.39231460293135,600.8302162885666
2022-04-11,12.560662841796898,-0.5705932617187273,5.1971806844075745,70.50231504440308,62.34074052174886,42.833333015441895,13.069233176258598,9.367483338545513,1.2981010437011946,-0.22902526855466476,1019.8550065104167,-7.101986775795619,241.67855951935053,341.97488538424176,11.542871093750023,-1.4467529296874773,4.36978683471682,74.85231479008992,70.84305500984192,197.33333587646484,10.783093174827412,8.043753228753651,0.4787358601888059,-0.09403839111325851,1020.4772037760417,-6.090396739542484,250.66968731085458,338.7502060731252,12.591058349609398,-0.5055908203124773,5.27714055379234,71.2356481552124,68.51435216267903,41.83333396911621,12.883439083018798,9.186870749750621,1.3599970499674896,-0.008676910400367888,1019.8172265625,-7.872724850972493,241.49785110602775,339.46755504608154,12.227777099609398,-0.47220458984372726,5.078051503499371,73.90416733423869,66.56203715006511,100.33332824707031,12.1944037630541,8.84982743034977,0.7184984842936615,0.352937316894554,1020.17326171875,-6.222627222537994,247.05575355887413,353.012079000473,12.453393554687523,-0.6744445800781023,5.00620549519859,71.13009277979533,59.69629510243734,19.33333396911621,13.653351144793264,9.325049475990726,1.4140551249186615,-0.29591089884439725,1020.2063313802083,-5.384515901406606,240.42270277937254,327.87921770413715,11.948876953125023,-0.9357666015624773,4.846827443440778,74.64953788121541,62.740277449289955,95.50000190734863,13.688210713004963,9.904376276882951,0.9584543863932709,0.2833089192708371,1020.420087890625,-5.48119713862737,248.45129854480425,350.33928950627643,12.291497802734398,-0.7777160644531023,4.861722564697288,70.70324007670085,63.97175848484039,0.0,14.22709341054027,9.553098230811237,1.2517155965169309,-0.5226984659830691,1020.0463639322917,-4.778836925824483,240.8730539008975,330.97946015993756,12.194116210937523,-0.7915100097656023,4.9546269734700745,73.01296313603719,69.96805516878764,73.66666603088379,13.351439421479332,9.449941265315937,1.3121276855468977,0.05831680297853836,1020.0307096354168,-6.190949519475301,242.23849389950433,329.16938940684
2022-04-12,16.848413085937523,1.8021484375000227,8.412347412109398,70.95787048339844,64.20972148577373,0.0,15.489943055090512,10.765665012560227,9.853958384196005,2.960476175944052,1016.7340625,-18.31263295809428,251.62939086556435,270.8404401143392,16.827783203125023,2.0036254882812727,8.647851562500023,71.6592583656311,79.67499860127766,42.833333015441895,15.719263489178513,10.87517911555806,9.631962076822958,3.343904113769554,1016.0499869791668,-18.774059971173603,253.42106183369955,277.5520928700765,17.110131835937523,2.2014099121093977,8.662655131022158,70.27453581492107,75.1231476465861,0.0,14.574389359689835,10.479389148519365,10.033692932128929,3.0589589436848996,1016.2334733072917,-18.963242530822754,252.72092814246813,264.70818583170575,16.711450195312523,1.6594177246093977,8.526940917968773,72.0240748723348,80.49166711171468,41.83333396911621,15.806466936596795,10.976774048213398,9.719328816731775,3.299342091878259,1015.81435546875,-17.185311635335285,246.6511693050464,274.75998226801556,17.108666992187523,1.7802368164062727,8.578675842285179,70.13703680038452,64.0319447517395,0.0,14.711964483577331,10.527718549961207,9.893556213378929,2.9345553080241302,1016.32859375,-19.399741013844807,263.8662758022547,268.20585950215656,16.866967773437523,1.7659240722656477,8.545810953776064,72.46574036280315,79.12824026743571,19.33333396911621,15.516280433270339,10.635357971017948,10.054231262207054,3.3984491984049896,1016.1029720052082,-18.714901288350422,248.43580176432928,259.47056738535565,17.147119140625023,1.9230285644531477,8.6952949523926,70.0162034034729,73.32129621505737,0.0,13.928634880114933,10.158904060019516,9.802603658040368,3.0362411499023665,1015.8031673177082,-19.56003212928772,256.1552771131198,257.79222949345905,16.483361816406273,1.3949829101562727,8.255066172281923,72.66527811686198,80.36851787567139,0.0,16.027781160389885,11.10946213332159,9.8392158508301,3.1720621744792084,1016.5783268229167,-17.980060935020447,245.3280954360962,266.36117545763653
2022-04-13,17.268304443359398,5.050469970703148,10.867557779947939,76.04490661621094,98.21065044403076,0.0,11.114778950831349,7.215246269227541,10.931815083821618,6.50599314371749,1016.5451953125,-16.294535954793293,200.70596728722253,253.27397938569388,18.172875976562523,4.997369384765648,11.078210449218773,74.36250066757202,96.21342658996582,0.0,12.240991537583174,8.19279209820625,11.813166554768884,6.346884663899743,1017.608896484375,-18.299530108769734,219.55475972096124,253.9290316104889,17.127008056640648,5.411279296875023,10.917816416422548,75.18657143910725,98.7236115137736,0.0,10.737097787082119,7.069686498309422,10.738827006022177,6.392077382405603,1016.2351595052082,-16.177618781725567,199.95942749579748,259.90127917130786,18.319146728515648,5.407495117187523,11.283684031168642,74.57036828994751,94.90370321273804,0.0,13.299006954777893,8.369568518018054,11.799878692626976,6.577564493815146,1016.9250813802083,-18.266332546869915,215.69026271502176,259.4588570197423,17.730706787109398,5.855828857421898,11.388032531738304,75.02268505096436,98.4666674931844,0.0,11.445450465186594,6.9667514776751105,11.061219787597679,6.797751363118493,1015.9740592447918,-17.695432702700298,204.18783548474312,254.41325863202414,18.272424316406273,5.242303466796898,11.227780914306663,74.72731526692708,95.10648187001546,0.0,11.167278978818384,7.3747268240004935,11.273400878906273,6.551154073079431,1017.1499348958333,-18.19635538260142,219.18263114988804,266.94121754169464,17.852410888671898,6.546411132812523,11.854095713297548,75.13240798314412,99.28981494903564,0.0,11.016106216199425,6.582077978150321,11.480673726399743,7.290522511800134,1015.5020930989583,-18.98571793238322,198.2548925926288,243.42397352059683,17.518487548828148,5.275781250000023,11.000903065999372,76.16064707438152,98.1861120859782,0.0,10.549871058735524,6.871472679142119,11.042422231038415,6.669278717041038,1016.8179329427082,-16.23133393128713,193.87402485807738,252.97564442952475
