Date,temperature_2m_max_run_00Z_day1_gfs,temperature_2m_min_run_00Z_day1_gfs,temperature_2m_mean_run_00Z_day1_gfs,relative_humidity_2m_mean_run_00Z_day1_gfs,cloud_cover_mean_run_00Z_day1_gfs,precipitation_sum_run_00Z_day1_gfs,wind_speed_10m_max_run_00Z_day1_gfs,wind_speed_10m_mean_run_00Z_day1_gfs,temperature_850mb_mean_run_00Z_day1_gfs,dew_point_2m_mean_run_00Z_day1_gfs,msl_pressure_mean_run_00Z_day1_gfs,ground_heat_flux_mean_run_00Z_day1_gfs,downward_shortwave_mean_run_00Z_day1_gfs,boundary_layer_height_mean_run_00Z_day1_gfs,temperature_2m_max_run_00Z_day2_gfs,temperature_2m_min_run_00Z_day2_gfs,temperature_2m_mean_run_00Z_day2_gfs,relative_humidity_2m_mean_run_00Z_day2_gfs,cloud_cover_mean_run_00Z_day2_gfs,precipitation_sum_run_00Z_day2_gfs,wind_speed_10m_max_run_00Z_day2_gfs,wind_speed_10m_mean_run_00Z_day2_gfs,temperature_850mb_mean_run_00Z_day2_gfs,dew_point_2m_mean_run_00Z_day2_gfs,msl_pressure_mean_run_00Z_day2_gfs,ground_heat_flux_mean_run_00Z_day2_gfs,downward_shortwave_mean_run_00Z_day2_gfs,boundary_layer_height_mean_run_00Z_day2_gfs,temperature_2m_max_run_06Z_day1_gfs,temperature_2m_min_run_06Z_day1_gfs,temperature_2m_mean_run_06Z_day1_gfs,relative_humidity_2m_mean_run_06Z_day1_gfs,cloud_cover_mean_run_06Z_day1_gfs,precipitation_sum_run_06Z_day1_gfs,wind_speed_10m_max_run_06Z_day1_gfs,wind_speed_10m_mean_run_06Z_day1_gfs,temperature_850mb_mean_run_06Z_day1_gfs,dew_point_2m_mean_run_06Z_day1_gfs,msl_pressure_mean_run_06Z_day1_gfs,ground_heat_flux_mean_run_06Z_day1_gfs,downward_shortwave_mean_run_06Z_day1_gfs,boundary_layer_height_mean_run_06Z_day1_gfs,temperature_2m_max_run_06Z_day2_gfs,temperature_2m_min_run_06Z_day2_gfs,temperature_2m_mean_run_06Z_day2_gfs,relative_humidity_2m_mean_run_06Z_day2_gfs,cloud_cover_mean_run_06Z_day2_gfs,precipitation_sum_run_06Z_day2_gfs,wind_speed_10m_max_run_06Z_day2_gfs,wind_speed_10m_mean_run_06Z_day2_gfs,temperature_850mb_mean_run_06Z_day2_gfs,dew_point_2m_mean_run_06Z_day2_gfs,msl_pressure_mean_run_06Z_day2_gfs,ground_heat_flux_mean_run_06Z_day2_gfs,downward_shortwave_mean_run_06Z_day2_gfs,boundary_layer_height_mean_run_06Z_day2_gfs,temperature_2m_max_run_12Z_day1_gfs,temperature_2m_min_run_12Z_day1_gfs,temperature_2m_mean_run_12Z_day1_gfs,relative_humidity_2m_mean_run_12Z_day1_gfs,cloud_cover_mean_run_12Z_day1_gfs,precipitation_sum_run_12Z_day1_gfs,wind_speed_10m_max_run_12Z_day1_gfs,wind_speed_10m_mean_run_12Z_day1_gfs,temperature_850mb_mean_run_12Z_day1_gfs,dew_point_2m_mean_run_12Z_day1_gfs,msl_pressure_mean_run_12Z_day1_gfs,ground_heat_flux_mean_run_12Z_day1_gfs,downward_shortwave_mean_run_12Z_day1_gfs,boundary_layer_height_mean_run_12Z_day1_gfs,temperature_2m_max_run_12Z_day2_gfs,temperature_2m_min_run_12Z_day2_gfs,temperature_2m_mean_run_12Z_day2_gfs,relative_humidity_2m_mean_run_12Z_day2_gfs,cloud_cover_mean_run_12Z_day2_gfs,precipitation_sum_run_12Z_day2_gfs,wind_speed_10m_max_run_12Z_day2_gfs,wind_speed_10m_mean_run_12Z_day2_gfs,temperature_850mb_mean_run_12Z_day2_gfs,dew_point_2m_mean_run_12Z_day2_gfs,msl_pressure_mean_run_12Z_day2_gfs,ground_heat_flux_mean_run_12Z_day2_gfs,downward_shortwave_mean_run_12Z_day2_gfs,boundary_layer_height_mean_run_12Z_day2_gfs,temperature_2m_max_run_18Z_day1_gfs,temperature_2m_min_run_18Z_day1_gfs,temperature_2m_mean_run_18Z_day1_gfs,relative_humidity_2m_mean_run_18Z_day1_gfs,cloud_cover_mean_run_18Z_day1_gfs,precipitation_sum_run_18Z_day1_gfs,wind_speed_10m_max_run_18Z_day1_gfs,wind_speed_10m_mean_run_18Z_day1_gfs,temperature_850mb_mean_run_18Z_day1_gfs,dew_point_2m_mean_run_18Z_day1_gfs,msl_pressure_mean_run_18Z_day1_gfs,ground_heat_flux_mean_run_18Z_day1_gfs,downward_shortwave_mean_run_18Z_day1_gfs,boundary_layer_height_mean_run_18Z_day1_gfs,temperature_2m_max_run_18Z_day2_gfs,temperature_2m_min_run_18Z_day2_gfs,temperature_2m_mean_run_18Z_day2_gfs,relative_humidity_2m_mean_run_18Z_day2_gfs,cloud_cover_mean_run_18Z_day2_gfs,precipitation_sum_run_18Z_day2_gfs,wind_speed_10m_max_run_18Z_day2_gfs,wind_speed_10m_mean_run_18Z_day2_gfs,temperature_850mb_mean_run_18Z_day2_gfs,dew_point_2m_mean_run_18Z_day2_gfs,msl_pressure_mean_run_18Z_day2_gfs,ground_heat_flux_mean_run_18Z_day2_gfs,downward_shortwave_mean_run_18Z_day2_gfs,boundary_layer_height_mean_run_18Z_day2_gfs
2021-04-01,22.653588867187523,11.075158691406273,16.671617126464866,60.7805552482605,4.31574073433876,0.0,22.445416410539096,10.054324345826737,9.717759704589866,8.722283935546898,1020.7464453125,-23.084732512633007,227.63432308038077,494.5077318350474,22.166741943359398,11.180444335937523,16.217497762044292,62.59259223937988,1.5842592579623063,0.0,22.577933154643507,10.858840897399068,8.700908915201865,8.704340871175134,1020.4816178385418,-21.19979538520177,228.0439002563556,541.039183417956,22.983300781250023,12.322930908203148,17.036429341634136,61.57175922393799,8.355092656643441,0.0,21.247303815386104,9.67392830187432,9.920667266845726,9.240997568766318,1020.630107421875,-25.79730959733327,227.21375281612077,490.70229776700336,20.883325195312523,8.431542968750023,15.357432301839216,63.04305458068848,5.399074097474416,0.0,23.19529464669813,11.965824461223415,8.931167856852255,8.179560597737634,1021.3183951822917,-12.325799743334452,226.16464472934604,492.486462076505,23.002618408203148,12.561944580078148,17.052170054117862,60.14629554748535,13.270833571751913,0.0,20.317614882728027,9.602683964195862,9.95045878092452,8.931731160481775,1020.6386979166667,-25.899252374966938,227.31999702503285,495.27416439851123,22.646051025390648,12.257867431640648,16.804957326253277,61.75138918558756,19.39768521984418,0.0,21.529425868663548,9.916808916748947,9.548918660481775,8.96537551879885,1020.5955533854167,-25.812150239944458,225.6728902682662,496.8823953469594,23.277856445312523,12.768823242187523,17.272481536865257,59.59259271621704,17.546758974591892,0.0,20.060877708751953,9.64347084797428,9.993741607666038,8.982142384847009,1020.15748046875,-27.372236053148907,226.93647212535143,488.13931413491565,22.937860107421898,12.618981933593773,17.040357208251976,61.612500508626304,9.638425968121737,0.0,21.4555466168407,9.498348017029807,9.591027832031273,9.216231282552087,1020.5985677083332,-26.76520613829295,226.99482961495718,496.70798591772717
2021-04-02,13.767602539062523,5.795648193359398,9.930537160237654,59.544907569885254,0.8842592556417609,0.0,25.362418726777005,21.151767718456558,5.370935058593773,2.0283243815104584,1023.5663671875,31.091554135084152,240.06466804941496,727.1455332438151,13.487603759765648,3.7048889160156477,8.58765309651695,61.870371182759605,2.5675925660567978,0.0,24.904909473550315,21.100819317584918,4.657623545328818,1.2963310241699446,1024.4875227864584,35.637435952822365,241.1857050123314,731.6910171508789,13.843865966796898,5.819085693359398,9.813789621988954,59.73055442174276,0.26990740827750415,0.0,26.094306666254763,21.462475791731354,5.477638498942099,1.9738390604655365,1023.6584798177083,31.63655948638916,239.99944613377252,734.8006006876627,13.637567138671898,4.612084960937523,9.117551422119163,60.31064875920614,1.0124999984788399,0.0,25.737111809589294,21.210803505003593,5.3586352030436615,1.438715871175134,1024.313828125,34.02734033266703,241.4879229987661,703.757926940918,13.902154541015648,5.693658447265648,10.016842142740908,58.93518431981405,0.1379629634320736,0.0,24.41085261751558,21.208968140782847,5.831455485026083,1.925514475504599,1023.66943359375,30.70959637562434,240.34153632322946,710.394832611084,13.972192382812523,5.017327880859398,9.345740254720075,59.36712916692098,0.5509259266157945,0.0,24.88897941208574,20.875603847107293,5.166884358723962,1.4213500976562727,1024.1005533854168,31.979968110720318,241.12809728458524,717.985341389974,13.762017822265648,5.717889404296898,10.031093851725283,58.499999364217125,0.18935184925794601,0.0,25.206976534737624,21.467300542736325,5.898109690348349,1.8061500549316634,1023.4965266927082,30.99896111090978,240.6687425325314,707.3696886698405,13.720788574218773,5.666558837890648,9.606702423095726,59.37083339691162,1.9277778112639983,0.0,25.417051572240698,21.063324441548897,5.059089914957724,1.6868517557780365,1023.5975911458332,32.193152924378715,240.33233419060707,736.7328236897787
2021-04-03,12.531182861328148,3.3350463867187727,7.233782704671246,65.61018673578899,19.1731482706964,0.0,24.56328029688046,20.09303693326119,1.7497751871745209,0.8216606140136946,1026.7866341145832,20.54784647623698,230.85059347748756,887.981793721517,12.606835937500023,3.3640380859375227,7.62762858072919,62.30185095469157,24.084722648064297,0.0,23.326499709632646,20.36006452712966,0.3082697550456146,0.47587865193685275,1026.4754654947917,18.663599411646526,222.47629355018339,990.7376759847006,12.284692382812523,3.3801208496093977,7.071888224283877,65.58888912200928,21.33287018320213,0.0,25.819314103946866,20.741888415743468,1.7170132954915402,0.681208546956384,1027.033798828125,21.33162357409795,221.36249582469463,885.2701568603516,12.550958251953148,3.1846862792968977,7.410646057128929,63.86527935663859,23.559722160299618,0.0,22.791716478254344,19.8274548435238,0.986573791503929,0.5794565836588959,1026.8959114583333,19.508042593797047,224.74021910130978,946.7905832926432,11.964868164062523,2.9677978515625227,6.844384765625023,65.48055585225423,16.89027826860547,0.0,25.96388951425435,20.71609980487581,1.457728322347009,0.443116760253929,1026.908857421875,22.838564972082775,229.21048330888152,889.2124061584473,12.581384277343773,3.2947021484375227,7.329988098144554,64.75138934453328,22.78333330154419,0.0,23.55606882796979,20.08768577669481,1.1681648254394759,0.7017176310221771,1026.8765169270832,20.425419569015503,227.81726052860418,911.4394963582357,12.004846191406273,2.9919677734375227,6.915657297770205,65.37453778584798,19.368518980840843,0.0,25.566434213595574,20.599429386374478,1.3908274332682709,0.4523241678874115,1026.9257942708332,22.29064776500066,229.01884814848503,888.1189575195312,12.648736572265648,3.1391235351562727,7.305562591552757,65.51157474517822,19.421758850415547,0.0,24.198651803434686,19.98394761478149,1.4921076456706146,0.8823994954427121,1026.7314420572918,19.91813027858734,234.16120252013206,892.0038922627767
2021-04-04,13.942590332031273,2.2239929199218977,7.7088994344075745,65.83842468261719,4.0268519669771194,0.0,18.227289536364793,12.476118442388474,3.0075177510579465,1.0628334045410384,1024.9252994791668,0.2841827869415283,243.95685792466006,526.4784647623698,13.953027343750023,2.1421142578125227,7.6656560262044495,66.42453686396281,8.775925789649287,0.0,17.478591329462088,11.410096907971962,3.831416066487634,1.2282526652018646,1022.9412076822917,2.608837286631266,244.6522775143385,523.9537512461344,13.597802734375023,2.0953002929687727,7.533956146240257,66.56018416086833,3.9157408755660676,0.0,18.487320637262332,12.271334643743094,2.7168975830078352,1.1036201477051009,1024.77099609375,1.0702472925186157,243.18540463844934,525.5482749938965,14.311791992187523,2.1099487304687727,7.782821909586612,66.06712992986043,6.105092525482178,0.0,18.08427700187935,12.232651609339987,3.858876800537132,1.2057942708333371,1023.9682975260417,0.7404767672220866,245.08286816626787,528.4478282928467,13.227105712890648,1.9877868652343977,7.316838836669945,66.7402777671814,6.540277749920885,0.0,17.829676398521038,12.36510008676187,2.835810597737634,0.9781077067057709,1024.8235188802082,2.6652143200238547,242.76410577446222,531.4207331339518,14.130700683593773,2.2402587890625227,7.746943410237653,65.04074080785115,5.531018585587542,0.0,18.169860291815205,12.031730053942361,3.4160858154297102,0.8710787455241302,1024.5543912760418,0.13806231816609701,244.76133074859777,511.3149770100911,13.163659667968773,1.9099670410156477,7.208432769775413,67.76898097991943,7.664814680814743,0.0,17.746023049329185,12.58500701349705,2.8766583760579465,1.1411364237467865,1024.6915104166667,3.3410600423812866,242.29095099618038,549.2165495554606,14.038873291015648,2.2545410156250227,7.772606150309268,65.09444427490234,2.886111119762063,0.0,18.231039768218597,12.271958273736006,3.2361325581868527,0.9077278137207259,1024.9031640625,0.7485857605934143,244.52735223869482,521.1035289764404
2021-04-05,8.361108398437523,0.9429260253906477,4.992888387044293,69.4291672706604,69.08055490255356,5.569444552063942,24.74035546968751,16.51134907038058,-1.9076484680175554,-0.4625317891438385,1017.9309798177082,34.25427960356077,99.28100238740444,799.2197462717692,9.816674804687523,1.3474975585937727,5.826214090983096,66.26296345392863,69.50509355465572,2.951388840097934,28.061670560895855,16.85575524333509,-1.3199829101562273,-0.28243738810220975,1017.7741145833332,30.75711400806904,125.35362950464089,810.6045331954956,8.239526367187523,0.7280822753906477,4.984061177571637,68.94027805328369,69.38379639387131,5.625000007450581,25.69640613153622,16.765921759392914,-1.9732994079589616,-0.6487373352050554,1018.1250390625,32.56725811213255,106.8271877442797,825.7622232437134,8.851525878906273,1.4166503906250227,5.381314849853538,68.23425944646199,64.85601834456126,4.222222229465842,21.976230275395626,15.240662084580407,-1.4129636128743073,-0.2749669392903229,1017.7013313802083,36.0877792040507,82.11814831693967,706.6625337600708,7.910821533203148,0.47222290039064774,4.692408498128278,71.79953622817993,57.97175884246826,7.479166608303785,23.365162064717186,16.038001744780154,-1.9509529113769304,-0.3450085957844635,1018.5053678385417,37.437183817227684,91.24522107591231,773.5637693405151,8.810083007812523,0.9272399902343977,5.162713623046898,68.73333199818929,63.39583388964335,4.138888959307224,25.800332852981,15.935146792757784,-1.5329917907714616,-0.41895141601560226,1017.7669694010417,36.3812048782905,84.13983021428187,743.3446105321249,8.172235107421898,0.6888061523437727,4.976164754231793,70.1425937016805,59.186111052831016,5.4375000055879354,26.54062587303707,16.131250651779222,-1.5479237874348541,-0.3738871256510379,1018.3844010416667,31.31126688234508,106.68035495032866,771.3077936172485,8.362695312500023,0.9297729492187727,4.994213358561221,68.20972188313802,64.11296288172404,5.125000067055225,24.581257215209646,16.184345061477966,-1.977969868977823,-0.7709068298339616,1017.9607779947917,34.52658508221308,99.04716516286135,800.508536974589
2021-04-06,5.987664794921898,-0.6277526855468523,2.3034174601237205,51.99629561106364,54.76574013133844,27.18055558204651,26.12060020877015,14.410915623077623,-9.269806925455725,-6.895834350585915,1020.5492578125,27.74319479862849,200.0300725425283,1039.0814736684163,6.094445800781273,-0.8437255859374773,2.3187360127767156,51.57314809163412,52.50138853987058,22.805555760860443,25.539634580034953,14.147613218585299,-9.250125630696573,-7.046301269531227,1020.6692122395833,27.193731824556988,191.12198309103647,1047.605769475301,5.728570556640648,-0.5858825683593523,2.3558593750000227,52.7601850827535,55.64490779240926,29.41666704416275,26.797868742939443,14.606381864249329,-9.12938283284501,-6.596736653645792,1020.275126953125,27.290940125783283,195.97996135801077,1019.460531870524,5.872247314453148,-0.8645080566406023,2.3212498982747625,50.006018002827965,46.029165604772665,23.916666448116302,25.548914275098017,13.784505782985141,-9.144279225667276,-7.32857996622721,1020.6819075520833,27.297813256581623,200.50627865145603,981.3631146748861,6.332086181640648,-0.5482849121093523,2.6190594991048406,51.2217583656311,55.8921299011757,14.493055552244186,26.88756186606283,15.119195770873446,-8.952791595458962,-6.765262349446573,1020.107236328125,24.465560575326283,204.67378004143634,1061.4720611572266,5.946557617187523,-0.9169372558593523,2.272939300537132,48.41620397567749,50.14722218116125,27.506944358348846,25.979541244359382,14.232285474098603,-9.293521626790323,-7.795741780598917,1020.8153059895833,26.254812081654865,198.6701821858684,1019.1184825897217,6.663568115234398,-0.5936340332031023,2.7957397460937727,51.234259605407715,54.239351687952876,7.631944470107555,26.27183250799454,14.827724941548693,-8.727767690022745,-6.625803375244118,1019.969443359375,22.494492143392563,204.691680851082,1070.7022749582927,6.027795410156273,-0.8454956054687273,2.313961283365908,50.45509195327759,53.64166663090388,22.4375,25.562819772439997,14.112738105539258,-9.30355555216471,-7.25881423950193,1021.0712825520833,27.097067554791767,200.06879848490158,1035.278325398763
2021-04-07,8.890008544921898,-1.3709472656249773,3.1561027526855696,56.40740633010864,43.11111115912596,20.26388907432556,25.318113262503804,14.184048660106752,-8.506591542561807,-5.21703186035154,1023.9525651041668,9.856271726389727,231.85924277454615,998.0657437642416,8.483331298828148,-1.5895751953124773,2.963594055175804,52.18657350540161,41.02407395591339,43.83333206176758,20.62407652704621,12.54658426104592,-8.76402638753251,-6.438556416829385,1025.7837890625,8.902251869440079,235.61163165668646,959.2037391662598,8.640161132812523,-1.3277954101562273,3.3070058186849187,56.45463037490845,41.5856484969457,24.47916603088379,23.02621139806609,14.185296086515363,-8.36449025472001,-5.099979146321573,1023.6167903645833,10.356088533997536,221.3719401260217,994.8764743804932,8.927819824218773,-1.4957641601562273,3.1216293334961165,52.65879646937052,33.78981429338455,47.89583373069763,22.075483418660987,13.772018765695236,-8.333793385823526,-6.186081949869788,1025.5165592447918,7.622152487436931,240.0133170435826,962.8373896280924,8.502648925781273,-1.2944396972656023,3.412056223551455,57.88333320617676,47.79490713278452,13.70833307504654,20.733600627197166,13.635867719529386,-8.30290578206376,-4.7171641031901,1023.5510286458333,9.775576134522757,211.1990524455905,965.205810546875,8.605035400390648,-1.5480102539062273,3.1249684651692937,53.6430557568868,34.65786994745334,29.000000953674316,24.687562065434527,14.251680855101066,-8.360350036621071,-5.967961374918616,1025.2630240885417,8.63837327559789,248.5619616707166,963.5960731506348,8.792749023437523,-1.3719543457031023,3.44370295206708,54.798611640930176,43.49351864556471,2.236111104488373,20.639114697964086,13.366296693381557,-8.230050150553382,-5.446457926432288,1023.7064453125,8.367673089106878,226.26110119124255,967.7891063690186,8.278100585937523,-1.4106506347656023,3.1121815999349187,59.700925509134926,51.475925912459694,18.881944596767426,24.261963610395803,14.130417494439621,-8.487267557779944,-4.562400563557901,1024.3573404947917,10.927215218544006,223.7449791431427,983.0834744771322
2021-04-08,11.540795898437523,0.38814697265627274,5.740340169270856,61.94120343526205,22.618517855803173,0.0,8.268734991604301,6.032955483227876,-4.7338940938313385,-1.731114451090491,1024.3994563802082,-12.575940529505411,254.98444126049677,587.4712154070536,11.138421630859398,0.007592773437522737,5.353931681315127,60.57870388031006,27.07824045419693,20.500000476837158,9.317167090525073,6.189983260501407,-4.872738901774085,-2.2293546040852448,1024.373291015625,-11.911641081174215,253.55594164133072,553.5757357279459,11.679467773437523,0.38332519531252274,5.805764770507835,63.21666653951009,28.418055693308514,0.0,8.223792302539184,5.7622746865371335,-4.593536122639932,-1.4243708292643191,1024.173271484375,-13.075141112009684,253.86596387128034,565.0917344888052,10.924371337890648,-0.09570922851560226,5.14041926066083,54.04953654607137,18.95925939331452,24.833333015441895,8.265571972877343,5.578637465618283,-4.953607940673805,-4.059395853678382,1024.7757259114583,-9.420017083485922,256.35582983493805,532.9310246308645,11.904626464843773,1.1253295898437727,6.1341211954752835,62.88055578867594,56.16018422444662,0.2083333390764892,8.51772119899943,5.507579861342562,-4.697870635986305,-1.1033233642577898,1023.9370475260417,-15.289372861385345,247.24586426715055,633.4387833277384,10.977105712890648,0.029718017578147737,5.212976074218773,55.584721406300865,26.619907041390736,13.909722089767456,7.6292495868863375,5.3947169493011495,-5.108831787109352,-3.571292622884073,1024.5783365885418,-10.896094044049581,255.30378346145153,558.9615382353464,11.549829101562523,0.9624267578125227,5.806029256184918,62.602776209513344,54.461573680241905,0.0,7.584718574676877,4.731489542390864,-4.962306722005167,-1.441714986165323,1024.0880013020833,-14.423148353894552,249.3285582860311,611.4298450152079,11.154138183593773,0.24660644531252274,5.468979136149112,55.96990712483724,29.469444692134857,2.333333373069763,6.896168731003956,5.287562390902875,-4.9350176493326785,-3.298577372233069,1024.5117578125,-12.088459551334381,253.84107547005019,577.0989116827647
2021-04-09,15.972222900390648,5.221459960937523,9.97681579589846,57.5055570602417,95.92175960540771,2.4722222425043583,13.847326256418691,7.785268123574892,1.1401395161946652,1.5789695739746321,1015.5323079427083,-24.665839557846386,210.53413085887829,564.4799381891886,16.666375732421898,4.757287597656273,10.013016001383486,59.27083317438761,89.3916670481364,2.624999988824129,17.08701494309474,8.807639105172052,1.6821113586426009,1.9755798339843977,1015.1887565104167,-27.204100092252094,215.37699986000857,582.8961070378622,16.127160644531273,5.510369873046898,10.208376820882185,57.77731482187907,96.65231513977051,2.222222253680229,14.304219359517605,8.207383279160053,1.2957639058431027,1.8635154724121321,1015.5225846354167,-26.43398819367091,208.33033201595148,577.5647452672323,16.519067382812523,5.015710449218773,9.95795593261721,61.49676005045573,89.9981484413147,3.7430554893799126,18.060640753963828,8.758101886510055,1.7594123840332259,2.4606071472168196,1014.8346842447917,-25.794024755557377,217.9699593062202,548.765473206838,16.051934814453148,5.402124023437523,10.069128926595075,59.857869466145836,97.03287092844646,4.395833310205489,13.758186203262502,7.802608998071949,1.3338256835937727,2.2007232666015852,1015.7998404947917,-24.47714587052663,198.12411100293198,558.2044328053793,16.307946777343773,5.170922851562523,9.811839040120466,62.34305667877197,92.42361052831014,11.05555553548038,16.80325957015011,9.406431895155466,1.2774965922038177,2.473340606689476,1014.9828548177082,-21.69697667658329,205.07838688169917,581.0336952209473,16.136315917968773,5.462243652343773,10.118765767415388,60.42916758855184,98.90786997477214,3.479166601318866,12.951307089647834,7.67223182402638,1.5037043253581146,2.435713704427087,1015.5490234375,-24.480801105499268,193.36276154592633,550.4381802876791,16.111993408203148,4.915704345703148,9.64869079589846,61.16064723332723,90.81944433848064,7.770833373069763,14.840234695820396,8.547413995622668,1.1561116536458371,2.046314493815146,1015.1967610677083,-21.71904057264328,214.5546261438479,558.3512439727783
2021-04-10,10.041925048828148,7.630395507812523,8.569619750976585,94.2861115137736,99.97361119588216,344.1041646003723,8.184949831108526,4.498595286786586,1.9268063863118527,7.684917704264365,1011.2821940104167,13.741904929280281,11.820203740149736,378.90124320983887,9.955529785156273,7.540643310546898,8.933166758219423,94.06805419921875,99.99490737915039,322.8263907432556,8.408717837965511,3.7813387412680535,1.7666564941406477,8.003423309326195,1009.9696516927083,11.244937002658844,11.052796355138222,391.6443843841553,10.597497558593773,7.929986572265648,9.201299285888695,93.38240845998128,99.9712963104248,319.57638692855835,15.723065614174589,8.679009966826944,2.1764249165852902,8.1721181233724,1011.027294921875,6.786912202835083,15.796536998512844,463.02281951904297,10.622430419921898,8.731958007812523,9.609138743082704,93.09398301442464,99.98657449086507,272.8055535554886,16.32009262871863,11.553672101440734,2.2889699300130246,8.53470382690432,1009.4993229166668,9.735583742459616,12.571870538095633,590.5955530802408,10.982690429687523,8.230126953125023,9.539277648925804,92.45092550913493,99.91018549601237,294.38194274902344,19.777533659791136,10.509198249127822,2.302089945475302,8.347688293457054,1010.6106901041667,6.403803646564484,16.78187018757065,526.4125270843506,10.125756835937523,9.001092529296898,9.55240147908531,92.50972175598145,99.9430554707845,264.36111068725586,16.944085690622707,10.382943810203566,2.327387746175134,8.385377502441429,1010.6946614583333,8.856039933860302,19.224833364288013,494.039114634196,11.138879394531273,8.255090332031273,9.445377604166689,93.46851825714111,99.83425903320312,290.2013864517212,17.665260664444613,8.334737447698894,2.318282063802087,8.420367177327478,1010.302314453125,6.9495577067136765,14.59351900064697,470.60926564534503,10.494073486328148,8.919519042968773,9.634548441569033,93.18703715006511,99.99259217580159,298.11805629730225,15.555104996165603,9.611781774028513,2.2522827148437727,8.567283884684286,1010.6784830729167,7.269056616661449,17.360314558570582,494.9582379659017
2021-04-11,9.350640869140648,2.7893005371093977,5.578790283203148,91.5564816792806,98.3981482187907,549.7013931274414,18.21707398067144,13.765098547557512,-1.5881230672200104,4.287374114990257,1012.7059798177083,31.545456528663635,27.835240320612986,570.4442170461019,7.238885498046898,1.8276916503906477,3.788154856363955,94.46435165405273,99.97685241699219,725.2569427490234,23.616364029965254,18.303435198197604,-0.9895462036132585,2.974787648518884,1012.7683170572917,40.11935806274414,26.191147640968364,589.5927937825521,8.981225585937523,3.1465393066406477,5.478262837727887,87.093981107076,97.08194414774577,283.8888883590698,18.668542054815042,13.765497110317723,-1.9673650105793854,3.4082071940104584,1013.3718522135417,29.553906440734863,39.22683450827996,648.2245661417643,8.108483886718773,2.1591430664062727,4.43841959635419,95.91666730244954,99.83472188313802,735.0625019073486,25.305624522631202,16.223864832366058,-0.3851353963215729,3.8396697998047102,1011.441904296875,38.91556348403295,14.803629807506999,496.315725962321,8.027795410156273,3.0668884277343977,5.361695861816429,85.64213053385417,95.96157375971477,200.93055534362793,18.215746790694023,13.850723082011676,-2.475425465901651,3.034894561767601,1014.1494694010418,31.151683966318767,35.93281437829137,673.7100137074789,9.011407470703148,2.2141052246093977,5.280511474609398,94.67916742960612,95.88194417953491,717.0902786254883,19.419648745717584,12.944588613916252,-1.2815994262695085,4.4809738159179915,1011.9091471354167,33.80077846844991,19.229277598982055,507.7125301361084,7.520227050781273,3.0320678710937727,5.402875518798851,81.40231402715047,93.02592611312866,75.53472137451172,21.151856657960085,15.213754931972424,-2.647123718261696,2.251320139567099,1014.2997200520833,30.545778185129166,53.70229730382562,750.7180658976237,8.696343994140648,3.0431762695312727,5.350367482503278,92.87407398223877,99.34166653951009,656.4722213745117,17.319889141031542,12.5392399687304,-1.706059519449866,4.270260111490927,1012.5301953125,31.704601446787517,27.16401854592065,533.5075817108154
2021-04-12,10.209436035156273,0.8944335937500227,5.2487045288086165,60.127776304880776,39.66620360811552,43.638888239860535,21.100923309712073,11.464145553146807,-5.884800974527991,-2.4280049641926666,1028.1525130208333,2.43741907676061,243.09511078397432,915.4837322235107,9.572991943359398,0.03719482421877274,4.56241378784182,65.89722267786662,36.124536583820976,610.2013912200928,15.87900420297475,11.399611990302498,-6.303995513915993,-1.9209058125813385,1027.4089225260418,4.485255638758342,224.48864990224442,848.3645750681559,9.953088378906273,1.0610900878906477,5.459862009684268,62.34305493036906,42.6300923426946,18.138889133930206,18.35210981291547,11.458891184222017,-5.7155962626139285,-1.6790362040201785,1028.1634440104167,2.828563153743744,220.28140546381474,896.7463699976603,9.453576660156273,0.006585693359397737,4.561352030436221,64.70138994852702,30.159721792985994,306.85416889190674,18.01875079043039,11.440371701803636,-5.770305379231729,-2.037997945149698,1027.416923828125,5.951636513074239,223.89000037064156,783.9778925577799,9.816674804687523,1.0067687988281477,5.339864349365257,65.44536940256755,40.44351860880852,4.680555563420057,16.175243505528403,10.635010133854356,-5.78166554768876,-1.1081705729166629,1028.485068359375,4.093825856844584,211.80475218594074,802.6485160191854,10.382043457031273,-0.11301269531247726,4.996261850992862,64.18472321828206,37.126389125051595,214.06249618530273,16.642976694762627,10.503081985783945,-5.27733205159501,-1.7574167887369754,1027.9731803385416,1.5867743094762166,213.82456351816654,807.2980629603068,10.199304199218773,0.9330993652343977,5.24585367838544,65.28611135482788,33.62731459996818,3.3263889183290303,18.996019837066093,10.87977853270671,-5.762188975016272,-1.2773625691731354,1028.32328125,4.441749890645345,216.32666109502316,813.4327239990234,10.428552246093773,0.7659545898437727,5.272626495361351,65.61203686396281,36.62453807331622,99.88888740539551,17.797575574841233,10.561156547504908,-5.455852254231729,-1.1369740804036041,1027.8519889322918,1.4270786742369335,219.08983194331327,774.6878449122111
2021-04-13,10.187310791015648,-0.33890380859372726,5.100298817952496,58.72268501917521,14.758333344012499,16.5,11.59520644844212,9.22727259074737,-6.058718109130837,-3.2613828023274323,1032.5383072916668,2.14258466164271,273.0786304275195,748.5174783070883,10.170800781250023,0.30639038085939774,5.354141489664737,56.60555632909139,24.848611424366634,45.11111044883728,11.40597435743399,8.587652506410132,-6.048895263671852,-3.6185974121093523,1032.9635872395834,0.7877286672592163,272.9534781376521,790.5869296391805,10.267114257812523,0.04967651367189774,5.382587687174502,59.97129694620768,20.231944714983303,15.28472238779068,12.624577592866887,9.948868083322411,-5.782797241210915,-2.5815884908039948,1032.2403548177083,1.0830969959497452,272.08770783245564,761.1932916641235,10.349511718750023,0.03954467773439774,5.444609578450543,60.17361195882162,29.16249981025855,22.041666567325592,10.308382623853731,8.541487655540939,-5.934567515055335,-2.730930074055948,1032.8990104166667,0.12702907621860504,270.95963029066723,813.8843676249186,10.067102050781273,0.5820556640625227,5.5624354044596585,57.90416653951009,27.88240696062955,15.333333492279053,13.443777754629027,10.75700230227111,-6.073149108886696,-2.870067342122354,1032.290048828125,0.6181712249914805,272.7082784771919,809.3259035746256,10.217553710937523,0.28334960937502274,5.501116689046246,59.75509166717529,18.779629457741976,23.895833373069763,10.936905708673109,8.788312138155902,-6.08089930216471,-2.928441111246741,1032.6646354166667,2.1812453071276345,273.6338560730219,768.6491683324178,10.052270507812523,-0.15515747070310226,5.052157338460309,60.05648183822632,14.039351769412557,3.666666626930237,13.370883442878846,10.394816361659794,-6.037579600016272,-2.945750935872354,1032.389638671875,4.156355116516352,272.8800203005473,767.3865121205648,10.072351074218773,-0.27289428710935226,5.036897277832054,61.04537041982015,14.596296365062395,17.79861170053482,11.85571844298134,9.64472044503791,-6.06340382893876,-2.8735018412272098,1032.6097493489583,3.3124950478474298,272.74775235851604,760.2885405222574
2021-04-14,10.872888183593773,0.7624145507812727,5.813466644287132,55.422684828440346,14.50185189396143,0.020833333488553762,18.565030745862384,12.880633660376617,-5.398771667480446,-2.9796140034993073,1030.1245052083332,0.4756816029548645,262.3346809049447,858.9498980840048,11.027795410156273,0.8471008300781477,5.896190897623721,55.175925731658936,24.47500043362379,16.5,17.834553640883044,12.10893529899488,-5.342998250325479,-2.9595855712890398,1029.9993391927082,-0.5378534396489462,263.98778190215427,883.2480875651041,11.103173828125023,0.8605285644531477,5.95706965128583,55.068982442220054,21.974074443181355,0.02777777798473835,18.657240129541293,12.439271421028641,-5.290282948811807,-2.9156033833821198,1030.1960026041668,-0.8249732057253519,262.5966091156006,901.8841517766317,11.035516357421898,0.9359985351562727,5.957092539469424,55.167593002319336,18.11249975860119,15.333333492279053,18.37542623769111,12.709081665490556,-5.3007275899250885,-2.9226898193359148,1030.1207161458333,0.1821798880894979,268.561741789182,888.1291360855103,10.938287353515648,0.6827331542968977,5.836047108968121,52.85509316126505,17.546759044441085,0.020833333488553762,16.95513091450714,11.859746802087786,-5.479526265462198,-3.5703325907389285,1030.277490234375,-0.47320204973220825,266.1454086303711,890.4897785186768,10.660974121093773,0.6703735351562727,5.693987782796246,53.69259246190389,13.704166817168394,15.333333492279053,18.037452495172566,12.972055899602132,-5.657914225260413,-3.5381162007649323,1030.7107877604167,2.2370122273763022,271.29158181945485,896.6185998916626,10.797357177734398,0.5815673828125227,5.68085632324221,52.36018594106039,18.913425768415134,0.020833333488553762,17.46044809938854,12.069258444507518,-5.7213882446288835,-3.851035817464151,1030.4336783854167,0.7461267312367758,266.3504982491334,914.8601630528768,10.904962158203148,0.6915222167968977,5.743460591634137,55.79351758956909,15.30277822415034,3.743055507540703,18.284612857745053,12.44796082947599,-5.576092783610022,-2.9767033894856354,1030.680126953125,0.20947947104771933,266.7242243687312,874.2185360590616
2021-04-15,10.108209228515648,0.05156860351564774,5.21174011230471,64.95324055353801,29.461574097474415,2.833333356305957,17.61088874174499,14.30057654899736,-5.579870605468727,-1.4660273234049441,1028.77236328125,8.538340946038565,233.61338713765144,891.2272624969482,9.617272949218773,0.07335815429689774,4.992317454020205,63.73749987284342,36.48611165086428,0.8194444528780878,20.014890873643377,15.741084457051157,-5.996374511718727,-2.000591023762979,1028.0423404947917,9.076277931531271,244.3685922821363,993.9006601969401,10.077539062500023,0.14821777343752274,5.271179453531924,65.46435292561848,32.336573749780655,2.868055548518896,18.197078627025505,14.588267441055356,-5.512060546874977,-1.300998433430948,1028.836650390625,8.293407917022705,226.44439134995142,910.6267846425375,9.782708740234398,-0.013800048828102263,5.086821492513043,63.78425772984823,39.99398058652878,1.111111129168421,19.658792314965805,15.28654169744347,-5.880430603027321,-1.9141003926594635,1028.1801171875,8.326404909292856,242.45469995339712,972.0861428578695,10.137902832031273,0.09206542968752274,5.185161844889346,65.26527722676595,35.79444523652395,3.6180555671453476,18.506152014704405,14.55310189070957,-5.67279154459635,-1.4570144653320085,1028.931982421875,8.813892205556234,227.23914177219072,923.282798131307,9.294458007812523,0.03942260742189774,4.955978647867862,66.87175846099854,30.61111118396123,11.361111311241984,16.860625306615642,14.37708558221631,-5.7084551493326785,-1.0972745259602448,1028.492265625,11.837532639503479,234.74495885769525,825.0333817799886,10.050012207031273,-0.015509033203102263,5.161391194661481,64.2888895670573,35.32777762413025,1.6527777947485447,17.71793644201907,14.177486389946987,-5.788047536214151,-1.7305702209472429,1028.940966796875,9.424868106842041,220.49475878477097,941.1200300852457,10.281213378906273,-0.04944458007810226,5.209741210937523,64.16990788777669,28.493055472771328,2.2291666753590107,18.0000364546441,14.602007733364061,-5.65455602010087,-1.6722867329914948,1028.963095703125,7.810795605182648,241.21779635548592,922.4338194529215
2021-04-16,9.885888671875023,0.5532470703125227,5.559503173828148,63.93750015894572,44.08703696727753,3.875000074505806,20.89428174190528,15.031123357231934,-4.982663218180335,-1.1237459818522098,1027.172568359375,8.261874636014303,181.99003617962202,851.5828742980957,9.206567382812523,0.9696594238281477,5.681488291422549,64.87592458724976,55.4555557568868,8.631944477558136,22.40796563387704,15.706283600789845,-4.886254374186194,-0.7718020121256473,1026.79009765625,6.173333982626597,175.40720274051031,889.5381698608398,9.925073242187523,0.5360656738281477,5.617304738362653,63.7013889948527,46.377777894337974,2.590277723968029,20.931886255871518,14.8957055559094,-4.96037648518876,-1.1606633504231354,1027.2723697916667,7.759940445423126,182.00289100408554,858.0008665720621,9.478723144531273,0.8749633789062727,5.540302530924502,65.42453734079997,51.47361065944036,8.256944447755814,22.7223871067905,15.566047846665588,-4.874507649739542,-0.8813652038573991,1026.5099837239584,6.293950756390889,191.5044631063938,889.8534202575684,10.173730468750023,0.41140136718752274,5.574249521891299,62.5282408396403,44.72731520732244,0.36805556574836373,21.445889895286186,14.726744850406037,-5.07015711466471,-1.4618934631347429,1027.4562662760418,7.122689445813497,188.7900743484497,860.1587149302164,9.865258789062523,0.6289306640625227,5.527500406901065,65.44490623474121,55.9217586517334,9.409722357988358,21.930167215575445,15.411156690161457,-4.877975209553995,-0.8222081502278229,1026.6777115885418,7.4057614008585615,186.49203861753145,867.5852425893148,9.861596679687523,0.35729370117189774,5.466336822509788,62.88009262084961,51.3069442709287,0.3125000037252903,21.163472996815063,14.53115842885545,-5.203905487060524,-1.4723114013671648,1027.3077897135418,7.4233483870824175,189.51673985520998,860.2224407196045,9.825341796875023,0.6472412109375227,5.591953531901065,63.99676005045573,54.572221755981445,4.555555582046509,21.70063606983852,15.15760269417372,-4.9956128438313385,-1.1016639709472429,1026.87353515625,6.707684814929962,191.3362528681755,884.0046342213949
2021-04-17,12.549523925781273,1.7702880859375227,7.080372111002627,65.69259230295818,21.93749996026357,1.6666667461395264,19.37762819467342,15.240810455117435,-3.0182581583658816,0.4768297831217865,1025.2225520833333,-11.523663560549418,271.40059759219486,790.237735748291,12.870172119140648,2.0107666015625227,7.29044621785484,66.39305559794109,19.952777683734894,5.5000001192092896,19.348435937026505,14.922419085646018,-2.8434445699055573,0.7941731770833371,1025.10595703125,-12.433228135108948,272.95757635434467,769.1978905995687,12.573510742187523,1.7531677246093977,7.026722208658877,66.61944405237834,18.465277552604675,2.534722179174423,19.23088004551368,15.193814479890648,-2.9892168680826785,0.6515848795573334,1025.2941731770834,-11.369631588459015,271.4024296005567,785.8578592936198,12.638208007812523,1.9639831542968977,7.273156738281273,66.19444386164348,20.786574602127075,3.4999998807907104,19.148518525084416,14.893585733246802,-2.9783271789550554,0.7551717122395871,1025.200361328125,-11.688965310653051,272.2161988019943,775.8633302052816,12.448052978515648,1.6604553222656477,6.929390207926455,66.58888753255208,29.16435209910075,2.0000000596046448,19.42065663209907,15.162270199421963,-3.129764302571573,0.5643516540527571,1025.1861360677083,-10.647696614265442,266.366255402565,790.6213150024414,12.582482910156273,1.8110595703125227,7.169346110026065,66.49722290039062,21.50601828098297,0.8333333730697632,19.146741338625265,15.048539542475131,-3.035368347167946,0.7349856058756927,1025.2111197916668,-10.816399410367012,271.85293088356656,794.1995754241943,12.278100585937523,1.6761413574218977,6.92767740885419,67.56944370269775,42.017592787742615,0.03472222248092294,19.196383210183686,14.822513329078424,-3.1092107137043854,0.8157758076985715,1024.9874967447918,-8.83057331542174,232.76499842604002,792.6678721110026,12.601007080078148,1.7036376953125227,7.0445012410481995,66.50509230295818,22.315277735392254,1.3333333432674408,18.32102957973929,14.565518112003646,-3.154605611165323,0.6174649556477902,1025.10802734375,-10.842728435993195,271.80011509855586,786.3696460723877
2021-04-18,12.967675781250023,2.4169860839843977,7.4385035196940335,69.59629567464192,77.31435108184814,0.6180555471219122,13.423182248658511,10.71578963616726,-1.762363179524698,1.8550239562988509,1023.200107421875,-8.185909494757652,215.24124076050552,568.9478282928467,12.503198242187523,2.5978332519531477,7.6327479044596585,71.8162039120992,72.98611076672871,2.479166701436043,13.638165387403523,10.622714633502154,-1.7186086018879791,2.545954640706384,1023.138740234375,-5.834624787171681,190.43928103727134,542.3677364985148,12.843316650390648,2.0272155761718977,7.571934000651065,66.70926014582317,73.24351902802785,0.1666666679084301,12.790922107835113,10.679476819673743,-1.9039571126301666,1.3805836995442746,1023.1286100260418,-6.367420554161072,208.56873961371215,599.7747166951498,12.572534179687523,2.3065124511718977,7.702753957112653,70.81666771570842,56.29120405515035,3.951388902962208,13.493380402902279,10.42339458533844,-1.8000269571940066,2.3791798909505246,1023.0729817708333,-3.3641842802365622,204.40331707479586,595.7932662963867,12.710778808593773,2.0525451660156477,7.509179687500023,66.51157299677531,72.58472235997517,0.180555562954396,13.208625398642559,10.46009797344177,-1.9749473571777116,1.3071278889973996,1023.4981510416667,-7.293338855107625,206.63048402549853,606.4041697184244,12.368768310546898,2.2055603027343977,7.516652679443382,70.4365743001302,71.78333266576131,2.97222226113081,13.832421463930064,10.396346515633194,-1.8426879882812273,2.147175089518271,1023.1615397135417,-1.9017086923122406,184.3516686070167,564.575937906901,12.733422851562523,2.1423583984375227,7.5709498087565335,66.0050934155782,75.6333323319753,0.0,13.565708633548336,10.519739672170997,-1.9815162658691179,1.2465581258138059,1023.3559309895833,-6.186007032791774,203.70234901787867,605.3163916269938,12.585260009765648,2.1313720703125227,7.343503570556663,69.443519115448,76.41157245635986,1.0486111142672598,13.85132061823485,10.603407465456717,-1.9864944458007585,1.7711209615071652,1022.8737141927082,-4.767856856187184,203.60317929667266,585.5790030161539
2021-04-19,14.414117431640648,6.901940917968773,9.753292338053408,64.79166618982951,82.0347220102946,0.583333327434957,9.84684191678906,8.324133012811368,-0.40757471720377225,3.2027692159016965,1020.9590104166667,-15.088592062393824,174.74996511638165,478.45552921295166,14.382562255859398,3.8611694335937727,9.261927541097029,69.26388915379842,46.51666657129923,3.076388880610466,11.358528652833126,9.014780384708708,-0.4782610575358035,3.4813845316569427,1020.239794921875,-10.151451031366983,209.0015041967854,561.123861948649,14.358697509765648,6.305932617187523,9.924259440104189,62.09814818700155,87.46851825714111,0.40972223272547126,9.508950014438652,7.845120987042118,-0.6029876708984148,2.7004625956217865,1020.8014290364583,-19.019471297661465,176.79975713909758,524.8726170857748,12.827386474609398,7.038842773437523,9.237002309163435,70.72777700424194,88.4282398223877,1.6111111398786306,9.292377348605775,7.880188157866148,-0.6715543111164948,4.049994405110681,1020.5100455729167,-8.110653334607681,113.56023942760658,400.77223443984985,14.665277099609398,6.883660888671898,10.02990620930992,61.76064729690552,89.12638886769612,0.3333333432674408,9.481260178072619,7.5138518974121284,-0.5919326782226335,2.7761538187663177,1021.1040852864583,-21.32899276415507,173.1642183715206,486.6942145029704,14.227807617187523,5.658166503906273,9.734282430013044,64.54583358764648,86.32870388031006,1.0347222499549389,9.597890198636742,6.3718580279270585,-1.0162681579589616,2.9903185526530365,1020.672314453125,-21.286060949166615,169.8038332941942,519.769863764445,14.400933837890648,5.789819335937523,9.698632812500023,64.48472118377686,78.18009249369304,0.8888888899236917,9.617361409183514,6.727885519306196,-0.5585807800292741,2.9212127685547102,1020.9669173177083,-16.381935849785805,158.5362219035936,510.0723288853963,14.379296875000023,6.939019775390648,9.743727620442732,66.07500060399373,83.27222188313802,0.31944445008412004,9.387694733910573,8.007080895275463,-0.4686899820963504,3.4493283589681027,1020.9399544270833,-15.667121956745783,170.5104238150719,480.7402095794678
2021-04-20,15.861108398437523,8.518029785156273,11.485369618733747,63.627777894337974,81.8041676680247,2.368055538274348,9.906214487019405,7.145988871070813,0.5909057617187727,4.426224009196005,1017.6593684895832,-16.923400138815243,191.66686766330773,572.5510238011678,15.745019531250023,7.358728027343773,11.033953603108747,66.54166587193806,77.02407471338908,9.87499988079071,9.928846684015499,6.993606850386801,0.3701085408528684,4.508443450927757,1017.7157096354167,-18.47810685634613,219.18449857016094,616.1070551872253,15.661096191406273,8.877893066406273,11.821585591634138,62.87963056564331,88.30138731002808,3.034722289070487,9.59958741065693,6.7472370153929555,0.8468299865722884,4.627884165446005,1017.2440625,-12.956696589787802,174.4598885877446,577.1535175641378,15.403131103515648,8.167565917968773,11.466432189941429,65.8981483777364,92.34212875366211,7.472222149372101,9.672702923571558,6.849298513132029,0.2126429239909271,4.90605189005538,1017.8118880208333,-17.963014513254166,181.5712435633565,580.7372779846191,15.986291503906273,8.738916015625023,11.727719879150413,63.51342519124349,84.97824033101399,2.8958333814516664,9.29741931502275,6.382769619467074,0.8247441609700559,4.667498524983728,1017.1190201822917,-13.528934220472971,172.53818378589736,564.967491308848,15.355889892578148,8.452539062500023,11.3551701863607,64.8166667620341,88.76250060399373,8.666666485369205,9.589766903303083,6.481824907815789,0.18448791503908524,4.5682782491048215,1017.90873046875,-15.02250866095225,168.55346354702488,566.6965924898783,15.950616455078148,8.852960205078148,12.032149251302107,62.37268575032552,79.4532413482666,7.111111169680953,10.17069358082113,6.749486729823219,1.1025087992350677,4.740360514322958,1016.7844694010417,-14.392917414506277,200.061089544169,589.7137212753296,15.726525878906273,6.734399414062523,10.795107777913435,69.25046189626057,67.33472188313802,7.798611178994179,11.272303082456803,7.525061975469806,0.6270182291667084,4.944032287597679,1018.05216796875,-13.25555265446504,195.16265313544622,576.282843430837
2021-04-21,16.842187500000023,7.802484130859398,12.221683756510439,64.98657321929932,61.39814853668213,25.444444000720978,20.364946880208468,12.49659271181063,2.135048166910849,5.489422098795615,1016.7782584635418,-11.71304746468862,198.26613296351084,666.9989194869995,16.211724853515648,6.079370117187523,11.033561960856142,70.6999994913737,38.57314838965734,8.486111178994179,21.498120414619734,13.758504493054986,1.3922655741374115,5.503635660807333,1017.7260481770833,-9.835364182790121,240.4698020697882,702.5030171076456,16.615838623046898,9.104272460937523,12.28430836995445,65.3842585881551,71.18888815244038,31.67361068725586,20.111564492723605,12.583684212782217,2.024605051676474,5.761743164062523,1016.492353515625,-14.287779678901037,191.23354222097745,612.0556475321451,16.577264404296898,6.341729736328148,11.173757171630882,67.59351793924968,44.967129270235695,12.305555552244186,23.196066967922043,14.560931885058862,1.4558870951335052,5.118182118733728,1017.2843815104167,-5.722297787666321,216.72940799904367,674.1516367594401,16.593408203125023,8.541070556640648,12.226777648925804,64.1976850827535,57.61898144086202,4.347222190350294,19.559127594831985,12.173803168449922,1.9633906046549896,5.387306467692099,1016.71078125,-15.24386195341746,216.36455653607845,596.9928299585978,16.435937500000023,6.579370117187523,11.478566741943382,64.00555499394734,41.40231490135193,8.666666835546494,20.92810790051697,12.745734354312567,1.675501759847009,4.600067392985068,1017.045,-7.218748013178508,198.01464861941835,664.50825659434,16.779656982421898,8.751336669921898,12.514466857910179,60.12268479665121,55.32083328564962,0.42361112404614687,19.3454048234666,12.252547673317887,1.8524566650390852,4.6848375956217865,1016.61109375,-16.40744415918986,238.30472925305367,652.0108752250671,17.326867675781273,6.800683593750023,11.91972122192385,64.54490741093953,32.71944508949915,20.840277671813965,20.745984165315853,12.96419037010861,2.117592112223349,5.106525675455771,1016.7691666666667,-11.126301805178324,234.70248423330486,708.6624460220337
2021-04-22,14.683343505859398,4.562371826171898,9.602231597900413,61.9476850827535,9.083333293596903,12.666666984558105,21.65747889580202,18.544154845291725,2.3250353495280365,1.8705688476562727,1023.0677962239583,4.257188578446706,290.1034271164487,676.1443824768066,13.959588623046898,3.8202758789062727,8.889024353027366,60.111574490865074,12.301851888497671,29.499999046325684,22.0837537027499,19.31914433910942,1.590144093831384,0.8632191975911496,1022.936669921875,6.38978773355484,291.0228366994609,715.1870969136556,14.872827148437523,4.573358154296898,9.714381154378279,60.913425286610924,6.139814794063568,3.666666626930237,21.01667755273202,18.27205656822994,2.2830113728841184,1.7249326070149777,1023.028720703125,3.5816815147797265,290.7344019257774,677.425910949707,14.090234375000023,3.9927917480468977,9.066908772786482,62.248147328694664,10.214814802010855,45.33333206176758,22.03456971945204,19.22625744887291,1.7606941223144759,1.5047635396321652,1022.6163736979167,5.69748870531718,290.3186385675023,709.4579111735026,15.008630371093773,4.515008544921898,9.747022247314476,61.10416682561239,6.117129668593407,1.8333333134651184,20.267433054265613,17.933504542778575,2.5046847025553802,1.796261088053427,1023.0119075520832,2.5822933688759804,290.3041987164567,662.5751469930013,14.310968017578148,4.204919433593773,9.27127609252932,62.66666650772095,9.737037062644958,10.333333253860474,21.925876445177202,19.06967247677356,1.8883822123210052,1.7970303853352902,1023.00865234375,5.026169965664546,289.5733889583498,693.3561719258627,15.241479492187523,4.719903564453148,9.876152292887392,62.268053690592446,11.3060182929039,0.0,20.006906051273393,17.76558826223728,2.565602874755882,2.2174405415852902,1022.8919694010417,1.6477483212947845,288.4389274163793,657.9576161702474,14.548699951171898,4.315057373046898,9.410137430826845,62.29629643758138,6.840277781089147,1.0000000298023224,21.28785879849457,18.76109891425792,1.9364321390788177,1.7853828430176009,1023.0450260416667,5.176608165105184,290.10830131607753,689.9168548583984
2021-04-23,16.597039794921898,3.7878662109375227,10.154384867350283,58.39305623372396,1.8319444408019383,0.0,18.702954880782695,14.561340392038344,4.169229125976585,1.7009699503581146,1025.6903841145834,-6.232248604297638,295.98533224500716,604.1551144917806,16.092919921875023,3.6924682617187727,9.862789408365908,61.24629704157511,3.6796296214063964,12.666666984558105,19.273190119079995,14.789623937706898,3.2412722269694427,2.077198282877646,1026.8664615885418,-5.635838595529397,295.149426534151,644.7504749298096,16.595452880859398,3.9646850585937727,10.219253794352236,58.231019020080566,1.8930555420617263,0.0,18.865671234130723,14.55259789945432,4.269326782226585,1.634407297770224,1025.7685677083332,-6.051698257525762,296.8545936886221,604.2564163208008,16.316674804687523,3.7486511230468977,10.016779836018904,60.32685168584188,2.606944479048252,3.666666626930237,19.3692130421179,14.775325820155112,3.4015797932942746,2.0121869405110715,1026.4539127604166,-6.0663088063399,295.2927193784465,644.7757765452067,16.729028320312523,3.8237854003906477,10.172896321614607,57.3597207069397,2.546759287516276,0.0,18.39947583554146,14.40090269462172,4.218869781494163,1.4114318847656477,1025.7350651041668,-5.653358678023021,296.74698008534807,604.4360516866049,16.581781005859398,3.7839599609375227,10.147697703043642,59.36527840296427,3.0620370904604592,1.8333333134651184,19.711471513077377,14.81910691913886,4.01596349080404,1.9433761596679915,1025.8921419270832,-6.708807264765103,295.9559129420668,619.4707152048746,16.594415283203148,3.6646667480468977,10.063502248128279,57.42453638712565,5.5981482785816,0.0,18.334596307078225,14.441298345473756,4.25589523315432,1.2978886922200559,1025.5434407552084,-4.903962403535843,297.24292055206996,593.257506052653,16.606958007812523,3.7055603027343977,10.125333404541038,59.16481510798136,2.562037121504545,0.0,19.33027321021719,14.622769743542861,3.9956540425618527,1.8825177510579465,1025.8408170572918,-6.215285487473011,295.91034968135256,612.2503719329834
2021-04-24,17.925439453125023,4.534082031250023,11.170569356282575,57.480555057525635,21.912499728302162,0.0,18.825898625472057,14.967626077408783,4.561844126383505,2.550960795084677,1023.232275390625,-10.914459516604742,294.6269231972595,616.7721532185873,18.162286376953148,4.749963378906273,11.385669962565126,58.39259306589762,35.86944509545962,0.0,18.343999513886274,14.881339508992573,5.065994517008505,2.946942901611351,1023.048701171875,-12.028501222531,287.8676864132285,609.641529083252,17.519311523437523,4.340600585937523,10.960557556152366,57.33889023462931,34.483795995513596,0.0,18.481622321259433,15.01107979418736,4.46930847167971,2.319233194987021,1023.4631868489582,-9.666331360737482,289.69962474207085,610.7968635559082,18.138146972656273,4.713800048828148,11.300764973958357,58.093518575032554,37.07962925980488,0.0,18.618818073726786,14.810106411149548,5.006711578369163,2.8042465209961165,1023.120302734375,-11.585653136173883,288.7744574174285,607.0330092112223,17.515222167968773,4.139886474609398,10.80777257283531,56.05925909678141,30.24814832955599,0.0,18.180052460149966,14.961593279487845,4.711162821451865,1.806886291503929,1023.6707486979167,-8.67086269458135,296.20192122956115,611.4392242431641,17.858392333984398,4.516717529296898,11.129933929443382,57.60879675547282,32.597223207354546,0.0,18.674187972932927,14.74704987834817,4.874729410807333,2.565479532877646,1023.3713053385417,-9.600815415382385,280.36744453758,604.7080485026041,17.387536621093773,4.234033203125023,10.812409973144554,56.91851695378622,25.68888885776202,0.0,18.629715237567094,15.229862486301615,4.769532775878929,2.021688079834007,1023.535322265625,-8.141765832901001,296.0992250690858,606.0193379720052,17.897363281250023,4.377282714843773,11.097849782307966,56.86250034968058,18.258333014324307,0.0,18.66552488709685,14.838511699748906,4.6746625264485715,2.3147636413574446,1023.2593001302083,-10.764255344867706,294.98802375172573,615.037924448649
2021-04-25,15.707696533203148,4.661798095703148,10.120437876383486,58.2662026087443,53.56388910611471,0.0,23.775750465411445,20.23157613012641,4.32366841634115,1.735225931803427,1022.5536653645833,1.5309129059314728,292.2280950807035,674.0668538411459,16.631585693359398,4.850732421875023,10.729858652750673,60.52546421686808,57.917593002319336,0.0,23.324655103834218,19.541371749047208,3.9150736490885834,2.960810597737634,1022.1156380208333,-2.672225554784139,293.150538995862,709.0382423400879,15.768060302734398,4.533166503906273,10.058670298258486,58.54953638712565,46.22407348950704,0.0,23.596965043248225,20.26169178327275,4.3173080444336165,1.7519355773926009,1022.7040657552083,1.3079816326498985,293.3915536304315,675.8691495259603,16.264764404296898,4.915216064453148,10.493674214681013,59.90648174285889,52.90046350161234,0.0,23.052587619697025,19.749548933228475,4.04276046752932,2.5508272806803802,1022.3820865885417,-1.752918541431427,293.81113163754344,697.7703501383463,15.328454589843773,4.636621093750023,9.975649770100935,58.429166634877525,37.36250082900127,0.0,24.764760773688824,20.538977921727106,3.9672904968261946,1.6667546590169309,1022.7277115885418,2.4436104396979013,298.9782730353375,688.4440104166666,15.745843505859398,4.982476806640648,10.320322926839216,59.888424714406334,59.572221367464714,0.0,24.273009303222093,20.22153255569681,4.085193888346396,2.3801729838053802,1022.7452799479167,-0.3896381954352061,293.5335791222751,699.9168294270834,15.188806152343773,4.895104980468773,10.03904749552411,58.942129135131836,42.433797109716885,0.0,25.515285339450966,20.88567863729203,3.9978614807129134,1.8613805135091184,1022.4753287760417,2.8289816677570343,296.14536803464097,693.2518933614095,15.559777832031273,4.784020996093773,10.068674977620466,58.67407433191935,56.84768547614416,0.0,24.189632212969542,20.564643580485598,4.137703196207724,1.8095502217610715,1022.8072526041667,1.3971994717915852,292.67587800323963,685.028928120931
2021-04-26,15.938897705078148,3.9809814453125227,9.912795003255232,55.580554803212486,58.50740738709768,0.0,24.594821294031206,19.31617799437123,3.4669611612956146,0.8387949625651459,1016.7475813802083,-2.199352184931437,296.42231777186197,702.9000523885092,16.404809570312523,4.094689941406273,10.236306762695335,56.16666762034098,57.71157455444336,0.0,25.193646283639083,19.595174842679203,4.088433837890648,1.3497774759928802,1016.3422916666667,-3.45541113615036,289.2812481969595,702.5445340474447,15.811578369140648,4.012811279296898,9.897458648681663,55.485647678375244,60.798147896925606,0.0,25.452180596218636,19.66474361210162,3.312575276692712,0.836146291097009,1016.758115234375,-2.187228480974833,297.54012867435813,710.9212977091471,16.083306884765648,4.263299560546898,10.132080332438173,57.39444367090861,90.44583447774251,0.0,25.0291917509264,19.64516099569651,4.03547312418624,1.6122350056966184,1016.1702994791667,-1.9079118967056274,267.7736094680925,700.4938036600748,15.685601806640648,3.4428344726562727,9.616184488932314,55.04351758956909,63.31851919492086,0.0,24.487343790953815,19.468471544152337,3.095174407959007,0.4708979288737396,1016.8823079427083,-1.055288553237915,295.69603620593745,709.464776357015,15.897363281250023,3.8648010253906477,9.819838460286482,57.60972213745117,68.30277760823567,0.0,24.17182171051903,19.736844891348372,3.3506345113118527,1.3028617858886946,1016.9941569010417,-1.2363083958625793,291.5618139108022,726.2734489440918,15.827416992187523,3.3699584960937727,9.631888326009138,54.80462980270386,73.77175982793172,0.0,24.00132329208684,19.60342019521264,3.020314788818382,0.4488998413086165,1016.551748046875,-0.9872154792149862,291.68692532057565,712.4798571268717,15.847680664062523,4.006402587890648,9.80027796427411,56.56574106216431,63.651389598846436,0.0,24.431281271924657,19.447436174508454,3.4343073527018646,1.0026997884114621,1016.8347591145833,-0.7890655398368835,288.14331138630706,708.003465016683
2021-04-27,16.523614501953148,3.6499877929687727,10.119645690917991,52.99074045817057,36.28333386282126,0.0,13.178666416196936,10.39868554185929,2.5248402913411496,0.21365381876631773,1009.3688541666667,-6.964079198737939,301.22426228721935,624.0534035364786,16.322442626953148,3.7856079101562727,9.981351470947288,53.28055556615194,36.94166699051857,0.0,13.710421330452952,11.516945908697664,2.542660013834677,0.08220443725588211,1008.135849609375,-5.457544505596161,297.38410908480483,662.1055825551351,16.755334472656273,3.8195739746093977,10.245889282226585,52.890740076700844,31.033333162466686,0.0,12.874724574408827,9.893380301168461,2.6726114908854584,0.20869471232100523,1009.129716796875,-7.777927170197169,300.83255534619093,626.4476690292358,16.248010253906273,3.6992431640625227,9.889639790852888,51.6638879776001,34.19212897866964,0.0,13.147576219744805,11.252165021374234,2.612110392252646,-0.4341567993163835,1008.6234830729168,-5.110887348651886,297.4778406172991,638.6544348398844,16.753198242187523,3.7327819824218977,10.2136906941732,53.03240776062012,24.644444006184738,0.0,13.45922481109622,9.513409819553155,2.7350644429524777,0.20048421223958712,1009.0975651041667,-7.304176911711693,300.51535438001156,616.7442529996237,16.293237304687523,3.7132812500000227,9.96396408081057,52.444907347361244,37.03333385040363,0.0,12.95478912378942,10.788457169487648,2.515602366129599,-0.18305180867508852,1008.8165657552083,-6.641045672198136,303.3968987663587,643.7886581420898,17.001428222656273,4.094354248046898,10.481655375162783,53.96388896306356,29.903241363664467,0.0,13.571685853798956,9.21558932175431,2.946700032552087,0.6785789489746321,1008.79017578125,-8.50015658636888,298.94568434606,620.232929388682,16.324731445312523,3.7277770996093977,9.992022450764997,52.73240884145101,39.19814796745777,0.0,13.120104068265654,10.660655676123534,2.407355244954431,0.011898295084677102,1009.1392057291667,-6.243266840775807,301.4138682857156,636.0606778462728
2021-04-28,16.041955566406273,6.415093994140648,10.933347320556663,66.60694376627605,32.772222419579826,17.284722216427326,14.412654454844851,7.82606353841026,2.7800346374511946,4.620009358723962,1004.0683072916668,1.5300307273864746,211.6193134089311,505.56266033649445,18.023187255859398,5.695733642578148,11.395555114746116,61.35555601119995,34.89074060320854,1.5763888922519982,16.221193914449703,6.183656259865804,2.7750946044922102,3.4966039021809934,1004.5882454427083,-12.955248276392618,269.9033927197258,709.8070542414983,15.672235107421898,6.335717773437523,10.977586364746116,65.23981364568074,33.65879565042754,10.68749984819442,13.929086860286391,8.097767457461261,2.8752418518066634,4.38101476033529,1004.0421516927083,-1.7158747514088948,213.77282834798098,516.4425979057947,18.035974121093773,5.418389892578148,11.468180592854841,60.690277417500816,29.40879688660304,1.2083333376795053,15.321912771085294,6.415135150043294,2.781837717692099,3.4007265726725677,1004.38515625,-13.439523458480835,264.57265027364093,719.1624025503794,16.493707275390648,6.483453369140648,11.322409566243513,63.72777779897054,23.513425948719185,14.930555802304298,17.203519320586025,8.504995370859696,3.127595520019554,4.348358408610068,1003.8405989583333,-2.932070334752401,225.778166073064,553.4968949158987,17.282678222656273,5.824487304687523,10.899246470133486,62.10138909022013,24.14629661043485,7.756944394670427,19.155564401729933,7.392935289498211,2.4254508972168196,3.447127278645837,1004.4051041666667,-3.1196544965108237,234.83450312415758,657.6345650752386,18.104638671875023,6.530999755859398,11.805972035725935,60.87222242355347,20.867129266262054,7.951388670131564,19.617442755025287,8.74795330977868,3.4126449584961165,3.982057189941429,1003.4048958333333,-9.03350830078125,262.00898348043364,709.3383212089539,17.375299072265648,6.097711181640648,11.103040313720726,62.01990779240926,23.456481515817966,7.562500042840838,17.49471699181191,7.734003014400156,2.6121065775553802,3.6650126139323334,1004.1820638020832,-2.256476322809855,222.65223136295876,639.3862364689509
2021-04-29,9.635034179687523,5.149987792968773,7.796216583251976,73.57361046473186,66.14722247918446,54.98611068725586,17.10626148326324,10.058002938316301,-1.4609092712402116,3.200037892659509,1009.188017578125,20.07532071446379,121.32474120457967,602.0559151967367,9.225915527343773,4.983331298828148,7.26926447550458,79.16157309214275,70.87083331743877,75.2361102104187,18.140968149791675,10.85894364685872,-1.6307586669921648,3.7696929931640852,1009.030849609375,20.191645721594494,96.7727785333991,551.8467309474945,8.931665039062523,4.982293701171898,7.551964060465518,72.3851850827535,67.68611129124959,69.15277743339539,17.197149859813443,10.538044836615141,-1.753270212809241,2.6978444417317746,1008.9953190104167,20.722492516040802,117.76753891507785,635.3438351949056,9.850000000000023,5.685693359375023,8.017842864990257,74.89722156524658,63.09398293495178,55.5277783870697,16.80614105435399,10.638743083421977,-1.287875874837198,3.648273722330771,1008.710546875,14.221774756908417,148.4637785529097,615.0299892425537,10.272210693359398,4.886254882812523,8.028618113199892,70.76574118932088,66.02175871531169,57.194443702697754,18.82877590397774,10.894577861422349,-1.4623016357421648,2.7426315307617415,1008.986171875,17.340719481309254,129.72905489057302,647.1029574076334,9.602807617187523,5.796716308593773,8.117105102539085,72.1027782758077,63.78101817766825,61.63194489479065,14.453056166552333,9.55364425392336,-1.3875984191894304,3.214412943522177,1008.956181640625,16.873626073201496,137.22151570767164,578.9863947232565,10.478112792968773,4.794458007812523,8.124204254150413,71.17546304066975,68.33287020524342,6.666666612029076,16.365546247626558,10.973088234849717,-1.4184466044108035,2.9006807963053802,1008.9103059895833,15.530935605367025,129.48538997024298,639.4044392903646,9.413293457031273,4.812341308593773,7.696424102783226,72.51342598597209,63.949999372164406,30.10416615009308,17.20155193261815,10.545976436872172,-1.5300010681152116,2.890601094563806,1009.2644108072917,20.767986737191677,132.58666601777077,609.4957472483317
2021-04-30,12.657830810546898,4.296380615234398,8.664056396484398,56.96574052174886,90.19629526138306,2.7430555298924446,9.741673546699495,7.929990613999583,-2.4216191609700104,0.23986841837569273,1013.8341048177083,-0.9991761048634847,204.44063084572554,757.1051012674967,12.393273925781273,6.309411621093773,8.831566111246767,61.28564691543579,91.19444513320923,61.84722352027893,8.141592712771697,6.581162944206075,-2.4909004211425554,1.4987286885579465,1014.129248046875,-2.9721343778073788,147.8535022214055,669.5916423797607,12.841424560546898,4.816674804687523,8.976252492268904,56.05740753809611,85.89166680971782,2.333333373069763,10.114309055645387,7.9430466409525495,-2.233970387776651,0.2851361592610715,1013.6975846354167,-2.054261088371277,207.8927004535993,782.5323785146078,11.152276611328148,3.3575988769531477,7.803675587972028,63.80092589060465,82.97129742304485,71.43055486679077,7.686035630793162,5.553713269155485,-2.6954012552897098,1.0758516947428802,1014.2075227864583,3.0980168183644614,155.28981572389603,593.6050914128622,13.031610107421898,5.351800537109398,9.168392435709658,55.90046246846517,89.81249984105428,0.3194444519467652,9.67689828461724,7.787664001712291,-2.0255709330240848,0.469917551676474,1013.5535026041667,-3.2925190925598145,212.61757430061698,802.74152024587,11.707299804687523,4.373803710937523,8.25135192871096,60.29351822535197,95.97500038146973,59.736109018325806,8.35320949330897,6.458847234535054,-2.4160789489745866,0.714515940348349,1014.3087337239583,1.6991006930669148,154.64755935966969,622.4477208455404,12.998437500000023,5.933404541015648,9.39482142130536,56.46944506963094,91.44907395044963,0.2152777831070125,10.035621017661503,8.095881018013413,-1.880375925699866,0.9447774251302121,1013.361943359375,-3.8893822145958743,198.804459883521,773.5824012756348,13.236993408203148,3.8833251953125227,8.633892313639345,56.53518533706665,92.6310183207194,8.722222089767456,10.801752822450032,8.566833480818525,-2.2533096313476335,0.07523244222005587,1013.9647493489583,-3.9711002707481384,240.40611872573695,760.9112116495768
2021-05-01,12.312097167968773,4.601007080078148,8.62259445190432,67.08286984761556,91.67407512664795,6.60416653752327,12.288775795504469,9.412308006695351,-1.3011370340983035,2.662666575113974,1013.9993815104167,7.619755381097396,139.10127509136996,667.8199752171835,12.564416503906273,4.550958251953148,8.688354746500673,65.5592581431071,86.29676008224487,5.291666656732559,11.570775514320582,8.196514977565984,-0.7683242797851335,2.392798360188806,1013.3462109375,4.280758817990621,142.20390953620276,559.5263142585754,11.692376708984398,3.9833618164062727,8.372609710693382,67.62823979059856,88.22685146331787,10.034722298383713,11.478289578981736,8.753201047202053,-1.4624478658039948,2.5227523803711165,1014.21400390625,5.539282858371735,156.8117607186238,655.3269286155701,13.119897460937523,3.7134338378906477,8.422289784749372,67.64722108840942,74.34490696589152,6.659722283482552,16.56374444991821,9.949814598677259,-0.8661687215168854,2.459657287597679,1013.9670670572917,7.797938197851181,179.92305600146452,616.7904111544291,10.338891601562523,5.649957275390648,7.73728205362958,74.25509293874104,97.82592646280925,38.256944090127945,13.746715523370543,10.175532415711068,-1.807591501871741,3.335492706298851,1014.0222526041667,16.981683989365894,89.64946265270312,596.5596942901611,12.101037597656273,4.057031250000023,8.22132008870445,70.22129599253337,80.68147961298625,10.451388834044337,14.039295119411891,9.758024184146244,-1.1336235046386491,2.8868639628092865,1014.4734407552082,9.478622724612555,184.18442295988402,544.3395028114319,11.918084716796898,5.871240234375023,8.813373819987001,64.89583365122478,96.86944421132405,9.236111141741276,11.497259930070202,7.744326320829842,-1.7810729980468523,2.4362897237141965,1014.3428352864582,5.490375657876332,154.92783525586128,650.4904788335165,12.597711181640648,4.538873291015648,8.628214772542341,65.79861052831014,91.82453759511311,3.3958333656191826,14.929344710115961,10.618467538279718,-1.2274243672688385,2.4054046630859602,1014.0848470052083,9.293043196201324,133.72931338598332,628.0122232437134
2021-05-02,13.405541992187523,4.348168945312523,8.751566823323591,66.37870422999065,73.9379636446635,41.98611128330231,11.359431384308364,7.911490271640232,-1.931674702962198,2.336036936442099,1019.5939583333333,-5.124708861112595,275.25705627103645,723.1859572728475,13.595452880859398,2.6539855957031477,8.405601755778017,64.77870384852092,68.57962950070699,24.34027725458145,12.020228490498296,9.651945775292772,-1.5956876118977448,1.5482790629069427,1019.122529296875,-2.7856434285640717,253.53297692537308,767.6640311876932,13.588342285156273,4.464135742187523,8.877163187662783,67.67036946614583,78.07314888636272,68.72222149372101,10.911004546938402,7.486935842986793,-1.9667775472004791,2.7211700439453352,1019.376259765625,-4.486581305662791,275.13328187167645,733.7278106212616,13.803308105468773,3.1048828125000227,8.72877146402997,63.38842535018921,64.30138842264812,42.94444441795349,12.71264037971522,10.170239213173192,-1.549229685465491,1.5246711730957259,1019.0725,-5.028220514456431,267.4297782033682,816.8318848609924,12.629388427734398,3.5651184082031477,8.446126556396507,72.41388924916585,69.83333305517833,146.66666674613953,10.88988298791095,6.83431149008623,-2.3866294860839616,3.351405080159509,1019.8225227864583,-1.0394011735916138,268.9475552737713,660.2656385103861,12.896386718750023,4.354028320312523,8.402773793538435,71.2662034034729,84.01342630386353,273.38194370269775,11.837133119943063,9.052544564698833,-2.140666707356729,2.8716433207194427,1019.555869140625,-3.9352826277414956,215.26951802273592,823.1595746676127,12.510522460937523,3.2701660156250227,8.148135121663435,71.19074042638142,64.57083262999852,58.020833253860474,12.903191164869416,7.88752829852739,-2.6619043986002566,2.804195658365927,1019.8507975260417,1.0123587052027385,269.8578366140525,706.9201526641846,13.654016113281273,4.608575439453148,8.656231180826845,64.40926043192546,74.46573909123738,38.597222447395325,12.568935468688087,8.950142580298365,-1.6979176839192291,1.8465082804362396,1019.5103255208332,-3.531753440697988,274.4833179389437,746.7848422527313
2021-05-03,14.384301757812523,3.6176696777343977,9.50808995564781,61.41574080785116,52.43055550257365,37.62500083446503,23.209734748585554,11.056174007013842,-0.6383982340494754,1.9666915893554915,1019.690830078125,-4.484339793523152,217.82105788091818,894.1679538091024,14.712091064453148,4.157617187500023,9.916907246907575,65.03935241699219,59.92824086546898,76.73611235618591,27.071574075792107,12.237444509205623,-0.249302927652991,3.0738566080729584,1018.7518326822917,-1.8307586312294006,194.34535520275435,932.8432085911433,14.420922851562523,3.7615295410156477,9.542436218261741,61.94027884801229,55.80787084499995,28.25000035762787,22.725914960544713,10.864615847461009,-0.6811215718586823,2.130988057454431,1019.966943359375,-4.515743136405945,210.85123620430628,901.4791978597641,14.116693115234398,3.8544860839843977,9.571148173014345,66.88796218236287,64.28194497028987,110.2777771949768,27.417225520758716,12.655787166902066,-0.4018641153971316,3.236427561442099,1018.9686067708333,1.6538559993108113,184.6767784754435,888.2883470058441,15.277795410156273,3.6878295898437727,9.836597696940126,60.9902777671814,51.64444442590078,6.236111223697662,23.637422873736455,11.768109056871191,-0.5833801269531023,2.1257720947265852,1019.713466796875,-8.920916438102722,254.60203390816847,971.2166237036387,14.294946289062523,3.7187744140625227,9.520633951822939,65.29536898930867,62.962963024775185,188.93749952316284,25.336118109018827,11.165393885923555,-0.5206626892089616,2.807771301269554,1019.7819954427083,-2.1553642948468528,200.51599848767123,874.4536238511404,15.583489990234398,3.6659484863281477,9.85165939331057,60.43703746795654,49.48981523513794,0.24305555736646056,24.47836999380448,12.555657320893888,-0.5828333536783816,1.9779042561848996,1019.6129427083333,-9.697772105534872,274.2126590957244,994.9497478405634,14.644891357421898,3.3978210449218977,9.43077112833661,62.02453740437826,57.22777795791626,90.71527767181396,24.288690547034854,11.096360373281398,-0.7166859944661041,1.9913078308105696,1019.7871940104167,-4.982796450455983,225.3659453044335,917.325784444809
2021-05-04,14.605798339843773,7.562066650390648,10.7318791707357,65.63750076293945,97.59814898173015,33.71527747437358,34.20607011960662,27.027587793233906,1.4630790710449446,4.346011098225915,1007.0718391927082,-0.01775774856408437,175.4515324284633,1348.9980697631836,14.925805664062523,7.268914794921898,10.830134328206404,63.85740836461385,88.87499984105428,73.0486114025116,34.8370856197442,26.598326238104004,1.2641502380371321,3.890938059488974,1007.4828580729168,-6.554009974002838,207.0699209322532,1405.971455891927,15.114678955078148,7.640130615234398,11.07547785441083,63.14583428700765,92.78009287516277,29.201388634741306,34.944326702114466,27.78435840818064,1.4232460021972884,4.083164469401083,1007.03017578125,-4.355241775512695,215.5374794304371,1416.4987055460613,14.591973876953148,7.716668701171898,10.767970021565779,63.60000022252401,93.73379643758138,52.76388919353485,34.76712473736134,27.246890216559148,1.2432431538899777,3.9108940124511946,1007.6990397135418,-5.097704405585925,192.6767567334076,1352.4247385660808,15.454278564453148,7.768701171875023,11.201760864257835,61.95879618326823,90.05277744928996,32.90277799963951,34.99879411673573,28.09819206576533,1.5183845520019759,3.825630442301474,1007.49775390625,-5.081326603889465,235.55568843334913,1474.4062881469727,14.572930908203148,8.299859619140648,11.147457377115908,60.27777783075968,95.33333365122478,17.180555522441864,35.49990686136323,28.077073598476602,1.4302421569824446,3.524397786458337,1007.5735546875,-4.966658235003706,209.09890974188843,1415.0449447631836,15.403436279296898,7.402825927734398,11.1230293273926,62.44444417953491,84.93657382329305,33.763888746500015,34.53171311435817,28.051240081113935,1.4614056905110715,3.8381324768066634,1007.4660904947917,-4.894109487533569,236.74092346429825,1472.6017990112305,14.845269775390648,7.541619873046898,11.189551289876325,60.38981564839681,89.93981504440308,15.840277768671513,36.535160958879636,28.26363947485954,1.4477109273274777,3.5844156901042084,1007.0289127604167,-3.4112134873867035,204.55996241917214,1455.191042582194
2021-05-05,11.923211669921898,3.7989746093750227,7.660686747233096,66.98564688364665,55.84027742346128,105.12499856948853,23.552501633167825,17.96361974470348,-2.8567807515461823,1.5498812357585052,1010.6381119791668,9.219504356384277,258.9068900346756,1095.6300086975098,12.250207519531273,3.8959899902343977,8.076147969563825,66.50000143051147,59.85092584292094,72.2083330154419,23.974900814942202,17.29199347141616,-2.3678421020507585,1.7460723876953352,1010.5935384114583,7.40005366007487,257.9549052814643,1109.5038464864094,11.950799560546898,3.9670959472656477,7.744989013671898,66.54305569330852,55.727314879496895,64.12499964237213,24.975972261824126,18.406285242374505,-2.8715906778971316,1.5147389729817746,1010.6082356770833,7.805964549382527,259.5092261582613,1127.4455159505208,12.105523681640648,3.9630065917968977,7.964231109619163,67.10694440205891,62.07175978024801,65.92361044883728,23.748903344686855,17.263239596710857,-2.3565213521321198,1.8316068013509152,1010.2079361979168,9.196222305297852,246.31888950864473,1080.5291506449382,12.058282470703148,4.020532226562523,7.800246175130231,66.39398225148518,59.22870339949926,34.77083295583725,24.337295636589776,18.485898014853564,-2.8444897969563385,1.5427655537923215,1010.8615397135417,9.12307902177175,251.80111780762672,1132.522907892863,11.926690673828148,4.094842529296898,7.977356211344424,66.1870379447937,61.687500754992165,62.07638943195343,23.855141139218425,17.20814409571538,-2.541441345214821,1.6844154357910384,1010.4843880208333,13.0380237698555,245.687055076162,1068.2989107767742,11.832055664062523,4.036737060546898,7.820631917317731,66.84583330154419,56.24074105421702,19.81250000745058,24.75411063245742,18.427886090096692,-2.770279947916663,1.6317052205403684,1010.8367610677083,9.947389503320059,241.26775661110878,1126.2152245839436,12.412561035156273,4.158135986328148,8.128750101725283,63.11157544453939,52.8597221771876,61.22222149372101,24.262972576527932,17.82194053371529,-2.522081756591774,1.0971071879069427,1010.532919921875,9.730008562405905,248.6230878730615,1157.1311887105305
2021-05-06,11.416680908203148,4.348077392578148,7.338117218017601,79.39074039459229,96.80555629730225,83.05555617809296,18.425319655824858,12.590915076487734,-1.1150751749674441,3.881453450520837,1008.4574348958333,9.20141496260961,94.23648113012314,628.828769048055,7.058465576171898,4.223931884765648,5.902195231119815,83.21944650014241,98.19768555959065,161.3194456100464,14.540022810362377,8.938598372190429,-2.1510019938151004,3.203034973144554,1010.3178450520833,21.466531852881115,59.14018565416336,449.2222029368083,10.779687500000023,4.486260986328148,7.011730448404971,85.23194471995036,97.50416692097981,123.80555367469788,16.758668865763358,11.814602304666588,-0.7742561340331804,4.643167114257835,1007.9540950520833,8.547062163551649,74.1658707857132,556.82253074646,9.091058349609398,3.8777404785156477,6.196253712972028,82.51435295740764,97.03287029266357,164.19444346427917,17.45671342299386,11.917005722122672,-1.399418894449866,3.3073478698730696,1008.4729557291668,15.945525296032429,84.92868459721406,521.0873279571533,10.693627929687523,5.163598632812523,6.591216023763043,84.08286889394124,98.10185082753499,130.68055665493011,19.969508867938302,13.262860292657193,-0.9232950846354129,3.991872406005882,1008.02525390625,11.385192890961966,64.72937093178432,604.4337050120035,10.657617187500023,4.333612060546898,6.861417388916038,82.88796329498291,97.30694484710693,112.2986102104187,20.51195772491098,12.386567913563553,-0.8650141398111941,4.041959381103538,1008.186318359375,12.579910730322203,87.98309300343196,533.654426574707,8.930688476562523,5.378442382812523,6.461291249593121,85.69537035624187,98.71203740437825,81.40277762711048,15.710898068332869,10.754399798966588,-1.0196683247883698,4.164802805582724,1008.0822102864582,12.81902801990509,59.8452965170145,584.1865164438883,10.580804443359398,4.478387451171898,6.986744181315127,81.90787124633789,96.41527811686198,105.62499976158142,16.729264725110628,12.455478084206186,-0.9242424011230241,3.979255930582724,1008.4240462239583,12.550040056308111,81.77290472388268,580.9430294036865
2021-05-07,14.681695556640648,2.3055969238281477,8.446118927001976,67.36435111363728,43.11712937553724,122.88888645172119,11.075815396439186,8.054858537330777,-1.6133089701334598,1.7508305867513059,1015.790537109375,-15.560045719146729,306.6682154536247,851.5911844571432,14.316674804687523,4.347039794921898,9.32067769368492,64.36666631698608,66.8773153424263,155.7569465637207,14.106941681377466,9.234642433695486,-1.755943044026651,1.9197250366211165,1014.7377604166667,-14.674083232879639,309.2760179241498,927.0119867324829,14.416131591796898,2.1465087890625227,8.28891525268557,66.83194398880005,40.75370366374651,136.90972328186035,12.456373273801908,8.5860275841121,-1.6469965616861941,1.5432741800944427,1016.2282584635417,-13.742851257324219,304.80797966818017,826.3971199989319,13.752008056640648,5.080499267578148,9.221191660563173,63.046295960744224,67.26296349366505,228.0902795791626,14.89194585094461,9.758073286379846,-1.9969022115071198,1.6322532653808821,1014.8028580729167,-12.857843617598215,310.2218327621619,913.3530316352844,14.559899902343773,2.2377868652343977,8.435608164469423,65.85185273488362,33.062500304852925,33.500000953674316,13.135689137625874,7.882170760898599,-1.7278020222981354,1.4343925476074446,1016.3248177083333,-16.03436505794525,312.5568717420101,823.6476658185323,14.251977539062523,2.6610961914062727,8.53507003784182,65.09490744272868,49.74861087898413,267.5138816833496,9.841077104669184,7.634534262240535,-1.8770685831705691,1.4377787272135834,1015.662373046875,-14.413235425949097,304.9004817008972,847.3447664578756,14.574243164062523,2.3055358886718977,8.565666453043642,65.9333324432373,36.17314734558264,1.6597222983837128,12.917192185528936,7.701574288034487,-1.6582906087239166,1.5513587951660384,1016.2372493489582,-16.22039298216502,313.5130341748397,819.741382598877,14.140893554687523,2.3611083984375227,8.436924235026064,66.22407293319702,44.54814754550656,186.55555629730225,10.59206965887807,8.10208167604713,-1.6576993306477448,1.6221201578776459,1015.8364453125,-15.325419664382935,284.29457209507626,831.4081525802612
2021-05-08,20.845727539062523,6.064996337890648,12.670685068766298,69.67361211776733,87.12685251235962,1.8819444850087166,23.89004116872858,15.001601351940892,4.907058970133505,7.09534861246749,1012.54501953125,-25.770112723112106,215.82955624659857,599.2978825569153,20.446282958984398,5.594140625000023,11.85727208455406,73.34953896204631,94.88055515289307,124.7291669845581,23.207539219723675,14.322055902144996,4.505317942301474,7.008064524332724,1012.7756510416667,-18.385173946619034,164.68280344208083,568.0716231664022,20.879235839843773,6.289819335937523,12.851750946044945,67.87407398223877,88.00277789433797,0.763888908084482,22.88036147913311,14.90291102777946,5.057983652750693,6.899207051595056,1012.5029329427083,-25.809559827049572,226.78329644724727,597.7394463221232,20.605310058593773,5.303125000000023,12.405112202962263,70.30925798416138,87.00833495457967,137.2430558204651,23.880772980130143,15.144868331225638,4.726613616943382,6.8818222045898665,1012.5979915364583,-23.210645625988644,224.69022055963674,612.8902711868286,20.677056884765648,6.701623535156273,12.99100011189781,68.27314853668213,89.43379656473796,1.5902777444571257,23.339740547380316,15.115606951269825,5.105205790201865,7.1253219604492415,1012.69578125,-26.28618925313155,222.64213728780547,617.7535797754923,20.916680908203148,5.421197509765648,12.653714752197288,68.03610976537068,83.05555582046509,33.63194489479065,24.463034370053567,15.055741248851952,4.787266031901083,6.687469736735068,1012.78666015625,-24.85855953892072,238.5142998447021,636.8749958674113,20.875329589843773,6.701623535156273,13.21653772989911,66.57824087142944,88.91250117619832,1.0486111138015985,24.159773014586523,15.542527081693947,5.123755391438806,6.9650868733724,1012.641796875,-25.81494070092837,221.9622025117278,666.8033622105917,20.602593994140648,5.969201660156273,12.839615122477236,67.31342554092407,83.17222150166829,2.069444455206394,24.55349270963606,15.290330256832945,4.867395019531273,6.742092386881552,1012.634892578125,-25.62811419678231,247.63146723310152,632.9560036659241
2021-05-09,24.527764892578148,12.909082031250023,17.266835784912132,75.30370410283406,89.66111262639363,40.65972237288952,26.957036315098232,18.096413744900257,11.546318308512411,12.397770182291708,1002.182451171875,-29.700854023297627,254.36785200238228,829.681583404541,24.540185546875023,12.697045898437523,16.948445892334007,77.68472210566203,88.05231444040935,58.93749958276749,29.119008212075002,17.850933397472755,11.414172108968103,12.582706705729208,1002.0327115885417,-30.161785384019215,262.53905508915585,767.767925898234,24.281762695312523,12.974114990234398,17.03608093261721,75.74074109395345,93.52546342213948,32.29861129447818,29.203425065239387,17.721602196932313,11.29578297932943,12.29344202677413,1002.2526204427082,-28.33853902419408,248.53872268398604,780.6700503031412,24.743676757812523,13.327416992187523,17.0842109680176,74.78194395701091,87.88842550913493,24.902777686715126,28.190083434120805,17.911016277537772,11.591798400878929,12.135231272379599,1001.8110807291667,-30.72546340028445,245.2927976846695,761.502208073934,25.042352294921898,13.359643554687523,17.223572031656925,76.52592515945435,87.70925966898601,34.54861151939258,28.222804635681015,18.169035182495673,11.333998616536462,12.551388041178427,1002.5823600260417,-29.768390655517578,255.70365539193153,830.0475184122721,24.640893554687523,12.812738037109398,17.240654246012394,74.48055569330852,89.47175900141399,33.12500038743019,27.445360745798006,18.44037634268737,11.80518493652346,12.21466725667318,1002.1886295572917,-31.04831576347351,266.8547498186429,789.7788683573405,25.203637695312523,13.007104492187523,17.361296590169292,74.65879567464192,84.56573994954427,26.62499934108928,26.028604983632608,17.340281636165997,11.450625356038415,12.243006642659509,1002.46041015625,-32.152173360188804,272.11340223749477,811.3295990626017,24.783319091796898,12.685601806640648,17.147129313151066,74.32453727722168,84.56574074427287,22.56944438070059,27.827426773619095,18.19647529418121,11.693079884847009,12.04998677571615,1002.0812923177083,-29.715771933396656,266.9856302837531,804.7562497456869
2021-05-10,17.787866210937523,11.092523193359398,14.278283691406273,73.70277802149455,89.1041669845581,202.3055534362793,24.95910407195774,16.944118844537044,4.495743052164755,9.141367848714196,1005.27275390625,-2.08254141608874,222.6571474969387,982.3229986826578,17.743463134765648,10.444787597656273,14.02576344807945,74.29444599151611,84.11712996164958,210.59027814865112,23.33439318062223,16.38395403859163,4.412894185384118,9.060636138916038,1005.1945377604167,-0.8706098546584448,248.66885102788606,943.648933728536,16.698602294921898,11.273522949218773,13.736189778645857,77.06018543243408,92.75370375315349,255.72222328186035,24.276104672201775,16.267733569498656,4.240750885009788,9.431784566243493,1005.2238736979167,2.4309205214182534,173.16488912701607,876.9617929458618,17.385614013671898,10.669274902343773,13.947157796223982,73.59953769048055,89.50138902664185,95.0833330154419,24.58208117223272,16.928685319846736,4.242466227213583,8.957329050699911,1005.13501953125,-1.1122460650901,205.2749831279119,932.9521582921346,16.411798095703148,11.380181884765648,13.853147125244163,76.14074166615804,92.89259243011475,208.7638874053955,24.09940723688782,16.07735032745987,4.31436691284182,9.372107442220056,1005.4141666666667,2.5162461201349893,175.74077915151915,884.036135673523,17.228326416015648,10.672204589843773,13.918350474039736,75.20740667978923,87.13055594762166,191.78472185134888,24.847575345058573,17.367165363825823,4.235918935139978,9.227146402994833,1005.4211328125,0.14870850245157877,217.05757128198942,941.1842953364054,16.654992675781273,11.380639648437523,14.106350199381533,74.32824103037517,93.59537092844646,82.90972130000591,24.62383508777079,16.410012628900354,4.490228271484398,9.218559519449911,1005.042421875,2.7077521483103433,165.38210904598236,894.6181154251099,17.005120849609398,10.783319091796898,13.99179865519208,75.33148161570232,90.1078707377116,197.52083253860474,23.987198981633533,16.410049882246252,4.382962799072288,9.295439656575525,1005.27697265625,-1.0381352702776592,217.42224417626858,897.2854698499044
2021-05-11,16.013940429687523,8.626184082031273,12.349997456868513,75.90694427490234,94.96203676859538,99.97222375869751,22.6266723938126,12.185009756397768,3.2506411234538177,8.031282043457054,1009.6602018229167,1.4642058213551838,263.0810001194477,600.9198735555013,15.100762939453148,8.558831787109398,10.788786824544294,84.64444510142009,97.39120483398438,259.78471755981445,19.69833456530596,8.9914876899285,3.0975433349609602,8.226066843668661,1009.6274446614583,15.926214734713236,113.38605438669522,355.1689198811849,15.892358398437523,8.850000000000023,12.017931874593122,77.42916774749756,99.06805610656738,26.784721821546555,23.571626118347062,12.100689969442447,3.210682169596396,8.041724141438806,1009.4846419270833,4.899096270402272,202.48429652055106,533.3480574289957,14.916650390625023,8.679711914062523,11.063528951009138,83.07037099202473,99.87083339691162,326.0347270965576,22.091268600543994,10.211289795356555,3.1559196472168196,8.209090169270837,1009.30294921875,9.783746699492136,154.3425705730915,366.1815404891968,15.555841064453148,8.835961914062523,11.930558776855491,77.77453629175822,97.42638874053955,36.861111372709274,19.517757785983914,11.26307364206958,3.0801317850749115,7.963446553548181,1010.1044173177083,5.9524862344066305,190.02818046013513,570.7679284413656,15.838220214843773,8.606469726562523,11.659577941894554,82.33518346150716,99.99907398223877,293.13888931274414,17.44239487873173,9.595889570973627,3.1490226745605696,8.64297765096029,1009.3062825520833,8.17769561211268,145.24272400140762,377.1137104034424,15.904443359375023,8.620629882812523,12.266751861572288,73.96713081995647,95.43935203552246,21.25694490969181,20.73393972368322,11.125925221620562,3.003956095377646,7.450549062093103,1009.9423079427083,1.509092926979065,218.54222776492438,665.7747554779053,16.092309570312523,8.419885253906273,11.623616790771507,82.1611115137736,95.81944433848064,172.16666412353516,15.129587247287713,9.113662090257812,3.200171407063806,8.546853637695335,1009.3598697916667,10.408893922964731,142.89735587437949,397.01154772440594
2021-05-12,15.769433593750023,5.816674804687523,10.958730316162132,69.8851858774821,66.09212984641393,28.937499821186066,11.332234336794457,9.937936847724128,1.1603294372558821,5.112817382812523,1012.54302734375,-0.9314371546109518,255.31075793504715,782.5498889287313,16.105554199218773,5.978021240234398,11.20447438557945,68.5337963104248,69.78148124615352,150.9374976158142,11.458051299236299,8.59755085972779,1.4914540608723996,5.090706125895224,1012.72876953125,0.22891167799631754,239.59463048974672,699.5010415712992,15.970422363281273,5.860375976562523,11.052372233072939,70.95786921183269,71.43703734874725,29.479166865348816,14.119263454461613,10.395591025758126,1.3695808410644759,5.4186264038086165,1011.968994140625,-2.1870123048623404,255.41672458251318,784.6709575653076,15.094232177734398,5.978143310546898,10.990801747639997,71.19490830103557,71.6694442431132,52.9652783870697,14.342358379298203,10.27149684920227,1.3630170186360715,5.523652648925804,1012.4022493489583,0.8774689634641012,197.98172667622566,731.9069747924805,15.459405517578148,5.824945068359398,10.813377634684267,71.48796383539836,66.3013894756635,15.14583307504654,13.009744093065777,11.109571744050356,1.1201581319173215,5.363106028238974,1011.9867740885417,1.3296532730261486,241.28799757361412,801.0934073130289,16.258905029296898,5.895928955078148,11.138935343424501,68.14953708648682,62.316666622956596,81.18055486679077,11.074348428466987,9.274812173127886,1.0982643127441634,4.838118489583337,1012.886083984375,-3.057691295941671,279.75544332464534,801.9114389419556,14.989251708984398,5.961114501953148,10.833992258707704,73.23379596074422,65.3236105243365,6.534722238779068,13.246478962918905,11.13519748850092,1.1677439371745209,5.8276598612467865,1011.9429427083332,3.7567422290643058,207.4187043507894,753.3160934448242,15.849847412109398,6.016809082031273,11.12735519409182,69.51250044504802,66.55463023980458,51.78472328186035,13.128218226101371,9.983483427148235,1.299928283691429,5.206337229410849,1012.64888671875,2.976412038008372,227.51783527930579,790.3716665903727
2021-05-13,13.565332031250023,7.191247558593773,10.605638122558616,80.82777706782024,90.26805559794109,114.05555605888367,14.947489540130288,11.950473218628964,1.302913920084677,7.23569005330404,1007.965166015625,4.33685081700484,187.6790930380424,664.3556791941324,13.969201660156273,6.969201660156273,10.266962941487654,84.13935089111328,84.11574014027913,106.88194465637207,16.438556245765387,12.43280468563484,1.5665336608886946,7.617059326171898,1008.5783268229167,5.315287331740062,181.6333144803842,558.3444264729818,13.421594238281273,7.261102294921898,10.393745676676454,81.53148174285889,87.84444348017375,131.0833340883255,15.276754303265724,11.661176062112707,1.3237892150879134,7.18356857299807,1008.1167805989583,4.851751729846001,176.45081538458666,635.5297260284424,13.613610839843773,6.967248535156273,10.518047587076845,84.47268454233806,79.60370429356892,102.12500011920929,15.682759197013409,12.18877633987494,1.7901766459147552,7.916843668619833,1008.1664973958333,6.148233816648523,198.37739065289497,585.557404200236,13.831323242187523,7.222314453125023,10.336248016357445,83.36296288172404,90.12916723887126,129.4305543899536,15.186844375412353,11.958998734133152,1.5060567220052121,7.481136576334677,1007.8875227864582,7.34951173265775,184.2304650247097,608.0047289530436,13.836511230468773,7.598016357421898,10.502926127115908,83.15324242909749,75.2532410621643,119.91666615009308,16.014169706453842,12.54726079107499,1.7866544087727902,7.6305709838867415,1008.1911263020833,5.202245846390724,216.89205984274545,628.7975165049235,13.521539306640648,6.893243408203148,10.277563985188825,84.53472105662028,79.63148085276286,118.34027782082558,15.338467884791122,12.204521900792626,1.670357004801474,7.667347208658896,1007.8626139322918,5.069996277491252,208.70404343803725,592.267495473226,14.163110351562523,6.977288818359398,10.518347676595075,82.16713047027588,76.0097222328186,112.58333390951157,17.451666378375037,12.602476584842563,1.5236602783203352,7.46424509684249,1008.088935546875,6.475904723008473,186.06247861186662,641.4466896057129
2021-05-14,12.704156494140648,5.741906738281273,9.17264582316083,88.5768518447876,71.22731423377991,201.84722137451172,19.419261153964467,13.450553154934807,1.3264747619629134,7.3481676737467865,1008.3508984375,12.00756744047006,129.77529616157213,498.40032990773517,12.711480712890648,6.626763916015648,9.366712188720726,88.17963059743245,69.80046327908833,227.33333587646484,14.721579196067424,10.311875373371779,1.0733365376790402,7.413480377197288,1007.6809635416668,8.06004685163498,146.98049955566725,447.07023398081463,13.097192382812523,6.100335693359398,9.071831003824892,89.87222162882487,75.10462872187297,113.24305510520935,13.68292527939958,9.397433138172252,1.249172465006552,7.4090502421061615,1008.0339029947917,12.337082336346308,118.09584997097652,398.5178140004476,11.944360351562523,6.002893066406273,8.876423136393251,88.49166615804036,79.11157500743866,225.02083110809326,18.121440473247308,11.445939776752775,0.9131383260091184,7.0170519510905365,1007.8603287760417,12.744957864284515,114.32962853709857,447.33747514088947,12.629785156250023,5.810723876953148,9.015097554524763,89.38842678070068,76.46759351094563,91.9652783870697,14.73247600346813,10.826709596693211,1.1917778015136946,7.319305674235068,1008.3127604166667,10.659385405480862,127.69965103268623,424.86546007792157,13.652398681640648,5.740502929687523,9.571799214681013,85.07175827026367,75.91527922948201,257.21527671813965,15.722395287723725,9.577890717368831,1.1809275309245209,7.030252075195335,1007.8975716145833,4.951829642057419,161.73778237899145,446.1870617866516,13.219018554687523,5.965295410156273,9.177631632487001,89.91620413462321,71.88425763448079,58.548611521720886,15.233859964939288,10.918872115512258,1.1925407409668196,7.564700063069665,1008.2735872395833,11.366019224127134,129.5551320115725,428.5621205965678,12.513330078125023,6.234643554687523,9.43527501424156,88.89398193359375,66.77777858575185,242.90971851348877,21.130555927457927,14.554119569465422,1.141481018066429,7.650601959228538,1008.327080078125,8.643089711666107,166.5957953631878,582.1857894261678
2021-05-15,15.153192138671898,7.449212646484398,9.939731852213564,87.79768466949463,75.38194445768993,164.43749952316284,25.02425355172633,15.202495017219874,1.8845954895019759,7.847637430826865,1005.5571614583333,-0.3339518855015437,182.97127667069435,717.6503264109293,14.940606689453148,7.021966552734398,9.952411905924501,86.75462913513184,79.26666657129924,318.1666650772095,23.186240694553973,14.804897443952465,1.8011617024739621,7.678711191813193,1006.624912109375,-1.2714012463887532,185.8282614648342,698.3791936238607,14.759515380859398,7.550897216796898,10.028577423095726,87.8851842880249,78.66851671536763,172.88888931274414,25.50860924535983,15.82468903218656,1.8864278157552121,7.98251622517904,1005.5154329427082,1.0376806259155273,173.77646098534265,732.4582351048788,14.762658691406273,7.345300292968773,10.032932535807314,85.33564885457356,76.24351767698924,231.16666650772095,25.52269388025025,15.11731177238265,1.7411717732747434,7.501546478271507,1006.5628352864583,-0.6886827349662781,167.66087289651236,764.0674392382303,14.824945068359398,7.439874267578148,9.880751546223982,87.80925846099854,83.18703651428223,137.84027791023254,23.046035420725683,15.068149110811541,1.8112630208333371,7.813537851969443,1005.935361328125,0.03198073307673136,155.05755250652632,702.7633262475332,16.014550781250023,7.434259033203148,10.48111750284833,83.84768565495808,78.95879666010539,176.23610973358154,25.52455982002034,16.1526578402019,1.9374214172363509,7.531429545084677,1006.3885123697917,-5.759633501370748,197.50001362959543,844.2173857688904,15.056909179687523,7.428674316406273,9.89624938964846,87.7342586517334,82.0699070294698,59.76388921588659,22.770246476590163,15.061384631851604,1.7384747823079465,7.825598653157556,1006.0174544270833,-0.37857261796792346,164.80955464641252,720.6418665250143,15.344689941406273,7.477380371093773,10.092252349853538,87.23472325007121,76.81111097335815,181.94444513320923,22.758795957085415,15.352187320018336,1.8825355529785384,7.885547892252646,1005.6080729166667,-2.0879555145899453,182.1473833421866,760.1553109486898
2021-05-16,15.624414062500023,8.616662597656273,11.388881937662783,85.78333298365276,77.30463075637817,249.43749952316284,25.18147950053884,19.740069057675544,2.4468068440755246,8.93164978027346,1003.981142578125,-5.215139210224152,231.60141256451607,950.2129669189453,15.275140380859398,7.679376220703148,11.064112599690779,83.59907484054565,79.88009277979533,317.22222232818604,24.954765868856395,19.89165476484212,2.3915751139323334,8.16520716349288,1004.84060546875,-2.056142250696818,191.8813532491525,916.8401285807291,15.532128906250023,7.748376464843773,11.098479207356794,85.71296326319377,73.5805561542511,217.90277814865112,24.59497663874158,18.987198154509567,2.6195426940918196,8.616180674235068,1003.8807161458333,-5.455691436926524,235.17419692873955,894.9033508300781,16.079522705078148,8.143792724609398,11.51527048746747,82.04861084620158,67.52962923049927,342.5277786254883,26.977587040757882,20.847065388331036,2.378811136881552,8.293934122721396,1004.5990266927083,-5.5824577411015825,262.95505378643674,1029.1473910013835,15.772271728515648,8.109765625000023,11.150462086995466,85.51110967000325,67.80787058671315,184.38194513320923,25.280292625626306,19.57268304212089,2.4286374409993527,8.628822580973349,1004.0077180989583,-6.425342679023743,268.31183555225533,886.630012512207,15.349511718750023,8.551263427734398,11.15076599121096,85.30972337722778,84.75787035624187,336.17361068725586,24.531573491844867,19.599413173303837,2.148085530598962,8.593960062662802,1004.476845703125,-3.976180156071981,194.59438599149385,946.104424794515,15.809075927734398,8.022088623046898,11.0366887410482,85.78286965688069,68.14722208182017,114.4305557012558,24.025638051977747,19.02690162957148,2.4955230712890852,8.586147562662802,1003.7614615885417,-5.65912667910258,248.86156606674194,860.5607973734537,15.257867431640648,8.546746826171898,11.02372512817385,86.7416656812032,85.85694408416748,286.7499985694885,24.722439720592828,18.866533299815032,2.169173177083337,8.770206705729208,1004.172421875,-4.471732318401337,201.88253474235535,897.6355514526367
2021-05-17,14.309625244140648,9.049981689453148,11.267217254638695,84.0361115137736,81.12175973256429,208.875,24.960756373903074,21.549550723858925,1.9443959554036496,8.577185567220056,1008.217373046875,-4.222038348515828,193.2260047098001,1013.0030358632406,13.883325195312523,9.238793945312523,11.032005564371767,84.0185194015503,90.03148206075032,417.3611087799072,25.907876678434132,20.7507184675751,1.6021565755208371,8.388889567057333,1007.653994140625,0.18386330207188925,154.35909223059812,994.7405064900717,14.689599609375023,9.020623779296898,11.355840301513695,83.25833543141682,83.65092674891154,205.7013897895813,25.52615217306163,21.504310185211324,1.9505045572917084,8.530342356363974,1008.2114095052083,-3.1648611376682916,183.56446355581284,1013.8682492574056,14.133874511718773,9.198846435546898,11.150343831380232,84.14722442626953,93.22175788879395,401.95138931274414,26.220085748600706,21.515630895199592,1.7535237630208371,8.522403971354208,1007.3275065104167,-0.488147700826327,187.52181809643903,1027.4321797688801,14.582116699218773,8.894891357421898,11.22184015909833,84.30648104349773,85.36064847310384,192.0555558204651,25.334306781340672,21.566190836907847,1.9246027628581146,8.592247263590536,1008.330703125,-3.1266329089800515,190.8164484500885,1010.5197696685791,14.658197021484398,9.191491699218773,11.43757019042971,82.97546418507893,86.74490896860759,367.57639026641846,24.521510282178458,21.838196712969946,1.797767893473349,8.5578603108724,1007.7886783854167,-3.3434685866038003,223.26304997503757,1043.9505666097004,14.709619140625023,8.871087646484398,11.134519195556663,85.21573988596599,86.23333231608073,105.6388885974884,25.787076921347115,21.241541526239494,1.9068885803222884,8.681441243489587,1008.2153580729167,-1.022091890995701,175.37042459845543,987.3778680165609,14.547784423828148,9.072290039062523,11.369426981608095,83.78333377838135,84.64953692754109,301.22222232818604,24.82700960789263,20.954542253183096,1.8767524719238509,8.648989613850915,1008.2039388020833,-3.322710076967875,188.66668406873941,998.5113817850748
2021-05-18,13.833856201171898,7.596704101562523,10.39902521769208,82.8773152033488,73.44444505373637,141.8541660308838,19.30579015608998,15.75662782133459,1.3004369099934934,7.493398284912132,1016.4012760416667,1.683981478214264,178.2753547479709,785.1714651981989,14.071008300781273,8.020776367187523,10.388042704264345,83.96249866485596,82.23564910888672,328.82639026641846,20.379876372813197,16.872271093239792,1.1191459655761946,7.670387522379599,1016.625517578125,-0.7424779136975607,202.73718067010245,789.8398758570353,13.872186279296898,7.502038574218773,10.471149698893251,82.30231348673503,71.94351943333943,128.40277671813965,19.167602841188806,15.50095767057394,1.3145932515462277,7.45808054606124,1016.1899186197917,3.22991406917572,157.9119811852773,759.5836410125097,14.796166992187523,8.058740234375023,10.842692311604841,80.82731453577678,80.19583257039388,308.5763921737671,20.067948471886677,16.232021026907386,1.2663780212402571,7.496672566731775,1015.47837890625,-0.22889459133148193,196.02737160523733,819.5302059650421,13.892816162109398,7.000512695312523,10.35966262817385,82.44305515289307,59.018518487612404,111.46527862548828,18.80457061637094,14.87297813095852,1.2006215413411496,7.360979970296228,1016.2647786458333,1.5421568204959233,192.6963540762663,730.5744729042053,14.790429687500023,8.360498046875023,10.874065653483095,81.07314825057983,90.72036933898926,303.84722328186035,22.06161785553714,17.028934960800033,1.2520957946777571,7.591418202718103,1015.86673828125,0.14445047825574875,190.30055760840574,853.6157894134521,13.843072509765648,6.862329101562523,10.263223266601585,83.34861183166504,54.35046319166819,32.80555582791567,18.436346313934006,14.21047362843266,1.2791178385417084,7.435544586181663,1016.1664485677082,1.6034585187832515,202.07722156246504,682.3153953552246,14.805993652343773,7.865960693359398,10.68210118611656,82.56435203552246,85.56620359420776,215.81944179534912,18.7990383850179,15.832252525443394,1.3503725687663177,7.666922505696618,1015.85515625,-2.0597254037857056,202.78976317246756,786.5511770248413
2021-05-19,13.253442382812523,7.560998535156273,10.024265543619814,86.95740667978923,73.54536947607994,181.11111116409302,20.73615323497776,12.861921399038039,0.7183560689290402,7.875441487630212,1019.3598763020833,2.9715990722179413,208.444682598114,622.953485528628,12.183587646484398,7.455804443359398,9.70572687784833,88.07407347361247,78.48240764935811,263.62499809265137,21.59397819813299,13.88630732965997,0.7552683512370209,7.765448506673181,1020.18197265625,4.056588153044383,169.21727177500725,572.7528407176336,13.149926757812523,7.723565673828148,10.036477661132835,88.15647983551025,76.28472151358922,194.5347216129303,21.424816860107953,13.565933951171331,0.7272824605306027,8.1169423421224,1019.06244140625,3.4682262937227883,191.9913688202699,642.6711760759354,12.327813720703148,7.736535644531273,9.83945490519208,88.968518892924,82.4703692595164,265.55555486679077,18.98161200188332,13.463683991460755,0.8950312296549896,8.068601226806663,1019.38587890625,4.235282739003499,173.2865197956562,556.9225481351217,13.687005615234398,7.250024414062523,10.000571187337263,84.33148193359375,68.40046254793803,98.81944489479065,22.290958155047633,14.397887984039565,0.7351661682129134,7.364639536539755,1019.2543619791667,1.617635985215505,221.67080002029738,706.5426070292791,12.272210693359398,7.753625488281273,9.687006886800154,88.18009185791016,75.53796140352885,230.57638931274414,19.914531527232704,13.54753446540048,0.6112737019856809,7.781836446126306,1019.4814583333333,3.636326191636423,162.9555182059606,609.6141087611517,13.091088867187523,7.450006103515648,9.96966451009117,85.1027774810791,71.70185230175655,60.16666758060455,22.222695288954274,14.002217308656649,0.7354522705078352,7.486234283447288,1019.000791015625,2.6335084040959678,188.70781853795052,692.0488074620565,13.494439697265648,7.304315185546898,9.940539296468122,86.748610496521,69.61250060796738,161.00694489479065,20.66313480305381,13.449087921617163,0.656556701660179,7.762526448567712,1019.6856022135418,0.9649477501710256,227.75729281206927,641.9066610733668
2021-05-20,15.791467285156273,5.325250244140648,11.184042867024763,73.22824064890544,80.22962949673335,96.83333587646484,20.453440338405,14.362339967362018,2.078473663330101,6.133758799235068,1021.345068359375,-11.066788613796234,233.0198138753573,758.7424414952596,15.982934570312523,5.707788085937523,11.108403778076195,72.88240623474121,74.01620258887608,278.21527671813965,18.270314854570877,12.513449837169388,1.7011772155761946,5.990106201171898,1022.6851529947917,-10.559603095054626,248.03524710734686,724.6612062454224,16.109368896484398,5.278314208984398,11.211455281575544,72.80601898829143,80.27638912200928,71.16666412353516,20.96381292654885,14.79311293426268,2.330593363444052,6.083729044596396,1021.0683528645833,-10.542013262708982,215.74235570430756,753.1149787902832,15.568292236328148,5.480981445312523,10.989687856038435,74.37037070592244,74.50185225407283,292.1666564941406,18.57615216861675,13.472847206940665,2.0021402994792084,6.187102254231775,1022.2463509114583,-10.039755672216415,231.9444992939631,716.7045249938965,16.680688476562523,5.264184570312523,11.269153849283876,72.1629622777303,86.18796308835347,41.83333396911621,23.005023589149136,15.671255676387283,2.3836112976074446,6.024896240234398,1020.8146842447917,-10.006140816956758,217.80746229489645,780.7783803939819,15.118707275390648,5.561090087890648,11.096772766113304,72.93194341659546,73.40879607200623,150.0,19.47605663655694,14.203284648122134,1.978608703613304,6.02817052205404,1021.7994954427082,-9.296834150950113,212.98970874150595,740.6089172363281,16.862451171875023,5.251885986328148,11.319355265299501,71.71018393834431,86.38564864794414,1.1666666865348816,22.923686001094854,15.493036284401663,2.3457516988118527,5.9774642944336165,1020.7133756510417,-10.72762973109881,218.91583331425986,781.7629742622375,15.188012695312523,5.383233642578148,10.97720616658531,73.35879755020142,66.54999987284343,116.00694799423218,19.113480317487838,13.67063725884645,1.9795560201009152,5.973926798502646,1021.7645084635417,-8.656007756789526,218.67190941174826,714.0348618825277
2021-05-21,16.742791748046898,9.681970214843773,12.805808003743513,65.11064879099528,63.447222431500755,8.81944433413446,31.908613395065743,26.32641216351801,3.0877255757649777,6.204638417561853,1008.8655143229167,-7.7709224708378315,291.5427958567937,1399.661750793457,16.325250244140648,10.408166503906273,13.146166737874372,62.369444847106934,73.2407410343488,102.96527767181396,31.925404666644148,26.14408816548875,3.1378875732422102,5.99549255371096,1009.626240234375,-8.998639987160763,266.2027810017268,1398.4193801879883,16.549493408203148,9.622430419921898,12.71323165893557,64.03055588404338,70.98194367686908,9.423611280042678,31.152538134205304,26.635309687527997,2.819221750895224,5.920232391357445,1008.61837890625,-6.508734161655108,253.16601502895355,1416.3805084228516,16.118310546875023,10.086907958984398,12.872659301757835,64.08194367090861,70.87870295842488,79.53472208976746,31.555025933875513,25.44922438220587,3.0703356424967865,6.101215616862021,1009.6504069010417,-6.776510616143544,243.70444321632385,1348.4110056559246,15.526483154296898,9.393823242187523,12.267344411214216,65.74120457967122,72.76805557434757,11.652777810115367,32.63692225062883,26.24251407342486,2.605213419596396,5.889377848307333,1008.865546875,-5.140527137244741,253.4599998394648,1370.332010904948,16.866540527343773,9.266564941406273,12.81455001831057,64.0175929069519,67.11712869505088,48.19444477558136,30.943833015829117,25.54795501730077,3.1568631490071652,5.9659591674804915,1009.4439127604168,-6.813476567467053,256.8442446788152,1380.782206217448,16.577416992187523,9.696252441406273,12.584163920084658,64.46805508931477,71.94629657268524,9.56250002188608,31.34548177967015,26.39673735697554,2.7284573872884152,5.832365926106775,1008.6180729166667,-6.228731339176496,266.42910861968994,1418.752082824707,16.083947753906273,9.728601074218773,12.738184865315779,65.27963066101074,74.2462960879008,10.888889033347368,31.44398715471015,26.01104068782213,2.9611742655436615,6.197658793131552,1008.895400390625,-5.396498213211696,260.57242033878964,1381.381576538086
2021-05-22,14.861108398437523,7.993951416015648,10.811284637451195,73.56064780553181,61.825000643730164,67.79166650772095,30.78116128305085,25.0170409276398,0.8664286295573334,6.044547017415368,1008.0877311197917,3.111608217159907,206.11396251122156,1298.8215777079265,14.627770996093773,7.899926757812523,10.886889394124372,74.6486104329427,42.96018506089846,54.51388895511627,29.224740146473682,23.614304803557,1.1003509521484602,6.340899403889978,1008.646142578125,4.89500214656194,234.32598241170248,1155.771411895752,14.552911376953148,8.204736328125023,10.835371907552107,73.95138883590698,60.55046338587999,66.38888883590698,31.22643652324517,25.380668125746258,0.781947072347009,6.219789123535179,1008.078017578125,4.1384023030598955,222.8500763575236,1269.4063727060955,16.238885498046898,8.334710693359398,11.29773864746096,69.67638874053955,56.33055558800697,45.19444489479065,30.43520030893106,25.05672412639397,0.9845621744792084,5.576352691650413,1008.4572298177083,-0.31174201021591824,257.58337020874023,1344.483907063802,13.874444580078148,8.453546142578148,10.797756449381533,73.90925931930542,67.02731567621231,58.666667461395264,29.794143866202422,25.489342932812566,0.729988352457724,6.2216417948405365,1008.3845247395833,5.0437593547006445,192.5147205144167,1259.5623397827148,16.169519042968773,8.202905273437523,11.245070393880232,70.25555531183879,58.10046088447174,60.027777314186096,29.423124685709045,25.35743074576315,1.0018109639485715,5.637837982177757,1008.2685514322917,-0.9524178604284922,265.0689451545477,1342.238717397054,15.132287597656273,8.770867919921898,11.239307657877626,71.56805404027303,63.991668440401554,26.472222045063972,30.16146806826913,25.460385345848476,0.7452484130859602,6.13644943237307,1008.4036848958333,1.7350328763326008,234.93312992652258,1311.4774551391602,15.752709960937523,8.405541992187523,11.067109680175804,71.65555572509766,62.68379714091619,60.59722292423248,29.86101382674389,25.598854914494876,0.8421849568684934,5.845306650797568,1007.8908723958333,1.2230823064843814,249.4565315693617,1324.8845151265461
2021-05-23,15.571557617187523,5.229669189453148,10.767535146077497,74.67962948481242,51.55324141184489,102.88889074325562,20.860845210681525,16.274174514239856,0.8759577433268646,5.930993652343773,1014.313671875,-3.0798980047305426,253.61538660526276,955.975310643514,15.205194091796898,5.015527343750023,10.853176371256533,74.89768664042155,48.4750000834465,128.97222089767456,22.694219966751003,17.48084677507279,0.8816810607910384,6.15579757690432,1014.8270963541668,-3.2975524055461087,228.85829492410025,994.7281341552734,15.792535400390648,5.706323242187523,11.088613128662132,74.62824138005574,53.8092585404714,118.80555391311646,22.541008294334166,16.96575442252542,1.0323895772298215,6.206714884440146,1014.0206803385418,-4.951420605182648,271.4584061106046,1010.7431399027506,15.767358398437523,5.507470703125023,10.955655670166038,75.30231507619222,57.56342554092407,141.68055725097656,23.454362316967636,16.886473452881777,1.0111811319987396,6.326734161376976,1014.3235677083333,-3.3874480525652566,242.47081825137138,967.8022028605143,15.770288085937523,5.748864746093773,11.079813893636091,74.05277713139851,59.517593224843345,120.4375,23.172171430524475,16.61945799483753,0.7257960001628021,6.073786671956384,1014.2711393229167,-3.5623240073521933,255.41463458538055,1046.5533854166667,16.920373535156273,5.074121093750023,11.174270884195986,74.31481393178304,41.06342581907908,127.80555868148804,22.526719031586406,17.182800985525358,1.2762237548828352,6.168313598632835,1014.2906217447917,-7.908100624879201,309.18704015016556,1012.0916137695312,15.651025390625023,5.891381835937523,11.134647623697939,73.66666603088379,56.31342617670695,32.465277433395386,22.72748376611005,16.3694630570026,0.7322479248047102,6.043664550781273,1014.3477408854167,-3.2015617974102497,243.95225854714712,1025.346077601115,15.805566406250023,5.327813720703148,10.910633341471376,74.90138896306355,59.71111226081848,108.77083539962769,22.312791908396814,16.40199705972763,0.8704722086588959,6.140938059488974,1014.1142643229167,-3.2588190933068595,224.62759109338126,996.4306297302246
2021-05-24,14.671289062500023,7.444909667968773,10.414812978108747,80.42499955495198,86.58287080128987,152.87500029802322,29.27016427918011,22.592880639964537,1.1670967102051009,7.035379028320335,1009.881484375,8.559629554549852,190.0765575580299,1103.6641693115234,15.328240966796898,7.921166992187523,11.200916544596376,77.2560175259908,92.2083330154419,205.19444513320923,30.858874142693853,22.968724068514206,1.5895070393880246,7.158834075927757,1009.29806640625,3.102287540833155,222.55881702775756,1206.3256912231445,14.725457763671898,7.677636718750023,10.65637868245445,78.38564809163411,85.4574073155721,143.84722155332565,29.87608669651472,23.039445436837962,1.1724754333496321,6.862880961100302,1009.693974609375,6.464212983846664,231.3548165615648,1170.0314636230469,14.635095214843773,8.092767333984398,11.144316609700544,77.64722283681233,92.0555550257365,282.3333320617676,29.571000879357378,23.946175116810128,1.3922465006510834,7.192971801757835,1009.3678743489583,6.349368746081988,221.36317307129502,1254.7233301798503,14.990533447265648,7.725122070312523,10.479351298014345,79.47546370824178,84.2013897895813,163.88888901472092,32.54882101970601,24.000684011804527,1.1566978454590071,6.868347422281943,1009.4460221354167,9.828360843161741,193.86827437455455,1191.3994166056316,13.222192382812523,7.770532226562523,10.621109263102236,80.45787032445271,92.66203721364339,265.28472089767456,28.295037182404613,23.48064724498846,1.358608500162802,7.235351816813193,1009.95634765625,7.172541484236717,187.57985117845237,1145.297643025716,15.219567871093773,7.861352539062523,10.61081212361656,78.91805569330852,88.06574074427287,157.13194335997105,31.165299515831133,24.007856359489864,1.2613883972168196,6.884076690673851,1009.3718131510417,8.831002736464143,190.7556292656809,1190.5415954589844,13.435815429687523,7.934991455078148,10.629904683431013,80.58333333333333,93.14722124735515,204.201389670372,25.040332174220502,21.47137883787869,1.6344708760579465,7.269788360595726,1009.782666015625,7.65765580534935,162.14270458991328,1036.2492141723633
2021-05-25,14.593164062500023,7.479241943359398,10.567890421549501,76.81435473759969,79.3930557568868,276.5208320617676,27.244028578699712,22.616049513717638,0.03393961588545835,6.48483810424807,1017.6297233072917,-2.1085423628489175,257.2860140800476,1084.3882700602214,14.561212158203148,7.134973144531273,10.31889114379885,77.52314647038777,74.18888870875041,296.73611068725586,28.296472261236335,22.58043189743509,-0.15740559895829165,6.303950246175134,1017.769951171875,-1.293861707051595,283.1992985010147,1085.0008087158203,15.366448974609398,6.978234863281273,10.6786933898926,76.31666628519694,75.41064771016438,141.5277771949768,27.900531716679208,22.772123993255104,0.03218104044600523,6.425673421223962,1017.3016145833333,-3.4732204973697662,279.30076201756793,1150.6639442443848,14.128991699218773,7.039544677734398,9.954792277018251,82.0166654586792,88.84259351094563,305.82639026641846,30.715777605710162,22.662761605241087,0.15665334065755587,6.912227884928427,1016.8296907552083,1.8395922283331554,172.52387470006943,1021.254727045695,14.645196533203148,6.489312744140648,10.522425587972029,75.77546294530232,79.90185149510701,119.56944513320923,27.365798137278343,22.48223691496968,-0.18726196289060226,6.229080454508505,1017.435693359375,-2.7415247758229575,248.98725962638855,1135.4472198486328,15.225549316406273,6.128442382812523,10.34543380737307,79.56620518366496,87.99536959330241,309.2361087799072,28.44101270558718,21.755808191930214,0.1824813842773665,6.764004007975302,1017.3604720052083,-4.005027850468953,233.13316680987677,999.2592029571533,14.843896484375023,6.566186523437523,10.593188222249372,76.75601943333943,82.08796326319377,46.000000298023224,26.864608363316233,22.257332344670772,-0.03463083902994413,6.449711100260458,1017.5124641927083,-3.776602347691854,257.1876112620036,1113.4970436096191,14.534997558593773,6.758508300781273,10.31787770589195,79.42407353719075,84.83842531840007,313.1041679382324,26.80707026821971,21.729788771031405,0.05020039876302462,6.728674825032556,1017.6865950520832,-1.653174916903178,235.92581224441528,1009.0292282104492
2021-05-26,16.092492675781273,8.294458007812523,11.835834757487001,78.88148148854573,96.66620381673177,295.5208353996277,24.726089616067465,16.815924039135208,1.593319193522177,7.865088399251306,1015.7566796875,-6.397412131230037,215.2194975366195,986.9634469350179,15.700128173828148,8.568719482421898,11.484126027425154,77.64861186345418,91.05509328842163,495.0555582046509,25.415678674176515,16.586701550522378,1.589387512207054,7.261402384440146,1016.2155240885418,-6.905722290277481,197.8387072676172,979.9303214550018,15.294732666015648,8.752893066406273,11.753057098388695,78.811110496521,92.19629605611165,250.9444441795349,26.591677654752708,18.766018180604465,1.6012474060058821,7.894258117675804,1015.5994694010417,-3.517725775639216,233.19555579250058,1027.878846168518,16.397576904296898,8.004174804687523,11.391477203369163,77.91805569330852,76.97361210982005,340.23611545562744,23.612362599797994,15.881566915854398,1.7149698893229584,7.179115549723349,1016.66041015625,-6.579647421836853,198.03711428989968,938.1560498873392,15.288842773437523,8.448815917968773,11.528066253662132,78.66851743062337,89.72870381673177,274.05555415153503,28.085323201332336,18.819966306146213,1.3295621236165402,7.625655110677087,1015.5271419270833,-3.7489818930625916,245.88740945855776,1045.8384323120117,16.056726074218773,8.289239501953148,11.375063832600935,78.04768482844035,86.98611036936443,310.3958315849304,20.134083945432405,14.97096459652956,1.4443158467610715,7.197646077473962,1016.55505859375,-6.036784301201503,184.8629843685776,931.6979902585348,14.883142089843773,8.359307861328148,11.294937388102236,80.81342633565266,99.50740718841553,221.77777910232544,31.152260662324363,18.034477625358097,1.2547279357910384,7.832746124267601,1015.8087955729167,-1.8430805106957753,210.1271693011125,975.8663428624471,14.831201171875023,8.213098144531273,11.177481587727888,82.63009246190389,99.44861284891765,280.3125,22.469607810195726,14.745453340608728,1.6333201090495209,8.067451731363974,1016.1314029947918,-2.953329920768738,150.49042577731112,788.4399967193604
2021-05-27,17.561090087890648,6.116662597656273,12.324703470865908,75.3268534342448,45.402314871549606,150.27083110809326,10.288479367838656,8.001872589749476,2.604091898600302,7.615054066975915,1020.7655598958332,-14.828245416283607,260.0400006373723,623.3306171099345,18.206750488281273,9.344934082031273,13.83460133870445,70.04305601119995,75.67175849278767,335.40277671813965,6.836807891118351,4.092965941873567,3.0163513183593977,8.017556762695335,1020.2284928385417,-18.08167092005412,261.6052230199178,663.6739913622538,18.234460449218773,6.137536621093773,12.530381774902366,74.36435222625732,51.28101774056753,41.81944477558136,10.088500164600708,6.873830197680302,2.7156476338704465,7.607541656494163,1020.8276497395833,-15.823795711000761,273.4223927060763,612.6058972676595,18.450006103515648,6.953729248046898,13.054021453857445,68.8361104329427,50.3490735689799,301.39583015441895,7.264675931718029,5.129753382623741,2.757441457112634,7.005838012695335,1020.6886295572917,-18.15792115529378,285.6022529800733,615.4287871519724,17.574182128906273,6.143334960937523,12.375684356689476,75.53148015340169,45.25185185670853,27.972221612930298,8.798315509110276,7.214606729586241,2.7511891682942746,7.697082773844443,1020.7433984375,-15.862630059321722,252.84154703219733,576.2772526741028,17.909204101562523,6.229394531250023,12.457171376546247,73.41898187001546,47.62268586953481,320.84027194976807,8.03481664522067,5.761518099348296,2.823725636800134,7.4246625264485715,1021.1186165364583,-15.201150288184484,266.3665710290273,590.8584308624268,17.675927734375023,5.934350585937523,12.355854288737001,74.1347222328186,41.57037035127481,4.062499955296516,8.778767917001973,6.754352352066429,2.7129493713379134,7.3864303588867415,1020.8230208333333,-16.233041008313496,262.82961215575534,570.282223701477,18.139489746093773,6.127770996093773,12.58111470540367,73.29861068725586,48.5412038564682,274.93055152893066,8.701318286761769,6.3985352971660205,2.6805956522624115,7.428169504801474,1020.8464420572917,-16.263224698603153,277.5851852496465,617.1089080174764
2021-05-28,19.588220214843773,8.231042480468773,14.014199829101585,71.98888810475667,60.44814817110697,2.6666666865348816,13.443196348474705,10.440782173977855,5.807294464111351,8.538039143880212,1022.4570963541668,-14.147002890706062,318.9048822919528,575.7347831726074,18.252770996093773,6.870172119140648,12.693444824218773,73.65138975779216,65.350000222524,152.18749809265137,18.153022011777807,12.156350228033745,4.373047129313193,7.666579182942712,1023.725927734375,-7.9542828897635145,311.8857701222102,651.9910608927408,19.629144287109398,8.291345214843773,14.129059092203798,71.22037076950073,56.491204261779785,6.999999761581421,13.568845068524837,10.269207624107912,5.3812728881836165,8.483080800374353,1022.3214811197918,-14.075655231873194,325.50990621248883,598.7778097788492,18.696130371093773,7.814141845703148,13.402530924479189,72.07824007670085,70.05509289105733,47.499999046325684,15.839609130302385,11.638481581940326,5.612082417805993,7.970259602864587,1022.98080078125,-10.492258767286936,315.99899023771286,581.3226811091105,19.234338378906273,7.804223632812523,13.724556223551454,71.61388937632243,60.01111173629761,7.833333492279053,14.008175137170932,10.720465199885417,5.688787078857445,8.204220072428427,1022.3857779947917,-12.621635417143503,324.0690744320552,583.0728664398193,19.021936035156273,8.895745849609398,13.919475809733095,71.71990807851155,85.1490740776062,29.000000953674316,14.057795197893403,10.860034639132055,5.896259562174521,8.478543853759788,1022.0418294270833,-13.819577505191168,295.7230497598648,569.486213684082,19.077783203125023,8.021325683593773,13.580214436848982,71.75462992986043,68.5629649957021,2.0000000596046448,13.453714573561998,10.59908878226019,5.635091400146507,8.06955490112307,1022.374306640625,-11.404419044653574,307.30165187517804,561.4905405044556,18.959191894531273,8.250390625000023,13.709790802001976,71.66342608133952,79.19861102104187,4.9999998807907104,14.589134244155415,11.084548331955228,5.7470629374186615,8.210267639160179,1022.4387858072918,-12.838046769301096,308.86583214998245,574.1394621531168
2021-05-29,20.671655273437523,9.305169677734398,15.044165547688825,70.37176179885864,63.67685270309448,0.0555555559694767,16.834461967129943,11.693565418470536,5.669393157959007,9.238882954915368,1023.7323697916668,-14.933020104964575,301.6935892754894,695.1322240829468,18.685113525390648,9.242852783203148,14.383168792724632,72.44259134928386,88.55185270309448,2.750000014901161,16.663825921098535,11.420553206949236,6.378591156005882,9.19901809692385,1024.0617708333332,-8.958803626398245,211.1984258745215,532.2113459904989,20.333428955078148,9.209497070312523,14.690222676595075,70.66435257593791,66.73564827442169,0.3958333358168602,14.831194575171464,10.465547536454766,5.615240987141931,9.02055130004885,1023.52599609375,-13.213524335374435,259.95094061569154,599.5558721224467,19.169183349609398,9.033410644531273,14.574678039550804,70.4837965965271,83.99953699111938,7.333333134651184,13.809632302405493,10.474687645862033,5.420863087972009,8.929213460286462,1024.1320963541666,-8.659137159585953,241.0465345039071,617.2276684443156,20.432305908203148,9.779412841796898,14.924289957682314,69.30092509587605,69.00925890604655,0.1319444477558136,15.791790801074992,10.736092516892393,5.506016031901083,8.883112843831384,1023.6505403645833,-13.983823657035828,283.2464051909822,659.8493507703146,20.211724853515648,9.024499511718773,14.714325205485048,70.15092531840007,76.19583511352539,7.833333492279053,16.967920946444163,11.482188804848496,5.720361328125023,8.90964279174807,1023.9091569010417,-12.44074543317159,289.517555897842,668.6048000653585,20.540551757812523,9.940332031250023,15.04785054524742,70.23611211776733,65.81620359420776,0.16666666930541396,15.116761251693148,10.525998736733888,5.60639597574874,9.20222880045577,1023.31119140625,-14.457195435961088,277.76549765011686,635.9434105555216,19.507867431640648,9.066247558593773,14.459464009602888,69.15092611312866,76.47175868352254,2.03472226113081,17.898980975364374,12.499871092993217,5.182912445068382,8.41874465942385,1024.4953515625,-11.958904961744944,296.4831514610948,673.0618006388346
2021-05-30,20.355920410156273,8.795739746093773,14.971148427327497,68.76898193359375,2.9787037248412767,4.527777791023254,19.058870334583222,13.996020046946747,5.108447011311853,8.785441335042321,1024.5655891927083,-11.251147111256918,344.22953786477837,792.4352671305338,20.602441406250023,9.049798583984398,15.08765563964846,69.61018641789754,54.92268466576934,0.5902777882292867,18.33277723537698,13.991895872275245,5.454457855224632,9.125222778320335,1024.7178287760416,-10.453133434057236,294.1978926024943,792.7895107269287,20.272241210937523,8.908410644531273,15.062833404541038,68.46851841608684,14.87777813950864,4.236110985279083,19.528706697657174,14.13673264256986,5.225747680664085,8.824639892578148,1024.24181640625,-11.518199354410172,344.00203230008873,804.5070838928223,20.698602294921898,8.738854980468773,15.202321624755882,67.2106482187907,19.106481327364843,1.5277777910232544,18.72537426515562,13.790544114050126,5.157348887125693,8.685639953613304,1024.96748046875,-13.859987432758013,340.55176076909993,836.9881067276001,20.483239746093773,8.763208007812523,14.865642801920595,68.80972226460774,9.59351859986782,5.701388746500015,18.3347501533235,13.535326295725957,5.09663035074874,8.699259694417321,1024.3228580729167,-10.838695605595907,344.24167046969524,790.152728398641,20.614038085937523,8.513726806640648,14.998379007975283,67.39537048339844,5.176851938245818,0.7222222443670034,18.777277184001637,13.808996499075633,5.051203664143884,8.530212656656943,1024.7409212239584,-12.11036816984415,341.6120479308108,815.6522302627563,20.733666992187523,9.134088134765648,15.130928293863954,68.46111122767131,11.321296145518621,0.0,18.65671683165539,13.913230825847885,5.386720275878929,8.885366058349632,1023.914453125,-11.773921211560568,343.3978317779838,805.0882196426392,20.406518554687523,8.661157226562523,15.0084904988607,67.66250054041545,3.238888842674593,0.7291666772216558,17.805245764463255,13.367599627024953,5.050598398844443,8.57133509318038,1024.5519108072917,-11.901217659314474,344.1879728438992,799.0437485376993
2021-05-31,20.776422119140648,10.036157226562523,15.614811197916689,65.71574068069458,0.0,0.0,20.596697459013747,14.263638458290615,7.227234141031943,8.604899342854821,1020.331455078125,-11.389430940151215,349.5716274254567,666.1811911265055,20.864739990234398,10.202325439453148,15.830583190917991,66.21666622161865,0.04120370435218016,4.666666746139526,19.23889371173213,14.213476133371254,7.153708394368493,8.992885843912802,1020.428837890625,-13.213516215483347,349.0378576589671,689.2039464314779,20.608758544921898,10.038415527343773,15.566790517171247,66.1458330154419,0.0,0.0,21.32167401852271,14.721446404301256,7.0825057983398665,8.689043935139978,1020.13880859375,-11.245647609233856,349.05384803543956,677.8583367665609,20.935449218750023,9.923913574218773,15.616947428385439,65.73148091634114,0.0013888889225199819,4.5,18.616115271448574,13.759977681540562,6.91507237752279,8.664514160156273,1020.3321907552083,-12.392398317654928,350.1943874034332,676.7320346832275,20.696130371093773,9.799066162109398,15.519451395670595,66.12361017862956,0.0,0.3333333358168602,21.141519765920663,14.612686995880315,7.058479563395224,8.643928782145224,1019.973671875,-11.14345908164978,349.2104770812439,683.0499426523844,20.697351074218773,9.857049560546898,15.423069254557314,65.46296262741089,0.3824074150373538,5.833333253860474,18.49476954820167,13.291855045081581,7.134894307454431,8.420315043131552,1020.7764876302083,-11.56535174449285,350.23654910654295,651.3640921910604,21.201989746093773,10.170098876953148,15.992213185628279,67.10370461146037,0.10370370248953502,0.0,20.66143934162548,13.79802644075115,7.476706441243493,9.348191833496116,1019.6095475260418,-13.195977846781412,347.95829853147734,656.9424336751302,20.718316650390648,9.874627685546898,15.393451944987001,64.80509265263875,0.0,0.0,19.131981477273982,14.125259165092205,7.271744028727255,8.248250579834007,1020.425927734375,-10.866708755493164,350.5655731035319,661.0718123118082
2021-06-01,23.961633300781273,9.566308593750023,17.244465128580753,67.68194468816121,5.494907430683573,0.0555555559694767,16.651837975835868,12.38905799169165,9.93246739705404,10.757905578613304,1013.5993619791667,-19.193750041226547,349.0790101933914,601.4688663482666,24.259912109375023,9.503198242187523,17.318575795491558,68.14676030476888,28.56388876098208,0.08333333395421505,16.265807366854254,12.670889346907165,9.888092295328818,10.891355133056663,1014.809677734375,-20.858824148774147,348.63234576315153,618.4328664143881,24.497186279296898,9.541314697265648,17.50428924560549,69.03842544555664,5.889814905822277,0.3819444486871362,16.22691818149293,12.679131230930265,10.336316680908226,11.347714996337913,1013.498388671875,-20.595637172460556,347.17820607110235,596.6692174275717,24.495050048828148,9.539849853515648,17.367660776774112,68.90648174285889,7.367129256327947,0.17361111473292112,16.594457715194345,13.168795560535827,9.87244313557943,11.17542165120443,1014.4061002604167,-21.6094062825044,348.04963482151896,640.7271900177002,24.494927978515648,9.436975097656273,17.409504191080753,69.23518578211467,1.6560185266813885,0.7986110951751471,16.01181703766484,12.628566885218882,10.377395884196005,11.316690063476585,1013.6326985677083,-19.829927397270996,346.8283842651484,582.3373425801595,24.212457275390648,9.301385498046898,17.163316345214866,69.07731485366821,9.331018748460338,0.4861111156642437,16.29391234495355,12.805521919177727,9.77466481526693,11.010405476888025,1014.1816536458333,-20.583992823958397,348.3666477052805,617.6396481196085,24.722009277343773,10.009179687500023,17.759932454427105,70.093981107076,2.2925926875323057,0.7500000204890966,16.479329732821775,12.511752307383896,10.55445251464846,11.824451700846396,1013.5392610677083,-21.088605682055157,346.3156009761927,585.0366325378418,24.204583740234398,9.335961914062523,17.26167449951174,68.29861148198445,10.873610941227525,0.0,16.619199393729776,12.135359757703844,9.976733144124353,10.902815755208337,1013.7548860677083,-19.576353576034307,349.1699097403325,616.8814716339111
2021-06-02,24.072290039062523,12.970239257812523,18.96879348754885,78.09305540720622,64.70092658201854,29.743055254220963,12.298597296922507,9.483095038033648,12.158779398600302,14.826945241292321,1012.981171875,-14.267448703447977,253.08091477653943,454.03813076019287,22.206536865234398,13.203149414062523,17.993066406250023,84.46805540720622,81.15601817766826,35.18055526167154,14.43786804197655,10.183742328753416,11.7624501546224,15.252436574300134,1012.1562239583333,-6.893696119387944,176.86287446917655,364.60120185216266,23.576287841796898,13.294458007812523,18.753589884440128,80.73842589060466,57.832407315572105,36.72916668653488,16.019601978343886,11.144269919614446,11.787194824218773,15.191116587321005,1013.1058170572917,-13.09979784488678,301.39345196983777,512.0735403696696,20.611444091796898,13.532983398437523,17.367024993896507,88.32546297709148,80.69537003835042,71.25694352388382,14.530029850109086,10.232918212450299,11.698450978597009,15.3571601867676,1012.2038346354167,-5.2277684931953745,146.0055964862307,327.8960026105245,23.006860351562523,13.714929199218773,18.66965764363609,82.11944357554118,64.0689811706543,28.097222357988358,16.60783006980248,10.40442491594098,12.186296081542991,15.37842966715499,1013.14408203125,-10.389234085877737,240.50538683038516,436.0114336013794,22.350640869140648,13.219689941406273,18.18903503417971,82.79490788777669,73.55323978265126,21.11111108958721,13.792691185285902,9.752458018530552,11.852778371175134,15.09671554565432,1012.884296875,-12.420431070029736,192.6897048165556,371.1766873995463,24.188317871093773,14.049981689453148,18.880185699462913,80.9004618326823,54.825000166893005,39.95138946175575,18.086307449817177,10.53321539114297,12.188498433430993,15.344007110595726,1012.9638704427083,-9.917943951984247,242.6644853760954,452.0124464035034,24.100427246093773,13.311181640625023,18.712340291341167,79.3643520673116,66.9597229162852,31.027777820825577,12.204227124530895,8.494973674219514,11.86250712076827,14.828987375895224,1013.1791438802082,-11.324498136838278,242.94191243352057,409.131481607755
2021-06-03,25.805566406250023,15.333276367187523,20.253139750162784,75.21157455444336,60.748148600260414,107.17361092567444,9.083061487344319,5.144109314208237,11.123199717203818,15.241643524169945,1018.6430208333333,-20.506221373875935,291.8386213608707,492.0440224011739,24.998223876953148,15.898858642578148,20.213432566324894,76.0152777036031,75.74490690231323,191.97222566604614,10.797320281875749,9.256022135173701,11.295933024088583,15.301516469319665,1019.7549609375,-21.42631983011961,310.45938323050115,610.0767768224081,25.905541992187523,15.371667480468773,20.281196848551456,75.85277891159058,69.42083398501079,160.25694370269775,8.960794322103169,5.90873255854576,10.921022033691429,15.344219462076865,1018.513779296875,-22.026533285776775,306.7561652433748,559.5031021436056,25.082940673828148,14.846032714843773,19.9812319437663,76.29768466949463,63.857406318187714,129.29166507720947,10.952689851362257,8.55340175151127,11.11873270670577,15.155820465087913,1019.7012760416667,-21.75224592288335,298.35641652625054,593.3555316925049,25.489221191406273,15.021844482421898,19.957031504313175,75.3606481552124,61.8629625638326,190.75000190734863,9.31836855446039,5.94444750664707,10.790138498942099,14.889402008056663,1018.5684114583332,-20.432065804799397,311.78716975186643,570.5702107747396,25.673242187500023,15.202630615234398,20.19056599934898,75.88518555959065,65.60046251614888,100.88194417953491,8.987446020446148,7.245943346512398,11.088081614176474,15.267762756347679,1019.62421875,-22.346004724502563,305.0173538752521,559.2862835725149,25.340631103515648,15.536065673828148,19.917495981852237,76.963889280955,62.33333269755045,140.60416746139526,9.353419234968154,6.152263637862478,10.508414204915368,15.247343953450525,1018.5530794270833,-18.47551190853119,307.55796715795685,554.1037664413452,25.408990478515648,15.110955810546898,20.086985524495464,76.56296300888062,68.29398220777512,113.8194465637207,8.519660665112383,5.34353967275689,11.01047032674154,15.418421681722009,1019.15318359375,-20.30317485332489,271.9567213682458,475.94280811150867
2021-06-04,20.292230224609398,13.195062255859398,16.44433110555015,93.47638924916585,98.48194471995036,267.02778029441833,15.607750681862118,8.575878068583547,9.942229207356775,15.346124267578148,1020.94064453125,12.71339147289594,81.52868641160119,315.45626068115234,17.878167724609398,14.733178710937523,16.78976974487307,90.33749961853027,93.94861094156902,268.4097228050232,14.307302976944909,9.26687762238292,11.140452321370446,15.164050038655603,1022.0382845052083,8.063882805407047,105.2684799808776,336.69817503293353,17.297662353515648,13.541925048828148,15.54709650675458,94.65231386820476,95.49907525380452,212.5902783870697,13.38935964707266,8.848237172173548,9.652722930908226,14.672359720865927,1021.6195279947917,13.570055852333704,76.7402966405886,260.9455445607503,20.055932617187523,14.913781738281273,17.372598266601585,90.84536997477214,91.7481480439504,298.99305534362793,15.734057171661792,8.447891467717426,10.953691101074241,15.827288564046228,1021.43302734375,3.4267748494942984,141.50359370792285,301.3540771802266,19.858728027343773,14.399774169921898,16.54303131103518,91.2481476465861,96.90601793924968,246.49305629730225,13.204184915360909,9.209089427529296,10.056433614095056,15.051192220052087,1021.3231608072917,8.818148205677668,101.20346366769324,325.59249210357666,17.824029541015648,14.610070800781273,16.75379333496096,94.46157391866048,93.19490734736125,381.42360973358154,12.243903750162763,6.733381196830384,10.262228902180993,15.840353902180993,1021.16068359375,10.022069295247396,59.99212817676986,198.97792641321817,20.943231201171898,14.168664550781273,16.708285268147808,90.86574077606201,96.00833320617676,149.83333277702332,13.55066832988427,9.61251275951471,10.406560516357445,15.095694478352868,1020.8836881510417,5.900312294562657,128.95661288608486,373.3351828257243,17.182366943359398,13.731958007812523,15.985574340820335,95.45972220102946,92.19583320617676,350.8541646003723,11.679158945604438,7.354315603076714,9.964002227783226,15.241628265380882,1021.3785416666667,13.283504153291384,57.50779664710475,211.07877127329508
2021-06-05,18.317559814453148,12.974237060546898,14.929597473144554,87.71435324350993,92.99814923604329,232.29860973358154,18.13858152467187,15.225821380631311,7.464536285400413,12.784258778889978,1023.5716731770833,2.7026595771312714,119.22373968960407,560.6206124623617,20.550042724609398,11.338647460937523,15.441557820638044,75.52453660964966,69.07546349366505,458.2569389343262,15.296186782825078,12.814389173141317,6.333914693196618,10.630251820882165,1025.9821126302083,-6.589342733224233,253.84522390862307,785.287680308024,17.294488525390648,12.808587646484398,14.920649464925154,84.91759236653645,98.93240737915039,99.03472328186035,18.64708138499963,15.214579750281418,6.980728403727255,12.312164560953818,1023.8828971354167,2.3252341200908027,107.74597892190407,622.0651664733887,20.619897460937523,11.497674560546898,15.53830490112307,77.4449070294698,77.63240802288055,317.284725189209,14.795053173216036,12.510887792770609,6.828661855061853,11.164592997233115,1025.6959309895833,-8.06357353925705,219.00781924029192,713.2676912943522,17.195794677734398,13.225061035156273,14.802505747477236,86.52222188313802,97.63472175598145,79.39583349227905,14.98646939895115,12.750220143924144,6.735804494222009,12.505578613281273,1024.247451171875,4.411043134828408,73.13603600564723,580.9385477701823,17.963098144531273,12.995843505859398,15.060734049479189,87.56064891815186,98.53842671712239,394.72222232818604,17.206986804311686,14.635312946124102,7.778199768066429,12.919561004638695,1024.0820768229166,3.044892949362596,86.98744239336035,560.2608655293783,17.461419677734398,13.293511962890648,15.029013570149763,85.83518505096436,98.76759274800618,4.819444455206394,14.951105108345356,12.445337377852693,6.712247467041038,12.60243631998702,1024.1474674479168,2.826127698024114,81.57727698190138,583.1147060394287,17.550988769531273,13.255792236328148,14.826369222005232,91.19583352406819,94.30324077606201,404.2430534362793,18.378510699114027,14.99294941654378,7.8223981221516965,13.327949778238974,1023.4893880208333,6.867499023675919,60.593831401822776,564.4041182200114
2021-06-06,21.019464111328148,12.140252685546898,16.138927714029972,75.16481574376424,75.18518447875977,19.5,9.143364553708674,7.507478043777425,6.221063232421898,11.48654454549154,1024.5749934895832,-8.38938257843256,193.13342289766297,488.37246958414715,21.350000000000023,9.822167968750023,16.016924794514996,72.42731555302937,31.953704456488293,247.31944179534912,12.916323434555958,8.97295700853794,6.95691833496096,10.752496337890648,1024.9610970052083,-13.438284193476042,282.44318389038864,609.8164631525675,21.137506103515648,11.906915283203148,16.041286722819034,73.78286918004353,65.24074061711629,14.43750011920929,10.324462091215926,8.326545521725288,6.2058031717936615,11.085940297444665,1024.4180045572916,-7.331541765481234,222.5572792836465,542.7762390772501,20.621636962890648,11.169702148437523,16.35465520222984,72.50231599807739,59.95046281814575,106.4305567741394,11.214738442130578,9.077873365062267,6.157130177815759,11.133631642659509,1024.8871158854167,-10.326378782590231,226.0063351847542,616.4318925539652,20.976220703125023,11.627770996093773,15.846231079101585,74.19166692097981,66.94814888636272,11.34722226858139,10.816159424921496,8.555561154280126,6.321402486165368,11.034577941894554,1024.553134765625,-6.927710851033528,201.74799574057883,520.5765266418457,21.762719726562523,10.516656494140648,16.475066121419292,70.07731517155965,52.680092771848045,87.11111211776733,10.270240458098439,8.478907040729128,6.150086975097679,10.64527028401693,1024.805498046875,-16.116417288780212,291.5957629250673,665.0325047175089,20.642541503906273,11.635949707031273,16.057112630208355,73.87361160914104,69.7282395362854,4.499999977648258,11.263065072113179,8.39878274125692,6.214737192789755,11.185711161295615,1024.523349609375,-8.53876294568181,218.27077650597008,543.929122130076,20.500421142578148,12.356103515625023,16.232652282714866,75.12361129124959,88.5106479326884,21.166666507720947,10.179556882015797,8.329433846243758,6.016304270426474,11.621541595459007,1024.8021126302083,-9.745939699312052,190.67328287342875,535.7591042518616
2021-06-07,22.549554443359398,12.932794189453148,17.633632914225284,68.52870512008667,46.95694344242414,5.229166641831398,12.76178792108599,9.775554373577274,6.9637924194336165,11.391899363199911,1023.4764811197917,-16.9654361307621,312.1473519861077,638.8784316380819,22.690423583984398,11.703637695312523,17.63973261515302,72.27175935109456,46.603704114755,26.624999284744263,7.902826218070357,6.102541224919752,7.389356231689476,12.1492909749349,1023.2973958333333,-14.951895043253899,282.20143898328143,581.7882270018259,22.496850585937523,12.578668212890648,17.679138437906925,67.05185302098592,40.52962957819303,3.291666731238365,12.60275382532427,9.994044800046304,6.996809895833337,11.105228678385458,1023.381044921875,-17.564271887143452,338.72385586984456,645.2475045522054,22.783319091796898,11.349938964843773,17.18571751912437,72.75046428044637,45.108795975645386,25.20138919353485,9.154590528646187,7.319826308039502,7.392315165201865,11.730874633789085,1023.0637076822917,-14.832630526274443,288.9007722934087,590.2782271703085,22.592034912109398,14.092980957031273,18.14038238525393,66.76296345392863,59.08981430530548,2.034722253680229,11.962748902572747,9.329115069605368,6.6412152608235715,11.52418162027999,1023.2026822916667,-18.842180450757343,315.11230748301995,681.738109588623,22.760766601562523,11.348107910156273,17.21646906534833,74.02731641133626,22.69536958145909,19.368055522441864,9.51412396730615,7.335684137623647,7.347353871663415,12.040128326416038,1023.622666015625,-16.16156751352052,290.82307430108386,572.7830448150635,22.657830810546898,13.739770507812523,18.23867568969729,66.25601800282796,52.9175922870636,1.8125000149011612,12.115830065436858,8.876855467239233,6.685379282633505,11.476257578531943,1023.1554134114583,-19.398961732784908,327.49407590623014,695.0247729619344,22.882409667968773,11.237939453125023,17.214109039306663,71.49120314915974,30.324074147890013,12.319444417953491,10.079811099197547,7.839158618425432,7.243202463785849,11.483230845133505,1023.5781901041668,-15.941975442071756,311.3543503681819,593.5908805529276
2021-06-08,23.583306884765648,11.814721679687523,17.80300674438479,70.3208343187968,33.35416636740168,0.5625000149011612,13.000531645468037,9.451142236350757,8.28202845255538,11.832049306233728,1023.0463118489583,-12.693976099292437,332.47759061679244,661.1324356396993,23.736444091796898,12.394464111328148,17.888796742757183,70.51064777374268,36.50138898690542,7.166666507720947,13.123087777992573,9.428271527667595,8.53150329589846,11.875867462158226,1023.8014518229168,-14.903996368249258,343.94700121320784,684.7286580403646,23.848809814453148,11.894372558593773,17.950247701009136,69.63842582702637,32.23518474368999,0.28472223365679383,13.026444114419146,9.541684824010753,8.301768239339196,11.825060780843103,1022.9797786458333,-13.111596335967382,330.68901584173244,671.7119932174683,23.713677978515648,12.050012207031273,17.879223124186222,71.1250015894572,42.24814788500468,3.694444417953491,11.85500487552831,9.421193573063983,8.343616739908896,12.031730906168661,1023.5244856770832,-14.043210049470266,339.69292995426804,682.3137788772583,23.575463867187523,11.591333007812523,17.78524042765302,68.46805493036906,16.7282405126219,0.06250000046566129,12.531797891824636,8.953582521746572,8.343160247802757,11.389053599039755,1023.0764778645832,-13.302896338204542,344.77354233556736,658.7562928199768,23.732110595703148,11.961358642578148,17.92962290445966,70.70370435714722,45.162499825159706,2.9236110746860504,10.588791539121411,8.721447042202584,8.381277974446618,11.98219706217452,1023.0817805989583,-13.812279433012009,337.85540706602234,668.4608055750529,23.712731933593773,11.945367431640648,17.99816538492841,69.44212977091472,10.663426041603088,0.1388888913206756,12.328173584371168,8.915240300424486,8.26066360473635,11.794029490153036,1023.063408203125,-14.148962741096815,341.40757907523465,677.8164930343628,23.767907714843773,12.010552978515648,18.010348256429058,70.61712869008382,34.37916660308838,2.381944477558136,11.66341319412877,8.787346645153265,8.332718149821005,12.061682637532556,1023.094853515625,-14.04574782649676,339.10856785004336,655.5949509938558
2021-06-09,24.755242919921898,12.861566162109398,18.9694165547689,67.83935372034709,59.8328712383906,3.3333334922790527,11.738791802414292,8.334010551611483,9.32590255737307,12.257497406005882,1022.2558268229167,-16.066138304769993,344.781775040552,656.5946520169576,24.779901123046898,12.305535888671898,18.75807978312177,68.0564824740092,40.7893519004186,1.3472222499549389,9.823235489921617,7.482051239678973,9.184150950113974,12.155238087972009,1022.353505859375,-15.99238512913386,343.6623365910103,663.6278276443481,25.023797607421898,12.871514892578148,19.18615875244143,67.59444443384807,30.831480940183003,4.111111223697662,10.527388529864956,7.897555883422663,9.386500295003259,12.422706858317099,1022.2180110677083,-17.49670258164406,344.17460887599736,667.1157959302267,24.336083984375023,12.458978271484398,18.52240397135419,68.02453740437825,44.463888078927994,0.8333333730697632,12.069306710265653,8.568361211640513,9.245605723063193,11.847576395670615,1022.7474186197917,-13.673053253442049,338.75434904918075,634.0662522315979,25.186547851562523,13.086877441406273,19.48182830810549,67.03657468159993,30.94861114025116,1.8125000596046448,9.434052897547577,7.253701687510529,9.32172546386721,12.613254801432333,1022.28107421875,-19.026512609173853,342.3568894562001,664.1133852005005,24.619989013671898,12.537530517578148,18.70572687784833,68.92592525482178,42.2351846297582,0.3611111156642437,11.05343145962649,8.20069801240057,9.39939905802413,12.259695943196618,1022.82755859375,-15.303757483760515,341.1351062155639,660.114042599996,25.351281738281273,13.105554199218773,19.476687367757183,67.8277777036031,41.40416661898295,0.23611111380159855,8.557579590462899,6.642934805074461,9.414749399821005,12.76347122192385,1022.243203125,-19.481294855475426,339.77662361630547,649.9904788335165,24.399316406250023,12.425592041015648,18.467305755615257,68.29907480875652,44.46990752220154,0.5000000149011612,12.000782437524215,8.550349386077194,9.432944234212243,11.86115417480471,1022.8062174479168,-13.474737204611301,334.99098266133416,620.7657442092896
2021-06-10,24.590600585937523,14.882165527343773,19.609372711181663,75.11852025985718,39.01805583635966,27.590277954936028,7.276080801597921,5.7650625753343165,10.223235066731775,14.791023508707724,1021.193740234375,-9.782229016224543,303.1276496471837,474.41576258341473,25.327783203125023,14.324914550781273,19.589856719970726,73.71573877334595,27.972222208976746,22.74999998509884,7.6983022756937824,4.6155639782455085,10.38583908081057,14.401354726155603,1021.5669173177083,-14.373724818229675,298.842123694097,476.20135668913525,24.393273925781273,13.753656005859398,19.429285939534527,72.86944325764973,30.33981490135193,15.527778066694736,8.219479063351457,6.416903098489251,10.064495340983115,14.070891316731775,1021.181494140625,-10.071896185477575,299.38472327465814,510.5081105232239,23.965051269531273,14.209863281250023,19.613326009114605,73.65046294530232,22.68425879875819,23.486110851168633,7.8829053397671185,5.495049275741729,10.206189727783226,14.496119435628259,1021.446689453125,-10.917201846837997,309.8488079284628,496.33043281237286,24.510308837890648,14.019097900390648,19.428063964843773,73.38379748662312,38.003240625063576,15.347222350537777,8.145836819895882,6.519159114411124,10.08146438598635,14.169438934326195,1021.161318359375,-9.977926254272461,298.45481888763607,508.7658038139343,23.869836425781273,14.127709960937523,19.572807566324894,75.43240594863892,28.16249918937683,42.24305471777916,7.234800747745924,5.018699062132163,10.28883005777999,14.880900319417321,1021.5461295572917,-8.389758894840876,316.2809274283548,462.5879819393158,24.415338134765648,14.751245117187523,19.76932805379234,71.49166647593181,45.80138901869456,17.68749986588955,9.54100623379974,6.634411375364771,10.043679809570335,14.040513610839866,1021.1989908854167,-11.925534655650457,300.3812627287892,573.1220561663309,24.394982910156273,13.627343750000023,19.334498341878277,73.22037061055501,32.101388931274414,15.15277760475874,7.737975786493774,6.253518601296082,10.05230611165365,14.048991139729821,1021.4262174479168,-8.79060110449791,287.8184033321838,501.1379996140798
2021-06-11,24.722558593750023,13.803704833984398,19.491075134277366,73.31111145019531,24.6300931374232,64.10416626930237,14.129913527191981,9.032241850032458,10.266233062744163,14.224771118164085,1020.5348958333333,-12.145957484841347,296.2579638067012,605.0589567820231,25.013818359375023,13.955804443359398,19.56955998738609,74.95648209253947,21.87407415142904,96.61111116409302,12.626768301972032,9.143453831019135,10.403132375081384,14.550327555338583,1020.5222428385417,-13.625691254933676,299.5142253432423,602.1435370445251,25.243768310546898,13.852563476562523,19.49786783854169,74.02175919214885,29.189351856708527,37.13888919353485,13.468204734463791,8.635240602230095,10.42521692911788,14.33475011189779,1020.7236783854167,-13.383260309696198,299.07427159541595,585.002767086029,24.579675292968773,13.867211914062523,19.40547078450523,74.7101845741272,38.408332127224035,53.45833468437195,10.141190195225525,8.290461733676038,9.954735056559286,14.36908874511721,1020.342353515625,-10.531103760004044,257.07133541970205,590.3076903025309,25.259118652343773,13.806207275390648,19.521760559082054,74.45277881622314,28.940277298291523,17.048611283302307,12.053637869450503,8.259779788595209,10.454090372721396,14.43002599080404,1020.7086393229167,-13.14311550060908,285.8658325973277,572.9850851694742,25.037225341796898,13.826684570312523,19.473691558837913,74.57222191492717,27.89583321559864,51.659722328186035,13.802106679322167,9.2726221308613,10.4623847961426,14.388248697916708,1020.3351009114583,-13.51321784655253,304.6471089425807,622.4858897527059,25.379052734375023,13.652947998046898,19.656419372558616,73.54027795791626,22.285647710164387,1.5347222723066807,13.404911892164133,8.886467272672915,10.69505335489913,14.328631337483728,1020.756376953125,-14.367041826248169,322.12068556776893,609.9164663950602,25.527764892578148,13.897729492187523,19.660507456461612,72.09629567464192,23.104630468102794,36.215277552604675,13.975001448792755,9.205284672885476,10.41291453043624,14.00619786580404,1020.15396484375,-13.798465783397356,319.13916694155586,630.8211437861124
2021-06-12,22.934838867187523,14.158135986328148,18.803730265299503,74.23703606923421,59.549075285593666,2.3888889104127884,14.67706118093228,10.216280538259667,10.806279754638695,13.777308400472009,1022.78205078125,-5.6274019082387285,289.3905982800449,599.3013321558634,23.405999755859398,13.912408447265648,18.94504318237307,73.56851863861084,46.91342602173487,69.95833230018616,13.487961219045664,9.747321846153584,10.93970896402999,13.756065622965536,1022.6300032552083,-7.201091190179189,272.36735292399925,596.5936320622762,23.161096191406273,14.086480712890648,18.890496826171898,73.9393515586853,64.43287040789922,1.708333320915699,14.66900289119797,10.269181963872098,10.843693033854208,13.760394032796228,1022.7098177083333,-6.172429203987122,297.84610781259835,615.1512559254965,23.556481933593773,14.430688476562523,19.1039126078288,73.82777706782024,50.984722554683685,44.38194417953491,15.176651660997091,9.781470486479206,11.111447906494163,13.975439961751306,1022.665830078125,-7.970452010631561,287.1781206590434,580.8621380329132,23.282220458984398,14.090142822265648,18.91816864013674,74.92314863204956,70.70740799109142,2.006944455206394,13.715865173107264,9.909502045803615,10.545794423421228,14.015857950846396,1022.643330078125,-5.368108570575714,270.6705515049398,607.5826365152994,22.848687744140648,14.309045410156273,18.823931630452496,74.21250009536743,59.77175941069921,21.263888776302338,14.410673279861308,10.0711265124518,10.813775634765648,13.793570454915368,1022.5946158854167,-6.220584690570831,277.7434327773129,592.4614949226379,22.781579589843773,14.049340820312523,18.781194305419945,75.37453683217366,73.52500053246816,1.0555555392056704,14.69938308241376,10.07328560478693,10.838395690917991,14.00804163614913,1022.7956608072917,-4.206688672304153,264.68970414126915,598.5369927088419,23.881677246093773,14.097100830078148,18.87046330769859,74.02453724543254,56.81064820289612,3.916666731238365,16.443384539962295,10.48333124982586,10.712698872884118,13.80173263549807,1022.714873046875,-7.0969496965408325,297.2918327025448,600.4364884694418
2021-06-13,23.797875976562523,11.498437500000023,18.021375274658226,66.00601800282796,13.68425945440928,4.166666507720947,16.031449229688675,11.905476899478783,12.42085673014327,11.020233408610068,1025.7677994791668,-7.088658372561137,350.0102749944975,556.3712151845297,23.089593505859398,11.094445800781273,17.36487731933596,62.60879627863566,21.30601892868678,3.0,16.857401459049843,12.571354992371807,12.657518005371116,9.283887481689476,1025.806171875,-3.7794498006502786,354.67140342543524,531.4261528650919,23.543145751953148,11.513482666015648,17.83583857218427,65.90787061055501,9.051388790210089,3.833333373069763,16.60024151262018,12.139113675823387,12.26971333821615,10.87465311686202,1026.0530729166667,-5.839242140452067,349.80762694031,572.909122467041,23.301416015625023,11.191491699218773,17.61398849487307,64.33009227116902,19.263889392217,2.8333332538604736,16.009475091015343,12.568225716827202,12.494955952962243,10.138223266601585,1025.764345703125,-4.77628892660141,351.0143248016636,548.8348223368326,23.683862304687523,11.427758789062523,17.8916692097982,66.08564853668213,11.427314872543016,3.0,15.699176773547821,11.539009358744602,12.613257344563806,10.925436909993493,1025.8809505208333,-6.313271800676982,350.1338151867191,552.3929386138916,23.693627929687523,11.406213378906273,17.908779398600284,66.56805674235027,17.003703474998474,3.833333373069763,15.678536022878856,12.183535778073368,12.557332611084007,11.03993631998702,1025.6981803385418,-6.287804454565048,350.61473642041284,561.4626026153564,23.756829833984398,11.450646972656273,17.905142720540386,65.67546383539836,14.103703608115515,0.0,15.102507939690268,11.304749575139695,12.816617584228538,10.851155853271507,1025.8096516927083,-6.406228979428609,349.2801863923669,540.6530380249023,23.862847900390648,11.674279785156273,18.130640920003277,67.3166659673055,17.06620357433955,2.8333332538604736,15.055974616866102,11.435885042029332,12.244355773925804,11.4785146077474,1025.6794303385418,-7.976126333077748,349.39445866892737,566.402055422465
2021-06-14,26.979028320312523,12.650811767578148,20.05403035481773,61.587499936421715,2.231018496056398,0.0,9.190835221080906,6.827080151820607,14.324547068278036,11.516964213053427,1021.1294791666667,-17.885697434345882,352.8673318506529,494.21338208516437,26.592980957031273,12.927789306640648,20.023585255940777,63.22963015238444,4.643981433628748,4.166666507720947,10.507407392033477,8.183437057157535,13.990988667805993,11.937327321370446,1021.25705078125,-17.06433766086896,354.1116856218626,508.00865880648297,27.320947265625023,12.654382324218773,20.21387125651044,61.150925159454346,3.4333332845320306,0.0,8.453039178431787,6.664602624060225,14.213307952880882,11.531034088134788,1020.9384733072917,-18.790660868088406,352.09544792585075,511.4165078004201,26.506616210937523,12.513421630859398,19.762619272867862,62.396759351094566,8.437963051100573,3.833333373069763,10.613632809636568,8.329155856370507,14.05757548014327,11.494772847493493,1021.4179166666668,-16.37062268455823,354.5859401108076,509.07355936368305,27.396386718750023,12.417504882812523,20.14615656534833,59.80740785598755,5.172685146331787,0.0,8.729743565239374,6.542824200584643,14.377342478434286,10.992442067464196,1020.7871354166667,-18.88754653930664,353.44839464438456,498.3153038819631,26.614587402343773,12.620935058593773,19.908720906575542,62.117592334747314,3.495833416779836,3.0,10.435525233874687,7.745414752469361,14.198982493082724,11.507768249511741,1021.4858919270832,-16.85116907954216,354.11894749415416,494.92010315259296,27.831292724609398,13.017449951171898,20.63232065836591,60.958794911702476,4.983796273668607,0.0,8.12635503846414,6.24514399486205,14.465896860758505,11.780568695068382,1020.5562272135417,-20.628692090511322,353.6094096383701,505.6295928955078,26.898553466796898,12.568414306640648,19.968158976237003,61.63009166717529,2.969444482276837,0.0,9.801465905607875,7.279764410810382,14.457078552246116,11.472988382975302,1021.432958984375,-17.427812258402508,352.0539953590681,491.98017446200055
2021-06-15,27.470239257812523,15.200952148437523,21.507644907633487,65.39213053385417,60.25787071386973,0.020833333488553762,10.16818553845582,7.502599489591709,12.514332071940146,14.167644755045615,1018.572890625,-16.620173553625744,327.6987852348636,649.3570826848348,27.184594726562523,14.933862304687523,21.138609822591167,67.37916644414265,65.8680569678545,0.04861111147329211,9.726106668912049,7.26348962976473,12.406929270426474,14.336508687337243,1019.0890266927083,-16.741586446762085,320.7648698625465,616.7062640984853,26.978723144531273,15.091333007812523,21.089788055419945,67.50648212432861,61.40416780114174,0.020833333488553762,10.990241178088949,8.291819121466398,12.299353535970056,14.362135823567712,1018.788330078125,-14.95291648308436,326.58592148001,628.3396212259928,26.717309570312523,14.747094726562523,20.660290018717472,67.8249994913737,58.62500031540791,0.041666666977107525,11.965304123628918,8.460517065361186,12.04951883951827,13.999617513020837,1019.119482421875,-13.884208679199219,317.9985152023534,610.7327144940695,26.786523437500023,15.274926757812523,21.19028244018557,65.56157445907593,77.67314758896828,0.020833333488553762,10.449011175239269,7.602380204782573,12.477925872802757,14.011905924479208,1018.529775390625,-14.733551740646362,315.8579210431005,612.0565832455953,26.800317382812523,14.684075927734398,21.04978459676109,65.7648156483968,66.96342737476031,0.0,8.449308308598644,7.05693128236576,12.387390391031943,13.815403238932333,1018.9094140625,-15.45419766753912,316.9607560839504,615.0854616165161,27.551171875000023,15.413354492187523,21.647818501790386,62.73055442174276,74.90046300490697,0.0,7.457487057940154,6.109816592187154,12.871840413411462,13.657193756103538,1018.4427864583333,-16.65477691342433,319.9705359078944,595.0233362515768,27.441918945312523,14.992211914062523,21.465500132242862,64.46990791956584,51.94027806818485,0.0,7.887465534995678,6.444897004610934,12.584297434488974,13.880761718750023,1018.6100553385418,-17.47489630555113,327.596223512354,622.245943069458
2021-06-16,29.882989501953148,17.355523681640648,23.789935048421246,66.73981555302937,27.587036982489128,0.22222222946584225,14.130642595419848,8.21306243598873,14.26298548380538,16.57267786661788,1012.601328125,-23.706168800592422,335.6129883863032,719.7697439988455,29.800317382812523,16.896020507812523,23.410086568196636,66.95509306589763,17.606018299857777,0.1666666679084301,15.137234661667074,9.414309922681104,13.867790476481161,16.156213378906273,1012.8746907552082,-22.501584629217785,338.97653074438375,763.2367378870646,30.086663818359398,17.451776123046898,23.899402872721378,67.53981431325276,27.304167432089645,1.7569444761611521,12.72109474151204,8.770859001060748,14.361912027994833,16.77759704589846,1012.4487272135417,-23.387291769186657,337.78131233466166,751.073516368866,29.456994628906273,16.505914306640648,23.17752609252932,69.08009258906047,12.480555459856987,0.1666666679084301,13.523550833837344,9.312831522662757,13.9072255452474,16.496691640218103,1012.4100130208333,-22.887575795253117,342.00496477695805,746.8133080800375,30.495538330078148,17.536859130859398,24.133152262369816,67.87407525380452,20.362963524957497,2.9027777072042227,16.462550285885502,9.402648865127889,14.594378407796228,17.070105489095056,1012.3640559895833,-25.02620742470026,340.0448675832401,793.371553738912,29.335351562500023,16.664361572265648,23.036926523844425,68.70416800181071,24.97083326180776,0.3263888852670789,14.270261990096362,8.804991898924689,13.705963389078818,16.298137919108115,1012.83638671875,-22.639694174130756,330.1956252536426,712.2924841245016,30.199334716796898,17.395684814453148,23.98309478759768,66.73518498738606,20.20092619707187,0.8541666944511235,16.035422351759063,8.57637577249258,14.538172658284509,16.686194356282556,1012.5899544270833,-24.562770346800487,342.0280361957848,749.9107237656912,29.790307617187523,17.314935302734398,23.615619913737003,66.34120384852092,21.674999674161274,0.1527777761220932,14.971700295919455,8.42110409873008,14.123063659667991,16.329934692382835,1012.6249544270833,-23.02671092748642,340.3303878984104,713.7247001330057
2021-06-17,27.980310058593773,17.654626464843773,21.697555796305362,78.33564869562785,72.92731396357219,203.29861187934875,20.900079606802585,12.725211142163252,13.687590535481775,17.17095209757491,1010.5916666666667,-1.7828267713387806,296.1074952933316,731.1501235961914,28.123162841796898,18.719049072265648,22.741194661458355,77.0546293258667,83.55833339691162,130.00000202655792,17.240058617299525,10.315837331154881,14.161772664388025,17.953913625081384,1009.840263671875,-8.522091021140417,287.8284741239622,713.4272378285726,28.306268310546898,18.003625488281273,22.257805124918644,75.85833390553792,85.89722331364949,106.02083265781403,19.69042241276532,10.257240407239825,14.211513773600302,17.234886423746786,1010.4425651041668,-3.6638852258523307,258.4823818700388,719.9383211135864,27.433221435546898,18.291497802734398,21.729444122314476,79.43148040771484,85.32314952214558,131.15972256660461,18.617758810649875,11.476034977823849,13.996695454915368,17.51046269734701,1010.2786881510417,-2.1769679014881453,247.65969577090195,654.3465881347656,29.635491943359398,18.446984863281273,22.69256235758466,74.41388909022014,81.9273145198822,96.06944447755814,17.313225174766842,10.588146745003307,14.895935312906943,17.239947255452478,1010.347431640625,-6.047240257263184,296.3306660671563,765.2583599090576,28.430749511718773,18.289636230468773,22.412019348144554,77.05833371480306,75.8023149172465,280.7013874053955,25.42329531934781,11.090071570698173,14.25531667073568,17.56600468953451,1009.95390625,-7.355543435861667,316.6642785464258,769.5134280522665,28.872949218750023,18.177880859375023,22.456468200683616,75.76620260874431,87.15416685740153,65.10416638851166,21.54647637141437,11.302796430929055,14.959670003255212,17.40152765909835,1010.6501595052083,-4.402603268623352,270.1395352327575,698.9495840072632,27.791772460937523,17.983331298828148,21.726225789388042,79.07036987940471,88.44953632354736,224.63194704055786,16.56638504423335,11.325916779596975,13.780494944254599,17.386719004313193,1010.6926236979167,-2.832308014233907,294.71731462942745,707.3176714579264
2021-06-18,22.886468505859398,16.436364746093773,19.22953058878583,90.19074122111003,86.10046195983887,624.5694484710693,18.66433318137627,10.349058841881648,12.531327819824241,17.518333689371786,1011.7511848958333,7.962196548779805,203.49435133921602,440.9331208864848,22.023339843750023,16.225762939453148,18.9118960062663,88.90138975779216,91.61805566151936,1022.6666641235352,25.543795667481618,13.103119344691004,12.658818817138695,16.944292958577478,1012.0983528645833,8.307690493762493,209.7868131591628,546.4517230987549,23.598626708984398,16.534936523437523,19.8829170227051,84.4717591603597,57.758334279060364,159.3194432258606,26.954153565207477,17.207634031921483,12.504500325520837,17.00755971272787,1011.5162141927083,5.4511832396189375,261.9811636998008,713.1130390167236,22.680535888671898,15.833459472656273,19.08653539021812,88.48379611968994,84.13842582702637,909.5208320617676,23.737636561291012,12.620286926121144,12.263527170817099,17.043735758463583,1012.4035709635417,9.01739596327146,249.345114475737,552.8893636067709,25.519006347656273,17.267968750000023,21.144250488281273,76.75046300888062,41.51805553895732,218.02777862548828,27.75098129851164,18.332737134901127,12.752062733968103,16.483611043294275,1011.4174837239583,-4.093087037404378,308.98387485556304,886.1155764261881,23.127618408203148,15.567681884765648,19.390064493815128,87.69629542032878,80.82500076293945,657.1527805328369,22.205981402832332,13.006992210014422,12.344120279947958,17.207910156250023,1012.0986490885417,8.017771363258362,225.9177276371047,522.2877667744955,27.427270507812523,16.692407226562523,21.312056477864605,75.3337950706482,37.527314285437264,189.06249952316284,28.30452184304385,17.376876308143853,13.039383188883505,16.17550430297854,1011.6064778645833,-7.088836590449016,321.30144568036,895.2051855723063,23.818139648437523,16.435449218750023,19.899690246582054,84.11481444040935,77.90879774093628,292.7291660308838,25.874801765342482,15.412923422951897,12.310113525390648,16.93298492431643,1012.3313639322918,1.0177252689997356,268.8482774323784,688.906411488851
2021-06-19,26.603570556640648,13.586083984375023,19.929958597819034,72.68101898829143,62.91805519660314,47.111111760139465,18.090488052429176,10.523730138797404,13.197036997477255,14.39790751139327,1013.1091471354167,-7.637855172157288,316.27748069912195,654.1699523925781,26.121331787109398,14.450646972656273,19.246799723307316,80.6754625638326,73.7356476187706,747.5208282470703,19.690803450226582,9.065511452442186,13.390322621663415,15.502383168538415,1013.3813736979167,-9.217096182207266,272.6891600557913,554.460657119751,26.246545410156273,13.890039062500023,19.658139801025413,79.61481539408366,78.52453811963399,34.25694492459297,13.513886347412937,8.562591523168383,13.399218495686853,15.744617716471396,1013.0602734375,-5.991406957308452,276.956536564976,491.1589244206746,26.515405273437523,14.792474365234398,19.72723032633466,75.99536959330241,67.78379543622334,235.85416507720947,19.316069361160917,9.59135448588888,13.255457814534509,14.961287434895837,1013.132138671875,-11.071430563926697,312.2131897575843,608.3861026763916,26.758569335937523,14.812951660156273,20.173575337727886,77.567129611969,69.65000033378601,38.68055546283722,13.514475461905624,7.033809066573398,13.121998087565146,15.768294270833337,1013.2275423177083,-9.821452856063843,297.0865609366447,549.5694108009338,26.610650634765648,14.149957275390648,19.85458908081057,74.43796380360921,64.93333276112874,239.75694370269775,16.600116077232524,9.883700377445667,13.22238693237307,14.76499964396163,1013.2666731770832,-7.444728314876556,302.2510584099218,638.3448537190756,26.916680908203148,14.790948486328148,20.188286081949894,78.23287026087444,75.32685148715973,33.69444400072098,12.661428901886113,6.916486626975988,13.148243204752646,15.870898183186853,1013.0897135416667,-9.835880517959595,283.12257547738653,550.491764386495,27.572229003906273,14.465112304687523,20.712258911132835,74.18194421132405,49.894907315572105,207.56249904632568,19.483892656779975,9.745984393452934,13.324667867024743,15.455386098225915,1012.8979264322917,-10.439713279406229,323.82087760356563,689.2451101938883
2021-06-20,23.448602294921898,15.740625000000023,19.25287272135419,80.87592633565266,83.30786975224812,255.31249904632568,12.487265778637752,8.057957877968013,11.291726684570335,15.593914286295615,1007.983271484375,0.8309302181005478,232.9188188239932,526.9890292485555,25.239434814453148,16.601251220703148,20.581487274169945,75.2319442431132,86.05925909678142,148.8541660308838,15.393864958693321,12.0895254785595,11.808913167317712,15.468386586507165,1006.3333919270833,-5.539809892574946,277.8606155505404,770.618771870931,25.026605224609398,14.786889648437523,18.92831954956057,77.91527684529622,72.24814748764038,208.2013874053955,12.462121145322774,7.925569698895461,10.749866739908896,14.410935974121116,1008.0867057291667,-4.840543508529663,300.43738911145675,638.9531949361166,23.820825195312523,15.801477050781273,19.75140024820966,79.30277681350708,82.24259281158447,248.95833206176758,17.09956282257765,11.403185584838669,11.45154469807943,15.747780100504599,1006.8440885416667,-3.122817873954773,299.8670945720126,656.2798326810201,25.089562988281273,14.947381591796898,19.21240386962893,77.7569432258606,74.54398087660472,213.68750095367432,14.934001445741297,9.581694725598055,10.77632548014327,14.63591028849288,1007.9101920572917,-5.0080364147822065,298.0798124031474,713.9933659235636,23.751885986328148,16.505578613281273,19.661496734619163,80.95277833938599,85.43518495559692,424.73611068725586,14.081681638953055,8.91861329845238,11.411210632324241,15.984878794352255,1007.3340104166667,-1.8429730236530304,254.78305887803435,598.9903964996338,24.631372070312523,14.760278320312523,18.865635172526066,79.63148132960002,87.11435095469157,90.06944274902344,12.11946115738085,8.618264943055811,10.471186574300134,14.746489461263025,1008.2723079427083,-0.7018263538678488,263.01105784562725,645.6537092526754,23.383355712890648,15.230737304687523,19.501186625162784,81.3277792930603,86.7513879140218,324.89583587646484,11.926098904174353,9.146335936329287,11.240883127848349,15.935690816243493,1007.5613346354168,-0.14572797218958536,276.6729845615725,583.6528787612915
2021-06-21,23.206628417968773,14.934716796875023,18.54640858968101,81.33981466293335,72.83564750353496,448.54861068725586,12.630227865426885,7.684421691315617,9.939956919352255,14.8699940999349,1007.6753059895833,-2.798259417215983,265.51522815972567,518.9587610562643,24.091455078125023,16.353692626953148,19.269703165690128,76.99444389343262,74.08472232023875,414.9583377838135,17.202438626267757,9.54979502521199,10.079437510172568,14.650464630126976,1006.8943229166667,-5.013615836699803,305.26418244171265,665.0766460100809,23.270288085937523,14.910699462890648,18.835725402832054,76.31249904632568,67.4370383520921,100.24305534362793,12.926156112492308,8.17264640818537,9.954909261067712,14.102674102783226,1007.4147037760417,-3.401054541269938,274.32827448627603,576.6765011548996,22.057214355468773,15.349725341796898,18.173767344156925,84.4962968826294,71.37546292940776,484.62499809265137,13.884439946864946,8.0465363483781,9.917281087239587,15.237911478678427,1007.0929166666667,4.091401149829228,265.36107380874455,541.7271782557169,22.743920898437523,14.800378417968773,18.567900594075542,77.94166692097981,78.30324109395345,143.90972328186035,14.319482548557836,8.976953280705272,10.022543843587243,14.26764577229818,1007.828994140625,0.5938421537478765,241.97794780010977,568.1819661458334,22.704187011718773,15.634667968750023,18.42233301798505,83.12453699111938,80.36620346705119,545.9374980926514,14.81380858908424,6.6297586394168535,9.9521308898926,15.200915273030603,1007.4099967447917,2.84529980023702,260.7622007734608,529.9140552679697,23.344049072265648,15.093194580078148,18.75405019124351,79.13611030578613,88.28518549601237,153.89583253860474,13.19893068848967,7.520933291884851,10.29237772623702,14.655330912272177,1007.7010091145833,-0.8143230179945627,245.66166449462375,488.7249071598053,24.202569580078148,15.205834960937523,19.33758951822919,76.60416587193806,79.93750031789143,297.8819465637207,15.088223901182046,8.132251212086858,10.386039988199911,14.586246744791708,1007.787177734375,-4.924132565657298,287.76240690331906,627.7262561321259
2021-06-22,15.777093505859398,12.411035156250023,13.643538411458357,93.77916622161865,91.59907341003418,322.0138907432556,17.650984873879835,12.325660852198546,7.468230183919275,12.63019460042318,1014.24173828125,26.975516359011333,53.7305927372848,374.52547486623126,16.292230224609398,12.261132812500023,14.210282897949241,89.1615743637085,83.38194402058919,595.4027824401855,17.337654325443026,14.986525631144687,8.476450856526696,12.402195231119833,1014.04951171875,21.455390105644863,71.12696251785383,513.8830165863037,15.469812011718773,12.239160156250023,13.812219238281273,92.89629713694255,98.66666666666667,218.60416626930237,19.116814430664245,12.697162168842832,7.764773305257165,12.64899597167971,1013.9904427083333,25.174415588378906,75.89675884166111,401.99347496032715,18.906030273437523,13.788201904296898,15.935281372070335,89.57500044504802,81.32036940256755,284.2638883590698,16.98893000318442,8.952755026071417,8.841142272949241,14.15498758951827,1012.5278678385417,11.922572871049246,184.03491304907948,377.3827277024587,16.231713867187523,12.913018798828148,14.639905548095726,88.35648282368977,92.15138896306355,184.46527767181396,20.487527285209396,13.176562444896993,8.300948079427087,12.671829477946005,1013.8038736979167,18.800573277597625,122.44224030462404,429.1166039307912,16.477868652343773,13.061059570312523,14.881093597412132,89.20231501261394,78.04398036003113,219.65972423553467,14.509963236760218,7.426263785286648,8.195242818196618,13.067573801676474,1012.7347135416667,18.92053275803725,105.23777546112736,295.05103556315106,17.264672851562523,12.934960937500023,15.215389506022158,85.71898142496745,88.83425998687744,73.33333253860474,22.141632957716006,12.723082240894504,8.418125406901083,12.752347564697288,1013.41322265625,15.739139761775732,190.36842319509014,457.8017171223958,16.280297851562523,13.293084716796898,14.574070231119814,90.78657372792561,85.74444437026978,336.55555725097656,15.967686768150744,10.877164072667876,8.409693654378259,13.023472086588583,1013.474521484375,17.479138667384785,120.35270157673706,359.60959045092267
2021-06-23,17.182580566406273,11.536431884765648,14.617244974772158,79.00879700978597,94.18379561106364,55.74305605888367,16.687151118033906,14.645344711373719,7.176484680175804,10.9218574523926,1019.76841796875,5.0828449328740435,147.08377671986818,690.7066307067871,14.391076660156273,11.568963623046898,12.65838521321617,90.37268575032552,99.64675903320312,536.7083320617676,16.395736781270873,11.458534919776644,6.131631469726585,11.08081715901693,1019.4338541666667,12.249286763370037,55.16340687374274,507.49445660909015,16.050744628906273,12.042108154296898,13.701080576578798,84.44768460591634,99.53703689575195,86.3263885974884,17.090511551821983,13.913315593790252,5.979141489664755,11.071074422200525,1019.8263411458333,8.763500505437454,85.81972218793817,599.8471972147623,19.770715332031273,11.768823242187523,15.244837697347029,82.00046348571777,89.45879666010539,319.11805725097656,14.86344606813504,8.181834016449011,7.0865036010742415,12.01929372151693,1019.0347428385417,-7.517420520385106,173.60826123397177,546.54128185908,14.748651123046898,11.564294433593773,12.7917304992676,88.63657410939534,99.83379650115967,26.118055641651154,16.831450307363646,13.451611680054588,5.772466278076195,10.931370035807333,1019.6474641927083,13.436673757930597,61.982665117791235,533.6237831115723,18.215356445312523,11.972924804687523,15.054752604166689,81.7361110051473,93.16620349884033,223.71527862548828,16.968713093264082,12.080918910524547,7.3552477518717865,11.88947703043624,1019.4875553385417,2.174893314639727,125.42576140444726,582.4389921824137,16.694421386718773,11.766442871093773,13.916071828206404,84.43935171763103,99.80925909678142,8.951388729736209,16.515800556654902,13.800226398706364,6.194778696696005,11.25104929606124,1019.8729134114583,5.349646344780922,99.29064899884786,608.9537035624186,17.869500732421898,12.188714599609398,14.894998168945335,79.12731583913167,95.66990756988525,126.50694465637207,16.61109828374126,14.472198927837923,7.318816121419275,11.235182698567712,1019.3969889322917,3.8731878201166787,161.7178523276622,616.1015434265137
2021-06-24,18.926110839843773,11.885064697265648,14.964377339681013,74.75416564941406,91.09583409627278,12.479166835546494,14.177423785897322,11.870535729353477,5.69377161661788,10.350465393066429,1021.4231608072918,-1.4215608934561412,158.53003473649733,599.1096102396647,15.555902099609398,13.078729248046898,14.301409657796247,88.62592665354411,99.99074045817058,114.27777647972107,16.20215810204695,14.034208437312424,7.802541351318382,12.404368336995446,1019.7192545572917,8.676102757453918,49.49583244766109,469.36049779256183,18.242761230468773,12.078637695312523,14.689467366536482,77.25463199615479,99.33101844787598,4.46527773886919,13.688150045057501,11.098313906391235,5.69357833862307,10.67099533081057,1021.3803580729167,-1.7446063061555226,122.97529392844687,494.00601450602215,14.100396728515648,11.949975585937523,12.958809153238954,93.2162036895752,99.95648161570232,279.486111164093,16.723895841958047,13.49763357100275,7.156128184000693,11.859302775065146,1020.1130436197917,13.263375500837961,19.492870652349666,419.5261116027832,18.012750244140648,12.135369873046898,14.6079778035482,75.34814834594727,99.59166685740153,4.20833332836628,13.010309819749562,10.429677424312827,5.078881835937523,10.209486897786462,1021.7000227864582,-0.3919389580454056,115.88012670384099,500.83686510721844,14.715631103515648,12.010247802734398,13.439622497558616,93.87962818145752,100.0,96.40972244739532,11.627023274562506,8.525639838218842,7.0139264424641965,12.461146291097009,1020.6780110677083,5.493797488510609,34.727148327510804,305.45128599802655,18.683374023437523,10.996820068359398,14.281972503662132,74.10648155212402,77.47268450260162,1.9791666609235108,12.469116991552006,10.20932718461575,5.161494191487634,9.507230377197288,1021.6688444010417,-0.6162664319078127,152.3559982199998,529.6431663036346,17.753198242187523,11.968194580078148,14.676021830240908,77.66203689575195,94.46574036280315,18.208333373069763,12.665435758697502,10.920981493532622,5.899152374267601,10.7521797180176,1021.2590657552083,0.387092483540376,112.29159547993913,470.952828725179
2021-06-25,19.474389648437523,10.407220458984398,15.245024617513044,75.9962960879008,69.75601943333943,1.6805555536411703,13.776128578041407,7.43788508263179,7.010174051920615,10.776456451416038,1019.966640625,-3.69639790058136,185.5367578160949,423.80573348204297,19.010949707031273,9.413598632812523,14.08243331909182,77.05370378494263,76.64537080128987,28.868056178092957,12.998966593564752,7.551209554138295,6.734929656982445,9.853233591715536,1020.6009212239583,5.10063178340594,130.3934995783493,303.69740891456604,18.469018554687523,10.440545654296898,14.752276357014997,80.31713024775188,68.1300932765007,3.7291667349636555,11.446931936121173,6.806495171090698,7.147931671142601,11.186374918619833,1019.7392578125,-1.350594977537791,127.11537025434275,311.1770697434743,19.516137695312523,9.600640869140648,14.865299479166689,73.57175906499226,85.36064926783244,11.513888657093048,14.597387608282206,8.326607152399163,6.94181849161788,9.928779856363974,1020.7866080729167,-4.706877827644348,237.35103948911032,420.6237262090047,18.139459228515648,10.051324462890648,14.49673995971682,78.78888845443726,60.67777772496144,7.729166492819786,14.344955476278713,8.062368286986677,7.029529825846396,10.647102610270224,1019.7998274739583,-0.2550017436345418,149.48555358250937,329.7146780490875,20.594995117187523,9.827813720703148,14.4173039754232,78.45740747451782,77.43796269098918,16.24305558204651,16.81612099995338,8.803032351637583,6.77418162027999,10.366728719075525,1020.318427734375,2.511744091908137,160.00494653514275,429.740505139033,18.570581054687523,10.000665283203148,14.718762969970726,78.23935174942017,58.879166473944984,4.375000117346644,14.863310457085117,8.746666288928022,7.13135935465499,10.758994038899743,1019.7942740885417,-0.990443229675293,165.89446560541788,360.3060441017151,19.377893066406273,10.011804199218773,14.888801829020204,75.8162031173706,56.332408318916954,7.979166567325592,14.241746441668386,7.648726713113985,7.095779673258505,10.423382059733115,1019.775791015625,-2.674967090288798,173.33273990948996,383.27229475975037
2021-06-26,20.927758789062523,13.757257080078148,16.63402837117515,86.7671292622884,99.13657410939534,346.6597213745117,9.97507537177068,5.718464923139192,8.541595713297568,14.248348490397177,1017.17998046875,-9.11250484486421,168.25996264438922,339.411070505778,19.882836914062523,14.129907226562523,16.40311457316083,88.65740776062012,99.80370330810547,121.29166579246521,5.138571316301357,2.809302634548065,8.467385864257835,14.455985005696618,1016.9210872395832,-6.211804797872901,151.87683188620335,198.70512207349142,22.243096923828148,13.529962158203148,17.282969411214214,84.10833199818929,93.71481450398763,238.08333206176758,10.495826641545996,5.642979035805138,8.47030919392904,14.298637644449911,1017.07046875,-16.564458966255188,252.16474294235618,447.69144948323566,19.829797363281273,13.760491943359398,15.932771301269554,90.23055617014568,99.63935216267903,157.5555561184883,8.89240396166441,4.072156977095954,8.04019444783529,14.231755828857445,1016.9469921875,-8.494293053944906,143.28376167500392,222.09991772969565,22.227777099609398,13.897973632812523,17.150762176513695,84.21296215057373,97.44536972045898,216.88194394111633,9.41661530098885,5.340325932599183,8.243554687500023,14.178306833903036,1017.2119986979167,-15.324415157238642,241.61490898451302,427.984811147054,21.227807617187523,13.487512207031273,16.89502105712893,87.85046259562175,99.88842519124348,201.79861116409302,12.936657536640274,6.942352545631984,8.74835866292318,14.718900299072288,1016.675791015625,-13.48042862613996,183.9178876200846,358.40957951545715,21.938867187500023,13.932305908203148,17.049091593424503,85.10092608133952,98.87685171763103,262.93055415153503,9.469598127888144,5.579249184212614,8.351617431640648,14.267785644531273,1017.17771484375,-13.552915215492249,223.7278519574902,391.5674618085225,22.230126953125023,13.794427490234398,17.7676457722982,81.38657347361247,97.18240896860759,186.58333492279053,11.570824419126238,5.65644494106563,8.503694152832054,14.226593271891318,1017.0953255208333,-20.385028888781864,255.83136802952504,497.07726017634076
2021-06-27,22.156274414062523,15.572473144531273,18.202766672770206,83.79028002421062,99.73703702290852,200.68749952316284,14.586431985740312,8.54140295776937,10.881406402587913,15.322845713297568,1014.405029296875,-9.366421945393085,143.95298389539434,373.5226234594981,21.419183349609398,15.078729248046898,17.723292287190777,87.6550931930542,99.64722283681233,433.00694465637207,11.141741747031473,8.853801003421223,11.54898605346682,15.558779652913415,1013.603955078125,-8.71127855281035,134.96796344825998,322.48559792836505,21.724176025390648,15.395928955078148,17.965669250488304,84.95046393076579,99.04166603088379,96.82638955116272,14.212146082258265,9.021145427852352,10.674153900146507,15.30905431111654,1013.902197265625,-7.225622609257698,148.15999843707928,374.5608121554057,21.985101318359398,15.054193115234398,17.701145426432316,85.64583365122478,99.03518549601237,337.36111068725586,15.761046446740885,8.601519377724792,11.61527023315432,15.1862782796224,1013.6536328125,-7.833664268255234,161.57989225443453,302.87523253758746,20.743768310546898,15.199517822265648,17.207434590657574,90.26805464426677,99.19351895650227,113.52777802944183,12.49296205880555,7.9046540065620325,10.814471181233728,15.548923746744833,1014.011123046875,-3.444950647652149,113.32731624428804,273.51868963241577,23.014978027343773,14.946923828125023,18.22524286905927,84.19861014684041,99.74305566151936,292.6527805328369,14.759872364239559,9.003571496168147,11.523244476318382,15.370632425944052,1014.2255013020833,-10.17398269722859,137.80090960673988,365.49377965927124,21.453149414062523,15.287805175781273,17.683691914876324,88.7976843516032,99.73333358764648,106.7083336636424,10.021711910545099,6.404360591307822,10.887473042805993,15.738086954752646,1013.5791080729167,-7.4000441779692965,123.64703637765099,297.45331414540607,21.692163085937523,15.448449707031273,18.03219629923505,85.60277716318767,99.78101857503255,371.3333349227905,12.32702387815939,8.628306368838908,11.124824778238974,15.501106516520224,1014.17669921875,-6.0686808393026395,115.64331188704818,345.9583371480306
2021-06-28,21.934075927734398,15.400415039062523,17.91419372558596,83.16342608133952,84.59212891260783,236.06944608688354,14.090819905752637,9.42768469725319,9.152839914957724,14.723811086018884,1014.5699772135417,-7.656241834163666,211.36755817872472,550.6597509384155,20.257836914062523,14.486230468750023,16.670158640543644,89.6347204844157,90.68564796447754,431.70833110809326,14.77351706884695,6.805153149114825,9.645082092285179,14.870366668701195,1014.8023046875,-1.7265909022341173,136.86377735133283,282.61572607358295,21.341333007812523,14.946771240234398,17.57991816202802,85.03055620193481,86.24768511454265,65.68749988079071,14.242379501165177,7.940463143839487,9.40329513549807,14.805345153808616,1014.345859375,-6.670328610576689,175.3499066315902,442.98509963353473,17.449945068359398,13.720635986328148,15.537723795572939,90.57500012715657,93.47407404581706,292.4444432258606,12.09889418858333,6.775125034665703,8.847759501139365,13.952115631103538,1015.3948177083333,7.614452838897705,88.23079548683017,255.78362607955933,20.539636230468773,14.242944335937523,16.583105977376324,86.15277830759685,90.44351863861084,94.6041669845581,9.920743370332469,7.292596544859369,8.7150868733724,14.078501637776696,1014.76072265625,-0.8398769696553549,184.22007221763488,409.5023982524872,21.468438720703148,14.665368652343773,17.3313550313314,83.2532410621643,92.18796428044637,401.9236125946045,13.163624470369482,7.107959281219382,9.317053731282556,14.180031077067099,1015.2415201822918,-8.703257381916046,214.80510893464088,476.4442133506139,21.761132812500023,14.794946289062523,17.50482330322268,82.36249923706055,94.26111030578613,63.79166626930237,10.729631798262044,7.767625713647757,8.933005269368493,14.113931274414085,1014.2732845052083,-4.59746394554774,181.17187092488166,504.7625625928243,22.873773193359398,14.795281982421898,18.010125732421898,82.08703565597534,80.61944437026978,409.5763864517212,11.061397368974061,7.211711334863838,9.215507761637411,14.54755554199221,1014.4779654947918,-11.151756505171457,253.1863353351752,570.1803747018179
2021-06-29,19.455834960937523,12.971704101562523,15.211662546793642,87.13009357452393,86.33611059188843,191.01388835906982,8.60720884216088,5.729341159997472,7.19650802612307,12.90083719889327,1013.6512044270833,0.7895883048574129,177.70837606474137,357.31429461638135,19.078698730468773,13.381707763671898,15.379307047526064,88.19120438893636,81.53750054041545,367.222225189209,13.271467200513364,7.3398321746529875,7.635494486490927,13.322278594970726,1014.12603515625,6.139783978462219,193.1191584416665,369.3017629782359,19.275476074218773,12.433496093750023,15.09785105387372,85.05555438995361,82.2226854165395,125.15277814865112,12.259593608338744,7.70063654096252,7.225123341878259,12.397360738118493,1013.3701041666667,5.997376054525375,178.26105660231164,435.0138662656148,17.152764892578148,12.124536132812523,14.749358113606794,85.85509332021077,80.3435190518697,130.6041669845581,10.271222986840327,5.449394978635979,7.305115000406943,12.28858591715499,1014.4914420572917,10.572717607021332,127.15516605259229,304.89670586586,16.516656494140648,11.586938476562523,13.74100519816083,89.21990807851155,78.91388948758443,125.96527671813965,12.046959954975238,6.327218252232352,6.738637542724632,11.947586313883505,1013.780927734375,15.802315453688303,108.52635506509493,262.2693252960841,19.816644287109398,13.380944824218773,15.441789245605491,85.24999936421712,87.5537036259969,236.38889026641846,12.670933663650986,7.976613685097123,7.197002665201865,12.700185394287132,1013.701201171875,4.088687852025032,163.59678297148398,468.90573565165204,15.737786865234398,11.233514404296898,13.901938374837263,84.3972225189209,88.35509316126506,43.652777433395386,8.420178376944229,5.058560457897424,6.44980392456057,11.231092071533226,1014.3000260416667,15.324415823677555,87.917072894983,206.31824159622192,19.093316650390648,13.296563720703148,15.570603942871116,84.77870432535808,85.42314783732097,111.00694417953491,7.266211346875515,5.094320234046834,7.3192370096842865,12.869432067871116,1014.1166438802082,6.08451693256696,145.80764691228978,335.9738238652547
2021-06-30,15.377221679687523,12.406732177734398,13.573477681477888,91.65000025431316,100.0,289.4166660308838,12.519613658582177,9.427746589305732,5.987292226155603,12.181001281738304,1016.043984375,4.714264710744222,57.82203653703133,379.7057137489319,15.657464599609398,12.372247314453148,13.509936269124372,94.27036921183269,87.90463002522786,355.59027767181396,13.028154011530694,8.143556133284028,6.732087707519554,12.581567382812523,1015.0671061197917,15.101252814133963,39.477444590767846,296.3457587162654,16.226983642578148,12.630670166015648,13.73191858927411,90.97962856292725,99.57453727722168,361.3125035762787,13.568098355150639,9.236283539095357,5.955122884114587,12.223653411865257,1015.870478515625,7.3722888976335526,69.67357411856453,378.92939980824787,17.017572021484398,12.966424560546898,14.007901763916038,92.1421292622884,94.37129624684651,342.3194479942322,11.687833395986146,8.396754633922994,6.550960795084677,12.695452626546228,1015.041875,10.728514204422632,61.14581569614044,320.83238395055133,17.810601806640648,12.674096679687523,14.345271046956404,89.13518555959065,97.40416685740153,255.87499821186066,13.305819308518348,9.111429137035458,6.410822804768884,12.42721837361654,1015.6859830729168,2.2134880671898522,117.28831457719207,472.9030027786891,15.763085937500023,12.675103759765648,13.60485738118492,93.35925801595052,98.96157519022624,359.5833320617676,13.461818817849567,9.683780571910459,6.264133707682333,12.503151194254599,1015.1088736979167,3.824667473634084,83.2261480813225,399.09128793080646,18.172937011718773,12.794427490234398,15.13260421752932,85.85324001312256,99.88148053487141,205.69444698095322,14.282485548585628,10.32472636075845,6.432697550455771,12.614190673828148,1015.6340950520832,-0.5119272843003273,121.62464547405641,563.4421621958414,18.102685546875023,12.632348632812523,14.289638773600283,87.02361138661702,98.46898078918457,200.73611092567444,13.182194347566769,8.210717410229165,6.230914052327478,12.014251963297568,1015.8035904947917,0.11312174797058105,110.20479652037223,422.91510311762494
2021-07-01,21.553002929687523,11.295983886718773,16.638683573404972,73.47129503885905,69.40648158391316,296.31249809265137,13.484854963905997,8.441580629927145,6.8984364827474,11.430729166666708,1018.0610970052082,-14.199005131299296,313.816197261059,698.7567400932312,21.531182861328148,11.692529296875023,16.084790802001976,72.93564860026042,84.51064777374268,337.71527576446533,15.834996065281441,9.433984517005511,5.968011474609398,10.69735997517904,1018.9781998697918,-17.24700540304184,288.60968743466464,732.7802327473959,21.918908691406273,11.896783447265648,16.723943328857445,74.53703753153484,80.37175965309143,26.59722250699997,14.338053691798462,9.016570314113102,7.297669982910179,11.788700358072958,1017.9635579427082,-12.026556219905615,293.9955359469168,683.3440907796224,21.898400878906273,10.575128173828148,16.178736623128277,74.24629720052083,64.16018577416737,424.85417556762695,14.715734028229813,9.329759906375708,6.475553131103538,11.005195871988974,1018.3496158854167,-18.780737896760304,326.02932992065325,747.612360795339,21.019464111328148,11.594445800781273,16.395314788818382,76.40277862548828,90.82175890604655,9.38888894021511,13.963597815123023,8.569052887545766,7.088606770833337,11.995801544189476,1018.269677734375,-13.218727017442385,267.919050364367,591.0525403022766,22.026391601562523,11.038873291015648,16.39579035441083,72.93194548288982,50.26851783196131,326.49999809265137,14.973572162276646,8.977968989082948,6.853620147705101,10.962112681071005,1018.8100846354167,-17.44020414352417,342.7543115266599,735.6620597839355,20.036340332031273,11.017785644531273,15.551596577962263,81.77453804016113,94.9134251276652,9.076388884335756,11.525829031669922,6.740407095178488,7.570822652180993,12.321644083658896,1018.6037141927083,-7.9239332129557924,199.50559117877856,381.7171876033147,22.238885498046898,11.205560302734398,16.671804046630882,73.40509176254272,65.26990747451782,273.92360973358154,15.148272138729284,8.799729253323937,6.675982411702478,11.330444590250693,1018.4049641927082,-14.970174272855123,318.62275006319396,711.5963269869486
2021-07-02,24.115014648437523,12.745751953125023,18.38090031941734,75.12453699111938,58.47129583358765,16.2152778506279,8.595054408527647,4.067718943978532,9.245812988281273,13.546500142415368,1017.67748046875,-19.65939786036809,275.8878523487365,454.0057488679886,23.838891601562523,12.566918945312523,18.36533381144208,73.99629672368367,48.3805555899938,314.4583387374878,7.551188947383157,3.784224099819379,8.926652526855491,13.253872172037802,1016.5347493489583,-18.442402323087055,305.0062318224227,498.7031161785126,23.297723388671898,13.087640380859398,18.452305094401066,76.19490766525269,66.06851867834727,24.98611107468605,7.919401728504101,4.341382914072489,9.217390950520837,13.893423970540368,1017.45654296875,-16.966120968262356,281.175754743667,454.9187646309535,23.516839599609398,12.527764892578148,18.28562444051109,75.37453762690227,51.26620336373647,46.24999976158142,8.475536830068933,3.8872195547501462,8.980764007568382,13.442486063639365,1016.5709375,-14.997009118398031,286.85588550354197,528.0778580109278,24.015802001953148,13.200006103515648,18.5201723734538,74.55416838328044,68.56666700045268,16.958333373069763,7.968674034141951,4.195293709179066,9.184584554036462,13.579454040527366,1017.2835904947917,-20.25467673440774,287.2149132270133,473.9573363463084,24.467950439453148,12.534661865234398,18.54143931070966,73.87036991119385,60.593056151022516,27.951388835906982,8.10080321698485,4.5405890124177875,9.16069056193038,13.367426808675134,1017.1285286458333,-19.457431197166443,277.39727618083515,540.5317689577738,24.288781738281273,13.154931640625023,18.79612248738609,73.03750085830688,67.13981479406357,6.479166604578495,8.332610981965098,3.599958522476943,9.267702992757165,13.48255310058596,1017.1891666666667,-22.200451383988064,294.7007341959591,507.4246788422267,24.274011230468773,12.661126708984398,18.327931976318382,77.67129596074422,64.27037094036739,53.208333134651184,8.062684470404394,4.063155784351131,9.236924743652366,14.006352996826195,1017.21849609375,-19.899268567562103,295.4995826262748,464.45111842950183
2021-07-03,21.859643554687523,16.011010742187523,18.16737263997398,82.81157302856445,97.01018524169922,46.28472197055817,17.854457192225414,8.791723587749244,10.298000590006552,15.101515706380212,1014.909296875,-0.8506682713826498,143.81097960095698,321.3478921254476,23.861627197265648,15.753869628906273,19.262974039713566,80.7023138999939,90.89629745483398,94.95833313465118,11.452664288666913,7.325899898625686,10.838740285237634,15.719508107503259,1014.4846647135417,-8.481060634056726,217.45281791310603,337.25930416584015,21.927758789062523,15.977685546875023,18.236582692464214,80.83009274800618,96.12222226460774,48.00694382190704,14.595683040471677,9.785624198111348,10.593160247802757,14.753596242268884,1014.3262727864583,-1.3644867191712062,145.88459342341716,350.9951979319255,23.772729492187523,15.883386230468773,19.35780995686851,80.03518517812093,88.21435228983562,119.13194513320923,13.208632383298863,9.316611076813038,10.957093811035179,15.583425140380882,1014.4715397135417,-7.5632807811101275,215.56996621232247,430.6457495689392,21.833947753906273,16.325219726562523,18.338020579020206,78.48194313049316,91.38611110051473,39.20833331346512,12.789559701260703,9.589133595157515,10.612214660644554,14.390374755859398,1014.360546875,1.0158888101577759,150.68207148334477,409.72776858011883,23.069299316406273,15.678033447265648,18.89405721028648,78.16203705469768,96.11944421132405,53.18055605888367,14.295075726622354,9.184947028154617,10.753872172037802,14.752503967285179,1014.580712890625,-4.663827101389567,146.82276225707028,401.84311238924664,21.063317871093773,15.752770996093773,18.212108866373722,77.29490725199382,95.48564783732097,11.493055537343025,16.020560082985604,10.01663898751077,10.47309265136721,14.05591481526693,1014.62158203125,-2.404280242199699,153.69764660958512,418.40645027160645,22.853601074218773,15.676049804687523,19.440525309244816,75.20092423756917,96.68333276112874,34.27083337306976,16.42458083691805,9.654339420711617,10.51645431518557,14.66191126505538,1014.4208365885418,-11.233438392480215,210.42243796210582,465.1539777119954
2021-07-04,20.465203857421898,14.861199951171898,17.32582753499351,84.23472309112549,90.64213021596272,94.14583337306976,19.2313382151667,12.893118397296663,8.936887359619163,14.483032480875693,1011.0954166666667,1.8362951179345448,224.23938649892807,586.0964142481486,20.719293212890648,14.677667236328148,16.902159627278667,84.60231240590413,90.29398155212402,105.81944537162781,22.069948838266768,12.678685248614471,8.779935455322288,14.116478220621786,1011.5108626302083,2.296308127231896,163.40357385616517,530.352954864502,20.326715087890648,15.223199462890648,17.44274419148765,84.4148136774699,94.1111110051473,89.7986114025116,17.524858749492772,11.884149282651341,8.876406606038415,14.632332102457724,1011.051650390625,0.4508492747942607,201.99433263680353,535.8935667673746,19.378106689453148,14.752984619140648,16.943711853027366,86.40139071146648,86.71805622180302,147.9652762413025,20.3182256614334,13.17440844381916,8.815974171956384,14.56177673339846,1011.1944303385417,2.8850273390611014,187.7634290609858,520.5151885350546,20.522363281250023,14.871453857421898,17.028120930989605,85.90879821777344,93.31944402058919,150.375,18.22007967711294,11.979400685068873,8.63080495198568,14.528422292073571,1011.16400390625,4.003900706768036,229.14409796934342,529.9417791366577,20.001702880859398,14.961206054687523,17.12137883504234,83.95787080128987,92.44027709960938,112.93055534362793,21.86469379325473,13.980488520110962,8.774393971761071,14.230104064941429,1011.6053157552083,2.4595433274904885,190.1670374671618,571.4934031168619,21.274011230468773,14.699700927734398,17.113673146565777,84.58148336410522,89.0324068069458,122.91666650772095,20.031866054519902,11.976789008425685,8.473018900553427,14.325626627604208,1011.1149576822917,3.472982714573542,229.59133224230027,573.1930890083313,20.570397949218773,14.649987792968773,17.417056020100933,81.5236104329427,88.41944376627605,55.18055582046509,20.55574427164162,13.91828947101426,8.566752370198571,14.017785644531273,1010.979580078125,-1.1815303762753804,188.4987380107244,629.2574742635092
2021-07-05,20.518304443359398,13.472192382812523,16.123446400960308,87.76620356241862,96.58101812998454,223.73610973358154,14.928192025718712,10.339246958589923,8.749131774902366,13.999236043294275,1009.6807454427083,-0.89930260181427,127.63815163572629,435.16756598154706,18.727777099609398,12.857690429687523,15.119023895263695,91.69583447774251,91.69629700978597,198.61805725097656,17.408081309246068,11.9286900322696,8.56049245198568,13.747129058837913,1011.3950358072917,10.860147446393967,52.858036483735,402.906883875529,22.256677246093773,13.480279541015648,16.75082422892255,85.58240922292073,86.91157420476277,188.02777814865112,20.909275760411685,12.898892906628953,8.991017913818382,14.128802235921228,1009.1588736979168,-4.445518910884857,161.96974518398443,591.6147810618082,21.572229003906273,14.102624511718773,16.76171391805015,86.48240756988525,91.07546218236287,199.2638864517212,17.897271595171745,12.543925295810931,9.026380157470726,14.41651051839193,1010.2114583333333,-2.5154232531785965,126.75203565508127,498.6648886998494,21.780877685546898,13.890496826171898,17.20229365030927,84.40972264607747,99.50833320617676,162.89583110809326,20.720411997444884,13.406221161522083,8.899318949381552,14.339372253417991,1008.9823274739583,-2.9188870787620544,159.5898499066631,650.6668961842855,20.404687500000023,13.444299316406273,15.853444671630882,89.08379777272542,91.28518565495808,299.90277767181396,14.180874570927278,9.869637935148283,8.471629079182946,13.95972340901693,1010.0370865885417,2.756181061267853,88.85939153035481,405.28294944763184,22.112695312500023,13.967645263671898,17.28734868367515,83.21342436472575,94.55601851145427,77.72916519641876,20.07493181670291,13.003002624859688,8.813108062744163,14.130148824055993,1008.9113541666667,-6.0161914229393005,173.13808865721026,660.3335717519125,21.297418212890648,13.387078857421898,16.2542065938314,84.47777716318767,91.65879599253337,249.65972423553467,12.97238077402891,9.166257937042912,8.397000885009788,13.460354105631552,1009.950595703125,-1.7691412611554067,148.05574256678423,452.1843121846517
2021-07-06,21.089166259765648,14.579522705078148,17.71739476521812,72.97777922948201,68.08749957879384,205.0902771949768,32.13541098564865,22.71525783861166,8.279903666178427,12.439973449707054,1007.9571940104167,-4.478943883751829,273.2771308819453,1179.2783699035645,22.528588867187523,14.933343505859398,18.636202748616558,67.44953807195027,68.24073958396912,275.47916412353516,31.894218315440174,22.81917398278892,9.022953287760458,11.985897318522177,1008.052275390625,-14.68400185473729,325.1201300472021,1223.63298924764,21.312738037109398,14.280236816406273,17.603758748372417,74.0069449742635,60.57453641295433,128.45138955116272,31.43493959371675,22.681641895960865,8.130230204264365,12.55789718627932,1007.9205338541667,-5.030993233124415,290.638954659303,1170.213722229004,21.744104003906273,15.472222900390648,18.487524922688824,67.56203667322795,65.82175902525584,247.1666660308838,31.75855729721261,22.357266743090946,8.957489267985068,11.939861551920615,1008.00939453125,-10.032572468742728,283.6022418042024,1213.8527361551921,20.531304931640648,14.403344726562523,17.646301523844425,73.25694513320923,57.95972136656443,65.96527788043022,31.096916166173404,22.365561888759075,7.954742685953818,12.434122975667321,1007.8554166666668,-5.983575999736786,296.610574444135,1180.538137435913,21.467553710937523,14.371575927734398,18.15205535888674,68.23981380462646,58.30370378494263,254.37500476837158,32.197366959999826,23.82173444500263,8.568743642171228,11.70521952311202,1008.4456087239582,-8.262523047626019,316.12275218963623,1246.1089007059734,20.349084472656273,14.394921875000023,17.39113642374677,73.9736115137736,70.10092576344807,54.298611333593726,31.357109866632893,22.584408316047433,7.746058400472009,12.419705963134788,1007.9128841145833,-3.097001055876414,247.1246854265531,1153.8314692179363,21.518609619140648,14.966394042968773,18.213335927327496,70.086110273997,57.97870502869288,147.4375,32.29473181224581,23.002393650925725,8.499943033854208,12.246759033203148,1008.3779296875,-7.049360702435176,304.1987574150165,1212.8112691243489
2021-07-07,20.951593017578148,11.876824951171898,16.543350474039737,77.86296224594116,60.94398194551468,74.77083325386047,16.884667979631793,11.651539079738184,7.16092453002932,12.442311859130882,1015.1522591145833,-1.9843186140060425,225.07731248935065,639.5000836849213,21.145379638671898,12.454583740234398,16.875220235188824,79.67685238520305,42.57222215334574,258.6527738571167,16.274232554025506,12.12091254931814,7.499344126383505,13.137195841471396,1015.5026920572917,-2.50378155708313,257.31603795289993,652.9668028354645,20.666802978515648,11.802880859375023,16.30837275187177,78.70694541931152,58.43796408176422,45.96527802944183,16.449800793291473,11.438839482667428,7.064385986328148,12.414824422200525,1015.1394889322917,-1.7578993638356526,217.18434939781824,615.4771529038748,20.658959960937523,12.323693847656273,16.501760101318382,80.76249965031941,54.05046288172404,193.4722237586975,15.555637831992227,12.173499640329863,7.357656097412132,13.026228841145837,1015.0892903645832,-0.7832595507303873,239.4165442387263,648.3274974822998,21.618310546875023,11.655908203125023,16.380432383219425,75.8222222328186,70.78148130575816,45.70138871669769,14.069125462928492,10.847045736406372,6.695055898030603,11.759051259358728,1014.8316243489583,-5.713862041632335,225.32731294631958,705.8074248631796,21.281976318359398,12.227319335937523,16.57265370686851,79.71944522857666,58.102778673172,113.00694465637207,16.317473168838735,12.05724149478712,7.364504750569665,12.82417704264327,1015.173779296875,-0.4625760316848755,196.5234316587448,640.9017753601074,20.989923095703148,11.802209472656273,16.300964609781925,75.7069444656372,69.25185171763103,23.069444358348846,14.783434646926443,10.569305535740366,6.734099324544275,11.68872985839846,1014.85564453125,-5.167954583962758,221.21565254529318,645.0543746153513,20.780725097656273,12.011712646484398,16.45007985432945,79.26203616460164,56.9953710436821,107.14583349227905,16.12536559084286,12.379637394181538,7.244772847493493,12.630507405598962,1014.9753385416667,0.3297516107559204,201.38637155294418,651.4088411331177
2021-07-08,21.397424316406273,13.107537841796898,17.32395197550458,70.4638900756836,73.87685092290242,33.3958333581686,13.206763588408672,7.707011656668776,7.439314778645837,11.707405344645224,1020.3269010416667,-6.189001798629761,243.86746724446616,547.7416385412216,21.652734375000023,12.825708007812523,17.28750381469729,77.03564786911011,55.05925865968069,151.70833349227905,13.8913197886957,9.335577271476875,7.402577972412132,12.869373575846396,1020.3039876302083,-7.966501730183761,259.261575738589,603.6178038914999,22.557977294921898,12.225823974609398,17.4957099914551,65.96620384852092,43.69120319684347,18.47222226858139,16.97062232039115,9.614261238881632,7.1696576436360715,10.777786509196005,1020.5038932291667,-11.6125857035319,277.0381163756053,696.0787889162699,21.212762451171898,13.251519775390648,17.17586542765302,77.52916733423869,47.083332459131874,123.34722137451172,13.551054714535285,8.884471005507597,7.374996439615927,12.8813466389974,1020.3281315104167,-6.764356695115566,283.34812621275586,577.1709235906601,22.376916503906273,12.445733642578148,17.413355763753277,68.63055499394734,64.03749982515971,45.25694465637207,14.339778218090993,8.667261155528054,7.199920908610068,11.23520431518557,1020.540927734375,-10.753870248794556,241.0629086693128,657.2084093093872,20.938897705078148,13.102075195312523,17.150137837727886,77.66018613179524,51.112500657637916,109.92361068725586,12.67259112297019,9.04890600501379,7.363113657633505,13.012569681803427,1020.2234440104168,-3.436003843943278,299.2120380798976,546.0602672894796,21.704919433593773,12.334619140625023,17.12922058105471,69.19953680038452,63.57638820012411,2.819444417953491,14.612404651510673,8.749132755212534,6.84361292521163,11.121547953287802,1020.6002213541667,-7.432970700164636,223.40444085995355,664.6577715078989,22.083978271484398,12.653985595703148,17.56916961669924,69.78657293319702,49.184259255727135,55.74999976158142,14.104425253824386,8.132213682523831,7.338240559895837,11.738968149821005,1020.3740787760418,-10.779696762561798,297.1561984817187,602.2990589141846
2021-07-09,23.145440673828148,12.750115966796898,18.190428670247417,70.59305556615193,50.17453612883886,24.79166668653488,8.819302039760288,5.677997337288356,7.685024515787802,12.23516743977865,1021.752470703125,-13.221617937088013,261.97555299599964,640.3758407433828,22.931420898437523,12.900415039062523,17.97349065144859,73.94814825057983,39.738425915439926,98.91666746139526,9.72442302148371,6.151889280449335,7.985835011800134,12.836040751139365,1021.75529296875,-13.782489458719889,277.9347257216771,583.2131375869116,23.261132812500023,12.470666503906273,17.980229949951195,71.5685183207194,45.2055561542511,28.090277671813965,9.53483676634415,6.1657950251381015,7.6228017171224,12.222879028320335,1021.8968489583333,-12.60234042008718,286.8486854036649,652.611649274826,22.922631835937523,12.886254882812523,18.079560852050804,73.5120358467102,43.94814819097519,32.0625,8.910575785676125,5.988175917052405,7.957487996419275,12.828521982828818,1021.9023274739583,-10.940862139066061,254.33270466327667,585.6593532562256,22.381127929687523,12.265557861328148,17.499626413981144,73.12963120142619,53.1689812541008,39.08333337306976,7.658925555261914,4.173318067841973,7.180600738525413,12.219869232177757,1022.1792805989583,-8.81629361708959,241.78094716866812,526.8945209980011,23.833093261718773,13.019403076171898,18.35289281209312,71.13703727722168,41.31064832210541,53.84027862548828,8.736690707076695,5.595313965819217,7.975161488850915,12.55237986246749,1022.0448567708332,-15.039344569047293,281.17824417352676,612.4051616191864,22.392327880859398,12.396325683593773,17.40030441284182,74.68333371480306,59.800926764806114,21.312499850988388,6.752195987416394,4.14330897684584,7.151361083984398,12.510198211669945,1022.1724348958332,-9.299862583478292,258.1412773132324,468.67186121145886,23.436883544921898,12.738946533203148,18.207755025227886,71.27083206176758,42.81990762551626,10.597222119569778,8.320844313503024,5.59334487428077,7.850410715738974,12.434316253662132,1021.8187076822917,-15.302818278471628,279.24679458141327,626.0416457653046
2021-07-10,20.328393554687523,14.116662597656273,16.34118169148765,81.99768575032552,98.78842576344807,61.076388478279114,16.15643337183415,7.8189199047692455,7.510414377848349,13.13782399495443,1016.841669921875,7.535879760980606,118.4249449968338,355.14899416764575,20.582147216796898,13.594445800781273,16.84122238159182,80.56157366434734,93.82870467503865,75.09027886390686,17.07772713545165,9.849021954964874,8.13577550252279,13.364002482096396,1016.9613932291667,6.0804702788591385,175.20896382133165,415.2666784922282,20.429071044921898,13.927148437500023,16.480864461263042,81.79305601119995,96.53240871429443,70.13194465637207,15.744183615613514,8.469247925205512,7.405750528971396,13.215907033284509,1016.6410970052083,7.2108984390894575,146.5537791053454,405.75380833943683,20.340142822265648,14.197747802734398,16.72530390421552,80.43009217580159,91.68611129124959,65.37500011920929,14.905186501084076,9.049419242071755,7.878706868489587,13.222599283854208,1017.0912955729167,6.975346356630325,139.55270461241403,397.14025819301605,20.048516845703148,13.765283203125023,16.17785161336265,81.82824087142944,94.44259325663249,59.22916615009308,16.46028963926193,8.110980906399904,7.215084330240927,12.938911692301474,1016.9748958333333,10.11235616604487,116.50435169537862,402.2500013113022,19.850030517578148,14.326837158203148,16.513740793863956,80.72546211878459,89.35787105560303,72.88888788223267,16.500128397784746,9.421332348074749,7.55057296752932,13.06660105387374,1017.0451920572917,4.6366976996262865,140.69455613692602,424.8980173269908,18.862420654296898,13.781030273437523,15.646653747558616,84.2995376586914,96.66666825612386,30.090277522802353,12.186565851026494,6.93645755784775,6.934139506022177,12.924277242024743,1017.344248046875,11.961300134658813,90.64274048805237,309.4100031852722,19.144097900390648,14.322290039062523,16.21613464355471,83.10185241699219,93.12407382329305,82.90277791023254,15.298313314862583,9.32242586612991,7.400923665364587,13.241934712727868,1016.7458854166667,5.900969470540683,125.96221960584323,415.7376625140508
2021-07-11,22.209222412109398,12.776177978515648,17.44077326456708,76.95231421788533,86.51620324452718,49.31250035762787,9.92758935999369,5.760655008749687,7.701715087890648,12.949048614501976,1015.949560546875,-15.694524784882864,192.54505985975266,522.3555239836375,22.974389648437523,12.978173828125023,17.82550455729169,73.56944465637207,81.3967588742574,121.36111116409302,11.41696010666427,6.553465895478371,8.060768381754599,12.537863667805993,1015.5513704427083,-16.185440902908642,265.4603361884753,620.0066725413004,23.108819580078148,13.613092041015648,18.153115844726585,74.04537026087444,90.52824115753174,65.77777767181396,11.666742343345124,6.348027673181238,7.9835309346516965,13.012345886230491,1015.707255859375,-20.74430552124977,237.10526264707246,592.3251287142435,23.127496337890648,11.910424804687523,17.555675760904972,75.03240791956584,77.47129487991333,133.25694513320923,8.663582843304075,5.300488603227264,8.19391784667971,12.516772206624353,1015.4753515625,-16.787749111652374,275.51023413737613,616.6343363126119,22.333032226562523,13.072229003906273,17.70786310831708,75.55370299021403,78.66018501917522,39.034722328186035,9.60167129841831,5.840829435251095,7.654309844970726,12.961665089925134,1015.9169466145833,-16.650990506013233,207.52647707859674,540.9674965540568,22.620538330078148,11.995416259765648,17.344466145833355,76.094908396403,72.75416723887126,118.67360925674438,8.874909977636479,6.052906316308403,8.189127858479821,12.606907145182333,1015.5121940104167,-15.207711714319885,247.35835282007852,581.3146560986837,22.055047607421898,12.500299072265648,17.5292310078939,75.84768486022949,68.19444433848064,5.256944462656975,8.575117711015038,5.97903927828794,7.748114522298181,12.829667663574241,1016.1090266927083,-14.61940935254097,207.15387845039368,540.2583248615265,23.043847656250023,12.450585937500023,17.681843058268253,74.90787061055501,70.79907472928365,65.99305605888367,10.628842135128604,6.866516298299222,8.18472824096682,12.624145762125693,1015.5969791666668,-19.309422584871452,273.9641618331273,620.9704086780548
2021-07-12,20.087670898437523,15.174462890625023,17.077452596028667,85.19861125946045,92.31574138005574,69.18749982118607,11.85723183524672,8.10806108083752,9.910549418131552,14.509431457519554,1010.513896484375,3.6229589553549886,114.15948332846165,283.56155729293823,20.990502929687523,13.540277099609398,17.004275258382183,84.83101622263591,89.48194519678752,124.14583420753479,17.527110579865898,11.529862053867582,9.904851531982445,14.375756835937523,1010.6254915364583,0.2742228905359904,150.4200565715631,396.6358121236165,19.953240966796898,15.533074951171898,17.25138117472333,84.19999917348225,96.5384251276652,62.256944328546524,9.86882382997809,7.393091572260945,10.017156219482445,14.474622344970726,1010.3034375,3.5510703499118486,115.00037077069283,256.3547035853068,20.472222900390648,14.820245361328148,17.315105692545597,85.17962900797527,95.95972188313802,158.95138716697693,17.378483659735448,11.4731066479994,10.212964630126976,14.742513275146507,1010.37240234375,1.0614120960235596,171.18418751160303,428.5418876012166,20.459100341796898,14.969812011718773,17.037189737955753,85.37546412150066,92.82222255071004,59.95833344012499,13.901137794377675,9.539253557944777,9.717156982421898,14.50489451090499,1010.5431380208333,2.268256594737371,137.20575699210167,335.2246050834656,20.083367919921898,15.273034667968773,17.07283808390302,86.66481558481853,94.34953705469768,120.99999940395355,16.50291735042883,10.427082478525382,10.217647806803427,14.798562622070335,1010.416357421875,0.7966256390015284,154.09903747836748,371.23975976308185,19.227777099609398,15.158685302734398,16.611775970459007,87.99120299021403,96.19398148854573,65.37500050337985,11.794299737179248,7.326131791378345,9.69599049886068,14.567241923014365,1010.4241861979167,7.530493540068467,54.55857513844967,190.0884751478831,18.949487304687523,14.999749755859398,16.566920216878277,87.9365743001302,90.88796329498291,100.81249979138374,9.933136618476645,6.953113328648066,9.982219950358115,14.519592539469443,1010.42701171875,5.445746768110742,71.944278160731,215.01800155639648
2021-07-13,19.193505859375023,13.325463867187523,15.874458567301454,91.01527881622314,98.50185171763103,315.2986068725586,14.752196855966028,10.857983848881553,8.464857991536462,14.359026845296228,1012.2819205729168,2.277030110359192,135.75718369086584,472.04053688049316,19.049096679687523,14.433862304687523,16.292893981933616,92.13657474517822,96.80231507619222,292.49305629730225,11.434163218062878,8.48801007868724,8.97870788574221,14.978574371337913,1012.45794921875,3.597733681400617,94.81357351938884,362.39039421081543,17.368768310546898,14.357049560546898,15.79589742024742,91.66157341003418,99.34074052174886,274.3333330154419,13.871042818496408,8.916782002991448,8.574784851074241,14.404172515869163,1012.2668717447917,5.952789598610252,40.59722238779068,376.0688934326172,19.582879638671898,14.383081054687523,16.34715550740562,91.57361094156902,98.2925926844279,294.10416650772095,14.162355464167405,9.056167432578219,8.94904479980471,14.88937911987307,1011.9534895833333,0.9315122564633688,113.49518561859925,427.0257116953532,16.979028320312523,14.300347900390648,15.49478937784833,95.40416622161865,97.55509281158447,210.8680543899536,15.344601870173685,11.52251838346487,8.766762034098349,14.752976989746116,1011.8768489583333,9.738425991187492,39.842221649984516,446.26244354248047,19.245751953125023,14.545159912109398,16.199231719970726,93.11666711171468,98.41759236653645,349.4583320617676,14.002974622789958,9.296390578059643,8.535420989990257,15.023213958740257,1012.4062044270833,5.17763327807188,82.1469608694315,376.59312121073407,16.746575927734398,14.627343750000023,15.499133046468122,95.89675871531169,96.42268498738606,135.22222304344177,16.584112060901337,11.34146471884124,8.695839182535849,14.839944458007835,1011.88265625,10.049926429986954,29.490314913292725,444.75233459472656,19.573937988281273,14.128961181640648,16.061970011393253,90.8671293258667,99.15787124633789,244.895836353302,14.33855697239352,11.508843595133186,8.652876790364587,14.486314392089866,1011.9293522135417,-0.5801178018252054,120.28057245910168,494.64768918355304
2021-07-14,21.130609130859398,14.012384033203148,17.46307779947919,79.64861265818278,99.96157360076904,354.0486078262329,20.943923496424265,17.170152329948852,8.75680821736654,13.665845489501976,1015.2202701822918,-11.60258841017882,174.11181699236235,817.4047622680664,17.850000000000023,14.473596191406273,15.995268758138044,92.33518600463867,99.86157321929932,502.9930610656738,18.405565453886535,14.265668849748048,9.185500081380212,14.703703816731775,1015.7280631510417,0.5443934798240662,53.99659075153371,599.1695315043131,20.944512939453148,14.294458007812523,17.412541961669945,80.54213031133015,99.88518492380778,397.9652795791626,21.71040498345216,17.55746743730515,8.813205973307333,13.821495310465536,1015.301748046875,-10.453323473532995,187.92362542947134,854.0857073465983,20.630944824218773,14.202996826171898,16.925508117675804,87.04722277323405,99.99074077606201,358.7291679382324,18.770847470979895,13.567818911307564,8.719412740071618,14.58731613159182,1016.00990234375,-8.11741989850998,144.56668602426848,666.3662071228027,19.884667968750023,14.053369140625023,16.67637914021812,84.99861113230388,99.98564751942952,450.65277671813965,19.396192311466002,16.71581136606954,8.499995168050134,13.992828623453818,1015.7988899739582,-5.268170952796936,122.61894540364544,798.2009239196777,20.801202392578148,14.274743652343773,16.906451161702496,85.71944491068523,99.32361157735188,381.319447517395,20.0295451902279,15.398082074868015,8.424670155843103,14.34425760904952,1015.9643098958333,-12.847680687904358,163.9826094508171,681.1102066040039,19.915887451171898,14.042260742187523,16.82776794433596,84.50972175598145,99.0833330154419,211.7847237586975,22.843184073219323,17.814721426124024,8.533340708414755,14.05567576090499,1015.613076171875,-7.563623212277889,151.63422511766353,852.5487492879232,19.327508544921898,13.541528320312523,16.498834228515648,85.70138835906982,99.8995361328125,308.82639026641846,19.388138383046346,16.424210366737267,8.901634470621786,13.955667114257835,1015.2182649739583,-8.062112743034959,82.1474076161782,702.559336344401
2021-07-15,22.000421142578148,16.107080078125023,18.606301879882835,77.28101936976115,83.11435174942017,63.13194561004639,22.50412121110071,17.336240119593704,9.317361450195335,14.420962270100915,1018.4983040364583,-12.286071141560873,164.68809135754904,805.1414388020834,22.671777343750023,16.282067871093773,18.602489725748722,78.41481447219849,99.10092480977376,386.7986125946045,25.76298267084126,19.60122974046152,10.310188547770224,14.627767181396507,1017.3769140625,-7.14519805709521,137.11907701690993,866.4149831136068,20.179772949218773,15.868890380859398,17.504628753662132,82.63611316680908,81.74398132165273,39.77777740359306,22.65868108524909,18.57051126133076,9.644679005940759,14.445225016276083,1018.2078385416667,-3.392207304636637,135.55849758783975,769.0806986490885,22.653588867187523,16.711358642578148,19.215744272867862,74.92407369613647,83.80601930618286,410.5625,23.362290647978078,18.17576081800624,9.709302520751976,14.554326629638695,1017.8328645833333,-15.043591499328613,207.2087065676848,928.3170038859049,20.753991699218773,15.684838867187523,18.505022939046246,77.64074166615804,75.77685193220775,12.81249986588955,21.047632115789124,18.002912947244045,9.56619796752932,14.460364278157556,1018.5445833333333,-13.864317814509073,152.64159512519836,820.8004582722982,22.504022216796898,16.355798339843773,19.188292439778667,74.51990795135498,67.99166754881541,480.2361011505127,21.0044044249032,17.106522890973665,9.069778696696005,14.412611897786462,1018.874609375,-17.88229403893153,243.09777840971947,903.3910916646322,22.668084716796898,15.079339599609398,18.579915618896507,76.50138711929321,64.64583388964336,2.4652777444571257,24.238338052604345,18.94094662942787,9.887227630615257,14.224904632568382,1018.560771484375,-14.343256314595541,196.24524209896722,846.173422495524,22.519860839843773,16.814141845703148,19.243421173095726,74.81388807296753,87.31157286961873,241.0138921737671,22.401821903082645,18.497367887761698,9.592876688639365,14.530447896321618,1018.8233723958333,-15.977513670921326,220.71112769842148,904.6759465535482
2021-07-16,22.960961914062523,13.933374023437523,17.68739471435549,73.11944357554118,48.71851951877276,3.083333320915699,19.741210533596163,16.655625594969234,11.194149271647177,12.432232157389365,1022.7605533854168,-5.9993485907713575,264.90140735606354,808.1311569213867,22.008691406250023,14.145013427734398,17.369151051839214,75.69305642445882,87.155091603597,85.11111068725586,19.837576689876236,16.30301029215669,10.907369232177757,12.684865570068382,1022.4605631510417,-6.824207613865535,232.9546848287185,735.8190778096517,23.120629882812523,14.105615234375023,17.91791178385419,71.39120356241862,47.24351843198141,4.041666641831398,19.84116491718887,16.803993721315294,11.338281250000023,12.241921997070335,1022.8841080729167,-6.519730865955353,294.2680893192689,819.4224472045898,22.736962890625023,14.908471679687523,17.744475301106792,74.78287013371785,62.08750047286352,100.59722518920898,20.380485808600483,16.234004860309664,11.012747701009118,12.724062856038415,1022.4130794270833,-13.232762105762959,265.1206072469552,759.9652671813965,22.792993164062523,14.504998779296898,17.78696212768557,73.63333352406819,61.86111178000768,3.9791666492819786,19.0565375916762,16.431257774630698,11.28590799967452,12.683891550699911,1022.8996484375,-7.8749239637206,261.0610189239184,814.9487609863281,22.840844726562523,14.327661132812523,17.82049713134768,72.09629646937053,38.27546262741089,30.055554509162903,20.5768331472326,17.056014407954436,11.193058268229208,12.277197774251306,1022.8079134114582,-9.10127175350984,288.55897274116677,810.9731114705404,22.863824462890648,14.282220458984398,17.80323689778648,74.0305568377177,64.19490726788838,0.7986111203208566,19.194619772244096,16.414938890470953,11.158305104573571,12.827982838948571,1022.987763671875,-8.91400800148646,262.97025834520656,792.9705937703451,22.900720214843773,13.929528808593773,17.806727345784527,71.66157388687134,29.68796266739567,4.979166641831398,20.22684764780695,16.843472871277058,11.17389831542971,12.177803293863974,1022.901357421875,-8.013637562592825,304.7170484364033,816.6022160847982
2021-07-17,24.985040283203148,12.319604492187523,18.69237035115562,74.81990750630696,4.042129668251921,6.999999761581421,21.44638064383537,15.785690533980068,13.789788818359398,13.77222595214846,1024.3310970052082,-15.22873361905416,328.93350156148273,662.9438203175863,23.276483154296898,13.050317382812523,17.78204498291018,79.72546180089314,42.906480975449085,4.159722238779068,19.731967240471448,15.303215835096816,12.730372365315759,14.023981984456384,1024.4309537760416,-7.234473139047623,211.23899999260902,715.9414850870768,25.210076904296898,12.169763183593773,18.735818481445335,74.75925970077515,2.5611111198862395,0.3333333358168602,21.15202838015333,15.496506656765868,13.483188883463583,13.803145345052087,1024.2518294270833,-16.00427934527397,327.97449775536853,669.5108311971029,23.689233398437523,13.040582275390648,17.80957692464195,79.51481501261394,52.18518548707167,5.25,18.726790599772336,14.880240515092346,12.841311391194665,14.023164367675804,1024.3610904947918,-4.781440446774165,180.0000700354576,720.3403244018555,25.233666992187523,11.887048339843773,18.484260813395206,75.1597220102946,4.126388902465503,0.0,20.780045695590218,14.718392534109299,13.399415588378929,13.632454172770224,1024.4312825520833,-16.50186465183894,327.0016461610794,655.2925618489584,24.553613281250023,12.645410156250023,18.150942738850933,77.52083381017049,32.51527861754099,4.659722298383713,20.299114177983483,15.44589343856741,13.182397460937523,13.8489980061849,1024.3952376302084,-10.050448192904392,258.23346417148906,717.0352973937988,25.352288818359398,11.550561523437523,18.435781097412132,74.30092557271321,2.075000025642415,0.0,20.601441300667023,14.250813935465962,13.722559865315759,13.408890024821005,1024.481357421875,-16.636816143989563,326.35476789871853,631.2770105997721,24.831018066406273,12.016900634765648,18.36385370890302,76.21342738469441,11.208333152035872,1.3333333432674408,20.987983676265483,15.751251115547376,13.599963124593103,13.751565551757835,1024.32099609375,-13.717813471953074,320.7662931283315,667.2003364562988
2021-07-18,26.408959960937523,14.415795898437523,20.55095189412437,71.28055588404338,0.5004629862184325,0.0,20.766419333509457,16.02915207936537,15.065515136718773,14.585937754313193,1022.0568815104167,-18.528915864725906,333.6396754384041,654.5145136515299,26.143060302734398,14.714318847656273,20.486802673339866,73.83148129781087,0.1388888859267657,6.999999761581421,19.72985780717999,15.46795659511846,14.414292907714866,15.19756978352865,1022.4306770833333,-18.84770447264115,330.99037035306293,673.9087778727213,26.140863037109398,14.331903076171898,20.419061279296898,72.56805674235027,0.2842592529486865,0.0,20.51255266267747,15.969149059714,15.189853922526083,14.796514129638695,1022.2727669270832,-19.0175838470459,333.6805713772774,634.2984606424967,26.317956542968773,14.319207763671898,20.547368621826195,72.47129646937053,0.09074074386929472,0.3333333358168602,20.562756653202335,16.213992889363663,14.593082682291708,14.921042378743493,1022.2008072916667,-18.55696537097295,331.37073071797687,698.2316907246908,26.229058837890648,14.009606933593773,20.313792165120464,72.68750031789143,0.8888888352861007,0.0,21.21822589734874,16.0314833412066,15.032648976643884,14.729215240478538,1022.6554036458333,-19.925287313759327,332.98955847819644,630.2407207489014,26.395776367187523,14.090173339843773,20.526378885904972,72.29722181955974,0.027314814428488415,0.0,20.085898431535302,15.778432900840011,14.606650288899743,14.85797017415365,1022.2077994791667,-19.321376169721287,331.6448835134506,679.6975453694662,26.399682617187523,14.343164062500023,20.518164571126324,72.45509386062622,0.36435184565683204,0.0,21.59641416200424,16.17955143415145,15.070876057942712,14.86987965901693,1022.7644856770833,-20.8515846952796,332.91338872909546,628.5518792470297,26.415093994140648,14.324517822265648,20.552349344889347,71.47453705469768,0.050462962904324137,0.0,20.007840786191466,15.508897474341495,14.898486073811853,14.648455556233728,1022.0044108072917,-19.27941296249628,333.05342322587967,651.8470013936361
2021-07-19,26.821282958984398,15.047875976562523,21.13944524129234,70.67175976435344,24.7745369138817,0.36111112497746944,16.95801234502853,12.990900455705807,13.41238683064779,15.178138987223349,1020.4276627604168,-17.292612691720326,320.1825627684593,660.1446418762207,24.487084960937523,14.670709228515648,19.63071721394859,68.78379567464192,3.0523147732019424,0.0,21.47481780194173,16.02995256476412,12.055000559488974,13.272332763671898,1020.667490234375,-8.24046532313029,328.32629720369977,703.2427488962809,27.096215820312523,15.063470458984398,21.1922431945801,70.6074062983195,20.27546252931158,0.6458333302289248,16.535402875441264,12.773835212135983,13.532910919189476,15.21818313598635,1020.2589290364583,-18.067459384600323,322.46782865126926,667.0766633351644,24.595635986328148,14.970422363281273,19.839889780680362,70.84027767181396,2.6726850867271423,0.0,21.208534266408517,15.727105698905158,12.450748697916708,13.99338048299154,1020.7683821614582,-9.905994494756063,328.03294845422107,681.7586364746094,27.196252441406273,15.238122558593773,21.45539245605471,70.36342589060466,7.244444634765387,0.0833333358168602,16.603574103695166,12.47113696782232,13.642137145996116,15.393000539143884,1020.4682454427083,-19.600600615143776,326.121420999368,666.041036605835,25.772241210937523,15.120019531250023,20.490796661376976,71.08981450398763,7.0509260178854065,0.0,19.821373822261116,14.316813856235646,12.498704528808616,14.654579416910849,1020.9051790364583,-14.442893743515015,325.3482574224472,678.6542129516602,27.260522460937523,15.489129638671898,21.63417714436851,70.39953819910686,10.65277752528588,0.0833333358168602,16.79354715307465,12.75146574482965,13.927913920084677,15.561329142252646,1020.431416015625,-20.14907193183899,326.6122125585874,656.0902837117513,26.259423828125023,14.980096435546898,20.775244649251324,71.223610719045,6.777777840693791,0.02777777798473835,18.265824864781703,13.711116047145056,12.951262410481775,14.959929402669275,1020.6103483072917,-16.11821711063385,326.1542609333992,669.3164202372233
2021-07-20,27.045159912109398,16.680932617187523,21.910410817464214,69.58703692754109,8.510185072237315,0.0,13.836821865079044,9.658931300663317,12.333408610026083,15.59750645955404,1019.4353873697917,-16.81748801469803,324.54654091596603,697.5835749308268,24.780297851562523,15.627770996093773,20.09454752604169,70.48981523513794,9.104166916571558,1.6666667461395264,17.1221056839325,12.525785829674996,11.112278238932333,14.015712992350302,1019.8879915364582,-8.079104781150818,329.66522629062337,711.1971346537272,26.900689697265648,16.489190673828148,21.78098068237307,68.9412039120992,5.631018628676732,0.02777777798473835,13.872583050286039,9.485050935297897,12.335352834065759,15.333145395914755,1019.5931673177083,-16.040786524613697,325.1228657960892,682.5909272829691,24.918847656250023,15.728417968750023,20.223555501302105,70.72824080785115,7.811574107967317,3.0,17.078480851161963,12.340989174363479,11.159379577636741,14.1962880452474,1019.4572005208333,-8.477122068405151,327.93634934226674,710.3922519683838,26.447045898437523,16.166284179687523,21.415527598063175,69.55509281158447,1.9564815412353103,0.0,14.539627611439455,10.047548131549133,12.575730895996116,15.127272542317712,1019.8969270833333,-13.643905520439148,326.7414114375909,631.7896331151327,26.382745361328148,16.359460449218773,21.36602935791018,70.66713031133015,2.8643518102665744,0.5000000149011612,14.03061440954344,10.277370201512786,11.985084788004599,15.274561818440759,1019.4624251302083,-14.524804751078287,326.05444113413495,689.4107236862183,26.624627685546898,16.219903564453148,21.49588546752932,69.4717583656311,5.048611129168421,0.0,14.542333620539665,10.261575088874887,12.648563639322958,15.163371022542321,1019.80072265625,-14.221748153368631,326.9302263359229,653.5612478256226,26.853112792968773,16.525842285156273,21.7659736633301,69.72453657786052,5.818981496306757,0.5000000149011612,12.852658949740773,9.460531044040144,12.236356353759788,15.492065684000693,1019.3986002604167,-16.44287457068761,325.58527453740436,676.096744855245
2021-07-21,26.366693115234398,15.185754394531273,20.92061640421552,64.25509325663249,0.6166666883121555,0.0,14.01292108819172,10.253359185576555,12.83600769042971,13.282406107584677,1021.8958138020832,-10.349952220916748,327.6246493260066,584.8423687616984,26.537652587890648,15.894464111328148,21.3655461629232,66.72685130437215,1.9000000382463138,0.0,15.107834711424267,10.919539333105172,12.039650217692099,14.384926096598349,1021.384765625,-11.798646132151285,325.29704239964485,646.8976554870605,27.107537841796898,15.649987792968773,21.459451293945335,63.19583400090536,4.214814888934295,0.0,13.583472085038615,10.05100251374138,12.925525919596396,13.423092142740927,1021.7128385416668,-12.227685729662577,326.489203363657,611.9440469741821,26.858666992187523,15.826043701171898,21.556377665201847,66.50648196538289,4.437037020960513,0.1666666679084301,13.62354970476848,9.729372318854308,12.074393208821618,14.564829762776696,1021.4551953125,-13.369095802307129,323.8735006451607,634.7585439682007,27.342828369140648,15.796899414062523,21.64368082682294,63.2361110051473,7.149999872160454,0.0,13.197204693358985,9.647399333644833,13.065104420979821,13.572520192464196,1021.584345703125,-13.385948181152344,325.4912570118904,602.6177972157797,26.592034912109398,15.341333007812523,21.17230377197268,64.95046488444011,1.5250000127901633,0.0,13.593699621734107,9.848193058023549,12.539933776855491,13.721000925699911,1021.7674576822917,-12.45195476214091,326.7235572536786,588.1936502456665,27.400933837890648,16.249993896484398,21.845688120524112,64.1587963104248,3.4032407846922674,0.0,13.946423428428325,9.7732335014741,13.06181360880538,13.990106201171898,1021.4342350260417,-14.248936573664347,325.55731676022214,613.4213542938232,26.338891601562523,15.161523437500023,20.91351470947268,64.40185260772705,1.5458333636634052,0.0,13.935883147162931,10.247992019943052,12.667036946614587,13.306523895263695,1021.72197265625,-10.948662161827087,327.8405120571454,584.9057242075602
2021-07-22,27.485284423828148,16.101525878906273,21.880423482259136,64.6430557568868,13.765277712993944,0.0,15.337150048435129,10.928578146924172,12.285305277506552,14.315813954671228,1020.6894921875,-12.527530829111734,322.7115758260091,717.4543615976969,27.158227539062523,15.793847656250023,21.60587336222333,67.12546412150066,17.829166536529858,0.0,15.304094988731663,11.1666643251251,12.373189544677757,14.675759887695335,1020.8731315104167,-14.541475494702658,324.4577049612999,685.0906559626261,26.979943847656273,16.082116699218773,21.59528503417971,66.1722224553426,26.836573857814074,0.1666666679084301,15.416605187349328,11.027503774967954,12.211927032470726,14.461670176188193,1020.8882291666667,-11.407568375269571,319.45356838901836,673.0941235224406,27.635980224609398,15.716058349609398,21.784670766194683,65.07037003835042,23.356944769620895,0.0,16.0849919620995,10.963367731952545,12.628563181559286,14.275323486328148,1020.831337890625,-13.962260961532593,324.0630726615588,710.4621750513712,26.835534667968773,15.901025390625023,21.451763407389347,65.88796250025432,12.098611153662205,0.0,15.512218185037808,11.033781771470196,12.273655192057333,14.25442784627279,1021.1205859375,-11.017494599024454,323.7184072633584,666.3249553044637,27.764001464843773,15.837121582031273,21.832139587402366,65.14212894439697,34.156944155693054,0.0,16.320021214577636,10.768089294937646,12.650916035970056,14.359344736735068,1020.657158203125,-13.74814780553182,319.6983315249284,723.5070355733236,26.805078125000023,16.061181640625023,21.553116099039737,65.41805537541707,9.047222058599194,0.0,14.968910776930038,11.044098099425193,12.096626536051474,14.225624338785849,1021.035107421875,-11.227858980496725,324.6636388897896,673.9088411331177,27.507989501953148,15.671655273437523,21.68522923787437,65.42222197850545,18.979629651177675,0.0,15.690661054189418,10.977256827462211,12.395651753743493,14.302101389567099,1020.7135807291667,-12.864350517590841,323.36188358068466,734.1346969604492
2021-07-23,27.066217041015648,15.340600585937523,21.2961733500163,70.13148164749146,75.24907457828522,0.0486111119389534,20.787997922353263,13.848074063176858,14.690616861979208,15.193491872151696,1014.0336295572918,-10.331368237733841,277.0507623056571,583.0788510640463,27.868890380859398,15.836511230468773,21.94530766805015,67.93333164850871,72.3962964117527,0.3402777877636254,21.941966458556134,14.694909057540448,14.915327962239587,15.16334940592452,1013.923388671875,-10.61161724726359,273.87898515661556,593.2638886769613,27.110101318359398,15.126489257812523,21.358188883463566,70.09722216924031,62.70694490273794,0.10416666697710752,19.259887501962872,13.71445430015936,14.539023335774743,15.23626607259115,1014.0791015625,-10.743658810853958,282.81420653065044,605.0263220469157,27.100274658203148,15.716271972656273,21.720750427246116,69.44999965031941,67.309723397096,0.1736111124046147,21.185760475906434,14.235702087547116,14.84811681111654,15.380080159505212,1013.9608040364583,-11.192309441665808,265.30932905276615,576.1949195861816,26.872155761718773,14.960168457031273,21.206759389241558,68.79120381673177,61.890277783075966,0.0,20.048858631855335,13.472735959509748,15.0213612874349,14.740083312988304,1014.6185611979167,-9.941673477490744,289.59370668729144,589.6654103597006,27.447595214843773,15.302575683593773,21.523586527506534,69.00509309768677,67.69444431861241,0.041666666977107525,21.15903015053686,14.095721796607313,14.704038238525413,15.101772562662802,1014.1478483072917,-12.724232385555903,287.66360939542454,580.8640734354655,27.337915039062523,15.126062011718773,21.362058258056663,68.73425912857056,57.97175979614258,0.0,19.00998393538234,13.231266169750915,14.53687184651693,14.888668314615927,1014.4966764322917,-11.157842318216959,299.62550290425617,610.8716697692871,26.945947265625023,15.199792480468773,21.18696492513023,69.92638731002808,69.15231492122014,0.0,20.39498470528223,13.812498348114405,14.556052144368493,15.06099344889327,1013.9530696614582,-8.822222967942556,260.61579535404843,561.7752170562744
2021-07-24,24.794427490234398,18.116845703125023,20.50221913655601,75.18611240386963,86.48148107528687,122.94444384844974,20.11978171347843,12.358815024830662,12.77145665486654,15.449096934000693,1008.314619140625,2.004310925801595,215.19495971004167,777.8430965741476,26.100335693359398,18.120935058593773,21.38440856933596,71.26157363255818,87.76944430669148,91.94444385170937,17.022054058081906,11.136548616721441,13.709790802001976,15.28114725748702,1008.4141048177083,-5.764094864328702,230.24237417678037,761.4686368306478,24.338891601562523,17.905541992187523,20.565450286865257,74.69861141840617,87.71481625239055,122.03472352772951,18.87014324636302,12.374614582347347,12.36288986206057,15.473442331949911,1008.6675358072918,3.3721885780493417,205.90272029240927,738.8373454411825,25.719720458984398,17.855981445312523,20.832695261637394,72.59490648905437,81.50925866762798,56.65277874469757,19.656336689393253,11.84383066776166,13.310472106933616,15.10907897949221,1008.3755013020833,-2.008681535720825,228.36166766285896,795.3330376942953,24.989007568359398,17.950646972656273,20.596312459309917,73.50787003835042,84.06157239278157,92.45138884335756,16.792399581356968,11.320815354791051,12.421895599365257,15.205110168457054,1009.1544140625,0.0694837470849355,247.41588831941286,729.4479029973348,25.179772949218773,18.067102050781273,20.895920054117862,71.9314816792806,87.20324055353801,126.66666579246521,19.743208349541977,13.340418574610068,12.883658345540368,15.034176127115927,1008.792626953125,-3.890568165729443,238.57465059061846,784.9891017278036,25.117089843750023,17.747583007812523,20.810454305013042,72.05925909678142,65.6935175259908,75.36805584374815,18.695317735539007,13.652635375148078,12.613650258382165,15.06793111165365,1008.924306640625,-0.38270630439122516,265.98647703727084,804.7868436177572,24.528741455078148,17.695703125000023,20.7197827657064,73.4675923983256,84.87638823191325,98.61805637739599,18.79052846274155,12.503505543080573,12.541640218098962,15.246873474121116,1008.6124186197917,-1.7277314762274425,216.24433505535126,797.4255990982056
2021-07-25,21.541894531250023,15.890802001953148,18.27009480794273,83.50601863861084,88.6638895670573,217.62500047683716,19.568291285166246,13.1112592512363,9.435511525472009,15.320428466796898,1008.062763671875,8.750340938568115,193.61254168550172,650.5223600069681,21.625115966796898,16.649987792968773,18.487498219807964,81.56064828236897,91.32314777374268,238.98610925674438,18.046513220086997,14.165622463413222,9.759932454427087,15.18723068237307,1008.353544921875,8.178693676988283,159.00585235158601,677.4908072153727,21.410577392578148,15.924157714843773,18.373228963216167,81.49027729034424,80.34305604298909,107.19444453716278,19.572936574560195,14.112407952999183,9.23761647542318,15.05046106974288,1008.042939453125,11.203209233780703,195.79093033075333,701.9608017603556,20.730767822265648,16.066766357421898,18.353623962402366,83.37592665354411,92.72268438339233,306.9027795791626,17.939657536283622,12.501377893825145,9.818842824300134,15.420513407389365,1008.0632779947917,10.670034378767014,163.18113058557114,591.0531231562296,20.654992675781273,15.826409912109398,17.74652506510419,85.31527773539226,85.26250072320302,123.7708340883255,17.947297491516544,14.056068161065417,9.246325429280603,15.159903462727868,1007.9970182291668,13.699431320031485,151.0730556001266,649.8108075459799,21.544885253906273,15.711389160156273,18.418960825602237,83.4449068705241,93.94814888636272,293.0902805328369,18.459404640699187,13.421069160515012,9.714206949869833,15.453350321451865,1007.9259700520832,12.180168509483337,177.96813535535088,609.3027753829956,21.286370849609398,15.813928222656273,17.818264261881534,85.6995366414388,91.89537000656128,137.40972113609314,17.52250758805772,13.13436015247715,9.279022471110068,15.294496154785179,1008.052568359375,11.983828057845434,155.54155467947325,629.2221221923828,21.617456054687523,16.036614990234398,18.573658243815128,83.08148193359375,91.93796443939209,257.31944274902344,18.409811730321987,13.727350837580678,9.511042531331384,15.525141652425134,1008.2820247395833,10.297872940699259,205.96718220909437,671.2839304606119
2021-07-26,22.425195312500023,14.334497070312523,17.953542327880882,82.26898193359375,68.89953748385112,213.40972423553467,14.278627391571236,10.841902087236768,9.462571716308616,14.698588307698571,1011.735732421875,0.4968201418717702,184.28951599200568,545.377926270167,23.901635742187523,14.212091064453148,19.115154520670597,75.35879627863567,60.67500082651774,336.319447517395,13.039306266842221,7.723436926237599,9.918244934082054,14.254018402099632,1011.9523860677083,-9.18362346291542,228.10303631424904,546.8357026179632,21.968347167968773,14.468286132812523,17.85977706909182,83.45694478352864,73.56759277979533,162.92360925674438,16.80808487042029,11.144088336413835,9.46680603027346,14.888782755533896,1011.3654166666668,3.6567244144777455,148.2530151704947,520.0055967966715,25.490869140625023,14.644311523437523,19.65516560872398,70.9689809481303,54.41296362876892,203.03472232818604,16.907589018466187,10.818585754760823,9.980276997884118,13.592505391438806,1012.1584049479167,-12.104849676291147,223.62190082172552,726.3075946172079,21.532312011718773,14.279199218750023,17.686664835612003,84.11805566151936,59.41898155212402,83.90972208976746,15.030142972271548,10.962793447828831,9.482645924886071,14.872680918375693,1011.5074609375,2.6814549763997397,173.00992834568024,494.996261159579,22.953576660156273,14.257043457031273,18.673541005452496,76.56296348571777,78.9018526871999,238.50694274902344,14.963360995149541,9.766652843022099,9.516989644368493,14.086834208170615,1011.7866634114583,-8.031818076968193,196.9688473045826,605.9108950297037,21.928247070312523,14.022027587890648,17.77979939778648,82.93981488545735,66.48703718185425,41.18749985098839,14.840560062562485,10.958775101670682,9.457349395751976,14.698279317220056,1011.491572265625,0.26968767245610553,197.2403380870819,537.7617058356603,22.199365234375023,13.860284423828148,17.94468205769859,82.73518403371175,78.530091603597,273.6527738571167,13.760075037676124,10.070793654253649,9.509427642822288,14.77246754964193,1011.8976822916667,0.19726185003916422,181.77562487125397,535.8868681192398
