Date,temperature_2m_max_run_00Z_day1_gfs,temperature_2m_min_run_00Z_day1_gfs,temperature_2m_mean_run_00Z_day1_gfs,relative_humidity_2m_mean_run_00Z_day1_gfs,cloud_cover_mean_run_00Z_day1_gfs,precipitation_sum_run_00Z_day1_gfs,wind_speed_10m_max_run_00Z_day1_gfs,wind_speed_10m_mean_run_00Z_day1_gfs,temperature_850mb_mean_run_00Z_day1_gfs,dew_point_2m_mean_run_00Z_day1_gfs,msl_pressure_mean_run_00Z_day1_gfs,ground_heat_flux_mean_run_00Z_day1_gfs,downward_shortwave_mean_run_00Z_day1_gfs,boundary_layer_height_mean_run_00Z_day1_gfs,temperature_2m_max_run_00Z_day2_gfs,temperature_2m_min_run_00Z_day2_gfs,temperature_2m_mean_run_00Z_day2_gfs,relative_humidity_2m_mean_run_00Z_day2_gfs,cloud_cover_mean_run_00Z_day2_gfs,precipitation_sum_run_00Z_day2_gfs,wind_speed_10m_max_run_00Z_day2_gfs,wind_speed_10m_mean_run_00Z_day2_gfs,temperature_850mb_mean_run_00Z_day2_gfs,dew_point_2m_mean_run_00Z_day2_gfs,msl_pressure_mean_run_00Z_day2_gfs,ground_heat_flux_mean_run_00Z_day2_gfs,downward_shortwave_mean_run_00Z_day2_gfs,boundary_layer_height_mean_run_00Z_day2_gfs,temperature_2m_max_run_06Z_day1_gfs,temperature_2m_min_run_06Z_day1_gfs,temperature_2m_mean_run_06Z_day1_gfs,relative_humidity_2m_mean_run_06Z_day1_gfs,cloud_cover_mean_run_06Z_day1_gfs,precipitation_sum_run_06Z_day1_gfs,wind_speed_10m_max_run_06Z_day1_gfs,wind_speed_10m_mean_run_06Z_day1_gfs,temperature_850mb_mean_run_06Z_day1_gfs,dew_point_2m_mean_run_06Z_day1_gfs,msl_pressure_mean_run_06Z_day1_gfs,ground_heat_flux_mean_run_06Z_day1_gfs,downward_shortwave_mean_run_06Z_day1_gfs,boundary_layer_height_mean_run_06Z_day1_gfs,temperature_2m_max_run_06Z_day2_gfs,temperature_2m_min_run_06Z_day2_gfs,temperature_2m_mean_run_06Z_day2_gfs,relative_humidity_2m_mean_run_06Z_day2_gfs,cloud_cover_mean_run_06Z_day2_gfs,precipitation_sum_run_06Z_day2_gfs,wind_speed_10m_max_run_06Z_day2_gfs,wind_speed_10m_mean_run_06Z_day2_gfs,temperature_850mb_mean_run_06Z_day2_gfs,dew_point_2m_mean_run_06Z_day2_gfs,msl_pressure_mean_run_06Z_day2_gfs,ground_heat_flux_mean_run_06Z_day2_gfs,downward_shortwave_mean_run_06Z_day2_gfs,boundary_layer_height_mean_run_06Z_day2_gfs,temperature_2m_max_run_12Z_day1_gfs,temperature_2m_min_run_12Z_day1_gfs,temperature_2m_mean_run_12Z_day1_gfs,relative_humidity_2m_mean_run_12Z_day1_gfs,cloud_cover_mean_run_12Z_day1_gfs,precipitation_sum_run_12Z_day1_gfs,wind_speed_10m_max_run_12Z_day1_gfs,wind_speed_10m_mean_run_12Z_day1_gfs,temperature_850mb_mean_run_12Z_day1_gfs,dew_point_2m_mean_run_12Z_day1_gfs,msl_pressure_mean_run_12Z_day1_gfs,ground_heat_flux_mean_run_12Z_day1_gfs,downward_shortwave_mean_run_12Z_day1_gfs,boundary_layer_height_mean_run_12Z_day1_gfs,temperature_2m_max_run_12Z_day2_gfs,temperature_2m_min_run_12Z_day2_gfs,temperature_2m_mean_run_12Z_day2_gfs,relative_humidity_2m_mean_run_12Z_day2_gfs,cloud_cover_mean_run_12Z_day2_gfs,precipitation_sum_run_12Z_day2_gfs,wind_speed_10m_max_run_12Z_day2_gfs,wind_speed_10m_mean_run_12Z_day2_gfs,temperature_850mb_mean_run_12Z_day2_gfs,dew_point_2m_mean_run_12Z_day2_gfs,msl_pressure_mean_run_12Z_day2_gfs,ground_heat_flux_mean_run_12Z_day2_gfs,downward_shortwave_mean_run_12Z_day2_gfs,boundary_layer_height_mean_run_12Z_day2_gfs,temperature_2m_max_run_18Z_day1_gfs,temperature_2m_min_run_18Z_day1_gfs,temperature_2m_mean_run_18Z_day1_gfs,relative_humidity_2m_mean_run_18Z_day1_gfs,cloud_cover_mean_run_18Z_day1_gfs,precipitation_sum_run_18Z_day1_gfs,wind_speed_10m_max_run_18Z_day1_gfs,wind_speed_10m_mean_run_18Z_day1_gfs,temperature_850mb_mean_run_18Z_day1_gfs,dew_point_2m_mean_run_18Z_day1_gfs,msl_pressure_mean_run_18Z_day1_gfs,ground_heat_flux_mean_run_18Z_day1_gfs,downward_shortwave_mean_run_18Z_day1_gfs,boundary_layer_height_mean_run_18Z_day1_gfs,temperature_2m_max_run_18Z_day2_gfs,temperature_2m_min_run_18Z_day2_gfs,temperature_2m_mean_run_18Z_day2_gfs,relative_humidity_2m_mean_run_18Z_day2_gfs,cloud_cover_mean_run_18Z_day2_gfs,precipitation_sum_run_18Z_day2_gfs,wind_speed_10m_max_run_18Z_day2_gfs,wind_speed_10m_mean_run_18Z_day2_gfs,temperature_850mb_mean_run_18Z_day2_gfs,dew_point_2m_mean_run_18Z_day2_gfs,msl_pressure_mean_run_18Z_day2_gfs,ground_heat_flux_mean_run_18Z_day2_gfs,downward_shortwave_mean_run_18Z_day2_gfs,boundary_layer_height_mean_run_18Z_day2_gfs
2021-04-01,5.920220947265648,0.20879516601564774,2.915554300944033,76.90462875366211,44.76481397946676,76.99999809265137,15.11692463613751,13.439044230338743,-5.043564860026038,-0.9392468770344635,1011.945224609375,-12.42374038696289,194.0892387907952,404.3714402516683,6.227807617187523,0.04998168945314774,2.8907257080078352,75.20416784286499,38.88333257039388,18.333333492279053,13.710134100438587,12.151530749591439,-5.039769236246741,-1.3141070048014285,1011.8940690104167,-12.71140225728353,197.6477044361333,355.3779927889506,5.927758789062523,0.16738281250002274,2.8874018351237205,76.97175931930542,38.343055844306946,1.3333333432674408,15.331956819322365,13.724531810716362,-5.093027496337868,-0.9561866760253679,1011.7999283854167,-11.68842617670695,195.07281028044721,418.07110023498535,6.372216796875023,-0.06503906249997726,2.976496632893903,75.00972207387288,44.160648127396904,21.333333492279053,16.030004449926324,12.585257465706505,-5.130255126953102,-1.2528544108072879,1011.5776953125,-13.296403725941977,197.30009408170977,380.80747350056964,6.024835205078148,0.24389038085939774,2.882309214274111,76.93286959330241,27.05277717113495,0.10416666977107525,15.1814893537183,14.057564040186174,-5.157038116455055,-0.981901550292946,1011.63201171875,-10.906005382537842,197.03497881504396,422.443852742513,6.062402343750023,0.18331298828127274,2.9973236083984602,75.10092608133952,32.152778228123985,25.833332061767578,15.144503088842814,13.497535465767973,-5.13265457153318,-1.2070831298827898,1012.3596940104167,-12.591659943262735,197.11512945902845,399.1330909729004,6.066735839843773,0.29238281250002274,2.8947540283203352,76.64675951004028,25.084723035494488,0.06250000046566129,14.940968518873019,13.909751621613756,-5.211946868896462,-1.024955495198526,1011.5993815104167,-11.020562887191772,197.32026369186738,412.2965838114421,5.926751708984398,0.08092651367189774,2.9929723103841375,75.96713002522786,44.793055246273674,53.66666793823242,14.66926780208452,12.674578305904944,-4.95846023559568,-1.0481157938639285,1012.3411263020832,-12.979833761850992,194.2773869317025,391.0524450937907
2021-04-02,3.4051757812500227,0.6278015136718977,1.6156682332356997,86.19490814208984,97.26018492380778,2.3194444496184587,15.344250131119095,10.725532988576953,-6.474567159016885,-0.4679397583007585,1007.968486328125,-5.234907666842143,99.92660977691412,299.3040751218796,3.7473083496093977,-0.029211425781227263,1.8179883321126529,82.5250015258789,75.24305407206218,77.45138788223267,16.805281496123992,12.250456189448371,-6.442149861653604,-0.9196647644042741,1008.828681640625,-0.53887410958608,117.10162833767633,324.82363402843475,3.2994018554687727,0.5709167480468977,1.7260693868001529,85.91342703501384,97.17175992329915,2.069444451481104,15.647592945255047,10.636627203962407,-6.530260467529274,-0.4042851765950104,1007.8178580729167,-6.803348938624064,95.2583524659276,305.94330688317615,3.8199707031250227,0.04274902343752274,2.0270248413086165,82.23379580179851,83.59722185134888,4.6805555783212185,17.520050344809825,12.964009753632622,-6.454327646891272,-0.761747741699196,1008.598818359375,-6.452716747919719,133.4445168916136,348.0514272848765,2.8910461425781477,0.26860961914064774,1.5233055114746321,87.01574198404948,95.08518441518147,2.0902778021991253,15.498030603890829,10.463857445753785,-6.611798350016272,-0.421757761637366,1007.9836555989583,-3.1279824574788413,91.91923993391295,272.46844438711804,3.7007080078125227,0.09316406250002274,1.9814188639323145,82.70509401957194,89.3472204208374,3.624999986961484,14.644123124799489,11.242664821311402,-6.4543352762858035,-0.711698913574196,1008.498935546875,-5.2164056698481245,128.13707670321068,314.7110495567322,2.8438354492187727,0.45577392578127274,1.6203234354655176,86.36805470784505,98.59120432535808,0.9236111012287438,14.432574163198213,10.819257989929723,-6.6049573262532135,-0.43412373860672915,1008.109580078125,-2.7065216700236,87.28774078252415,274.43353430430096,3.4755187988281477,0.46175537109377274,2.0004325866699446,83.00277837117513,95.01203727722168,1.062499988824129,14.84248959687542,11.296957579482774,-6.528451029459632,-0.6351277669270416,1008.526181640625,-5.245973865191142,104.87922156664233,302.9723271926244
2021-04-03,2.9477783203125227,-0.41553344726560226,1.2420148213704654,83.52592468261719,90.13842542966206,5.104166656732559,16.340609247777024,11.627610796603847,-7.493009948730446,-1.3352531433105241,1010.7921614583333,-3.3239243825276694,86.80102047572534,362.85119529565173,4.676446533203148,-0.9100097656249773,1.994233703613304,80.08657471338908,69.63888851801555,9.805555522441864,15.108591512332394,9.743901416365604,-7.303680165608682,-1.2813247680663835,1011.3560221354168,-10.892014106114706,177.86570248752832,371.2869005203247,2.4255615234375227,-0.7831787109374773,1.1121523539225489,83.64768409729004,89.39861059188843,4.145833358168602,16.83793014879998,12.19050169022772,-7.229770406087198,-1.4228373209635379,1010.7791178385418,0.5766154726346334,77.6406112127006,376.596909681956,3.1686645507812727,-0.49524536132810226,1.4837712605794497,82.65648206075032,75.56296404202779,6.229166567325592,14.148737865337313,10.51599880451957,-7.361483001708962,-1.2319753011067291,1011.379013671875,-2.9129473765691123,116.36648114522298,342.733137011528,2.8426147460937727,0.33071289062502274,1.4812446594238509,81.99027729034424,93.82916625340779,6.847222194075584,16.33294966455017,12.198624095897264,-7.162521107991495,-1.3246470133463504,1010.9687109375,-2.9043823778629303,69.14692596159875,388.60982890923816,3.1930480957031477,0.23922119140627274,1.5201482137044497,84.6875,90.00185163815816,7.381944417953491,15.285959242453915,10.749856804457607,-7.501247151692667,-0.8694913228352448,1011.1773014322918,-6.958299080530803,93.59896460982661,347.8837403853734,3.7937255859375227,0.04195556640627274,1.707167561848981,80.32268555959065,89.79074128468831,2.1874999962747097,16.9264936004506,12.001171133139271,-7.19670715332029,-1.4248184204101335,1011.0303743489583,-8.392287254333496,91.39807342054944,412.46683700879413,2.5106445312500227,0.20949707031252274,1.3291488647461165,85.17175960540771,93.49212980270386,7.90972226858139,14.719019598693336,11.561583501599971,-7.338592274983682,-0.935111745198526,1010.4492122395833,-4.623716119366388,81.79977780363213,370.63212112585705
2021-04-04,5.492181396484398,-0.12409057617185226,2.8162475585937727,79.82638867696126,80.56805570920308,4.555555507540703,38.68971624026848,23.514626250304214,-3.191728973388649,-0.5265983581542741,1003.1228157552083,-19.97122621536255,166.5077586599315,560.7912743886312,5.151055908203148,-0.8064636230468523,1.9995221455892154,82.67407417297363,73.56342617670695,16.29861107468605,24.060369975486246,18.107519213611262,-3.9667928059895416,-0.7895365397135379,1007.0423828125,-11.141549348831177,115.70987136662006,417.1649554570516,5.613793945312523,0.08168945312502274,2.9714243570963768,79.69999980926514,81.29907512664795,4.888888835906982,38.50957676492735,23.71791032939017,-2.990501149495401,-0.4030797322590729,1003.2611458333333,-20.167297427852947,163.9356483851249,572.0379473368326,5.676293945312523,-0.8089660644531023,2.4883756001790593,79.7731482187907,58.73703593652075,12.777777642011642,32.16891012761255,20.738794432106562,-3.2231595357258698,-0.8610379536946198,1005.0145182291667,-22.01222364107768,161.01647867014012,501.2023328145345,5.586236572265648,-0.08496704101560226,2.9219146728515852,78.22824128468831,78.03611063957214,2.368055557832122,38.938128267868535,23.84096007012865,-3.068340047200479,-0.713078562418616,1003.7340006510417,-20.5713998824358,177.97149737303457,569.7382793426514,5.652215576171898,-0.5195678710937273,2.6244750976562727,79.56620438893636,82.1601854165395,13.659721851348877,36.261450817770005,23.192913464612918,-3.253154500325479,-0.7680063883463504,1003.7258528645833,-21.632880727450054,166.51872815626362,540.4818776448568,5.583123779296898,-0.11588134765622726,2.8264811197916893,77.92824077606201,76.80138921737671,0.47222222620621324,38.69877641328422,23.700122589732473,-3.1479197184244754,-0.8552040100097429,1003.6498470052082,-18.584472729514044,171.50555743494382,552.8787307739258,5.461938476562523,-0.20554199218747726,2.766792551676455,79.47824064890544,82.76620427767436,5.041666731238365,38.35134166382349,23.326768891197343,-3.2049341837565066,-0.6527618408202898,1003.117041015625,-20.60052999233206,171.5545547840496,557.5199228922526
2021-04-05,3.3888488769531477,-0.22058715820310226,1.9008079528808821,87.70925776163737,96.81898148854573,109.64583273231983,41.12304780665008,32.58040440247827,-4.820778910319007,0.027200317382835237,981.6345377604167,-1.6618566513061523,61.24264759741103,933.5757904052734,3.4750000000000227,-0.36176147460935226,1.7642061869303614,85.51296170552571,97.41250006357829,94.61805546283722,43.29957249778487,37.38396733113634,-5.341584269205725,-0.5168187459309479,979.166025390625,1.5770950118700664,86.52827721182257,1041.4858576456706,3.3106323242187727,-0.5719360351562273,1.7454582214355696,86.58379491170247,97.14259211222331,113.05555582046509,41.089001998136695,34.57944219810516,-5.224367523193337,-0.32142232259110415,981.721015625,1.2259922971328099,62.077703392753996,1028.8920593261719,3.1842285156250227,-0.8107971191406023,1.4611818949381739,87.07083161671956,92.04490717252095,150.40277734398842,40.14550106790197,34.73212108002678,-5.146907552083292,-0.5480547587076785,980.60501953125,7.134095539649327,62.184740935762726,987.3693211873373,2.9957519531250227,-0.37256469726560226,1.6857353210449446,84.14907264709473,94.3662036259969,130.28472138615325,40.079148151260966,34.60400844877673,-5.248375956217444,-0.8083302815754791,981.7169889322918,4.9991056472063065,65.43214828427881,1023.1145909627279,3.4441162109375227,-0.08722534179685226,1.8511342366536685,84.08842500050862,99.75787099202473,95.66666609048843,41.030082425764746,33.9324814574399,-4.911126200358069,-0.6553914388020416,981.3322135416668,3.070779105027517,64.08912974596024,986.2334416707357,2.9856811523437727,-0.21869506835935226,1.7415430704752832,83.25370407104492,96.05324045817058,139.86805699951947,41.54946647718995,33.91596997022135,-5.494248453776038,-0.9178883870442291,981.8073307291667,3.721638649702072,69.54462793221076,1049.2148717244465,3.4812255859375227,0.07430419921877274,1.9388379414876529,87.02129364013672,97.57824103037517,107.75694522634149,40.73397176677804,33.29143311131028,-4.86102396647135,-0.0678288777668854,981.4417415364583,-0.5473353763421377,47.620221670717,967.1729151407877
2021-04-06,2.6875854492187727,-0.6964477539062273,0.9605550130208561,76.96250057220459,80.27823972702026,234.25000095367432,33.07649656357259,28.632352160923755,-7.9853525797526,-2.6841211954752566,984.8819140625,3.2036002477010093,165.2386668448647,1004.5159505208334,2.3841491699218977,-1.1215270996093523,0.7211547851562727,78.77407360076904,86.71388816833496,214.77083349227905,33.81754953662451,29.05221151470165,-8.215438588460245,-2.580100758870401,984.1796907552083,1.8650466601053874,167.20692065358162,989.5544840494791,2.7199340820312727,-0.6257995605468523,1.0587364196777571,74.93472226460774,68.22638829549153,85.62499952316284,34.23314983735786,28.768885836360536,-7.837506357828772,-2.9434150695800554,985.4867350260417,1.6064661343892415,169.18298163513342,970.8605499267578,3.0354553222656477,-0.5887512207031023,0.9633956909179915,74.24305534362793,57.17870299021403,202.0069441795349,31.720205105171097,28.672962239555087,-8.261832936604776,-3.1448209126789948,985.4565494791667,1.880578597386678,187.85679501791796,1012.2304051717123,2.9543090820312727,-0.6722167968749773,1.1965143839518457,75.13796265920003,65.33425863583882,19.187500029802322,34.14746553251243,29.823754635680945,-7.692287190755167,-2.798582458496071,985.4269108072917,-4.590744574864705,182.67178333799043,988.1341832478842,2.8166748046875227,-1.3263916015624773,1.0187774658203352,74.57546297709148,53.57037059466044,219.0625,35.65081708040902,30.608588345392082,-8.044454956054665,-3.046664937337198,984.7417838541667,2.2943543195724487,197.07342444856963,1025.4698232014973,2.9882446289062727,-0.5480102539062273,1.0777488708496321,75.8296308517456,56.42453749974569,22.125000342726707,33.52014028619654,29.552265462154917,-7.732720438639319,-2.764163716634073,985.489013671875,2.319323182106018,168.95410983264446,988.0447489420573,2.3864685058593977,-0.9677490234374773,0.9433519999186425,76.56527900695801,81.56944465637207,236.99305629730225,32.57949057006718,28.225732848191758,-7.984468841552712,-2.7681666056315066,984.3695735677082,-0.8548164367675781,177.21488962570825,980.991106669108
2021-04-07,4.072229003906273,0.28328857421877274,2.0229354858398665,78.38564968109131,76.7745377222697,26.8125,33.57314469720277,21.47864988524582,-6.339561208089151,-1.4553181966145416,996.0091927083333,-20.44561352332433,195.030017743508,626.9127868016561,3.6662841796875227,-0.30682983398435226,1.4684819539388247,78.89953708648682,66.38657387097676,258.8263921737671,29.724952623154145,21.205958467495396,-6.993444824218727,-1.8928601582844635,998.1457942708333,-15.140893379847208,193.7807558476925,566.6475200653076,4.122583007812523,0.46212158203127274,1.9402926127116114,81.0240748723348,84.77407391866048,18.43750023841858,34.71162522358495,22.92747768559687,-6.216576639811194,-1.0896731058756473,995.1173079427083,-18.504482636849087,179.65025725960732,707.6767743428549,3.8084045410156477,-0.35129394531247726,1.3876218159993716,79.00926001866658,37.42037006219228,97.77083230018616,26.593678919087022,22.560113768853693,-7.208945973714151,-1.9836524963378679,997.221806640625,-15.373587608337402,199.1508460690578,672.7145220438639,4.040826416015648,0.26113281250002274,1.904243723551455,79.7185206413269,74.78611135482788,1.7152777966111898,35.690614410397615,22.811421934939442,-6.25338211059568,-1.3699401855468523,994.775693359375,-21.86167352894942,193.59037065505981,695.4196166992188,3.4203735351562727,-0.07834472656247726,1.4808415730794497,80.82777849833171,69.98610925674438,28.833333373069763,33.38104197767209,24.226365700352584,-6.673256937662757,-1.5264368693033816,996.76826171875,-10.543968359629313,158.2057562073072,645.0015093485514,4.047113037109398,-0.05652465820310226,1.8238159179687727,77.49212869008382,76.29074096679688,5.409722320735455,35.40909037061631,20.22921856961061,-6.151066843668616,-1.8143803914387604,995.6292936197917,-20.975569397211075,194.05779965718588,554.8226037025452,4.054437255859398,0.07229003906252274,1.7719220479329654,79.57731691996257,67.69166707992554,36.01388943195343,32.82169128060114,23.95163413077225,-6.439549509684241,-1.4938809712727448,996.811611328125,-19.350932876269024,198.56753772497177,651.3989550272623
2021-04-08,4.574182128906273,-0.17163696289060226,1.9026542663574446,69.89444478352864,61.86249963442484,12.444444328546524,23.899060924758928,15.13949620523826,-7.9533281962076785,-3.4963897705077898,1001.6739518229167,-8.424168666203817,204.4454102317492,691.8707973162333,4.832574462890648,0.10463867187502274,2.1437367757161687,70.61157147089641,73.60231431325276,31.951388955116272,17.336047250088622,11.932488434973477,-7.764836374918616,-3.216740671793616,1004.62142578125,-11.542247454325357,186.80896071096262,611.6914459864298,4.615686035156273,-0.12903442382810226,1.8954457600911685,70.2680549621582,53.7259255250295,11.81249988079071,25.037894547955016,15.454346983014304,-7.874652608235635,-3.4598958333332916,1001.5676888020832,-10.501030087471008,207.1153680110971,721.2579096158346,4.399255371093773,-1.1857666015624773,1.6911191304524966,73.74212789535522,61.06712950269381,44.312499940395355,18.85986081147755,13.405804647385189,-7.848510487874307,-2.992674255371071,1003.7890852864583,-10.07989732424418,201.2279068827629,618.4825344085693,4.782403564453148,-0.11185302734372726,1.9572972615560122,67.9143516222636,56.7296302691102,8.194444447755814,24.83948253762502,15.585763028319525,-7.9229504903157135,-3.926232401529944,1001.4097102864583,-8.446229298909506,205.00699836512408,761.5074469248453,4.408837890625023,-0.21472778320310226,1.8771453857422102,72.777778784434,60.41111100837588,25.548611521720886,20.982812155210397,15.566980850406816,-7.992009226481116,-3.0443316141764285,1002.1203678385417,-11.213492592175802,205.3718128874898,722.8993053436279,4.774163818359398,-0.26450195312497726,1.9216107686360904,67.68750015894572,51.31435233602921,3.354166701901704,23.838550760167344,16.148349902671352,-7.914083862304665,-4.075837198893225,1001.6497526041667,-7.4746707280476885,200.05718314150968,784.4877055486044,4.323907470703148,-0.29865112304685226,1.7209729512532779,69.74166631698608,71.40185191233952,23.250000298023224,24.725622495783327,14.495535177097594,-8.091017150878884,-3.6779693603515398,1001.389375,-5.784036636352539,191.70542452236018,667.5063542524973
2021-04-09,3.4823852539062727,-0.5896057128906023,1.2099675496419497,88.5222209294637,82.59629586835702,74.82638862729073,45.36888463752468,32.28016585006869,-6.054825846354163,-0.5234639485676666,1000.7411783854167,16.067596157391865,31.55323984225591,835.9883047739664,3.1495300292968977,-0.6649536132812273,1.2723391215006739,88.75277773539226,77.12592512865861,82.54861110448837,44.68588406884679,32.032138208380346,-6.153204345703102,-0.425925954182901,1000.8232356770833,17.603901942571003,27.474907532334328,827.6129029591879,3.2704101562500227,-0.7173217773437273,1.1513954162597884,87.79351774851482,76.93148114842673,73.26388943381608,45.23223153574707,32.39161147817985,-6.142337544759073,-0.6921587626139285,1000.5064583333333,17.946058332920074,35.32212915023168,837.8604431152344,2.7997985839843977,-0.7867187499999773,1.1479303995768457,88.95000012715657,71.44305495421092,76.56944435834885,43.68744067234987,31.217282132069517,-6.075436655680335,-0.5205342610676666,1001.4135774739583,19.00580773750941,28.2885548522075,785.751848856608,3.1775756835937727,-0.48700561523435226,1.3582740783691634,87.781018892924,78.75833340051274,64.958332285285,46.10875440337109,32.804519520027334,-6.100993855794229,-0.482823435465491,1001.173505859375,13.914130628108978,42.4066106826067,856.4218622843424,2.9652343750000227,-0.6949218749999773,1.242751057942731,87.63703600565593,83.95972161740065,73.31944486498833,44.01014652092961,31.99532838319318,-6.2472671508788835,-0.6361640930175554,1001.407568359375,15.573349277178446,29.839019214113552,845.4259440104166,3.0940795898437727,-0.34097900390622726,1.3884496053060122,88.29953702290852,82.70879615843296,65.8402778506279,46.09876853833697,32.93658961345798,-6.062888844807901,-0.374943796793616,1001.3548502604167,12.943569580713907,42.16922185818354,861.6221211751302,3.0244689941406477,-0.5089477539062273,1.2649258931478091,88.63981437683105,86.06342556079228,70.45833396911621,44.17662260102054,32.726854124492036,-6.022570037841774,-0.4542004903157135,1000.9327799479167,13.898167371749878,31.522389446695644,853.465171178182
2021-04-10,3.1974731445312727,0.7349182128906477,2.4124453226725486,81.10092703501384,45.0060187180837,196.6319456100464,43.68056550575969,30.6061897841595,-7.314850870768225,-0.5150894165038835,1004.7228450520832,-22.128576801468927,214.59226182103157,982.2272898356119,3.5172058105468977,0.5097290039062727,1.9627484639485904,86.34213002522786,82.64814941088359,221.88194465637207,42.85379373544674,28.86127825866559,-7.1066116333007585,-0.10587412516275663,1005.4501595052083,-11.737482139219841,97.93435094753902,803.1679267883301,3.2478881835937727,0.9336486816406477,2.5177500406901268,80.75879700978597,53.41620500882467,209.8611125946045,42.80240725784203,30.886475050065837,-7.166948699951149,-0.4712763468424441,1004.514482421875,-21.318611164887745,205.30026250580946,985.0239315032959,3.2890869140625227,0.42778930664064774,1.9310610453287989,87.78935146331787,83.84027757247289,221.30555534362793,43.090490499646464,28.39630335867855,-6.678397878011026,0.08286437988283524,1005.545654296875,-12.136322677135468,80.63120599587758,733.4422849019369,3.1616455078125227,1.4607177734375227,2.5549344380696843,80.43842506408691,63.69351863861084,99.56944298744202,42.837315675968426,32.134711313486875,-7.018279774983682,-0.4824101765950104,1004.4197916666667,-21.64890008668105,198.51897911230722,980.367005666097,3.1881652832031477,0.9527221679687727,2.436672465006533,83.20277722676595,76.37824010848999,206.72222232818604,43.62247630073906,31.036567052110183,-7.119828287760413,-0.13717625935868227,1005.1732552083333,-23.446865797042847,187.79950314760208,907.2407442728678,3.2284179687500227,1.5791870117187727,2.54932301839195,81.65694459279378,61.75046408176422,24.07638891041279,42.493338793289965,32.75349450844866,-6.867601776123024,-0.2806088765461823,1004.3986360677083,-22.805105686187744,201.8844064672788,973.3069725036621,3.2461181640625227,1.0949645996093977,2.517352040608747,81.80185000101726,55.83055647214254,214.18055725097656,43.673045533091326,30.975423696120938,-7.121500396728493,-0.28210678100583664,1004.8552962239582,-23.033264070749283,201.50595545768738,954.4870580037435
2021-04-11,5.520654296875023,1.2166687011718977,3.3258453369140852,77.14675919214885,45.63888866454363,37.118056774139404,25.56332661739962,16.75813969049138,-5.56889699300126,-0.5159299214680573,1021.079541015625,-25.42143476009369,185.52676160136858,401.49064747492474,5.343865966796898,1.0721984863281477,2.943842824300153,77.68148263295491,56.89490747451782,213.34028720855713,25.07295130418912,16.467395232093242,-5.798844401041663,-0.6895456949869754,1020.283837890625,-19.880637526512146,189.0848195652167,419.2824468612671,5.498803710937523,1.0630126953125227,3.2678441365560125,77.02731386820476,42.89398125062386,31.34027874469757,25.535518960136933,16.812629525218252,-5.6736345926920535,-0.6106234232584598,1020.9100227864583,-25.962812463442486,189.1412928799788,401.8360222180684,5.321649169921898,1.2376037597656477,3.033193206787132,79.06157366434734,53.82175898551941,225.84722423553467,24.736107631095567,17.341486115054725,-5.794308725992835,-0.38781458536783475,1020.434873046875,-20.86749478181203,192.45866805315018,438.9097803433736,5.483270263671898,0.9121337890625227,3.1842030843099187,77.09027703603108,39.440277778853975,8.388888835906982,25.610731347191823,16.946378452834825,-5.436563873290993,-0.6614021301269304,1020.8301822916667,-24.996204773585003,185.6129103899002,384.47524150212604,5.419671630859398,1.1222778320312727,3.115730539957705,78.39907519022624,42.72453688085079,120.0416669845581,24.448131836066416,17.03301884004048,-5.706321461995401,-0.4770696004231354,1020.8750423177083,-22.351597905158997,194.35473946730295,411.0069782733917,5.863031005859398,1.1263061523437727,3.3512550354004134,76.28564898173015,36.30925922406217,0.9652777845039964,25.319176039646955,17.048372672392095,-5.474269612630167,-0.6695871988932254,1021.0133723958332,-26.46825385093689,193.9658680856228,422.82158279418945,5.342889404296898,1.1415344238281477,3.128952280680361,79.354629834493,47.28009241322676,47.93749976158142,24.72345739359961,16.452099460525957,-5.641847991943337,-0.2464635213215729,1020.769560546875,-22.85114034016927,186.2054090499878,370.3536146084468
2021-04-12,9.364984130859398,2.1881652832031477,6.049909210205101,83.47453784942627,99.98657353719075,98.67361462116241,23.53056140981581,18.57558908903962,1.7227900187174896,3.3377306620280365,1018.6878352864583,-40.640316903591156,141.63439030448595,409.1227741241455,9.362390136718773,2.6142822265625227,5.777073160807315,82.42360941569011,99.97222264607747,113.11805558204651,23.222422185431085,14.232025695725163,0.8296396891276459,2.893623606363974,1020.4849186197918,-39.078575134277344,162.48512460788092,259.4111369450887,9.561822509765648,2.6257568359375227,6.2571884155273665,82.41620286305745,99.99120330810547,78.00694379210472,25.719632302780653,19.445202266684955,1.6591901143391965,3.354482269287132,1018.9005240885417,-41.50805303454399,150.8182630042235,419.9021644592285,9.223840332031273,2.2445312500000227,5.708673095703148,84.18564669291179,99.93703683217366,133.33333432674408,25.36597854310751,15.144848310111906,1.4048566182454465,3.1474700927734602,1018.941171875,-39.1415021365198,167.8964463075002,316.7740610440572,9.545373535156273,2.8584533691406477,6.370420074462913,82.24074204762776,99.58518536885579,75.31944479048252,26.657430235704812,19.521151164640713,1.769142405192099,3.4337554931640852,1018.918681640625,-41.00631028910478,145.99382984141508,402.8787479400635,9.147698974609398,1.9966979980468977,6.069547271728538,85.42916774749756,99.98379611968994,142.20138883590698,27.33838818170505,18.377398684067682,1.7747258504231809,3.6946693420410384,1017.4588411458333,-43.55138257145882,158.85901726285616,400.49227714538574,9.861840820312523,3.1326843261718977,6.451926167806012,80.94074122111003,99.99768511454265,25.402777157723904,26.962185637431535,19.164062662650053,1.8921206156413177,3.2661300659179915,1018.9572037760418,-41.316384904862694,132.5028343051672,385.67833137512207,9.406335449218773,2.1722351074218977,6.241287485758487,83.02638912200928,99.78703689575195,121.39583122730255,25.015863258115182,19.44147256175556,1.8235056559245209,3.426142628987634,1018.31875,-41.57738721370697,147.8866846462091,409.6809139251709
2021-04-13,6.375787353515648,1.9540039062500227,4.592584228515648,78.43518527348836,98.52685165405273,7.868055373430252,20.414408764393706,15.589599551781584,-2.696763102213538,0.8396481831868527,1018.5972981770833,-13.05825806160768,164.99264762798944,508.292179107666,5.971978759765648,1.6190734863281477,4.2118901570638245,82.02407391866048,95.09583377838135,123.72916793823242,23.24165504662138,17.687388584968193,-2.923722330729163,1.2117668151855696,1018.1323795572918,-13.309364452958107,174.04634883999825,545.6362279256185,6.496850585937523,2.2030273437500227,4.689130401611351,77.1305554707845,99.87916660308838,3.3263889458030462,19.74298930196607,14.936893198635195,-2.4696309407551666,0.6907948811848996,1018.4489420572917,-11.939059666047493,140.81083438297114,475.0447343190511,5.899194335937523,2.0633789062500227,4.2681645711263245,81.28333346048991,97.70000012715657,103.56944704055786,22.46467951565473,16.895573093319303,-3.037938181559241,1.1346959431966184,1018.228232421875,-12.112409435212612,165.45787252361575,556.0429954528809,6.651330566406273,1.8154235839843977,4.563600158691429,77.89398177464803,99.78842544555664,9.28472238779068,17.992279019421854,14.481842006489197,-2.722544097900368,0.7271514892578352,1018.5207291666667,-9.464781900246939,107.64353568355243,464.58480644226074,5.491082763671898,1.9549804687500227,4.1888697306315335,80.18425989151001,96.50370407104492,90.24999809265137,21.27591060144782,16.710312831770484,-3.236575826009073,0.8201805114746321,1018.5115266927082,-11.171863136192163,184.38907707234225,532.9531377156576,6.473931884765648,2.0610900878906477,4.67631047566734,77.36157464981079,99.3712952931722,2.0902777537703514,18.944484444553613,14.716225512486242,-2.828393046061194,0.7000912984212277,1018.6185807291668,-12.823587900415683,141.297426606218,480.9047508239746,5.993005371093773,1.9923950195312727,4.46348088582359,78.50879605611165,98.10879611968994,30.798611402511597,21.592379868496216,15.967177362323312,-2.960569763183571,0.7319325764973996,1018.71361328125,-12.169779747724533,166.2223694821199,511.18738555908203
2021-04-14,6.603204345703148,0.5790649414062727,3.7558519999186424,70.61018530527751,64.20277786254883,0.5000000149011612,11.476892997032209,9.38131620552582,-5.974457804361975,-1.5355476379394304,1021.8974739583333,-19.151427110036213,234.88016337156296,444.78249486287433,6.372247314453148,0.6610961914062727,3.5495035807291893,74.55555486679077,56.63888851801554,8.499999761581421,14.787353260740154,10.98380148758976,-5.511598968505837,-1.0646690368652116,1021.0967610677083,-18.299251556396484,227.96656004587808,469.21306737263996,6.540307617187523,0.25994262695314774,3.5842567443847884,70.92129739125569,60.40925939877828,0.0,11.691780208497457,9.780594803550352,-6.13084767659501,-1.7043301900227448,1021.8851497395833,-15.498032808303833,232.33371855815253,456.09676520029706,6.250665283203148,0.6385742187500227,3.427938079834007,74.3680550257365,66.15324091911316,4.0000001192092896,14.082220876313123,11.629404343612487,-5.651033782958962,-1.1699623107909929,1020.8134342447917,-16.445489247639973,225.58523603280386,463.36913839975995,6.481561279296898,0.32662353515627274,3.5638239542643455,71.01296361287434,61.50879724820455,0.0,12.19924206487134,10.187060178077074,-6.158575439453102,-1.7079414367675554,1021.7889615885417,-14.962732394536337,231.32105922698975,460.29324944814044,6.304956054687523,0.5775390625000227,3.491816457112653,73.20416593551636,68.02685213088989,9.500000238418579,13.863804150453133,11.18400530904782,-5.980808003743448,-1.311705017089821,1021.2619466145833,-17.717211087544758,233.71132985750833,460.8267100652059,6.366906738281273,0.24880371093752274,3.4183403015136946,70.94166628519694,58.65324036280314,0.0,12.39981089171844,10.238642853758824,-6.329616292317667,-1.8821917215983035,1022.0255859375,-13.909744183222452,231.02310971419016,461.4584369659424,6.455285644531273,0.39153442382814774,3.585373179117861,71.97824048995972,75.64999930063884,2.3402777314186096,11.469012684975834,9.766993212768275,-6.066165669759073,-1.4424397786457916,1021.5463671875,-16.936279773712158,229.24616833527884,448.73127841949463
2021-04-15,6.804315185546898,0.23888549804689774,3.6070470174153875,64.49398056666057,27.864815185467403,1.0000000298023224,14.43080791808788,11.473020681319468,-4.371927642822243,-2.9158297220865848,1030.92720703125,-17.920061111450195,243.66842780510584,389.41274038950604,6.972833251953148,0.22582397460939774,3.7691703796386946,63.626851399739586,48.07916660688352,0.5000000149011612,14.314003041091807,11.103243010377165,-4.080131276448526,-2.953855895996071,1029.3908821614582,-15.204669634501139,243.74701835711798,388.2234935760498,6.800439453125023,0.24761352539064774,3.62973810831708,64.13333384195964,27.4444440305233,0.8333333730697632,14.426380546607984,11.35876175609288,-4.685116831461585,-2.9592613220214616,1030.6574348958334,-17.575868447621662,243.70493266979852,398.7038526535034,7.126000976562523,0.30675659179689774,3.8326939900716375,63.212963263193764,44.89351792292049,0.0,13.555790617977728,10.429905473407205,-4.151190185546852,-2.9874277750651004,1029.7551171875,-19.35862946510315,242.98759510119757,377.92373116811115,7.009179687500023,0.34822998046877274,3.7650822957357,64.99722242355347,34.799999728798866,0.0,14.081018859859338,11.438151547900581,-5.10749791463212,-2.6180684407551666,1030.1439811197918,-18.72230815887451,242.694354335467,410.8379894892375,6.695031738281273,0.20797119140627274,3.5658800760905174,63.29120206832886,43.83703671395779,0.0,14.625915496265144,10.737073994903495,-4.430223846435524,-3.2348821004231354,1030.757509765625,-17.74092960357666,241.33894101778665,387.71820163726807,7.060327148437523,0.30379638671877274,3.7661936442057518,64.23148091634114,40.90972226858139,0.0,13.756725347718758,11.279026644692195,-5.234101359049475,-2.7760401407877566,1029.9808561197917,-18.387193997701008,241.7148087223371,409.59593232472736,6.708520507812523,0.19558105468752274,3.499646759033226,63.79259252548218,25.654166739434004,0.0,14.401516410266387,10.705123179957624,-4.498320007324196,-3.1864087422688385,1031.0220865885417,-17.17373712857564,243.62915198008218,380.62394936879474
2021-04-16,8.274774169921898,1.1072937011718977,4.685852305094424,62.96481513977051,65.81990782419841,0.0,25.077531049615487,20.58857452509771,-0.25916646321610415,-2.2604812622070085,1030.8658723958333,-19.2702796459198,188.84431570768356,469.6296558380127,7.539880371093773,0.6544128417968977,4.21927668253583,60.422685305277504,53.708333065733314,1.0000000298023224,22.873327190066373,18.428481322913925,-1.1948265075683366,-3.2877779642740848,1032.14263671875,-18.615780194600422,200.29640579223633,426.3459116617839,8.600610351562523,1.1523681640625227,4.860386149088565,62.154628912607826,53.32222247123718,0.0,25.165568290387924,20.783810328890677,-0.0729265848795535,-2.3227002461750885,1030.86373046875,-22.915512084960938,231.16079489390054,469.65428161621094,7.949975585937523,0.7356506347656477,4.3884343465169495,60.684722105662026,47.79722124904705,0.8333333730697632,23.30571253456223,18.85392184067363,-1.0811955769856354,-3.043424987792946,1031.927490234375,-20.852816104888916,224.48139641682306,438.57214609781903,8.607507324218773,1.0138183593750227,4.837700144449893,61.794443130493164,45.852778017520905,0.0,24.41241463528114,20.092238818035685,-0.19232406616208664,-2.439695739746071,1030.904833984375,-22.616259892781574,227.97490692138672,466.09012603759766,8.274194335937523,1.0361877441406477,4.561493174235049,60.94305547078451,67.59305552393198,0.0,25.034802620029694,20.09287872836972,-0.6943763732909929,-2.8301579793293854,1031.046181640625,-20.978310267130535,225.30388780434927,458.9645938873291,8.607843017578148,1.0190063476562727,4.883925374348981,61.706018924713135,57.12962929407755,0.0,24.05675790533751,19.71468025580373,-0.09919077555338163,-2.444785817464151,1030.6019889322918,-23.731764396031696,236.0059285958608,461.4863745371501,8.383325195312523,1.0670104980468977,4.664305623372418,61.811572869618736,64.31435067097966,0.0,24.513354226706074,19.994106119254152,-0.6980906168619754,-2.530821228027321,1030.7687662760418,-21.886335849761963,213.9954848686854,463.5000247955322
2021-04-17,9.699517822265648,2.3264709472656477,6.057209269205752,65.24537022908528,36.27592555681864,0.0,24.24401807711707,19.679786298073836,2.1472513834635834,-0.5462987263996979,1030.8059342447916,-28.59304650624593,247.41716422637305,419.34137598673504,8.975335693359398,2.1698547363281477,5.690684254964215,65.77916542689006,39.22824056943258,0.0,25.026620746431224,20.516875174018036,1.4547147115071652,-0.7475481669108035,1031.7460286458333,-28.87631817658742,246.47239788373312,437.52520179748535,9.829095458984398,2.3500000000000227,6.147734578450543,64.14907439549764,39.199074467023216,0.0,24.32707807260521,19.988080295620257,2.274054463704431,-0.685093943277991,1030.8877083333332,-25.842875162760418,248.17396142085394,430.7850646972656,9.214624023437523,2.3395324707031477,5.824798838297549,65.09537076950073,44.8870370388031,0.0,25.184907824856058,20.3591022015931,1.862886047363304,-0.7763186136881473,1031.4771061197916,-27.33493947982788,247.55136636892954,426.2805519104004,10.084008789062523,2.3933959960937727,6.278796132405621,63.99999872843424,42.60370377699534,0.0,24.578509937287315,20.031057515700038,2.337855275472009,-0.5586634318033816,1030.6148372395833,-26.62403353055318,246.93927711248398,431.5032768249512,9.495996093750023,2.1449218750000227,5.904603576660179,64.22499990463257,41.06944398085276,0.0,25.028816480502925,19.820069864625264,1.9775494893391965,-0.884428405761696,1031.5366243489582,-28.218486428260803,247.89402091503143,413.87847359975177,10.067010498046898,2.4388977050781477,6.307295735677106,64.63333352406819,41.18796249230703,0.0,23.815687396869805,19.538551523500356,2.455731964111351,-0.4181299845377566,1030.4467122395833,-26.942912101745605,246.36750064293543,420.7317015329997,9.612084960937523,2.2611328125000227,5.968986765543643,63.976852575937905,40.41018601258596,0.0,24.40711556872847,19.59502528710502,1.8588361104329465,-0.8496002197265398,1031.2084407552084,-28.087072769800823,247.4962400595347,417.533390045166
2021-04-18,9.478753662109398,3.1841064453125227,6.31003595987958,68.17037057876587,6.44861114025116,0.0,20.034995229661508,16.054080873088523,1.009254709879599,0.321907297770224,1030.783486328125,-19.51928448677063,249.37103295326233,396.8822390238444,9.245690917968773,2.6243530273437727,5.957500712076846,69.89166736602783,6.715277844108641,0.0,18.305980915700854,14.973597070675709,0.856758371988974,0.3725397745768646,1030.5484407552083,-23.444040060043335,249.06412748495737,369.58390792210895,9.493341064453148,2.9033142089843977,6.158110555013043,68.3365748723348,7.64953717092673,0.0,19.615623784953613,15.915166751991165,1.097962951660179,0.1822474161784271,1030.9513444010418,-23.32051153977712,249.48399500052133,384.9366207122803,9.394769287109398,2.8032775878906477,6.157764689127627,68.19722159703572,7.412499980069697,0.0,19.33033283104332,16.114767166970648,0.5930623372395871,0.23367589314779025,1030.6917936197917,-19.37649369239807,248.86370058854422,415.9910380045573,9.662835693359398,2.9099670410156477,6.2772181193034085,67.12222115198772,4.672685115908583,0.0,18.815141321560088,14.977839458927013,1.092042541503929,-0.011309051513649138,1030.7531966145832,-23.56791615486145,249.83789658546448,364.49567492802936,9.502069091796898,3.0362487792968977,6.249319966634137,68.28750101725261,14.128240924328566,0.0,19.494252491809927,15.817409106364849,1.0733060201009152,0.3189076741536496,1030.95625,-19.69333823521932,249.17337596416473,391.2325938542684,9.722283935546898,2.9524169921875227,6.334817504882835,66.5032410621643,12.627314587434133,0.0,18.361718698537135,14.477018819367823,1.2908391316731809,-0.08586222330728788,1030.3334016927083,-24.24307131767273,250.01396143436432,352.57220458984375,9.585290527343773,2.9895874023437727,6.259983317057315,67.75833304723103,6.961574049666524,0.0,19.070648128991824,15.396583873745598,1.0336166381836165,0.2139551798503021,1030.888828125,-19.732165336608887,249.25885391235352,382.7150351206462
2021-04-19,8.538873291015648,2.9716430664062727,5.806410725911481,73.40786965688069,25.492592851320904,0.0,16.80211483156135,13.83955024247968,-0.9532073974609148,1.0429066975911496,1030.2095963541667,-18.682190656661987,244.08108268206706,352.0820846557617,8.506188964843773,3.0388732910156477,5.834748840332054,72.78564818700154,32.40926001469294,0.0,18.43084346846105,15.264507264421084,-1.3454053243000885,0.9418846130371321,1029.9821614583334,-15.005152146021524,231.4379853211382,391.2900530497233,8.400994873046898,2.9365783691406477,5.71848322550458,73.67592525482178,40.60925910870234,0.0,16.493290709281208,13.419985443246285,-0.9516484578450104,1.0298820495605696,1030.1946419270832,-17.86627944310506,236.1426481209734,338.12972100575763,8.371850585937523,2.7571960449218977,5.709455108642601,75.27453676859538,17.438426156838734,0.0,17.919108732946757,14.521956208508108,-1.217106882731116,1.3430547078450559,1030.6656966145833,-18.981057167053223,240.83571658557048,362.39359283447266,8.716394042968773,3.0833374023437727,5.988581593831403,72.49398215611775,23.956481436888378,0.0,17.147746484544278,13.536377501984822,-0.6742881774902116,1.0541117350260834,1029.7029850260417,-18.992120424906414,246.233331303054,348.1394198735555,8.416650390625023,2.9927917480468977,5.898187255859398,74.5412031809489,28.320833777387936,0.0,17.788847742752896,14.11903852593231,-1.4409965515136491,1.409761047363304,1030.4245084635418,-17.962198495864868,222.6350559197405,359.207524617513,8.859826660156273,3.0853515625000227,6.040573374430362,69.62407398223877,37.637499729792275,0.0,16.897747814367623,13.43935216389358,-0.3670486450195085,0.5223136901855696,1029.1980143229166,-19.08415683110555,242.6478915415743,341.69955285390216,8.550408935546898,3.1210571289062727,5.962421671549502,73.8050931294759,39.60370353857676,0.0,17.323053551089235,13.784688822364101,-1.4187822977701785,1.3132085164388059,1029.774384765625,-19.50361939271291,235.732536296302,364.1805893580119
2021-04-20,7.166253662109398,2.0800720214843977,4.9321253458659085,65.95370324452718,39.506943464279175,0.0,19.081201928042677,14.811190076063928,-2.070153299967444,-1.3599075317382585,1021.955419921875,-8.564299464225769,247.01805596364042,371.0623016357422,6.807397460937523,1.5912109375000227,4.524177805582705,65.05694468816121,20.792129978848,0.0,18.791086223222088,14.727170178211331,-3.1136052449543854,-2.019096120198526,1023.2622786458332,-7.4487340450286865,253.98123885008195,399.71944999694824,6.986260986328148,2.0497680664062727,4.786270395914737,64.89583381017049,58.56759254137675,0.0,19.492470590100748,15.001515011925703,-1.9822461446125885,-1.700870259602823,1021.85943359375,-6.216873407363892,224.9989814044287,357.00833288828534,6.952386474609398,1.5565124511718977,4.602300262451195,65.69537019729614,18.582870567838352,0.0,17.918633925495964,14.193808840797601,-2.940379842122354,-1.7703346252441179,1023.23443359375,-9.073253472646078,253.66526683978736,384.0795152982076,7.186273193359398,1.9885192871093977,4.903749084472679,64.5453707377116,53.64120376110077,0.0,19.520554284704904,14.967338338461737,-1.6898152669270416,-1.6670898437499773,1021.5385384114583,-6.682899475097656,223.25873868477842,346.26305103302,6.916650390625023,1.8492370605468977,4.663026428222679,65.91249942779541,39.49444376925627,0.0,19.028171812744965,14.502017152172288,-2.3946606953938385,-1.6238807678222429,1022.8556705729167,-5.3791749477386475,227.80653195393583,357.8815387090047,7.214929199218773,1.9751525878906477,4.979391988118512,64.06574090321858,60.18611081441244,0.0,19.60915179231328,14.953869233064593,-1.6420667012532135,-1.6985267639159929,1021.0490983072917,-8.5648805697759,225.821478533869,358.9258639017741,7.050988769531273,2.2317138671875227,4.813657379150413,66.6245363553365,53.40185205141703,0.0,19.254454335365793,14.415515334764516,-2.1888069152831804,-1.2869819641113054,1022.3058040364583,-6.084821144739787,224.64802643470466,356.57623831431073
2021-04-21,7.946557617187523,3.4284912109375227,5.3150293986002835,77.89212958017985,62.49444433053335,0.1111111119389534,14.540786163488287,10.535005172850065,-2.1444890340168854,1.4681259155273665,1007.2951106770832,-15.991794109344482,228.12160874375454,328.76986900965375,7.068902587890648,1.7601562500000227,4.348388926188174,73.80046367645264,73.36574101448059,0.2083333358168602,10.772371206539985,9.067926018767329,-3.6413711547851335,-0.23522669474283475,1007.8764290364583,-9.191319664319357,197.08691147062927,344.37178961435956,7.534906005859398,2.8754821777343977,5.036187744140648,78.48518530527751,73.30092475811641,0.4444444519467652,14.100533924726593,11.381456444884554,-2.548540496826149,1.334560648600302,1007.0185481770833,-7.7398338715235395,204.4722339482978,334.41668097178143,6.801110839843773,1.6754394531250227,4.309751129150413,75.19027805328369,61.59814731280009,0.1388888917863369,10.455114209246867,8.662034384045535,-3.5585044860839616,0.027841186523460237,1008.293720703125,-11.25384271144867,193.50218260722855,302.8572528362274,7.915032958984398,3.1794372558593977,5.1580673217773665,79.3657398223877,76.2851854165395,2.3958332897163928,14.487806337994654,10.485065527176038,-2.018509928385413,1.6567487080891965,1006.641181640625,-10.60283621152242,207.1042955815792,311.95222866535187,6.638208007812523,1.9286132812500227,4.192754364013695,78.66018581390381,57.44444449742635,0.687499996740371,10.92739545709391,9.256050805550126,-3.6390899658202898,0.5980875651042084,1008.3504459635417,-5.002018600702286,186.52631584585956,301.50194843610126,7.961114501953148,2.5460754394531477,5.285408274332705,75.32129414876302,50.79768522580465,0.0555555559694767,13.50252660203589,10.45179656208843,-2.1539571126301666,0.9079210917155365,1006.5831315104167,-11.5957057873408,234.600535787642,356.63685782750446,7.282464599609398,2.5198608398437727,4.719225819905621,77.66481399536133,49.85416658719381,0.21527778403833508,13.292346548786059,10.89368373615475,-3.1252833048502566,0.8204208374023665,1007.8646744791668,-12.076332171758017,229.44909045814225,361.5850423177083
2021-04-22,7.005578613281273,1.8460632324218977,4.365947977701846,75.70694573720296,49.05555518468221,0.1111111119389534,15.540114285862987,9.546269219539786,-2.6432823181152116,-0.009523773193336638,1002.0337369791667,-2.6420158545176187,206.07135542978844,372.504017273585,7.611383056640648,2.8232055664062727,4.88630065917971,78.41481431325276,59.939352671305336,1.3333333376795053,15.54161518164884,10.071502079372197,-2.1691179911295535,1.1515238444010834,1002.7044303385417,-5.675818691651027,203.08331363089383,332.2280246814092,7.378198242187523,1.9806152343750227,4.620135243733746,75.58518441518147,45.44999969005585,0.20138889085501432,15.084485104929664,8.914760366240857,-2.512576802571573,0.2272506713867415,1001.7118359375,-7.308481613794963,221.6121536437422,363.4772740999858,7.495141601562523,2.5199829101562727,4.752606964111351,75.42083183924358,65.7777767976125,1.4236111156642437,14.318470306350179,9.16700136130727,-2.5280848185221316,0.375025685628259,1002.4732779947917,-6.16355820496877,208.807482857878,382.65998156865436,7.676721191406273,1.8460632324218977,4.664722696940127,75.91064818700154,55.66296343008677,0.6875000088475645,13.506067714843006,8.657231330316144,-2.3694175720214616,0.3346928914388059,1001.9921614583333,-6.9006187915802,210.72970032816133,356.604003628095,7.172875976562523,2.6657958984375227,4.776690419514996,72.20324103037517,58.521759351094566,7.027777552604675,15.969138997407883,10.287313864563073,-2.6098884582519304,-0.2126970926920535,1001.7727864583333,-4.807777404785156,208.6989447021236,426.9916501045227,7.732934570312523,1.7646728515625227,4.742247517903668,75.02685213088989,56.47823997338613,0.2083333390764892,14.570558276675403,9.00885584508845,-2.374285125732399,0.185029602050804,1002.2555110677083,-8.061611334482828,233.788239751632,387.0024670759837,7.480432128906273,2.5022521972656477,4.876728312174502,71.76851828893025,46.30925977230072,0.2569444472901523,15.418961106322907,9.279791878662104,-2.441301727294899,-0.36086120605466476,1002.0648502604167,-6.341803948084514,225.65357228865227,397.86567501227063
2021-04-23,3.5842529296875227,1.4266601562500227,2.693133290608747,88.61481444040935,93.86851755777995,66.23611047118902,14.252588095919206,10.413537379512652,-5.361675008137979,0.9491121927897552,1002.1069140625,12.867604669183493,67.53048165515065,263.49599011739093,4.659600830078148,2.0401245117187727,3.2623395284017156,82.86944389343262,85.24490801493327,40.05555548053235,11.255868234534754,7.676572192326307,-5.530210876464821,0.48343302408858335,1002.8309700520833,6.199585914611816,137.38594192576906,347.91313521067303,3.5634094238281477,2.0448242187500227,2.9684501647949446,86.19953695933025,95.76342582702637,39.124999911058694,10.156672744988523,7.61906255583962,-5.592343393961585,0.8295862833659271,1002.597529296875,9.650002916653952,81.96938935667276,247.85405429204306,4.957208251953148,2.2723022460937727,3.5255460103353093,84.04907290140788,93.04259204864502,82.02777740359306,12.469011740690213,8.209851640431433,-5.559234364827432,0.972620900472009,1002.5835579427082,3.941629022359848,159.78948071350655,391.67150497436523,4.197045898437523,1.3822265625000227,3.2414909362793196,82.98055426279704,94.64259243011475,41.06944462005049,15.468734233802705,9.674876698061098,-5.970156097412087,0.5388656616211165,1002.7642610677083,6.940970258166392,122.46968498826027,339.737535794576,4.605584716796898,2.0591674804687727,3.2404164632161687,81.65694459279378,89.38379780451457,33.31250010430813,11.125049888242224,7.731865741096226,-5.579257710774698,0.26698582967122775,1002.4894694010417,7.16314423084259,132.76123968698084,357.9206485748291,3.8903442382812727,1.2722412109375227,2.993959045410179,83.47268613179524,96.77129650115967,43.64583297073841,19.109125816946126,10.42576262562103,-6.14480311075846,0.40230077107747775,1004.0436100260417,10.74747946858406,82.27814889575045,383.3027259508769,3.8401733398437727,1.4909912109375227,2.745043690999372,87.57777786254883,95.08101812998454,68.31944368779659,15.048494018002007,9.760840341217424,-5.522882843017555,0.8227821350097884,1002.4510774739583,13.55097732755045,76.38442603250344,299.08546272913617
2021-04-24,3.6365600585937727,-0.009619140624977263,1.7761639912923404,88.08518473307292,98.32222143809001,130.63888955116272,17.76802429937195,11.172365554914085,-7.660906219482399,-0.0684710184733035,1005.6164453125,-0.5840122699737549,112.215035105745,468.0504201253255,3.0164123535156477,0.6859069824218977,1.7049118041992415,91.60787010192871,98.4708325068156,179.32638835906982,10.546251051903567,6.033511194223489,-6.54826711018876,0.4342030843098996,1005.6026204427083,-0.5837426582972208,96.69155508714418,336.919880549113,4.251916503906273,-0.6217407226562273,1.8222709655761946,88.58286984761556,94.46018473307292,115.11805582046509,11.930004659639009,6.207339834897677,-7.422702534993448,0.03845113118489962,1005.5222298177083,-1.530365029970805,141.52507745847106,381.20153681437176,3.6906982421875227,1.1336608886718977,2.19705988566083,89.43565082550049,98.00138854980469,105.55555605888367,12.291999686457922,5.765390488194337,-6.7509051005045535,0.5664980570475677,1005.4154557291668,-2.7932960788408914,112.04950217405955,302.78408177693683,4.540673828125023,-0.9113830566406023,1.7904894510905176,88.38379669189453,97.38426049550374,76.28472197055817,17.219740469966293,9.025787075701132,-7.23670934041337,-0.03490676879880539,1005.8162727864583,0.8243751128514608,132.28681472564736,418.55631891886395,2.8213439941406477,0.9003540039062727,1.8931226094564029,92.59212938944499,99.97175884246826,142.20138955116272,18.1412319003373,9.612899072550533,-7.182629648844397,0.7746063232422102,1005.2025911458333,2.1750009655952454,92.08950080318998,417.6372426350911,4.509759521484398,-0.30396118164060226,2.04526545206708,84.14675903320312,96.88425763448079,21.548610960133374,16.302488760769336,9.350221150149254,-7.424552663167276,-0.4547053019205691,1006.2606282552083,-1.5459082126617432,143.57753606761494,451.3534304300944,4.376763916015648,0.17946777343752274,1.9586527506510645,83.32361030578613,98.92499891916911,130.0069441795349,18.479660559644763,10.69687721069303,-7.8506543477375885,-0.7771514892577898,1005.6090494791667,-2.1434148947397866,138.62975907201567,568.1910959879557
2021-04-25,4.191918945312523,0.8809143066406477,2.2097284952799705,89.11388969421387,98.3009262084961,68.04166674613953,22.21607812965176,18.180278229019,-6.392562611897745,0.5564908345540402,1008.1281770833333,5.322337017705043,81.69194697837035,594.9945233662924,3.8408447265625227,0.37798461914064774,2.0322306315104393,87.43981393178304,96.93009249369304,197.61111116409302,15.811921927307939,12.963191292208725,-6.9148150126139285,0.08422622680666336,1008.2042122395833,2.341096897919973,76.2097040352722,474.2232487996419,3.9887939453125227,-0.09885253906247726,1.9305943806966372,90.75555451711018,91.70833365122478,63.291667461395264,21.457663479066447,18.10315769862017,-6.267207845052042,0.5401181538899777,1007.8477213541668,7.952426729102929,88.64927693208058,505.9405123392741,2.8554626464843977,1.1695190429687727,1.8235399881998926,91.75833447774251,99.36805566151936,188.125,20.40838207898202,15.999791481283944,-6.549782816569007,0.6048688252766965,1007.31939453125,4.212343618273735,61.022186886519194,536.4147911071777,4.172418212890648,0.35982666015627274,2.0679629007975486,88.83101749420166,96.8393513361613,44.57638919353485,21.62651388657266,18.768698620209985,-6.5199175516764285,0.3656822204590071,1008.2506022135417,3.5195008950928846,105.15407557785511,552.4857521057129,3.2859741210937727,0.8722473144531477,1.9854522705078352,90.84537188212077,98.87222321828206,178.79861068725586,21.74017337420733,17.956826920401497,-6.529095713297522,0.6192654927571652,1007.8094498697917,0.8719313343365988,86.43177663783233,627.6094907124838,4.476037597656273,0.7384582519531477,2.187543487548851,87.36851914723714,96.57685248057048,11.673611178994179,20.979927116736466,18.842953852383268,-6.81051355997721,0.2441675821940521,1008.93982421875,1.582311637699604,125.05516618490219,570.6042277018229,3.6352783203125227,0.9306274414062727,2.039746856689476,90.06713072458903,98.72083377838135,66.04166626930237,21.71925207440172,18.07688260058484,-6.65835037231443,0.5542897542317746,1008.747001953125,1.7595473850766818,81.65768567472696,599.3307876586914
2021-04-26,4.862756347656273,0.7685791015625227,3.1102411905924705,92.57638835906982,99.9509261449178,111.31250095367432,20.080756138533566,17.113596320172956,-3.307853444417276,1.9987096150716184,1008.1814095052083,-2.8030818651119866,36.82485130506878,481.67422103881836,4.120568847656273,1.0424133300781477,3.115108744303408,93.57314650217693,100.0,195.05555534362793,21.919510877527603,19.012847124870948,-3.0671028137206804,2.1604858398437727,1008.4238899739582,-5.3900153140227,45.26799993185947,533.0746879577637,4.995080566406273,0.7977539062500227,3.261916097005231,91.04722372690837,100.0,90.75694417953491,21.734814776868376,18.454894358677613,-3.2878847757975223,1.9096275329590071,1008.85458984375,-6.652404186626275,52.07081532012671,520.3773663838705,4.759057617187523,1.4980407714843977,3.6752118428548406,92.18055566151936,100.0,246.3194432258606,21.10894268634164,18.138425168507553,-3.309758249918616,2.5106369018554915,1008.4131217447917,-9.602906425793966,53.05842516074578,532.0747706095377,5.007836914062523,0.8086791992187727,3.166670735677106,90.94999917348225,100.0,105.85416567325592,20.0862088206722,17.122160345145875,-3.349596405029274,1.7902885437011946,1009.2613704427083,-6.40809794763724,57.41155489316831,497.1237500508626,4.597406005859398,0.9637390136718977,3.253069814046247,93.4310188293457,100.0,227.34721994400024,19.809933302106174,17.351452389746004,-3.0441739400227448,2.2755676269531477,1008.2286588541667,-5.9095123906930285,43.15564847628897,505.03822962443036,4.741113281250023,0.6558776855468977,2.978815968831403,92.30555661519368,100.0,78.88888916373253,18.51246459033599,16.184379024038694,-3.689896647135413,1.8284889221191634,1010.025712890625,-4.820207645495732,47.95190739522999,467.9188652038574,4.585931396484398,0.7313171386718977,3.053634897867861,93.7268517812093,100.0,171.2777783870697,20.08302294416325,17.11348760590218,-3.1216453552245866,2.1132077534993527,1008.2420930989583,-2.8082138039171696,35.896222788685314,482.3285255432129
2021-04-27,4.266198730468773,1.6610656738281477,2.8632001241048406,86.40370305379231,100.0,81.36111116409302,14.092872408438389,10.32363307740477,-6.621149444580055,0.731898244222009,1011.2145540364583,-4.232974668343862,92.78940806046982,400.2302703857422,4.033532714843773,2.0960632324218977,3.042722486413066,87.70241480288298,99.9280189845873,148.0416669845581,15.095517296716679,10.087536375155207,-6.3051102347995425,1.1720360797384615,1010.6885835597826,-1.1707624663477358,80.88666593220651,403.20562992925227,3.8678222656250227,1.7307067871093977,2.7829007466634343,89.4662036895752,100.0,28.812499821186066,14.14148264282973,9.31682119547339,-6.4656750996907135,1.1529467264811615,1011.5605403645833,-3.0638234317302704,70.41398249192086,402.04878457387287,4.725762939453148,1.8799682617187727,3.0108390808105696,83.78148126602173,99.87222258249919,118.25694465637207,15.538197526948556,11.315948756794237,-6.831090037027991,0.3830530802409271,1010.9864615885417,-4.478142877419789,108.44601783748173,445.09200700124103,4.137261962890648,1.7661071777343977,2.816487884521507,88.93611176808675,100.0,30.034722417593002,14.223431497651688,9.988922110450748,-6.32658996582029,1.1064074198405365,1011.5369954427083,-3.969506482283274,78.89714967892117,397.2685653368632,4.037683105468773,1.7688232421875227,2.8032254536946843,87.23333422342937,100.0,142.04861068725586,14.445860172261906,9.182704028714857,-6.682094319661417,0.7870600382487396,1011.3601204427083,-3.9462313751379647,85.05946449494998,428.392404238383,4.519342041015648,1.7165771484375227,2.839443461100283,85.81157493591309,100.0,24.680555574595928,14.458964861986745,10.677385662910192,-6.533206685384073,0.5775911966960052,1011.623720703125,-5.325237135092418,103.93785169456775,434.79581514994305,3.8598876953125227,1.8716369628906477,2.742964680989606,90.19907410939534,99.99675909678142,121.20138883590698,13.530964003493526,9.15559788649995,-6.4643933614094635,1.2318664550781477,1011.4129817708333,-2.4768228977918625,69.28877720694679,367.9676324526469
2021-04-28,5.797692871093773,0.6643615722656477,3.3485046386718977,72.68194309870402,90.12824026743571,44.13194441795349,16.560671833082658,11.603582645675175,-7.2632278442382585,-1.6820587158202898,1012.41318359375,-14.255134344100952,231.55619820931074,609.0648403167725,5.461694335937523,0.008813476562522737,2.9656349182129134,73.69537130991618,81.8259261449178,117.00694417953491,15.422380704066212,11.650670936596462,-7.624942525227823,-1.5670659383137604,1012.210029296875,-8.645167668660482,240.0320912626145,500.8073485692342,5.991723632812523,0.11382446289064774,3.1967191060384343,70.30370410283406,77.91342624028523,17.125,17.10370590326398,12.221884854018285,-7.495984141031897,-2.3203147888183366,1012.7098079427083,-11.979141473770142,237.94265219786516,612.3091526031494,5.679711914062523,0.30886230468752274,3.0877357482910384,73.76296281814575,87.37638886769612,78.94444394111633,15.168090887804139,10.097820354795692,-7.475897216796852,-1.4039062499999773,1012.498115234375,-11.175169467926025,252.0390028382341,471.49586661656696,5.793725585937523,-0.33176269531247726,2.923193868001325,69.87453603744507,69.38472270965576,12.78472226858139,18.516049315572598,12.293717429956539,-7.699527486165323,-2.6558555603027116,1012.9184928385417,-9.198577721913656,235.7866169079983,606.9451562563578,5.671563720703148,0.5610900878906477,3.1510292053222884,72.73796351750691,84.85740820566814,63.80555510520935,13.45917994639868,9.905240513244069,-7.460351053873694,-1.650609079996741,1012.6777278645833,-11.364763935407003,249.56726391194388,512.1087374687195,5.491235351562523,-0.48038330078122726,2.7020431518554915,69.82407331466675,63.40787069002787,6.61111119389534,17.306826812197517,11.970708873109013,-7.97401402791337,-2.8438247680663835,1013.0968880208333,-6.865111271540324,231.21014984417707,601.7075556119283,5.677453613281273,-0.005560302734352263,3.1262985229492415,71.26990699768066,80.45370483398438,44.35416662693024,15.136450319918785,11.196214176679979,-7.55287144978837,-2.017314656575479,1012.8757552083333,-9.957346280415853,243.9120761890275,557.4936577479044
2021-04-29,6.346124267578148,0.36669311523439774,3.5121793111165593,63.79120413462321,75.11805617809296,8.465277940034866,10.996972424353565,8.283020202496706,-6.871000671386696,-3.1166938781738054,1014.1681705729167,-15.09235946337382,258.22248055106803,500.4254030386607,6.359216308593773,1.2412353515625227,3.8319437662760643,63.49259249369303,85.04722261428833,52.32638907432556,11.076111986028014,7.357922657273414,-6.749533081054665,-2.851066335042276,1013.6321223958333,-14.516872922579447,245.44442427786998,494.7737116018931,6.187188720703148,0.30556640625002274,3.388478851318382,65.90555588404338,57.411110957463585,12.93055546283722,11.451302593945046,8.871856751052002,-7.126927439371741,-2.7899548848469635,1014.313671875,-11.764309485753378,263.9288127059505,526.5622453292211,6.372216796875023,1.2712951660156477,3.702729797363304,65.07037003835042,72.43888966242473,27.423611342906952,11.961651551401769,8.884394087567811,-6.9222854614257585,-2.6628924051920535,1013.8705045572917,-13.181297421455383,251.64916970239332,538.9490904808044,6.150628662109398,-0.024847412109352263,3.3313702901204656,64.76342471440633,51.81203671296438,9.04861131310463,12.38048945287425,9.480149584014582,-7.271700286865212,-3.1161572774250885,1014.3069368489582,-10.41996169090271,264.02327766195714,553.7247940699259,6.358392333984398,0.6844726562500227,3.6175539652506736,62.88009246190389,85.13749853769939,17.277777791023254,10.861679553668786,8.556871767617677,-6.847741190592444,-3.282603963216104,1014.0458235677083,-14.544702887535095,248.63917866477277,545.8253260453542,6.027093505859398,-0.11594238281247726,3.2432482401530174,65.0606484413147,50.82731441656748,1.0347222248092294,12.953337427863865,9.751750199127516,-7.323159281412757,-3.115258280436194,1014.2257389322917,-10.0112255414327,263.97868474995875,565.2011545499166,6.255456542968773,0.030419921875022737,3.413467661539736,62.819907665252686,57.871757785479225,14.15972250699997,10.506478480265141,8.065179270380876,-6.942619069417276,-3.4892728169758698,1014.436875,-12.004383405049643,258.3595774199348,530.5283232529958
2021-04-30,7.435601806640648,0.29271850585939774,4.0857610066731995,61.81620343526205,38.45416708290577,3.2916667461395264,14.141666950379202,8.828619536851809,-5.9191357930500885,-3.099008941650368,1007.8430045572917,-10.583614190419516,271.37699571360525,589.8015609582266,7.882135009765648,0.7823730468750227,4.5166081746419495,59.80648231506348,51.71296316385269,10.104166477918625,14.207694294023414,9.361713277052488,-5.605221811930335,-3.0965459187825104,1007.4845963541667,-11.059410810470581,265.18485122174025,591.1440490484238,7.505792236328148,0.17977294921877274,4.114733632405621,61.01296361287435,33.1180549999699,2.520833283662796,14.080943857186126,8.603211296282282,-5.663011932373024,-3.314830525716104,1008.1772916666667,-12.665066242218018,273.08257093606517,572.1940247217814,7.694421386718773,0.6140686035156477,4.361831919352237,61.45833349227905,33.0879628546536,16.68055498600006,12.856053674998478,7.548940134693069,-5.612514241536417,-2.8795176188151004,1008.660810546875,-10.269353548685709,270.9264594398749,552.5734811623892,7.566796875000023,0.26296386718752274,4.160647328694684,60.30138953526815,28.36944406479597,0.6666666716337204,14.201817979834674,8.407054998173846,-5.68459803263346,-3.4249773661295535,1008.0457194010418,-12.701411803563436,273.9714310149041,586.486217657725,7.685052490234398,0.5601135253906477,4.3358627319336165,61.24027729034424,32.30740747849146,13.111111521720886,12.746535788817264,7.537902580319655,-5.6733167012532135,-2.9412381490071198,1008.3258626302082,-11.727757930755615,270.0170037381661,545.0169314543406,7.422387695312523,0.09572753906252274,4.0602788289388245,59.60601806640625,28.374536806251854,0.0,15.57462746518372,8.866012268739333,-5.8042498270670535,-3.6895228068033816,1008.45482421875,-12.187074343363443,274.0522470913517,587.8124396006266,7.392572021484398,0.38823852539064774,4.170248921712262,61.68055566151937,34.10277717808882,2.715277798473835,12.027494964629463,7.71984429605133,-5.829545084635413,-3.0366462707519304,1008.6080794270833,-10.512076616287231,268.754050226106,566.7149913311005
2021-05-01,7.355279541015648,0.06008300781252274,4.149945831298851,61.28703800837199,52.144907772541046,1.3055555298924446,18.75827179602797,14.512709751920207,-6.088645680745401,-3.181480153401651,1011.8737467447917,-6.672611316045125,245.54552123292038,702.012716293335,7.449212646484398,-0.14670410156247726,3.836946105957054,64.13564825057983,38.022222270568214,7.451388880610466,28.482466270031697,17.671162056791285,-6.489374542236305,-2.7375612894693973,1012.9737467447917,-5.087258497873942,255.09944300105175,688.7513745625814,7.408837890625023,0.05101928710939774,4.268905893961612,60.24444421132406,58.783334255218506,1.0069444477558136,20.07023209844723,16.109994097077983,-5.937418365478493,-3.3462725321451785,1011.620078125,-7.490368286768596,246.16696594003588,742.2391859690348,7.263513183593773,-0.06110229492185226,4.139479573567731,62.5,50.476388980944954,3.458333320915699,19.211780365551984,15.734740413175793,-6.1517471313476335,-2.878185017903604,1012.0697298177083,-7.459336519241333,238.75111473134407,686.2891578674316,7.213769531250023,0.06105957031252274,4.22977472941083,62.1023162206014,54.97499946753184,1.7430555820465088,21.055405338249766,15.350439275936594,-6.026494089762366,-2.803032938639319,1011.655517578125,-7.075776259104411,236.08662991318852,699.9439525604248,7.477502441406273,-0.07120361328122726,4.0337793986002835,62.271295388539635,57.64212879538536,2.2083333414047956,20.620974784733885,14.892091533472675,-6.161973063151038,-3.087174479166663,1012.491884765625,-6.483668168385823,239.14679729007185,684.32501633962,7.173638916015648,-0.07681884765622726,4.14343668619794,61.02916749318441,51.45092628399531,1.2083333330228925,20.994587669076505,15.988285354597423,-6.160190327962198,-3.1174084981282135,1011.9543880208333,-6.397094329198201,235.9181730085984,702.4579451878866,7.507989501953148,-0.005560302734352263,4.116287485758487,62.08055671056112,53.46111088991165,2.6250000298023224,21.47099916003921,16.167722014568128,-5.92574539184568,-3.044894917805948,1012.1339615885418,-7.261290391286214,243.2149482682968,700.9458996454874
2021-05-02,7.639916992187523,-0.8734802246093523,3.9389587402343977,56.461573918660484,37.692129702772945,2.8333332538604736,17.292091105365333,10.694515742745802,-6.245949808756507,-4.490463002522745,1015.8473014322917,-10.515039602915445,278.7229746580124,555.394611676534,6.384301757812523,-0.49753417968747726,3.379237111409528,52.8606481552124,29.619444727897644,2.4999999403953552,13.283383857427497,9.071038992338373,-6.399263763427712,-5.8080340067545535,1017.2452734375,-7.64653213818868,280.90941235392046,443.191833337148,7.562768554687523,-0.8619445800781023,3.980322774251325,55.31898180643717,34.09722242395704,2.333333373069763,17.806977202971748,10.499139399510419,-6.288046264648415,-4.771116638183571,1015.8955501302083,-10.745408773422241,278.961065722319,565.3850994110107,6.214471435546898,-0.15814819335935226,3.2910387674967674,50.82546297709147,39.29583350817362,1.8333333134651184,12.434400050481367,8.758282822593342,-6.790468597412087,-6.3193738301594635,1017.3419856770832,-6.631565491358439,281.43116837367415,457.8443965911865,7.566674804687523,-0.9326232910156023,3.8221908569336165,54.27361265818278,35.619907020280756,0.0,17.949296895734275,10.200450520001505,-6.48179982503251,-5.228525543212868,1015.9401399739583,-9.641879399617514,283.7977202506736,584.1281929810842,7.040887451171898,-0.5723937988281023,3.7189015706380437,57.17824014027914,41.5828707019488,3.527777671813965,15.240956475917912,9.800234265259444,-6.498819732665993,-4.481089019775368,1016.5569010416667,-9.539361238479614,277.22125965418917,509.14391771952313,7.553002929687523,-0.9281982421874773,3.768763478597028,53.01110998789469,40.44490700960159,0.0,16.613837436804594,9.415964738096731,-6.591502888997354,-5.615094248453772,1015.680068359375,-8.449532985687256,286.79256973105174,594.8216824928919,7.487329101562523,-0.8618530273437273,3.870648956298851,55.47222296396891,33.37314827988545,2.6666666865348816,17.25011202724157,10.954292044718132,-6.416045888264932,-4.760439300537087,1016.3101627604167,-9.351807832717896,279.16933929516625,557.3350381453832
2021-05-03,7.385308837890648,1.3469482421875227,4.689604695638043,54.73472229639689,99.3986120223999,0.0,23.54157015097466,17.834757218833776,-5.261699422200479,-4.059725189208962,1007.89314453125,-1.6982044378916423,127.56136761357386,584.9295209248861,7.801019287109398,2.0952392578125227,5.077174123128278,59.71296310424805,99.6939811706543,2.881944388151169,18.102195809012304,13.256959022402258,-4.669720713297522,-2.5695887247721316,1009.1591015625,-4.67635718981425,155.428317223986,510.91332030296326,7.172296142578148,1.4876647949218977,4.533570861816429,55.63935168584188,99.5365743637085,0.0,23.167480362936114,18.339631788230744,-5.4567398071288835,-3.9759175618489166,1007.9257389322917,0.12146313985188802,135.27627780412635,592.7566010157267,7.548974609375023,2.1165100097656477,4.979748026529971,56.6430557568868,99.80277760823567,2.333333373069763,19.46752910518588,13.758966463501237,-5.026103719075479,-3.4053532918293854,1008.843349609375,-2.39707612991333,137.48014676819244,531.852766752243,6.783319091796898,1.3250366210937727,4.328892008463565,54.28518422444662,100.0,0.6250000013969839,23.669977760198314,18.204566286424537,-5.718388621012366,-4.468204243977823,1008.0225423177083,1.5257138013839722,129.97511300258338,632.3681939442953,7.919946289062523,1.5784851074218977,5.08768742879234,52.60740725199381,99.81342601776123,0.0,20.330878642574742,15.517091840324271,-4.93880691528318,-4.356054687499977,1008.6965787760417,-5.278438687324524,172.1496089429905,609.6257412830988,6.747094726562523,1.3742919921875227,4.351777648925804,54.44351736704508,100.0,0.12500000093132257,23.745067675026444,18.097751223594926,-5.83216832478837,-4.44622904459635,1008.110087890625,1.2281657457351685,141.1937613170594,617.3010354042053,7.835076904296898,1.4426818847656477,4.9214645385742415,53.49444421132406,99.72037029266357,0.0,22.36105748777709,16.593337832463185,-5.073617045084632,-4.261788431803382,1008.2588248697917,-3.8922439416249595,147.34670581730703,603.8488968610764
2021-05-04,7.688806152343773,2.8617797851562727,4.982101694742862,59.96018600463867,98.9097220102946,0.041666666977107525,20.539894567889387,14.429965101921828,-5.35816930135087,-2.3378852844238054,1005.0964095052083,-9.58800987402598,215.21714794573685,618.2288517951965,6.177453613281273,2.4070678710937727,4.529223378499371,61.258333683013916,99.12453683217366,0.49305555457249284,19.107018596181053,14.751869493100147,-6.021891021728493,-2.4113131205240848,1005.3048502604167,-6.4535049597422285,185.54822327941656,619.817195892334,7.720971679687523,3.0941101074218977,5.065628306070987,58.2671283086141,99.5486110051473,0.2569444510154426,19.868840351383245,14.37827999527785,-5.447550201415993,-2.671642049153604,1005.1432389322918,-10.70499849319458,211.68490212162337,628.6773462295532,6.305535888671898,2.5226379394531477,4.519239044189476,61.792129039764404,99.55787054697673,0.3194444514811039,19.65564697178791,15.28051424372593,-5.947086079915323,-2.2942400614420535,1005.0845084635417,-6.17799158891042,184.81111449127397,630.7329743703207,7.983850097656273,3.0353637695312727,5.172202046712262,58.928704261779785,99.39027786254883,0.33333333441987634,18.662505316512682,13.353719562659824,-5.332397206624307,-2.4521481831868073,1005.1150748697917,-11.807119607925415,220.87629865047833,614.8923257191976,6.511499023437523,2.8158508300781477,4.575058237711612,60.90601873397827,98.92314910888672,1.8958333432674408,20.444748479234892,14.98255873136383,-5.834062957763649,-2.4499763488769304,1005.525927734375,-7.8007051547368365,199.11030103390416,642.0917525291443,7.965386962890648,2.7380310058593977,5.1464502970377835,58.66388765970866,99.07962989807129,0.25000000558793545,17.496864229763364,12.705870700808754,-5.379187011718727,-2.557964070637979,1005.1908235677083,-11.756388068199158,222.63140425086021,604.7697919209799,7.327783203125023,2.5940795898437727,4.775106048584007,59.74074045817057,98.16990756988525,0.722222225740552,20.61626411358568,14.1204955221356,-5.684917195637979,-2.606768035888649,1005.6495963541668,-10.578178723653158,229.27851819867888,651.4350592295328
2021-05-05,3.7716003417968977,1.6634765625000227,2.5940656026204656,85.21296215057373,99.92731444040935,41.7291666418314,31.2894492386441,22.707609710235698,-5.413542175292946,0.23015619913741148,1001.2932747395832,9.367594043413797,95.71709325537086,705.2139186859131,4.283349609375023,2.0946289062500227,2.9173993428548406,87.7939805984497,98.83842595418294,79.91666643507779,33.85578112341363,22.79654904543877,-4.597878519694007,1.0187520345052121,1001.2347200520833,12.319754054148992,73.1060555006067,612.5169779459635,3.5051513671875227,1.4345947265625227,2.389772033691429,86.26481374104817,99.74120299021403,40.97916702926159,30.823098407718533,22.601563726567534,-5.34149271647135,0.23174438476564774,1001.04875,11.18158757686615,76.03090836728613,693.7681166330973,3.7504211425781477,1.8028503417968977,2.6948333740234602,84.82361157735188,99.7300926844279,50.05555573478341,32.85410220832985,23.337958576167114,-5.292292022705055,0.2775627136230696,1001.148798828125,9.742230939368406,96.84307216666639,688.493590037028,3.8617797851562727,1.6354309082031477,2.483862813313825,89.02638880411784,99.88148085276286,58.097222328186035,31.573760435771412,22.445861982720896,-4.815023803710915,0.7904513041178802,1000.4827376302082,11.006571168700853,67.0650373250246,672.2711114883423,4.156915283203148,2.0495849609375227,2.7645736694336165,88.06573963165283,99.44629573822021,76.1944445669651,33.02292992866655,21.918277330489943,-4.823543294270792,0.9121859232585052,1000.8187044270833,12.186340858538946,68.00813037902117,641.3923292160034,3.6588073730468977,1.6236511230468977,2.4142344156901268,88.83981482187907,99.81527773539226,40.3472222071141,30.865299186779538,22.751050229721596,-5.042155965169229,0.6942103068034271,1000.8942447916667,11.541587796062231,74.76912837103009,678.0703366597494,4.027368164062523,1.9348999023437727,2.7804924011230696,86.88796170552571,99.90046310424805,65.20138881355524,32.538842465576614,22.21043497851329,-4.950824483235635,0.720972951253259,1000.9968977864582,11.629333843787512,74.64622008552153,663.5237846374512
2021-05-06,4.736260986328148,1.5833374023437727,3.3647705078125227,96.76435216267903,100.0,273.57638931274414,17.023909174422876,12.901503563502516,-3.0461919148762604,2.8858365376790402,994.0233756510418,-2.5575069350500903,30.419184568648536,367.6461524963379,4.825921630859398,1.3132568359375227,3.2702067057291893,96.36296240488689,99.90509223937988,326.52083110809326,20.883142886530653,13.529510475394313,-2.905978902180948,2.7268005371093977,993.3637434895833,-0.5041085655490557,33.7462962763384,339.3289333979289,4.308496093750023,1.9441162109375227,3.2401532491048406,96.79583326975505,99.93935203552246,201.51388788223267,17.000798816405137,12.491421276740132,-2.753605906168616,2.7739349365234602,993.9353092447917,-2.365909400085608,30.593796192978818,357.5709406534831,5.099237060546898,1.3910156250000227,3.3748476664225486,96.1842581431071,99.81944433848064,235.24999952316284,19.564603680200655,12.49146371642757,-2.8645271301269304,2.812336222330771,993.66857421875,-2.511648193001747,34.8168888023744,335.67080052693683,4.208062744140648,2.1284423828125227,3.2458498636881736,95.48796304066975,99.9768517812093,148.30555367469788,16.362882434019042,12.017327394230314,-2.4987065633137604,2.5795939127604584,994.4677701822917,-2.2800982172290483,31.769259403149288,366.72280248006183,5.086694335937523,3.1255126953125227,3.8883656819661687,95.74583339691162,99.7652775446574,269.05555868148804,19.988224032958016,12.541992447734055,-2.671227518717444,3.260048166910849,993.518740234375,-5.480366824815671,30.26742622659852,350.0667101542155,4.638879394531273,2.3762451171875227,3.9394279479980696,95.94120534261067,99.98935127258301,42.763888865709305,16.833824819062052,11.695976205286245,-2.303759002685524,3.342579142252646,994.9370442708333,-6.985034142931302,56.066665462839104,329.0234254201253,5.006188964843773,3.1228271484375227,4.049656168619815,95.41527716318767,97.406481107076,250.60416460037231,16.53433274051231,10.508299231320235,-2.986308797200479,3.3681490580241302,994.2739518229167,-7.144856169819832,36.60746322385967,310.01933972040814
2021-05-07,5.913385009765648,2.5356384277343977,3.804641977945986,84.19444370269775,93.76898161570232,25.05555558204651,18.846461575532707,9.54900266784175,-4.15447082519529,1.2994438171386946,999.0743684895833,-6.116869191328685,139.35840497165918,389.555292447408,5.886254882812523,1.6352783203125227,3.946346537272158,87.43148136138916,94.06481345494588,557.3958320617676,13.019674818514456,10.467011491593231,-4.658892059326149,1.9792317708333371,999.5284407552083,-9.99752539396286,171.0367406780521,403.1405210494995,6.227258300781273,2.0055786132812727,4.091780598958356,83.15601857503255,93.81018447875977,15.083333313465118,12.695121850852782,7.682014693667658,-4.0489270528157135,1.3932281494140852,999.09169921875,-12.662544210751852,176.00729458096126,407.67054144541424,5.174249267578148,2.0326477050781477,3.3758331298828352,87.6078707377116,92.47129519780476,316.7638874053955,12.622424467924127,8.842807139780637,-4.259943389892555,1.4716773986816634,999.9080696614583,-10.04216996828715,146.46862505065897,386.07774543762207,6.468164062500023,2.5484558105468977,3.8610321044922102,83.07175890604655,84.92268538475037,9.819444388151169,17.17006045881878,9.69673882999652,-4.16106262207029,1.1399436950683821,999.2264485677083,-6.139552056789398,141.55472486590347,407.0135040283203,5.696435546875023,1.9336486816406477,3.684144592285179,82.1837968826294,94.16620445251465,224.59722232818604,11.60224247467467,8.833850880916167,-4.043747965494788,0.8407455444336165,999.94515625,-12.846702551779648,168.83970530641577,445.68334738413495,6.612634277343773,2.6156860351562727,3.9891525268554915,83.68888918558757,86.4231481552124,12.083333257585764,21.23766382187961,11.454435647370133,-4.156793975830055,1.3147878011067746,999.321484375,-6.333793610334396,151.88335341215134,432.47934850056964,4.874230957031273,1.9611450195312727,3.203645324707054,88.86157321929932,97.36481507619222,101.55555510520935,12.504318639876914,7.232250006927217,-3.7674036661783816,1.5091466267903684,999.2259244791667,-3.5444481571515403,94.39855551471312,321.34153175354004
2021-05-08,8.362359619140648,2.4603210449218977,4.96924743652346,70.39259099960327,81.96898177762826,37.166666746139526,23.822846046305454,12.602892919371934,-5.4480359395344635,-0.5471875508625885,1006.14490234375,-16.05581663052241,237.12611583744487,653.5436070760092,9.141137695312523,2.5385986328125227,5.585521952311221,64.792129834493,74.5333330896683,35.24305582046509,17.967189581223394,12.526674674084225,-4.96865564982096,-1.232664489746071,1005.573720703125,-19.063703574240208,253.0602927878499,719.7748467127482,7.771630859375023,2.2468200683593977,4.82672526041669,71.76573848724365,74.83657415211201,39.375000298023224,22.86503151031785,13.807549017891569,-5.5071790059407135,-0.32760213216141665,1006.7417447916667,-13.206694394350052,244.86518267045417,641.3971004486084,8.871972656250023,2.1350341796875227,4.91510925292971,71.70972108840942,83.27268517017365,34.1736114025116,17.798468236541797,10.986530637993377,-5.14912389119462,-0.38895899454752225,1005.612626953125,-10.638389031092325,195.23266718909144,624.8544003168741,7.872247314453148,2.2260986328125227,4.805916086832705,70.90694443384807,84.43796264131863,20.30555561184883,22.909674036101578,13.379610256619491,-5.686759694417276,-0.5126454671223541,1006.409501953125,-14.361208935578665,235.46325921515623,653.446938196818,8.630273437500023,2.3200927734375227,5.0927597045898665,67.43472290039062,80.24444424609344,24.798611283302307,18.5268304500353,12.407091665322497,-5.413028462727823,-1.0166839599609148,1005.5192154947918,-14.93171485265096,210.0861514856418,669.804807027181,8.093347167968773,2.4786926269531477,4.64371770222984,71.6476861635844,84.45740913351376,8.45138880982995,21.896865968659938,12.412150243464056,-5.756016794840491,-0.5719156901041629,1006.3953743489583,-14.137126684188843,204.2429820522666,623.0748198827108,8.286553955078148,2.4122558593750227,5.024275716145856,69.14907312393188,85.86990727484226,31.951388835906982,20.931120865714867,13.069966179082783,-5.592438761393225,-0.7090629577636491,1005.9527506510417,-14.292776862780253,225.06644775221744,686.8577270507812
2021-05-09,8.544824218750023,0.9829650878906477,5.2884994506836165,71.33194573720296,63.916203712423645,27.736111283302307,22.319037332830682,14.235055224518016,-3.5258303324381473,0.36957194010420835,1014.3041959635417,-12.73030138015747,227.61386182159185,451.5934378306071,8.819238281250023,1.1316467285156477,5.298811848958356,70.92361195882161,67.52592589582007,50.73611032962799,24.269724560714373,14.95562004012254,-3.5378682454426666,0.21008071899416336,1013.8729329427083,-9.99657928943634,209.66253427167734,518.966526667277,8.591180419921898,0.9074951171875227,5.333084360758487,68.57175985972087,59.731018767381705,8.569444358348846,23.684363878250355,14.970587138298365,-3.4945828755696198,-0.18896586100260038,1014.4141959635417,-12.565949122111002,232.43859196950993,463.2657175064087,8.621453857421898,1.7166687011718977,5.468653615315778,74.9620377222697,72.13657392561436,61.45138931274414,23.245126861110982,15.721309073611147,-3.1768338521321198,1.1645128885905365,1014.24099609375,-10.963534434636435,199.55206009745598,509.5657847722371,8.650018310546898,0.8290954589843977,5.406971232096377,68.34629662831624,61.13472165943434,2.28472226113081,22.726598336498693,14.539125164782357,-3.519158426920569,-0.24027608235672915,1014.6721484375,-12.125616510709127,234.59747939556837,468.4731337229411,8.396325683593773,1.3796020507812727,5.142079925537132,76.1462968190511,79.94768480956554,50.36111128330231,20.71335288479447,13.8345240793493,-3.546525065104163,1.1438385009765852,1014.4281608072918,-8.918567021687826,190.3554076552391,478.8038447697957,8.554620361328148,0.6327758789062727,5.241230265299502,67.38564777374268,61.06435175829878,2.6388889462687075,22.604966089228714,14.297985104242189,-3.7154296874999773,-0.6327982584635379,1014.964970703125,-11.151747544606527,227.84255848824978,462.1093872388204,8.350000000000023,0.9241882324218977,5.285952504475934,70.44999965031941,64.3402775277694,19.180555284023285,21.483950247078297,14.402712110521987,-3.6424697875976335,0.16989415486654025,1014.4680631510417,-11.623157938321432,216.4764829998215,448.5706561406453
2021-05-10,13.070855712890648,4.808312988281273,8.580644226074241,87.17129675547282,100.0,68.18055751919746,21.595439234651998,17.026518726188893,5.408184305826865,6.46404927571615,1014.8150911458333,-29.000502760211628,147.93258747458458,404.8962872823079,12.861108398437523,5.478082275390648,8.773235575358095,86.92500082651775,99.625,77.49305486679077,22.953917214885706,16.698224312202672,5.205230967203818,6.592580413818382,1015.2398307291667,-30.469812346001465,145.41000082592168,408.5897280375163,13.451104736328148,4.927453613281273,8.793133036295595,85.15787092844646,100.0,93.57639110088348,22.530749556610203,17.488241818476066,5.37895228068038,6.31141052246096,1014.8419661458333,-28.736128396665055,140.42377543449402,434.76444753011066,12.796746826171898,4.999078369140648,8.66248219807945,87.04722213745117,99.41203721364339,59.59027826786041,21.60568448471888,16.441669555303456,5.417386627197288,6.517054494222009,1014.9493424479167,-28.297175755103428,137.14171905070543,424.24752553304035,12.680535888671898,4.940911865234398,8.612119293212913,86.6189816792806,99.9865738550822,116.33333247900009,21.655533350156215,16.513693460570195,5.341910298665368,6.415204620361351,1014.3830403645833,-28.723967656493187,127.09892500688632,419.00221888224286,12.895562744140648,4.883325195312523,8.520084635416689,87.98009204864502,99.90972232818604,51.00694441795349,21.91459221991764,16.195248167982715,5.517966206868493,6.553530629475915,1015.064365234375,-26.603039966896176,128.29526010652384,397.4847583770752,13.486718750000023,4.868249511718773,8.712126668294294,85.05092493693034,99.88611125946045,104.35416559875011,21.726836127691055,16.348518458379658,5.1864550272624115,6.231660461425804,1014.6420052083333,-30.619925590852898,142.4249218441546,405.263001759847,12.849603271484398,4.855767822265648,8.455885823567732,87.13935248057048,99.99166679382324,61.61111170053482,21.651623596716625,16.466512147086224,5.259931182861351,6.3448590596516965,1015.4458528645832,-26.394343460599583,130.10098218917847,390.3614896138509
2021-05-11,15.863580322265648,9.761102294921898,12.640308634440126,75.8652769724528,57.63009242216746,48.0,21.228897573375246,15.461911924856784,8.706705983479821,8.126187896728538,1019.5917643229167,-42.86909786860148,279.8625400374488,382.5193926493327,15.599908447265648,9.166528320312523,12.250105794270857,76.33240747451782,63.52546310424805,77.41666889190674,20.427518458817687,15.163314379147671,9.193043009440146,7.8097638448079465,1019.64630859375,-43.14992252985636,285.62847714227,377.83442719777423,15.447930908203148,9.636834716796898,12.475541687011741,76.93842601776123,60.3231476744016,1.0347222499549389,22.19752878311809,15.202433508560565,8.849585469563806,8.207028961181663,1019.2582747395833,-44.235488494237266,273.477782794352,377.52974152565,15.607873535156273,9.363916015625023,12.232628122965517,75.55370457967122,67.43425973256429,107.00000381469727,18.880249843167178,14.735249841079252,8.980997975667321,7.588880157470726,1019.960087890625,-40.995007038116455,284.1121998762246,363.11849157015484,15.791741943359398,9.705560302734398,12.665439860026064,77.221297899882,54.77638985713323,0.0,22.157159682315587,15.51362638698342,8.841481781005882,8.443109130859398,1018.66814453125,-44.644416769345604,277.61949965210323,381.8928883075714,15.830621337890648,9.472192382812523,12.37609761555992,76.46435101826985,69.38379498943686,132.48610925674438,18.340127678387322,14.588077968916949,9.372126515706384,7.93696238199874,1019.957529296875,-44.390368700027466,277.9526637653665,357.31473128000897,16.062219238281273,9.081323242187523,12.57267786661786,77.20000076293945,51.12222236394882,0.04861111147329211,21.193282242334963,14.440843264030534,9.090005493164085,8.36218922932943,1018.3026790364582,-44.69666458914677,281.8680197681145,366.17877304553986,15.959497070312523,9.904748535156273,12.665336863199892,75.73842525482178,65.77129648129146,119.40972185134888,20.066950549734525,15.381765460577606,8.707246398925804,8.102873738606775,1019.600693359375,-44.38203875223795,283.4942781140562,369.2001008987427
2021-05-12,15.880548095703148,8.713769531250023,12.557758585612001,72.53981399536133,36.87083292007446,0.1666666679084301,15.02786964454683,13.568923467414947,9.167103068033896,7.245692189534509,1019.4889615885418,-25.747008979320526,295.10318548441865,266.1216966311137,15.434808349609398,8.283319091796898,12.049378967285179,72.3856479326884,38.42037042734834,48.0,16.440371604613222,13.838233321424788,9.072489674886071,6.77079798380538,1020.7993391927083,-24.41672670841217,291.6455645656679,269.08532396952313,15.848199462890648,8.738153076171898,12.504229482014997,73.33842547734578,57.389350493748985,0.1666666679084301,16.52741894338472,13.937867005786414,9.20631815592452,7.420284525553427,1019.485712890625,-26.178891231616337,285.58275602719124,257.44590346018475,15.638665771484398,8.216088867187523,12.0164250691732,72.89768648147583,41.419444834192596,1.3333333432674408,14.67033811263745,13.726721084810931,9.041299438476585,6.883382415771507,1020.7074186197917,-25.31716873248418,287.1443295524611,251.29189173380533,16.077508544921898,8.895043945312523,12.67778040568036,73.67361052831014,41.992592285076775,0.0,15.834363225021303,14.2209349191997,9.393769836425804,7.668729400634788,1018.8830143229167,-27.112320482730865,291.09911053340574,262.6455596288045,15.603356933593773,8.259515380859398,12.15299250284833,72.01574039459229,28.218517661094666,0.0,16.14272644589279,14.127434573532506,9.173453267415368,6.787656402587913,1020.143681640625,-24.879417419433594,296.23701300184865,269.4558388392131,16.131799316406273,9.104669189453148,12.827713267008486,73.90092658996582,77.8069445292155,0.0,15.35141093579167,13.650485094192186,9.518791453043661,7.8516403198242415,1018.2624641927083,-27.25569277877609,276.5213144020333,253.49910958607992,15.703820800781273,8.546411132812523,12.324198659261091,72.19166739781697,29.318055391311646,0.1666666679084301,15.50347327812842,14.245095721083578,9.19374491373702,6.9962567647298215,1019.5576399739583,-25.61130850513776,295.1449049508665,270.67884890238446
2021-05-13,14.456109619140648,9.822534179687523,12.424048360188825,75.39027659098308,28.596759997308254,0.24305555783212185,21.794930841866492,15.43875876645898,7.158242797851585,7.8443466186523665,1013.7541178385417,-18.717925190925598,265.76837277412415,343.01595012346905,14.844232177734398,9.733331298828148,12.435544586181663,79.6189816792806,34.82546335210403,0.7291666911914945,21.065998575562062,14.247403540594155,7.236085510253929,8.665152486165368,1014.5426985677083,-20.08180730541547,246.7295606235663,313.96950697898865,14.396630859375023,9.759759521484398,12.417712148030622,75.69259405136108,21.26342600459854,0.35416667722165585,21.864853285394602,15.19514876570445,7.12969868977865,7.916023508707724,1013.6861588541667,-17.260804275671642,260.93603443106014,324.9646818637848,14.532067871093773,9.582543945312523,12.381557718912783,76.66620381673177,16.376851436992485,0.29166667303070426,20.8932301527405,14.77218739835029,7.263085937500023,7.95453796386721,1014.3696321614583,-22.975401123364765,286.49451462427777,306.0286121368408,14.932672119140648,9.873834228515648,12.668094889322939,75.17129675547282,20.6212964442869,0.0,23.033379409252465,15.145183041178187,7.508229827880882,7.990949249267601,1013.2268717447918,-21.067025403181713,289.17373043795425,334.358083486557,14.482446289062523,9.771020507812523,12.403181966145857,76.74490737915039,34.961574763059616,0.39583334513008595,22.56752049387273,15.167610043165539,7.302754974365257,8.048491414388025,1013.8374934895833,-21.540834486484528,273.62113188703853,331.28221948941547,15.350122070312523,9.850030517578148,12.789542134602888,75.07129700978597,22.012036512761068,0.0,22.855408222189638,14.681507872144223,7.754646555582724,8.074290211995446,1012.8118294270832,-22.053596178690594,279.0787464529276,339.9965850512187,14.542687988281273,9.629479980468773,12.45255050659182,75.28657420476277,31.607870539029438,0.4652777872979641,21.404755376505232,15.190019782915043,7.0976552327474,7.80591735839846,1013.8102376302082,-21.811921457449596,284.8480522682269,330.270712852478
2021-05-14,12.939660644531273,8.865319824218773,10.638791656494163,77.9819450378418,80.25555582841237,1.3263888992369175,18.2064912634521,11.562053397874976,4.398566182454431,6.690370178222679,1008.0083658854168,-7.107821822166443,212.30129150860012,285.7139545281728,13.527856445312523,8.945367431640648,10.698840077718122,76.25277694066365,81.59444379806519,6.750000016763806,20.269586918404244,13.581646639908572,4.47309519449874,6.364947255452478,1009.7189811197917,-10.146435379981995,194.89739327101657,318.04507907231647,13.256768798828148,9.030664062500023,11.169377899169945,73.80277729034424,76.93935283025105,0.722222238779068,16.36023394638626,9.965635508964484,4.57676722208663,6.333589172363304,1008.251875,-8.81167741616567,233.1348496414721,296.8494869073232,12.809564208984398,9.088494873046898,10.44047317504885,78.06573994954427,88.06249952316284,13.895833373069763,10.266335054352082,5.701800553904722,5.001273091634118,6.589992777506552,1007.8575618489583,-1.914390782515208,104.24985385251541,109.84314076105754,13.527337646484398,8.858819580078148,11.089631652832054,72.86666758855183,60.16111155351003,0.1666666679084301,18.73908055225575,11.727766735105233,4.462331390380882,6.020766194661462,1008.566181640625,-7.56859564781189,253.1575551095108,339.44024499257404,13.571740722656273,9.436151123046898,11.391882832845075,72.21296278635661,85.69166723887126,0.0,17.07146994050976,10.488633004961187,4.953393554687523,6.182032521565759,1008.027626953125,-13.174972757697105,213.12526016806564,292.2292267481486,13.483331298828148,8.717736816406273,11.08668162027997,71.84212859471639,60.72407408555349,0.0,20.393627325711016,12.36961719693295,4.40634689331057,5.820667521158896,1008.87271484375,-7.6918139060338335,255.91386390974125,352.9505554040273,12.578302001953148,8.769097900390648,10.01306050618492,80.53009287516277,88.18472202618916,15.000000004190952,22.683772912965974,14.119297259387347,3.5280993143717865,6.563568369547568,1008.1725390625,0.8814080556233724,143.5605001913694,359.64485239982605
2021-05-15,14.055444335937523,9.053979492187523,11.480621592203798,82.20463053385417,77.917129834493,2.1736111477948725,15.604409133717839,11.654382817825814,5.538086191813193,8.198740895589196,1006.2703483072917,-20.211782306432724,249.9412966631353,358.6535291671753,12.700158691406273,8.222833251953148,10.442262268066429,85.57361221313477,85.27407328287761,6.472222194075584,14.4906451887338,12.297833796067165,4.444842274983728,7.951250966389978,1004.4745475260418,-10.185284562408924,173.55390911083668,364.38216336568195,14.348962402343773,8.930505371093773,11.458692169189476,82.4712963104248,82.85416682561238,11.88194434903562,16.879571149792323,13.049186970416208,5.8236315409342865,8.213541920979821,1005.8277994791667,-20.017131904760998,251.46185830111304,358.8240400950114,13.834954833984398,8.684045410156273,11.012663777669294,83.51157283782959,86.65601666768391,6.423611089587212,14.558196242116944,11.732308604567038,5.569744364420615,8.106179809570335,1006.4433430989583,-14.026929467916489,184.32984904013574,291.65115547180176,13.972467041015648,8.460870361328148,11.28195724487307,84.11666679382324,87.30370330810547,15.138888941146433,15.802504799026572,13.078181008166846,5.84217478434249,8.40717722574874,1005.5989615885417,-17.00827173391978,235.48462801364562,322.64868863423663,13.793420410156273,8.162469482421898,10.946501668294294,83.45046138763428,70.89213132858276,0.8750000018626451,15.062934662915485,11.63111799412519,5.327967580159509,7.943516031901083,1006.76818359375,-11.72602425267299,187.22827706920603,315.824853738149,13.899438476562523,9.273950195312523,11.35599543253583,84.67407258351643,91.4009256362915,12.423611117526889,15.504269392962724,11.904739676133792,5.7455243428548215,8.588557179768884,1005.9327994791668,-15.614229872822762,180.59224197082222,288.9280864397685,13.420556640625023,9.036523437500023,10.926431274414085,83.57407601674397,85.29351727167766,2.9930555652827024,15.709608917569621,12.061990098976992,5.150727844238304,7.99573669433596,1006.9106477864583,-12.403412441412607,168.93866761183986,285.7438481648763
2021-05-16,14.502221679687523,8.981713867187523,11.497725423177107,72.35138924916585,52.1847228606542,97.66667175292969,16.29485269369018,13.081138477346798,5.683096822102868,6.010535176595056,1007.0678580729167,-21.9560011147211,296.30935221289593,404.339075088501,15.162744140625023,8.861138916015648,12.193378702799501,73.21897999445598,52.56296296914419,8.333333164453506,15.53763861481813,11.365252640424194,6.267011260986351,6.935566202799521,1007.0012923177082,-20.954192916552227,282.8905000003676,388.1407648722331,14.809899902343773,8.374322509765648,11.68054097493492,70.7976845105489,53.42222269376119,46.5,16.967612678992097,12.670317718135097,5.560065205891931,5.946262613932333,1007.389296875,-21.65415405233701,301.9462986898919,416.93267790476483,14.796350097656273,8.868280029296898,11.891432698567732,71.68564939498901,59.56250023841858,24.520833671092987,16.725015179671516,12.55662782575437,5.574299112955771,6.338995869954431,1007.061708984375,-17.662262499332428,298.45466669959325,436.1875040133794,14.673120117187523,7.565332031250023,11.317030843098982,73.35138988494873,65.09814898173015,1.1666666865348816,15.763820348297324,11.819713154557737,5.300711568196618,6.089885965983115,1007.8651334635417,-18.407899876435597,300.6523377597332,401.22169216473895,14.415032958984398,8.856134033203148,11.464980061848982,72.30231507619222,78.94722119967143,26.81944513320923,17.507813282483152,13.493624693149842,5.254715220133505,6.14389317830404,1006.9588704427083,-16.5022109746933,286.99399914219975,427.5986647605896,14.538842773437523,8.899865722656273,11.468200937906923,73.78564818700154,62.18518511454264,4.513889014720917,16.284742758455756,11.819115216793188,5.202213541666708,6.363173421223962,1007.8757747395833,-19.816171209017437,296.9819735381752,387.72148235638934,14.674615478515648,9.505578613281273,11.874543762207054,74.90185372034709,75.08379582564037,26.000000953674316,16.02914729382905,12.939408241048383,5.684576924641931,6.971596018473349,1006.7874739583333,-19.34978414179447,252.5196477547288,397.3195192019145
2021-05-17,14.334802246093773,8.381097412109398,10.74572652180992,85.2972199122111,89.62407302856445,50.999999046325684,24.45099851115432,15.008352280017363,6.260353342692099,8.21204274495443,1007.8863151041667,-5.682922591765721,148.02182797032097,240.276939590772,14.449975585937523,7.638757324218773,10.581040954589866,81.60324096679688,80.63935148715973,115.68055820465088,25.994289472532145,17.263484158007397,6.199192301432333,7.358093516031943,1007.063271484375,-1.172674501935641,143.70694460223118,307.27967858314514,14.266625976562523,8.367089843750023,10.689084625244163,86.19537162780762,81.80323998133342,71.31249918043613,25.855802156906105,14.043537278961125,6.450818634033226,8.311845397949241,1008.0590071614583,-3.3503866543372474,151.20983108629784,232.61146994431815,14.183343505859398,8.266107177734398,10.281367238362654,83.67685063680013,76.80324006080627,108.67360937595367,26.110818810169455,14.634708422735955,6.0948959350586165,7.469171142578148,1007.2910091145833,1.0776488830645878,132.84118799616894,241.32436402638754,13.598260498046898,8.339868164062523,10.487973785400413,86.74768511454265,87.1018516222636,45.35416711540893,23.71073058868723,12.820959225877225,6.3351061503092865,8.23483810424807,1008.2089290364582,-3.086873047053814,133.71542404219508,198.6614705324173,15.246606445312523,8.417993164062523,11.00851720174156,83.53379662831624,87.82592550913493,69.98611234128475,25.63846548570323,15.181976611596935,6.204127248128259,8.096560414632165,1007.3718684895833,-4.6715922045211,159.25647755215564,288.52103356520337,14.164788818359398,8.257104492187523,10.655421193440779,85.97083377838135,83.89212942123413,54.152777277864516,24.508406982554405,13.632297863481098,6.667563374837243,8.252507781982445,1007.9821158854168,-3.6788489669561386,139.9720348653694,209.11672059694925,14.621789550781273,8.603570556640648,10.951612091064476,84.28842544555664,79.70462942123413,47.958334282040596,25.53904549728561,14.953840177294211,6.229077911376976,8.236086781819665,1007.8023111979168,-6.803880530099074,163.63611494253078,264.61985671520233
2021-05-18,14.122735595703148,7.895898437500023,10.887439982096376,83.65046405792236,99.33564758300781,309.5277786254883,15.307547162381502,9.117255757326607,5.720508829752646,7.985316212972009,1005.4743229166667,-14.241984208424887,180.6693545828263,250.25361788272858,12.982141113281273,7.552880859375023,10.741179402669294,96.04259236653645,98.06527773539226,229.57639122009277,16.430352162552186,10.248266399215632,7.6177904764811615,10.100947316487634,1003.391171875,-12.400997824966908,82.97627725203832,190.07314356168112,14.625756835937523,7.290948486328148,11.222573852539085,79.46157423655193,94.4712963104248,358.7152853012085,11.079564275143637,7.318915183451018,6.095057423909509,7.373843129475915,1005.63484375,-17.226412455240887,205.1659289970994,280.2072057723999,11.996118164062523,8.550622558593773,10.52274347941083,98.35972372690837,99.656481107076,532.1180515289307,20.12870545257625,10.80130494259148,7.840139007568382,10.267344411214196,1001.7453938802083,-7.711355398098628,31.59490717947483,177.2576024532318,14.692834472656273,7.587182617187523,11.333885447184267,80.57361110051473,97.4037036895752,228.5138874053955,11.237980713716206,6.771738862153413,5.750981903076195,7.677311197916708,1005.4819661458333,-18.23839137951533,189.88805425415435,288.68943591912586,11.210229492187523,8.524835205078148,9.876871999104841,95.7675937016805,99.9662036895752,281.80555534362793,23.553437415651953,15.226338697837766,6.598868306477868,9.219496663411462,1003.63697265625,-1.9610739946365356,20.37920392428835,265.679461201032,14.309899902343773,7.819787597656273,11.060882822672548,83.89120356241862,99.98842589060466,6.145833307877183,11.063583136253865,7.362235848150109,5.711975351969443,8.141044871012411,1005.9033430989583,-17.46736313899358,190.14879990865788,260.57880147298175,13.911096191406273,8.099267578125023,10.247682189941429,91.32175985972087,99.80648136138916,337.15972423553467,28.851519096392263,15.13535337744743,6.173450724283896,8.821304575602255,1004.611142578125,-4.158266164983313,82.19236639887094,280.656756401062
2021-05-19,12.407586669921898,9.353784179687523,10.766787465413435,94.60740725199382,100.0,325.02777552604675,19.73104326380733,15.325149929528537,7.152223205566429,9.896389261881552,999.874140625,0.819036473830541,16.878536839659017,303.5205192565918,10.843469238281273,7.972192382812523,9.912252044677757,89.77314853668213,93.62685163815816,518.0902729034424,18.282192770182732,13.225246561601958,4.677050526936853,8.294428761800134,1004.731865234375,2.571064899365107,47.056444788972534,270.5551954905192,11.492639160156273,9.341607666015648,10.706899261474632,97.41388893127441,100.0,363.6458320617676,15.40964008881115,11.797852458994774,7.4921864827474,10.30153299967452,999.2907942708333,-0.32093572166437906,17.93511155775438,237.38409741719565,11.031457519531273,8.384606933593773,10.137439982096376,92.78888893127441,99.8874994913737,671.0000009536743,19.232523497789646,13.810642416277384,6.1969403584798215,8.992248789469443,1000.8401432291668,0.986621905118227,57.321185348555446,328.95239575703937,11.425775146484398,9.301354980468773,10.468937174479189,96.87129561106364,99.98240693410237,333.56944608688354,17.862825507471964,14.246227407672054,7.151826477050804,9.9813056945801,1000.3329296875,0.12796046305447817,26.82109294924885,277.3084437052409,12.444482421875023,8.872216796875023,10.667087809244814,91.5509262084961,100.0,402.2777786254883,23.82780125642139,16.7994315594047,6.442815399169945,9.285878753662132,999.9991666666667,0.6317253156254689,24.471407735720277,370.3881028493245,11.330834960937523,9.086145019531273,10.659500376383486,97.11435222625732,99.99629624684651,242.9583339691162,17.325775788769626,11.34570839219189,7.65127843221029,10.211632029215536,1000.351650390625,-2.410890072584152,36.54624042008072,222.55144755045572,11.850885009765648,8.813226318359398,10.29693501790367,93.27500057220459,100.0,323.27777487039566,22.626423426271085,18.354137443260043,6.6273183186849,9.225172932942712,1001.043251953125,3.4223039696613946,12.752370475170514,346.48693402608234
2021-05-20,10.258111572265648,8.416650390625023,9.06592966715497,88.71203676859538,99.96990712483723,108.46527743339539,15.445020935724218,11.044110068280688,2.6608393351237396,7.2566085815429915,1004.491748046875,-1.0206000010172527,39.578944424788155,267.8832155863444,12.512597656250023,7.988977050781273,10.10273132324221,82.66944440205891,99.69999917348225,607.3472213745117,16.30156462386414,12.980179347215882,2.262885030110681,7.144109344482445,1005.7743489583332,-12.756111145019531,160.5134413788716,386.21207364400226,13.255578613281273,8.503045654296898,10.040322875976585,82.18240737915039,99.46481450398763,35.569444447755814,17.97827054015905,10.30570352807582,3.420985158284509,6.9134447733561615,1004.2026041666667,-9.527177413304647,128.56403855296472,412.2593495051066,13.148065185546898,7.805627441406273,10.030656433105491,81.03842544555664,92.14814774195354,566.7361106872559,21.789085397320164,16.663933897092587,2.4748995463053802,6.672856903076195,1005.1306705729168,-17.416104078292847,236.92272215957442,523.3362789154053,13.413964843750023,8.497521972656273,10.256550089518251,82.37546332677205,98.64490667978923,34.375000447034836,19.590208189853456,10.069491084838898,3.417934672037802,7.163510894775413,1003.73705078125,-9.863186915715536,134.4463647554318,427.422171274821,13.327874755859398,7.892175292968773,10.66867853800458,79.31527821222942,93.32777659098308,530.4652709960938,19.048655315604442,13.805064936033647,2.6823173522949446,6.986511484781943,1006.08642578125,-20.054467501739662,216.45855624725422,455.54803466796875,11.139184570312523,8.408197021484398,9.294679260253929,88.46666653951009,99.9180555343628,55.46527744829655,18.43703135133782,11.886396983162939,3.5727706909179915,7.42048288981124,1003.6854524739583,1.1262872119744618,51.14418444689363,330.18059317270917,9.198510742187523,8.021203613281273,8.55585886637372,93.55509217580159,99.99305534362793,344.55555725097656,19.154256861115375,12.319368884883447,2.289253489176474,7.565615590413415,1004.4563313802083,2.595944870263338,20.036037574832637,272.75289885203046
2021-05-21,11.598352050781273,7.413537597656273,9.438532765706404,85.8162031173706,86.86342652638753,258.13194608688354,30.718948969227334,20.289942273109304,0.9509381612141965,7.080753580729208,1000.1001822916667,-13.715168024102846,249.398057827726,622.5587189992269,10.635644531250023,6.883325195312523,8.751701609293642,86.90509192148845,97.12129592895508,374.5694456100464,34.68230334136368,24.176373367350124,0.6042076110840071,6.611065165201865,1001.130703125,-9.4441288455079,224.33896443992853,592.1645908355713,11.427270507812523,7.007958984375023,9.015077209472679,85.83981386820476,98.85092608133952,261.8333342075348,31.197161221973097,20.48763836876309,0.555537160237634,6.663697814941429,999.0307845052083,-7.527479489644368,194.1495566101124,709.5735931396484,11.854455566406273,6.693627929687523,9.303690846761091,81.07037003835042,65.91666613022487,89.86805486679077,31.905574981987883,21.623120422426634,1.4601188659668196,6.02991892496749,1002.4560091145833,-9.20777702331543,290.8414819153647,570.6130599975586,10.988488769531273,7.197808837890648,9.100274658203148,85.54120254516602,99.56712849934895,179.42361056804657,30.38047409032775,20.8549831929451,0.6428937276204465,6.7374740600586165,998.558740234375,-7.154576612015565,180.01594078540802,670.6046460469564,11.637536621093773,6.801416015625023,9.605460103352888,83.90185038248698,73.63148248195648,169.5416657924652,31.407715886986722,20.05303858858414,1.6581410725911496,6.876142120361351,1000.8000325520833,-10.850611497958502,290.7024610986312,525.1434639294943,9.288079833984398,6.786431884765648,8.205157216389997,90.23287041982015,99.9699068069458,322.49305391311646,29.741228955703782,22.988866107069992,0.22844212849935275,6.688423411051474,998.0825162760417,3.3300229062636695,66.43674144893885,670.5851745605469,11.318139648437523,7.446252441406273,9.43091990152997,85.87592633565266,91.19351879755656,281.9236092567444,30.42412371047738,19.881945049536878,0.9937619527181027,7.079822794596396,1000.5063736979167,-13.267235214511553,245.81851489034793,609.4783852895101
2021-05-22,12.727807617187523,6.369653320312523,9.299695587158226,82.13842725753784,61.018980741500854,329.13194370269775,25.62559235135361,19.089011176379184,1.394264475504599,6.089109039306663,1000.4936848958333,-22.954893579085667,288.246946208179,647.6130577723185,11.850000000000023,6.674218750000023,9.064914957682314,86.44351768493652,55.676851987838745,322.32639026641846,19.208106772528208,15.616633856863556,2.0797732035319427,6.811006164550804,1002.702021484375,-10.121498882770538,214.92342267930508,435.9130466779073,12.940362548828148,6.431390380859398,9.479069010416689,78.67314736048381,59.969907676180206,42.645833253860474,26.461191462349888,19.865980051410066,1.4346964518229584,5.669988250732445,1000.47662109375,-23.42692532762885,294.90759441256523,675.6913118362427,11.816674804687523,6.823632812500023,9.37534357706708,84.6379607518514,49.64814861615499,349.6805534362793,19.169087104340665,16.10314956767641,1.7517944335937727,6.7971295674641965,1002.0006640625,-15.935879449049631,291.13153685132664,488.95326169331867,12.671289062500023,6.284692382812523,9.300354258219423,77.8847230275472,63.46018508076668,15.000000059604645,24.998895810765468,18.822545207471503,1.1600458780924896,5.299891408284509,1000.6948404947917,-21.965192168951035,286.54310784488916,677.7636623382568,12.452661132812523,6.750329589843773,9.555050150553408,79.8828706741333,50.322686364253364,237.15277671813965,20.113813874128272,16.917457698298985,1.490504201253259,5.943448638916038,1001.2381380208333,-18.09882754087448,292.89866521954536,589.4492998123169,12.624353027343773,5.918878173828148,9.164654032389345,78.0648144086202,59.837499717871346,5.236111069098115,23.34937286254039,18.327129988940772,1.1530128479004134,5.216335550944052,1001.228486328125,-19.216953342159588,278.3028930723667,614.8838663101196,12.402307128906273,6.618585205078148,9.326416269938173,81.8731476465861,63.89861033360163,439.7013874053955,22.75928631488214,17.875006429168796,1.196900939941429,6.078528340657556,1000.5907877604167,-21.861751685539883,278.96736550331116,614.389552116394
2021-05-23,12.400445556640648,6.155938720703148,9.45049947102867,81.7185173034668,74.95509253131847,22.66666668653488,13.598754701323307,8.125626097021847,1.8376607259114621,6.292568461100302,1004.830849609375,-10.370342135429382,170.43146212399006,279.3393609523773,12.605401611328148,6.317407226562523,9.726309712727888,81.38148085276286,58.82685112953186,344.9861173629761,19.085675748897934,10.012530135475748,2.079048411051474,6.429162597656273,1005.600205078125,-14.025052110354105,262.1760495702426,376.528440117836,13.261102294921898,6.123101806640648,9.70352706909182,81.01157283782959,65.54953704153498,25.95138880610466,13.428904116384292,7.670815174461732,2.0503453572591184,6.352020517985068,1004.78654296875,-12.916418532530466,218.75379455586275,308.35983312129974,12.501763916015648,6.416680908203148,9.65386861165367,82.98379548390706,69.90138932069142,73.42361164093018,14.759335801110108,8.572111737583247,2.086537933349632,6.715618387858115,1005.6652408854167,-11.499012053012848,244.92164133985838,273.9075702826182,12.179223632812523,5.998284912109398,9.27277781168622,84.42314942677815,71.44722253829241,20.062499940395355,13.26478360518032,8.053798929107458,1.9810284932454465,6.60166956583663,1004.4088671875,-9.438269714514414,166.95774064958096,279.3359599510829,12.815881347656273,6.398248291015648,9.561228688557966,82.31157461802165,71.9393514196078,29.534722447395325,15.676862108593264,9.181625346628879,1.8722752888997434,6.445211029052757,1005.4314811197917,-9.054127901792526,225.89223952094713,297.23225247859955,12.692926025390648,6.096368408203148,9.54910558064781,83.34814898173015,66.28518550594647,15.569444669410586,14.264009917878548,7.703243696918033,1.8806053161621321,6.653930918375693,1004.56787109375,-11.41679584980011,220.47209787368774,321.53718614578247,13.025170898437523,6.185235595703148,9.652518208821638,79.71342690785725,72.54027831057708,16.215277642011642,13.52131380645025,7.7170899402530315,2.216950988769554,6.05225779215499,1005.5302962239583,-11.341934581597647,189.3184952835242,288.34450507164
2021-05-24,12.265954589843773,4.774468994140648,8.81406428019208,73.41574064890544,27.3435181081295,54.666664123535156,18.717887018401388,13.716655757184967,1.0687538146972884,3.898591613769554,1012.6829361979167,-5.198249816894531,308.5038890838623,526.5407120386759,11.428216552734398,6.628747558593773,9.406673685709658,85.33148097991943,74.92546359697978,68.73611187934875,15.106872603312773,13.167416427198516,1.0853375752766965,6.938919321696005,1013.2580533854167,-6.907166803876559,178.61135118206343,345.03032970428467,12.476190185546898,4.822290039062523,8.910185750325544,74.40462970733643,26.778703371683758,59.50000190734863,19.888114555444037,15.44649419362891,1.3643000284831146,4.215520477294945,1011.931552734375,-6.871615568796794,310.4255659878254,534.8842910130819,11.381127929687523,6.499688720703148,9.38040949503583,87.7768538792928,49.8712956905365,104.41666603088379,22.236499849266316,15.49924756757295,1.6073191324870209,7.370444234212243,1012.7934928385417,-6.787356595198314,248.16168799002966,350.8118947347005,12.515679931640648,5.312158203125023,9.117378489176454,74.3912034034729,39.12500011920929,58.66666603088379,20.2547542665831,14.778340786511365,1.2964098612467865,4.423671976725302,1011.91541015625,-7.810266017913818,301.51547651489574,515.0163224538168,11.966607666015648,6.075646972656273,9.166853841145857,79.1953706741333,48.73703642686208,60.388888120651245,19.487343489692687,13.78377707376219,1.1189552307129134,5.434917704264365,1012.4208072916667,-8.500590542952219,244.53624402483305,396.45005400975543,12.852136230468773,5.891137695312523,9.409261322021507,74.96805429458618,38.781018475691475,3.3333334922790527,20.06958961173547,15.141910809182955,1.3650108337402571,4.79507726033529,1012.0730305989583,-9.654876152674357,299.2404050727685,486.1533896128337,12.080377197265648,5.091088867187523,8.72617365519208,74.17962948481242,24.46712960799535,59.83333396911621,18.841849433452914,13.902032586707625,0.8894579569499115,3.9314755757649777,1012.9126725260417,-6.4191809097925825,311.96773933370906,490.148725827535
2021-05-25,10.894464111328148,5.581231689453148,8.618805185953798,75.51342678070068,60.62175929546356,0.0,21.303206736123112,13.54649359133787,0.9713429768880246,4.34583689371749,1021.675888671875,-4.7692292133967085,245.1487557987372,381.183393239975,10.472192382812523,5.256555175781273,8.361458079020204,76.40601825714111,67.83240739504497,54.666664123535156,26.312843579829252,16.33042457249176,0.7215413411458371,4.259046173095726,1021.699228515625,-3.312990446885427,221.06831395626068,404.3263080914815,10.927209472656273,5.553979492187523,8.670250193278017,75.12129624684651,62.599536925554276,0.0,19.970026395080616,13.751854059740273,0.9573659261067746,4.312140401204431,1021.736962890625,-5.454894582430522,250.6433304051558,378.90479040145874,10.241845703125023,4.906488037109398,8.02603937784833,77.47314834594727,67.5375000834465,59.50000190734863,21.07938339664768,14.739854558690277,0.6698661804199446,4.126096343994163,1021.7063899739583,-3.001297394434611,235.13033669193587,394.1007080078125,11.045373535156273,5.565942382812523,8.768244679768904,75.25277709960938,63.44305526216825,0.0,19.82159132499362,13.528222645081504,1.0751447041829465,4.414538319905603,1021.678681640625,-5.96547536055247,248.90468166271845,355.9428079922994,10.475213623046898,4.910485839843773,8.046927388509138,76.20879491170247,63.05879604319731,58.66666603088379,23.720125404922825,14.259922262991006,0.7737518310547102,3.946833546956384,1021.5313020833332,-2.5528364976247153,238.88824103275934,408.44941631952923,10.898309326171898,5.952050781250023,8.950179036458357,76.59074115753174,73.94814805189769,0.0,18.713074387517533,13.169399216435778,0.9774108886718977,4.8906112670898665,1021.363466796875,-5.156408150990804,225.38761589924493,350.18929465611774,10.620874023437523,5.171716308593773,8.247010803222679,75.44675795237224,63.502314269542694,3.3333334922790527,23.22158990060181,13.412204193247097,0.9106206258138059,3.9768488566081146,1021.61083984375,-2.3786993424097695,224.65539235870042,386.4341190656026
2021-05-26,8.615838623046898,6.447381591796898,7.2601994832356995,89.54583390553792,99.8907413482666,246.00694175157696,43.48421455537102,35.16803390628385,2.519690450032556,5.617059326171898,1010.2922135416667,13.227127104997635,15.248425709704557,767.6555684407552,8.398065185546898,6.138787841796898,7.197773234049502,88.30601914723714,99.99861113230388,261.88888975651935,46.78251632294861,38.10304810829411,1.3770016988118527,5.36365915934249,1011.0941373697917,11.580063786978522,27.75416676575939,870.3121325174967,8.635766601562523,6.682641601562523,7.491530354817731,89.2023156483968,99.73888874053955,238.14583298377693,41.90027598068402,33.85020193564682,2.261702473958337,5.783573404947958,1011.439814453125,11.115368217229843,15.154092614849409,740.7363548278809,8.585107421875023,6.540277099609398,7.489055887858096,86.9597225189209,99.38842582702637,225.77777934074402,44.96943774889641,35.49659959037363,1.5889183044433821,5.424591318766318,1012.6607259114583,7.787327125668526,48.134443923830986,792.8339932759603,8.629052734375023,7.317376708984398,7.87674484252932,87.82268492380778,99.81944465637207,234.72916565835476,44.8806553493997,34.60479473388011,2.120076751709007,5.93719380696615,1010.44220703125,9.144172100971142,17.95837048192819,793.324582417806,8.431115722656273,6.785241699218773,7.401199595133487,88.25972270965576,99.96666717529297,246.40277863666415,44.356150814555086,35.29112715945394,1.9412450154622434,5.548426564534509,1012.5566536458333,10.524727250138918,18.374759373565514,747.8951708475748,8.294458007812523,7.059350585937523,7.821164703369163,87.36249891916911,99.14027786254883,200.73610884696245,49.629537420734444,37.00048030069586,1.9674011230468977,5.807492828369163,1010.9385026041667,8.681638456260165,23.805999512473743,794.9874102274576,8.237054443359398,6.472985839843773,7.24597574869794,89.2587963740031,99.96111138661702,239.17361171543598,43.57468937427564,33.94156638390089,2.5060414632161496,5.557617441813193,1011.01279296875,11.568953995903334,17.0786665926377,716.9463106791178
2021-05-27,12.003320312500023,6.794458007812523,9.512637074788435,83.08518600463867,96.62407461802165,849.9236106872559,32.69498561088969,20.77943178175,0.520271555582724,6.680088297526083,1008.0581608072918,-17.573544857713085,227.19523659348488,677.7769028345743,11.379693603515648,6.649987792968773,8.767386372884138,86.83286984761556,91.4606483777364,851.7152824401855,39.21187685417109,20.19957724934766,0.14613240559896212,6.577739969889365,1008.6941178385417,-16.114875252669055,182.26175794998804,726.856424331665,11.583337402343773,7.718682861328148,9.394731140136741,87.5342591603597,97.94490718841553,771.9652767181396,24.889433727356707,17.07352783261559,0.9401921590169309,7.375575002034509,1009.7429329427083,-15.502452914292613,209.51046000421047,485.41544850667316,11.596948242187523,6.441674804687523,8.841949717203798,85.84351793924968,92.6750013033549,611.2986145019531,29.507853264205703,19.524664901904302,0.49215087890627274,6.503652191162132,1008.8836653645833,-16.36592451731364,184.61249585946402,628.3477261861166,10.785516357421898,7.114465332031273,9.13074900309247,88.92176055908203,84.20277786254883,439.35416984558105,26.145735980524563,15.762324327310884,0.7471443176269759,7.35141270955404,1010.636630859375,-14.742827293773493,230.45664760967097,423.86760417620343,10.527612304687523,7.184381103515648,8.642704264322939,85.99305470784505,89.22546370824178,904.1250019073486,40.349086557806984,24.34130803382378,0.12096557617189774,6.359641011555993,1007.4677864583333,-11.83022460527718,182.37090485791364,810.0159695943197,11.138879394531273,7.127740478515648,9.059785461425804,89.05138842264812,89.13009293874104,41.888888359069824,23.838184571676884,14.998727933373544,0.4615137736003021,7.299225107828818,1011.0339029947917,-14.446365043520927,223.41983979692063,430.0180713335673,9.466821289062523,6.971704101562523,8.35926462809247,88.05185381571452,99.76898161570232,937.2291736602783,41.04133445875791,23.60658876830115,-0.09084930419919601,6.464748636881552,1006.8895865885418,-7.223219420450429,111.62652102485299,795.025764465332
2021-05-28,12.136987304687523,6.299340820312523,9.610155995686872,82.98518625895183,62.46018632253011,64.04166793823242,14.835325251247424,9.781920161124338,0.9957583109538177,6.678177134196005,1013.1291796875,-12.879942029714584,243.66722375154495,370.981950322787,12.433374023437523,5.739343261718773,9.015420532226585,80.63472207387288,67.37314744790395,887.8124885559082,16.36413851521947,11.798690398404446,0.03304061889650711,5.61191075642904,1011.7777571614583,-6.575013160705566,197.8545194466909,467.406187693278,12.073571777343773,6.288262939453148,9.629721577962263,82.21759192148845,59.429630756378174,56.027777671813965,17.571306532785954,11.583619625726982,1.1198593139648665,6.477981821696005,1013.6202506510417,-13.373031879464785,252.84397034843764,435.9847084681193,10.894433593750023,6.663049316406273,9.092722829182966,82.0856482187907,68.05185155073802,800.2499923706055,15.375978329940333,11.07873856647875,0.08866017659505587,6.084355926513695,1013.7342447916667,-6.021579563617706,185.05196691552797,361.6136444409688,12.534326171875023,6.909051513671898,9.889160410563173,82.87222290039062,64.01527802149455,15.625,17.973765308519475,11.229163660651977,1.452492014567099,6.877375539143884,1013.3802897135417,-15.408203939596811,257.9700372020404,417.984578927358,11.976129150390648,6.604760742187523,9.67972335815432,82.51203473409016,68.96898078918457,461.15971755981445,15.64847105178885,10.502942525973001,0.8448476155598996,6.668276723225915,1014.5345703125,-10.268713121612867,194.72681952516237,347.2102786699931,12.378808593750023,6.778833007812523,9.84983851114911,80.78379567464192,51.481480757395424,0.7222222294658422,18.107078793080895,12.198995969452634,1.2916758219401459,6.441339111328148,1013.5483235677083,-16.524691514049966,285.96369896332425,438.5828125476837,11.815332031250023,6.532312011718773,9.735208129882835,81.10740725199382,59.87268606821696,69.9513885974884,15.872189737728476,11.02565912930855,0.8829780578613509,6.432026163737021,1013.9233984375,-13.570564366877079,239.11161147554716,384.44941997528076
2021-05-29,12.627191162109398,6.259423828125023,9.650496419270857,63.58379570643107,13.241666783889135,0.8333333730697632,20.048204826842216,14.765675772304837,-0.9693600972493073,2.550808207194052,1019.657744140625,-7.823475480079651,336.2808164854844,661.2120532194773,12.491845703125023,6.549798583984398,9.654542541503929,69.86481587092082,36.020369758208595,83.80555605888367,19.526060237232052,10.931261684499788,-0.811955515543616,3.7933224995931027,1019.7921484375,-11.055130342642466,325.90274715423584,672.2210367520651,12.744531250000023,5.896112060546898,9.436682637532575,61.95277659098307,10.26620381573836,2.0000000596046448,19.31321158877534,14.078664231894962,-1.4030263264973541,2.0406967163086165,1020.556171875,-7.44515323638916,336.3574197292328,666.1678578853607,12.380303955078148,6.433557128906273,9.505511220296247,67.92777808507283,27.031019171079,62.66666793823242,22.961306084557446,13.814008117478652,-0.5717020670572879,3.312537129720056,1020.0983984375,-8.892145117123922,329.7754469513893,680.4846776326498,12.498254394531273,5.666528320312523,9.2724433898926,62.78981510798136,12.293518592913946,0.1666666679084301,19.97043638200954,13.311572689232142,-1.4194053649902116,2.0628817240397552,1020.6846549479167,-7.999480088551839,336.27271951238316,656.1804362138113,12.238885498046898,6.326074218750023,9.570307668050154,65.37222226460774,25.565278173734743,23.333333015441895,23.739905887007495,14.306379240683256,-0.829765065511026,2.8522328694661496,1019.2662467447917,-7.408159812291463,332.3867807984352,723.721408367157,12.184991455078148,5.749841308593773,9.312874094645204,63.56712977091471,15.394444470604261,1.6666667461395264,19.8651264716128,12.670794555894085,-1.2305371602375885,2.2811307271321652,1020.6811555989583,-8.07439390818278,335.90407222509384,648.3539595206579,12.265466308593773,6.398248291015648,9.68045323689781,65.61990626653035,27.306480983893078,2.4999999403953552,23.388855489923632,13.825555308335288,-0.649937693277991,3.0164047241211165,1019.1237858072917,-7.412107547124227,331.8765365580718,719.0932253996531
2021-05-30,13.049981689453148,5.710778808593773,9.654793039957704,61.17037026087443,9.961111088593801,0.0,11.15884148119784,9.015686049098951,-0.0376164754231354,2.157660420735681,1026.8149576822916,-13.061794400215149,334.11352004607517,385.0804479122162,13.137261962890648,5.262811279296898,9.603513336181663,59.67361338933309,6.3902778178453445,0.8333333730697632,12.080970113119147,9.104297254200866,-0.6249526977538835,1.6788993835449446,1027.7429654947916,-11.812578638394674,335.6628094315529,452.9437261422475,13.250024414062523,5.627923583984398,9.675978597005232,61.626389503479004,13.866666853427887,0.0,12.358056106517502,9.376558050585786,0.14882176717122775,2.265615081787132,1026.602578125,-14.169064482053122,334.02151584625244,391.2246906757355,12.977471923828148,5.224877929687523,9.420030212402366,59.299537340799965,11.031481362879276,2.0000000596046448,11.953276483417477,9.514527353653055,-0.3312782287597429,1.4420066833496321,1027.5628157552082,-11.894848148028055,335.40707508722943,407.78080956141156,12.605554199218773,5.411492919921898,9.273011779785179,61.70694430669149,12.704166501760483,0.0,11.724110289932302,9.941456611928722,-0.19777654012040102,1.9010927836100677,1026.631962890625,-11.158227245012919,334.3298689723015,397.7513080437978,12.908135986328148,5.351953125000023,9.471303558349632,60.38796345392863,13.164814790089926,0.1666666679084301,11.62987995152717,9.325413485374638,-0.2169072469075104,1.7874326070149777,1027.33419921875,-12.9534432888031,335.03660841782886,389.59304106235504,12.291497802734398,5.388726806640648,9.16346130371096,63.180092652638756,9.803240726391474,0.0,11.545864454804567,10.156338181590852,-0.30724690755204165,2.1427945454915402,1026.490224609375,-10.273667057355246,334.46170278390247,395.54040781656903,12.938897705078148,5.541772460937523,9.613633728027366,60.49629577000936,10.603240686158339,1.6666667461395264,10.91614992676355,8.92197542723859,-0.06600799560544601,1.9809916178385834,1027.0798893229166,-13.576322793960571,334.4064403772354,379.11067541440326
2021-05-31,11.465325927734398,6.741326904296898,8.766436513264997,72.94537130991618,83.56759246190389,15.055555555969477,13.817188100511933,10.817431864636603,1.990412648518884,4.027753448486351,1022.4855826822917,-1.5420163075129192,169.5577979584535,229.02722692489624,12.296136474609398,6.933435058593773,9.999856567382835,64.66574144363403,73.85833285252254,0.15277778217568994,14.31632939717066,10.365368004642752,2.749622599283896,3.456367746988974,1024.66646484375,-4.285676836967468,179.86307080586752,233.99258152643839,11.053216552734398,6.729333496093773,8.667774454752626,75.17731380462646,86.45879650115967,14.83333333581686,15.694423753533083,11.291338696328191,2.1143966674804915,4.388396199544275,1021.7658626302083,1.8937027057011921,132.85171999533972,207.05414835611978,10.680413818359398,7.022302246093773,8.694319661458357,76.89999930063884,93.93194421132405,16.43055586889386,16.362308389066207,12.687975958245852,2.3211647033691634,4.710637664794945,1022.1756640625,4.220461120208104,93.99588564038277,236.0180466969808,13.174523925781273,6.663049316406273,9.185239410400413,72.24768336613973,78.65046242872874,7.312500014901161,16.605843341809948,11.346614571760414,2.4503659566243527,4.2753527323405365,1021.2946744791667,-0.2533882061640422,147.74033186833063,254.78907616933188,10.404351806640648,7.164636230468773,8.439139302571638,75.67685159047444,88.98564847310384,21.59722203016281,14.978165372527966,12.241259965504247,2.0153366088867415,4.211858367919945,1022.2532096354167,4.104742646217346,109.57849936683972,219.66970761617026,13.452416992187523,6.641870117187523,9.383086140950544,70.53935209910075,78.24722210566203,8.277777658775449,16.615019257974566,11.413861748968996,2.6675811767578352,4.009781138102255,1021.0704947916668,-3.798127015431722,172.51164799928665,280.9862763086955,11.550500488281273,6.509851074218773,8.522294616699241,73.39861170450847,75.74861184755962,17.437500071246177,16.53970265139012,11.74400843451866,2.0035212198893646,3.875812784830771,1022.1796126302083,-0.18582590421040854,165.59414721528688,221.7423734664917
2021-06-01,13.317163085937523,7.675592041015648,10.837808227539085,78.15046151479085,73.27500041325887,49.74305486679077,16.807037335261914,12.17411827938112,1.2943664550781477,6.849917348225915,1024.236376953125,-14.167949696381887,279.4899298151334,434.17351214090985,13.615502929687523,6.629449462890648,10.341872151692732,74.49722131093343,53.69675978024801,44.83333396911621,18.499536796355937,12.688952026875384,1.2899401346842865,5.465085601806663,1026.7258854166666,-17.53843288620313,314.305314997832,415.42602145671844,13.416680908203148,7.823266601562523,10.886277770996116,78.53611087799072,71.84259271621704,56.9722216129303,15.063423158945671,11.282893357254622,1.281868235270224,6.97932078043624,1024.2601595052083,-15.03120024005572,290.9476965268453,452.3865892092387,13.739526367187523,6.625909423828148,10.39234313964846,74.73981316884358,77.74259265263875,52.83333206176758,17.925505692591397,12.718481869363194,1.3701695760091184,5.581202443440759,1026.4952376302083,-17.98752309878667,298.3459825515747,400.4462002515793,13.317132568359398,8.059259033203148,10.842055257161482,79.38611125946045,71.23148131370544,67.97222208976746,16.39394759522514,11.814107089373453,1.3063700358073334,7.112615203857445,1023.8495377604168,-15.193621595700582,292.76052180926007,438.4290920495987,13.212518310546898,7.225854492187523,10.530591583251976,75.94583225250244,72.18333268165588,26.104167342185974,15.529987753469959,11.304426585926459,0.9072166442871321,6.09207433064779,1025.2533723958334,-15.556493575374285,291.46165627241135,442.3306818803151,13.255334472656273,8.222772216796898,10.84033864339195,78.59722185134888,67.6430557568868,6.506944462656975,14.273822062436928,10.628315748963926,1.2518198649088959,6.934290822347009,1023.7398470052083,-15.472012221813202,293.2719945013523,442.7585858106613,13.124322509765648,7.225885009765648,10.544329579671247,75.89814726511638,68.63611149787903,51.53472018241882,16.358839146122655,11.780995810042134,0.9565559387207259,6.103794352213583,1024.9647037760417,-14.040904144446055,292.8951096336047,411.31823921203613
2021-06-02,16.404260253906273,8.927758789062523,13.11951599121096,68.70694621404012,36.36805521696806,3.833333373069763,7.843905074545625,5.459556304429445,3.870979563395224,7.137835439046228,1031.0541438802084,-20.60510179400444,292.09462634722394,334.3732542991638,15.944116210937523,8.237634277343773,12.7421330769857,69.46527783075969,30.668055713176727,51.49999809265137,9.97903434054132,7.252097311380251,3.1253664652506927,6.850110626220726,1032.1965397135418,-19.405055324236553,294.97765014568967,374.82530709107715,16.425744628906273,8.973016357421898,13.152174886067732,70.18425989151001,40.98796284198761,4.833333492279053,7.6296703937785635,4.598728546084444,3.977601623535179,7.511563873291038,1030.9015104166667,-21.219885269800823,280.2143756747246,300.409645318985,16.545739746093773,8.542260742187523,12.96226526896161,68.65879615147908,25.2833330531915,59.166664123535156,8.651341408420688,6.109941142314277,3.6699691772461165,6.877057647705101,1031.99349609375,-23.857316449284554,328.36007511615753,385.12205990155536,17.068811035156273,9.142358398437523,13.481490071614607,65.63703632354736,46.013889241963625,0.0,7.034210132475716,4.321429444281882,4.3878888448079465,6.9302841186523665,1030.4636881510417,-23.076706773291033,288.0306665500005,316.6292200088501,16.275292968750023,8.352990722656273,12.880339558919294,68.2773133913676,24.968055019776028,70.16666793823242,8.89834023359548,5.952941377764438,3.7943206787109602,6.843694305419945,1031.7844401041666,-21.500780244668324,310.6364918748538,347.49636081854504,17.310937500000023,9.139672851562523,13.678653971354189,65.29629755020142,44.60185217857361,0.0,6.841080947695727,3.8938353683084537,4.64014587402346,7.047694142659509,1029.9254069010417,-24.903414343794186,295.7778090039889,327.50938856601715,16.386254882812523,8.527429199218773,13.078542327880882,68.24398183822632,32.42870354404052,7.5,7.903149872008055,5.3607026675164136,3.761603291829431,6.976672108968103,1031.4966048177082,-20.897400091091793,298.3635204235713,350.86683817704517
2021-06-03,15.433679199218773,10.888330078125023,13.581407165527366,65.98796351750691,57.986573576927185,0.0,14.1639715453234,8.856165710220557,5.215008036295615,6.933772023518884,1032.9458430989582,-13.447208647926649,300.50625403722125,300.3224693934123,16.365533447265648,10.384332275390648,13.846049245198591,68.16620461146037,73.17314847310384,3.833333373069763,11.68185582099581,7.496415353586884,5.03211364746096,7.636319732666038,1033.4751334635416,-18.57735491792361,304.01653709014255,320.0342894792557,15.528863525390648,10.124047851562523,13.33070017496747,64.38703727722168,58.361573219299316,0.0,14.777309017526331,9.704910629464651,4.925908660888695,6.309158579508505,1033.04287109375,-14.44361369063457,310.5210752089818,317.3319745063782,15.969781494140648,10.372399902343773,13.699625905354841,66.87546269098918,63.2893515030543,4.833333492279053,14.03931588972637,7.719948655300999,4.91520716349288,7.214746093750023,1033.7686100260416,-16.805965552727383,300.21334193150204,301.55538674195606,15.544763183593773,10.126245117187523,13.398166910807314,63.512962659200035,65.53750165303548,0.0,14.749864068116217,9.692398312075833,5.398962910970056,6.199124908447288,1032.462900390625,-14.004671653111776,308.2644946972529,303.3800736268361,16.224328613281273,10.608789062500023,13.918600972493513,65.59907452265422,63.83472065130869,0.0,14.670217401824274,8.536548458518078,5.03500900268557,7.143421427408896,1033.3920735677084,-18.103709124028683,312.8941619892915,317.95052444934845,15.518457031250023,10.088983154296898,13.372969563802107,63.4134251276652,76.06111041704814,0.0,15.48383960901793,10.689528712818339,5.5194564819336165,6.123572285970056,1031.9221061197918,-13.555666198333105,297.9423306385676,304.8628595670064,15.580346679687523,10.884301757812523,13.552735900878929,66.85787026087444,60.43935100237528,0.0,13.391707082215644,8.406890930829547,5.13406906127932,7.131387329101585,1033.0713899739583,-14.102549875775972,305.86825517813367,315.2871201833089
2021-06-04,17.073022460937523,10.757562255859398,14.28873469034833,70.23286978403728,71.93657437960307,0.0,9.794996988318719,7.561472650843943,6.066711680094443,8.495540873209677,1029.2023274739583,-19.640348424514134,307.06599768002826,340.7675930261612,17.047784423828148,10.636010742187523,14.18351771036786,69.26851924260457,73.9740747610728,0.020833333488553762,10.053913856859806,7.5187364444764855,5.779615020751976,8.225169118245446,1030.2243782552082,-18.677376598119736,313.3555938601494,363.4288885990779,16.985986328125023,10.655175781250023,14.292222595214866,69.42036930720012,72.62592554092407,0.0,9.785992945648907,7.587777808286371,6.048913574218773,8.335426584879599,1029.1086588541666,-19.311115503311157,317.88106936216354,340.1254624525706,16.900354003906273,10.460961914062523,14.063417053222679,70.20879538853963,64.52453724543254,0.0,10.006710636562005,7.434658759430531,5.7861317952474,8.28363698323568,1030.2542415364583,-19.234892855087917,312.1158551176389,353.0974032878876,16.928369140625023,10.560632324218773,14.191924031575544,69.25601927439372,70.71296286582947,0.0,11.149977648301153,8.290821533800772,6.148077901204431,8.185329691569052,1028.53857421875,-18.21792847911517,323.0976941188176,339.5949962536494,17.134454345703148,10.865563964843773,14.37278010050458,69.70416625340779,78.67824125289917,0.0,9.94072415621438,7.744638765099114,6.12592468261721,8.492664591471396,1029.708232421875,-19.814223786195118,304.88648523886997,341.8057797352473,16.787652587890648,10.491052246093773,14.062122599283876,68.47870540618896,70.58518552780151,0.0,11.031937176796427,8.153652440065965,6.264905548095726,7.8877731323242415,1027.9894954427082,-17.435677205522854,320.55546422799426,329.25967756907147,16.860131835937523,10.804925537109398,14.11027552286786,70.23981602986653,60.37638934453329,0.0,9.807831912784573,7.589179253686598,5.937515513102255,8.369631703694665,1029.204169921875,-18.799076557159424,297.16234278678894,318.41720271110535
2021-06-05,18.590966796875023,12.354852294921898,15.534171040852888,68.5143518447876,74.92685111363728,0.0,10.87583182512881,6.835628176918914,7.192585245768271,9.419693247477255,1022.5902278645833,-17.269223143657047,240.04620007673898,291.4858623345693,18.121209716796898,11.543725585937523,15.070701853434267,71.16203673680623,69.79259157180786,0.02777777798473835,8.432222462510458,5.819078242732616,7.024785614013695,9.540480550130212,1023.7079622395833,-14.29917307694753,235.62599503993988,256.7859151363373,18.488336181640648,11.649987792968773,15.172085062662783,70.93981552124023,73.29351854324341,0.0,8.790810978895154,6.464708300047153,7.269162750244163,9.607835388183616,1022.8149576822917,-12.815096765756607,213.90290838479996,250.0063603321711,19.404321289062523,11.889154052734398,15.267352040608747,70.41898091634114,66.60324128468831,0.0,9.804008048551719,7.133962604249203,7.074525451660179,9.58188145955404,1023.3168619791667,-12.987255980571112,240.75936224063238,256.19164260228473,18.930505371093773,11.678460693359398,15.337735748291038,70.55092700322469,72.79629604021709,0.0,8.92504454757587,6.100325642266831,7.604336039225302,9.689162190755212,1022.24865234375,-14.317544103677696,219.21832845608392,258.116530696551,18.556115722656273,11.741601562500023,15.131645456949892,69.6842589378357,80.26851749420166,0.0,9.541816662256961,6.775976818810999,6.920264180501306,9.277764892578148,1022.9898958333333,-15.316583414872488,249.01565027236938,298.868042866389,19.634912109375023,11.700799560546898,15.518729146321638,70.26898129781087,64.87916668256123,0.0,10.639319580929529,7.029877476325762,7.720203653971396,9.75423075358077,1021.6522819010418,-14.247854936247071,229.4356971581777,280.7153970003128,18.825769042968773,12.242883300781273,15.104188537597679,68.69490845998128,84.09351809819539,0.0,10.164314352243942,6.407015701148096,6.864297485351585,9.061694081624353,1022.8110807291667,-14.391671501720944,213.64118124047914,281.2146136363347
2021-06-06,19.881951904296898,12.238885498046898,16.13825887044273,71.24351644515991,50.002315044403076,0.0555555559694767,12.140423587422493,8.993442826719189,8.490776316324911,10.568491872151696,1018.9187955729167,-16.3442056675752,222.3831659356753,306.99755636850995,18.941888427734398,12.508569335937523,15.742901102701845,68.7379625638326,47.376851777235665,0.0,12.334137513203228,8.297513421239044,7.629816945393884,9.67615661621096,1019.0694889322917,-14.44328541556994,274.9102771083514,288.0282545487086,20.769250488281273,12.261132812500023,16.54367853800458,69.22083187103271,37.139351646105446,0.7013888880610466,12.481005031762137,8.316918355148845,8.738394673665368,10.463258361816429,1018.5397102864583,-18.416127850612003,295.5483526587486,390.60150440533954,19.529779052734398,12.612145996093773,16.220335896809917,69.06944433848064,54.60648234685262,0.0,10.910373169233553,6.888044983447865,8.190880076090536,10.168682352701865,1019.89484375,-19.221290563543636,281.7658481200536,318.93210609753925,20.359399414062523,13.616662597656273,16.828482564290386,68.77268505096436,55.60416638851166,4.083333358168602,14.593042589016216,9.443131651559641,8.889282480875693,10.728316243489587,1018.2519921875,-19.30564605941375,281.5214830438296,333.95834827423096,21.097436523437523,13.573602294921898,16.473184204101585,70.15416606267293,75.62499920527141,0.0,9.172481994876817,6.907467758691712,8.661496734619163,10.662404632568382,1019.4319596354167,-18.36102121354391,211.3348107735316,284.5152661005656,20.405541992187523,12.615258789062523,16.669296518961612,69.22037029266357,49.06388942400614,3.9375000409781933,11.68031388791797,9.007500230549716,9.119236246744833,10.604231770833337,1018.087275390625,-17.015281071265537,277.73850278059643,384.62423753738403,20.600427246093773,13.706933593750023,16.704663848876976,69.36759360631306,72.69953672091167,0.013888888992369175,14.26690115612209,8.765790080147395,8.677452341715536,10.718492126464866,1018.9874186197917,-19.19974908232689,232.45920477310815,350.19861872990924
2021-06-07,20.384301757812523,12.826440429687523,16.53971379597984,70.93426148096721,51.06111075480779,13.909722156822681,12.275812098561817,7.911397815669214,9.574436442057333,10.846412913004599,1017.8082356770833,-15.827005619804064,281.3970565398534,335.93737570444745,17.764154052734398,13.205926513671898,14.893884277343773,82.95694478352864,75.97222240765889,63.49305474059656,12.18919783828726,7.162985684200827,8.312746938069665,11.853323872884118,1019.5119303385417,-10.588012325266996,269.1731506784757,242.2914362748464,20.703027343750023,12.449029541015648,16.312797800699894,72.89953788121541,38.55185200770696,16.604166746139526,12.004871241603752,7.408774475885906,9.640864308675134,10.999559020996116,1017.5839453125,-14.337521935502687,260.2871237595876,342.9795342683792,18.155786132812523,12.194421386718773,15.135006205240908,82.45138740539551,49.12314768632253,71.26388961076736,11.167071855879394,8.406764545235696,8.615421549479208,11.919760640462243,1019.1285546875,-11.136640270551046,287.06892317533493,254.2307538986206,21.111505126953148,12.595391845703148,16.461363728841167,72.95324118932088,41.97083320220312,16.63888891786337,12.568123628816366,6.948444633215712,9.818662261962913,11.191651916503929,1017.52259765625,-14.723758707443872,245.91989308595657,297.40880099932355,19.589135742187523,12.667077636718773,15.840531921386741,77.4671295483907,51.71435133616129,50.96527695655823,12.526404356528271,7.84244673765818,9.048965708414755,11.562216695149743,1018.6198893229167,-10.153881753484407,270.52292718489963,298.65197134017944,20.848107910156273,12.640618896484398,16.39408137003583,73.75694529215495,47.181944489479065,14.777777825016528,12.165104715472747,6.58930806677603,9.578076934814476,11.32105153401693,1017.3852897135417,-13.401968598365784,235.50465031464896,289.20550914605457,19.996362304687523,12.994409179687523,16.09173736572268,75.6555544535319,51.72870389620463,30.305555939674377,11.505680913372696,6.2675348853035295,8.995362854003929,11.442323303222679,1018.561552734375,-12.880777209997177,249.5988551080227,320.2798904577891
2021-06-08,17.072229003906273,12.174493408203148,14.987850443522158,72.95740763346355,75.03055667877197,34.534722447395325,13.427064915966907,9.162959909301161,8.34369557698568,9.589103953043661,1018.0340983072917,-9.57636954387029,306.1132828791936,310.3612045447032,17.362359619140648,12.216577148437523,14.884272511800154,73.55185190836589,43.39583341280619,36.02777671813965,13.123171760513737,8.827152276660913,8.435074106852255,9.701151784261071,1018.278857421875,-10.745312213897705,285.17634121576947,316.9842654466629,16.371057128906273,12.269799804687523,14.350935872395857,75.77546326319377,84.02916622161865,109.82638931274414,12.640371402115194,8.661154925323446,8.213915761311853,9.691777801513695,1018.4691634114583,-8.03222413857778,278.93626006444293,225.40537190437317,17.780664062500023,12.765954589843773,15.273628489176454,75.62962897618611,26.81759250164032,41.99305546283722,12.521637239789758,8.23044926732243,8.736141459147177,10.507267252604208,1018.0481022135417,-13.717918782494962,318.32394788662594,311.1352992455165,17.054864501953148,12.333337402343773,14.783471679687523,75.03333298365276,55.43842625617981,71.89583218097687,14.164053417048612,8.996263641472247,8.398262278238974,9.834079996744833,1018.1504850260417,-9.725146849950155,323.2347036798795,293.751629670461,17.439019775390648,12.352655029296898,15.123022969563825,76.57407410939534,65.51018635431926,67.15277779102325,12.222752064541739,7.736471304149859,8.962932840983115,10.571523284912132,1018.0445865885417,-11.507744491100311,316.6509071389834,267.55976549784344,16.931573486328148,11.973168945312523,14.663696543375673,74.93842506408691,51.215277433395386,38.131944358348846,13.805860436461007,8.55418247838009,8.428871409098349,9.756648000081384,1018.0774772135417,-8.734546701113382,308.66186853249866,263.72098553180695,17.371606445312523,12.335687255859398,15.121272023518904,74.36111068725586,52.618054707845054,46.93750011920929,13.153740721141466,8.663648101295022,8.403480784098349,10.048421478271507,1017.987177734375,-12.402962704499563,315.59305735429126,307.2103914817174
2021-06-09,17.856469726562523,11.135369873046898,14.706227874755882,60.28009223937988,34.28101849555969,64.83333206176758,12.257703912855783,8.632617637146657,8.02438888549807,6.30933787027999,1017.26673828125,-10.761781334877014,327.8235345085462,278.77925356229144,18.020074462890648,11.742303466796898,15.07120030721031,57.06064716974894,42.78101885318756,36.500000953674316,9.422032309627985,7.21879628386514,7.413579559326195,5.9894945780436615,1017.2866048177083,-10.361603538195292,322.215038339297,344.50494225819904,17.605950927734398,11.033776855468773,14.712368265787783,59.89861138661703,60.11435127258301,21.499999523162842,11.085423532539046,7.752757390233017,8.015115356445335,6.2639086405436615,1017.6078776041667,-10.213547468185425,311.5338251988093,275.23466924826306,17.491601562500023,11.058282470703148,14.6067939758301,58.72870397567749,33.29722249507904,116.16666412353516,11.525547017715686,8.466550676173815,7.180493927001976,5.952619171142601,1017.948310546875,-11.929597934087118,337.40440315008163,336.56151894728345,17.723870849609398,11.474938964843773,14.888845062255882,60.55185159047445,57.00370383262634,3.3333334922790527,11.63854658895809,8.102546054346034,7.694851175944052,6.566960906982445,1017.48423828125,-10.35778554280599,325.4229582150777,308.53636372089386,17.764428710937523,11.197686767578148,14.628884887695335,58.36944500605265,30.01111149787903,78.81250190734863,10.22849946253322,7.160012462961393,7.298941548665368,5.90552927652999,1017.83119140625,-9.164064009984335,319.04726207256317,289.2368533213933,17.665399169921898,11.549676513671898,15.050196584065779,62.5060183207194,60.26805520057678,0.0,11.499048070168593,7.953700545673449,7.909017181396507,7.166838582356775,1017.358017578125,-12.073441257079443,328.26531032721203,299.3669494787852,17.554864501953148,11.573205566406273,14.349763488769554,59.59027814865112,68.55740729967754,41.499999046325684,9.367477348690908,6.538413239816692,7.295065816243493,6.006525929768884,1017.855068359375,-7.9495249191919966,237.10025519132614,231.06697471936545
2021-06-10,18.690606689453148,11.571038818359398,15.316175079345726,56.682408014933266,64.36620391905308,0.0,9.114736082554007,7.493385092101529,8.172837829589866,6.148432668050134,1016.452119140625,-11.11868268251419,324.09255862236023,333.3533426125844,18.614160156250023,11.536004638671898,15.552542622884138,60.81898101170858,38.28055580457052,64.91666507720947,8.656960902759774,6.56834797619171,8.215149180094443,7.568023935953818,1016.3651302083333,-14.209646423657736,318.35445723930997,339.9533376296361,18.793145751953148,11.387231445312523,15.41319300333661,58.245370388031006,28.770369788010914,0.0,10.282410716458315,7.593520809010527,7.935589090983115,6.635068511962913,1016.8204069010417,-12.966195692618689,340.7976647416751,354.6428693532944,18.516656494140648,11.879754638671898,15.727464294433616,61.284722328186035,57.85046259562174,21.499999523162842,8.0232546584273,5.363239638302795,8.337274169921898,7.959093983968103,1016.9332096354167,-14.534845220545927,283.66992966334027,274.4464454650879,18.865869140625023,11.510583496093773,15.518857574462913,61.31481424967448,23.76851886510849,1.5,9.551052673679587,6.628021768693297,7.886098480224632,7.487264251709007,1016.5793196614583,-15.430620277921358,338.44405504067737,364.4042743047078,18.383630371093773,11.392053222656273,15.18174769083661,61.5083335240682,71.1388897895813,3.3333334922790527,10.344857825012314,7.979957184428475,8.007251993815146,7.336445109049521,1017.1432486979168,-11.99350388844808,318.3175975879033,343.5692448616028,19.115350341796898,11.648522949218773,15.704647318522158,61.52777894337972,31.160185585419338,0.0,9.063233761791718,6.16112923857057,8.027649180094443,7.710422770182333,1016.4060091145833,-16.117405245701473,337.80306188265484,364.6850913365682,18.983911132812523,11.941949462890648,15.480165100097679,57.53657452265421,78.60416618982951,0.0,8.375681767620165,5.780454849922506,8.139002736409509,6.649798329671228,1016.9867545572918,-12.57435209552447,299.1472982764244,321.2143806219101
2021-06-11,19.114770507812523,12.036157226562523,15.840234375000023,64.70000155766805,7.036574202900131,0.0,14.242371843195052,9.499903188912615,8.600110626220726,8.521230316162132,1015.6506282552083,-12.231729979316393,339.1065557400386,407.4651066462199,18.936029052734398,11.740258789062523,15.553061421712263,68.04814783732097,12.242592503627142,0.0,11.31392427179373,8.713960248146714,8.464151000976585,9.043845113118493,1015.637744140625,-11.640403509140015,321.71471828222275,368.5306497812271,18.943780517578148,12.237268066406273,15.809342956542991,65.08101733525594,23.322222113609314,0.013888888992369175,17.41500185867512,10.603923118153423,8.531297302246116,8.483359273274743,1015.6809016927083,-11.851132899522781,330.53890013694763,411.18661630153656,18.713006591796898,11.905541992187523,15.694163258870466,64.52175792058308,24.255092377463978,0.0,12.099283822007346,9.317234847124228,8.27167409261068,8.328973388671898,1016.3467154947917,-12.07658947010835,331.94460115830105,395.16149659951526,18.911462402343773,12.093103027343773,15.848579661051454,62.79027907053629,24.637963145971298,0.1666666679084301,16.350331680238288,10.67396020084098,8.492120361328148,7.98743845621749,1015.57341796875,-11.488226868212223,325.91674238443375,403.0247855583827,18.648370361328148,12.038873291015648,15.64385884602867,64.5300923983256,28.35185181101163,1.5,15.506031149729479,10.404081554080017,8.263005828857445,8.289295450846396,1016.0398600260418,-12.076700702309608,322.1278257171313,407.71406809488934,18.861108398437523,12.118951416015648,15.85486755371096,64.84768549601237,14.955555579314629,0.1666666679084301,14.572408798356099,9.544932231286962,8.629729207356775,8.493614451090536,1015.4389713541667,-11.371744205554327,334.38802977403003,383.16882308324176,18.940270996093773,11.990808105468773,15.764685567220075,64.50277821222942,18.942129572232563,0.0,13.126384936742742,9.158926578868176,8.38654479980471,8.399709320068382,1016.0281803385417,-12.35649774161478,334.5344593524933,404.97527754306793
2021-06-12,17.391656494140648,11.930657958984398,14.088222757975283,82.4115727742513,69.05694471796353,10.055555366445333,14.611241153455168,10.788996781942027,8.005422210693382,10.915732320149743,1005.1580305989582,0.54886927207311,160.5689616203308,311.8197650909424,17.466912841796898,11.609643554687523,14.27503611246747,83.18286959330241,63.44166680922111,13.222222339827567,18.76438333242918,12.645604015582947,8.08768997192385,11.258843994140648,1004.9453287760417,-0.01961517333984375,194.6587760647138,327.26176675160724,16.935968017578148,11.780572509765648,13.96332956949872,83.1828711827596,72.80879614750545,11.354166731238365,17.82328652828592,11.64192211521577,8.043523406982445,10.968727366129599,1004.6640462239583,3.0310853061576686,133.68238947788873,293.22388887405396,16.823205566406273,12.625390625000023,14.10319544474286,84.06111113230388,76.7611113389333,21.354166569188237,16.81577487728636,12.199051169293304,8.043719228108728,11.336545562744163,1004.7994596354167,1.9479707876841228,165.79857343435287,273.6830514272054,18.174584960937523,11.911401367187523,14.531162516276064,79.69953775405884,70.59166679779689,3.506944416090846,18.431845455681955,11.528847420810642,8.062477366129599,10.812154388427757,1004.6759830729167,-0.4695276419321696,165.48772231737772,355.33343029022217,16.900933837890648,11.680932617187523,13.984005228678408,81.82268460591634,78.10277764002483,8.36111099505797,15.76111950766346,11.390804440780267,7.789862569173181,10.7333808898926,1005.0272591145833,2.0297452127560973,143.45811050136885,309.4349133173625,17.248254394531273,12.129449462890648,14.438896433512392,80.15138912200928,68.78425952792168,9.951388949528337,14.664013894133214,10.647390864996913,8.213885243733728,10.858047739664755,1004.9204947916667,0.127433180809021,182.24414880077043,318.7125600179036,17.447412109375023,12.129602050781273,14.332550303141298,81.38148212432861,68.1148145198822,10.590277950745076,16.53439140863555,11.434783080815308,8.019251759847009,10.93922068277999,1005.405341796875,-1.7473046779632568,209.14538929859796,353.2434449195862
2021-06-13,17.734582519531273,12.100335693359398,13.975256856282575,77.28009208043416,78.52731437981129,279.57638692855835,24.160131121214587,17.142071295265538,5.136140441894554,9.457732137044275,1004.1983723958333,-4.28413603703181,224.15043069422245,603.8645509084066,17.576745605468773,11.972222900390648,14.178081766764345,72.9009256362915,68.39212979873021,106.2569432258606,23.403414180433657,17.07255069288993,4.593377685546898,8.6176582336426,1004.681494140625,-4.419003993272781,258.6705959911148,672.3976542154948,16.732049560546898,11.049981689453148,13.419725036621116,81.39212894439697,90.61620408296585,444.743057012558,27.79299797416101,18.715976020632876,4.901539103190146,9.830208079020224,1003.881025390625,0.3159930904706319,148.9305928957959,604.2520395914713,17.123620605468773,12.004724121093773,13.947087860107445,75.42916711171468,84.0995369926095,200.8402819633484,22.513100528014796,15.858989180591891,4.6987841288249115,8.96186472574874,1003.63705078125,-3.8749723782142005,227.7161287640532,607.0523157119751,16.916680908203148,10.949975585937523,13.231320953369163,81.8467599550883,81.24537027378877,416.51389169692993,31.092056676142015,18.98334088845699,5.131246185302757,9.719852701822958,1003.9741536458333,1.39108806848526,144.39325949177146,605.3824761708578,16.993615722656273,11.866967773437523,13.721247609456404,77.1268515586853,89.24259208142757,262.9652810096741,24.35713461250214,17.926479498845435,4.534370676676474,9.175125376383505,1003.9113216145832,-1.1743902266025543,212.6193722176055,632.5215833981832,16.214654541015648,11.578088378906273,13.102849578857445,83.71249961853027,89.61064813534419,282.06249833106995,25.29991076192123,16.152305568343017,5.273561096191429,10.051005299886071,1004.5894661458333,2.0332956512769065,130.39578024546304,515.333864847819,17.218194580078148,11.553002929687523,13.406274414062523,80.65231577555339,88.92222255965073,275.19444370269775,24.682842863484304,17.37770551376665,4.972119903564476,9.591013844807946,1003.9424479166668,-0.3869983951250712,150.37433675304055,585.4676977793375
2021-06-14,16.712396240234398,8.140527343750023,13.402153269449892,63.65879615147909,68.72083408633868,169.83333206176758,27.571964240020307,16.725354780544517,5.949117279052757,6.283176676432333,1014.9795865885417,-5.904796310390036,293.7541188796361,510.6296450297038,17.231744384765648,8.153375244140648,13.517349497477236,63.622223218282066,71.19398040945332,336.66666412353516,24.06218636560393,16.387915860508073,5.754534657796228,6.351223246256552,1014.7252766927082,-6.578572607288758,292.3971303701401,521.1365935007731,16.894769287109398,8.206353759765648,13.530697123209658,63.56898180643717,69.75185112158458,18.0,26.766161907598104,17.242334565573625,5.831653849283896,6.373630777994833,1014.9102897135417,-6.560258105397224,296.4288542866707,535.2950585683187,17.004937744140648,8.065423583984398,13.519073740641298,64.06064732869466,61.83333240946134,586.5,26.160492517086034,16.759131314711396,5.906147257487021,6.482269541422568,1014.077802734375,-8.854111939668655,319.5311048030853,516.7881202697754,16.639184570312523,8.384149169921898,13.449905649820986,64.09074052174886,66.9194442530473,0.5000000149011612,26.273218437570517,16.517064214948356,5.775927480061853,6.451955413818382,1014.7410904947917,-5.532475143671036,289.83125789960224,508.1745313008626,17.008081054687523,7.967401123046898,13.452091471354189,64.05370267232259,69.88009270528953,549.1666717529297,29.41575909452607,17.742506947925396,5.964251454671228,6.460109965006552,1014.2401822916668,-8.444351156552633,304.26954877376556,522.7780920664469,16.987451171875023,8.317468261718773,13.469166056315126,64.92361211776733,59.70694436132908,0.0,26.86815399626739,17.032032750103816,6.105378723144554,6.651869710286462,1014.521318359375,-6.4706783431271715,313.5783330798149,500.16707674662274,16.940972900390648,8.074456787109398,13.40215962727867,62.74444389343262,61.45879644652208,356.8333282470703,24.951372045439534,16.04711012545634,5.8030804951985715,6.064008331298851,1014.6867805989583,-8.282960966229439,296.995183467865,504.38646125793457
2021-06-15,16.460473632812523,11.534631347656273,14.37503585815432,66.94490750630696,67.56250015894572,12.916666332632303,34.928526876924224,26.45760122752056,5.488312021891318,7.799483235677087,1007.6794889322917,-9.380934089422226,318.8440883010626,988.3855133056641,16.392694091796898,11.650872802734398,14.33191579182945,73.76666673024495,71.52777819521725,245.66666841506958,31.043678854147856,21.97711589537475,5.966933186848962,9.317522939046228,1008.2578548177083,-7.232876098404328,240.4837894787391,714.7610781987509,16.596185302734398,11.526788330078148,14.377408599853538,67.8199068705241,55.92175817489624,40.20138844847679,35.61255926799038,26.221730863380042,5.604720052083337,7.987142181396507,1007.6601692708333,-9.61837596197923,322.1587649434805,967.9757359822592,16.543817138671898,11.601800537109398,14.398133850097679,70.66898171106975,77.42499979088704,48.409722328186035,30.49248017944135,22.348405307251408,5.902387237548851,8.704704538981161,1008.1377213541667,-7.778854901591937,245.20877937972546,748.0822356541952,16.630334472656273,11.601281738281273,14.28431345621747,68.24490737915039,53.31898124019305,40.00694465637207,34.34254051254762,25.912241284743555,5.506843821207724,7.969721730550134,1007.9585579427082,-9.161086787780127,318.22478564083576,955.7302672068278,16.805505371093773,11.480859375000023,14.601305898030622,67.21527862548828,68.26388772328694,13.430555514991283,32.454455197462835,24.216509548769682,5.768195088704431,8.078515625000023,1008.0215983072917,-10.91039427742362,302.27883885304135,917.3458642959595,16.585504150390648,11.753289794921898,14.227614339192732,69.37777757644653,55.86574101820588,37.15277734398842,34.4790570786218,25.276650360187848,5.451322174072288,8.182438151041708,1008.0578059895832,-9.394390493631363,305.5413622061412,928.1897309621176,16.475274658203148,11.602563476562523,14.311030324300154,69.77314901351929,62.93888871418312,34.49305500648916,32.61670322995583,25.162942214201056,5.488167063395224,8.4029365539551,1007.7788118489583,-8.75926915804545,287.5446073412895,908.5914897918701
2021-06-16,17.884301757812523,9.200067138671898,13.897693888346376,65.62036991119385,45.642129895587765,46.33333396911621,21.959309836117832,13.188463547706506,5.204371388753259,6.962027486165368,1016.5043033854167,-8.47645523150762,329.425110856692,579.6619637807211,17.223138427734398,9.528283691406273,13.69138107299807,68.39074087142944,59.317593363424145,16.66666603088379,18.986897406738727,12.779391297754787,5.377333577473962,7.473451232910179,1016.4145572916667,-5.626185188690822,284.4927882750829,476.2145757675171,17.604333496093773,9.272302246093773,13.75754572550458,64.45740667978923,52.3157400538524,0.0,20.233410940673156,13.586980384474677,5.111965433756552,6.57080993652346,1016.023349609375,-7.410536219676335,322.55193660656613,587.0781364440918,17.764367675781273,9.434808349609398,13.898213958740257,68.45787159601848,53.68888834118843,51.16666603088379,22.121666652677405,13.754617185849533,5.369958496093773,7.627460734049521,1016.05853515625,-7.574459910392761,302.2153605421384,556.8919696807861,17.612023925781273,9.483361816406273,13.790859476725283,63.95694557825724,55.27870437130332,0.0,21.954093423536428,14.542156677585695,4.994093831380212,6.52631530761721,1016.0366438802083,-7.280386944611867,317.12487270434696,582.816847483317,17.704278564453148,9.185693359375023,13.783696746826195,68.56388934453328,59.45787027850747,50.83333396911621,21.95869147240613,13.033747213295676,5.525696055094443,7.58570251464846,1016.6705826822918,-7.407591015100479,287.94088355700177,534.1876475016276,17.575463867187523,9.426477050781273,13.887080128987654,63.94722159703573,46.942592799663544,0.0,22.432032582684766,14.597885283942986,4.839475250244163,6.604249572753929,1016.2857161458332,-7.341579993565877,316.8748731613159,603.5210730234782,17.912713623046898,9.136010742187523,13.824057515462263,66.74583355585735,57.59814867439369,46.66666603088379,22.589593482858966,13.101580944933398,5.440081532796228,7.17257970174154,1016.5355989583333,-8.433039645353952,311.151200513045,563.8453105290731
2021-06-17,18.824731445312523,10.254632568359398,14.948684946695986,67.59120416641235,42.99953697125117,0.0,15.738542024350608,11.994666877619794,9.69190622965499,8.349219258626306,1021.8518912760417,-11.666154791911444,318.6341322859128,324.37986580530804,18.539514160156273,10.765740966796898,14.92548777262372,66.48611164093018,69.67963023980458,46.33333396911621,15.691109505804882,12.085062500692544,9.899367268880212,7.99569981892904,1021.71328125,-12.286767363548279,309.5810670653979,327.19440682729083,18.666406250000023,10.074243164062523,14.803908284505232,67.52824020385742,45.9699076016744,0.0,14.936053976313106,11.868234829349555,9.53357849121096,8.247641499837243,1021.8606705729167,-11.321119646231333,321.84382476409274,330.1245444615682,18.882684326171898,10.375115966796898,14.961677805582704,66.0092584292094,16.034259314338367,0.0,17.019218165309667,12.651687716400739,9.79340515136721,7.936097717285179,1021.1733919270832,-12.686936755975088,335.43477859099704,356.40042638778687,18.489007568359398,10.113793945312523,14.847605641682966,67.97824001312256,43.5592590769132,0.0,14.888522171686366,12.259995473116073,9.886722819010458,8.349637603759788,1021.8081087239583,-11.2407412926356,318.2329468925794,343.9542136192322,18.925561523437523,10.094476318359398,14.817872619628929,66.41805505752563,39.58703635136286,0.0,17.28648551076033,12.643615918182379,9.747031148274743,7.945858256022177,1021.3950325520833,-11.950794796148935,321.39356966813403,338.3881793022156,18.661126708984398,10.349847412109398,14.990048980712913,67.98750066757202,56.81064788500468,0.0,14.86614369814456,12.173030865950913,9.950337982177757,8.49177195231124,1021.7219954427082,-12.086011409759521,312.2496061523755,344.6378432909648,18.755883789062523,9.918939208984398,14.67969411214195,66.87824153900146,36.10694442192713,0.0,15.651436724004563,11.837964839039223,9.602343495686853,7.971899922688806,1021.8664778645833,-10.672078768412272,307.74598838885623,321.84113597869873
2021-06-18,21.653100585937523,12.083093261718773,17.174573516845726,72.03981526692708,23.794907219707966,0.0,22.13728584766097,15.69151377900549,12.405515289306663,11.688940938313806,1019.791279296875,-17.635614290833473,335.6292021671931,421.28284136454266,21.518487548828148,11.813745117187523,17.077840423584007,71.15277783075969,3.625463042097787,0.0,22.993496103875067,16.6836550459735,12.469646708170615,11.383889770507835,1019.8983072916667,-16.874817142883938,341.80337889989215,450.68971824645996,21.643731689453148,11.755670166015648,17.04929377237958,71.57777786254883,15.536574055751165,0.0,22.069543236388927,15.534925108305112,12.241194661458337,11.480160013834677,1019.7806575520833,-17.221572538216908,334.7646102507909,420.41678317387897,21.513879394531273,11.775170898437523,16.98508224487307,71.81898212432861,9.655092380320033,0.0,22.48013032342538,16.443830851290272,12.364825185139978,11.452152506510458,1019.6669694010417,-17.190076400836308,337.99068494637805,419.009464263916,21.774591064453148,11.912408447265648,17.18214569091799,70.99351994196574,12.606481408079466,0.0,21.76878066270261,15.499711478221178,12.531639353434286,11.491395568847679,1019.6572916666668,-17.578328202168148,335.421295662721,410.8331489562988,21.483148193359398,11.808190917968773,16.986605580647808,72.06342665354411,19.852778223653633,0.0,22.674703732096834,16.18018082895178,12.445282236735068,11.521827952067099,1019.9041341145833,-17.05197338263194,333.7458557287852,412.22284412384033,21.527307128906273,11.845452880859398,17.028983052571636,69.17314863204956,11.827777902285257,0.0,20.846725784427107,14.505115926725258,12.667551930745446,10.85050735473635,1019.7023828125,-16.841637315849464,340.0821307500203,401.3949120044708,21.595910644531273,12.058160400390648,17.144002532959007,71.57036940256755,20.596759085853893,0.0,23.347846882080344,16.866802937003186,12.410098012288415,11.5945869445801,1019.6999055989583,-17.262362117568653,335.424964427948,417.7476536432902
2021-06-19,22.960809326171898,14.371423339843773,18.89933039347333,73.94537083307902,4.275463004906972,0.0,15.048601242574328,12.83033468378696,13.910942331949911,13.675767517089866,1017.6723372395833,-21.728977598249912,334.2006331483523,448.97703806559247,22.294427490234398,13.972894287109398,18.702324167887394,77.97546164194743,10.197222381830215,0.520833348389715,16.49742312960785,13.802534570733584,12.87167638142904,14.461176808675134,1017.4627408854167,-19.750888009866078,323.8776475588481,466.609660466512,22.934808349609398,14.515893554687523,18.945280965169292,71.12963104248047,2.6166666646798453,0.0,15.431299436786015,12.866283115873712,14.009877777099632,13.144375101725302,1017.6451920572918,-21.223420210182667,337.09560990333557,443.52301184336346,22.829278564453148,13.818658447265648,18.81965535481773,76.20787064234416,3.4064815059925118,0.0,17.373188905298328,14.416197553798957,13.360922749837243,14.08405710856124,1017.5813411458333,-20.789309228459995,335.3735965490341,488.7322072982788,23.298730468750023,13.923486328125023,18.97110519409182,69.79074144363403,3.1888888754571476,0.0,13.923746633134332,11.077317782724032,13.96293665568038,12.695606486002646,1017.7725390625,-20.18277718126774,338.3418513139089,419.99126561482746,22.865350341796898,13.815057373046898,18.82152837117515,75.99166663487752,2.374074031909307,0.0,17.138084511269245,14.155833595908994,13.74058558146163,14.050378417968773,1017.8557975260417,-20.799888111650944,334.4876303275426,452.367413520813,23.119256591796898,14.203820800781273,18.94455744425458,68.06990718841553,3.002314859380325,0.0,14.041002467167171,11.307032706198827,14.311616516113304,12.209494527180993,1017.5888020833332,-19.932533266643684,340.8403161764145,392.2267498970032,22.966821289062523,13.949365234375023,18.860258992513042,74.82870324452718,3.0504630158344903,0.0,16.741483739127514,13.691290348879155,13.765754954020224,13.838700866699241,1017.905185546875,-21.37787230561177,334.6144030690193,452.19908237457275
2021-06-20,23.695825195312523,15.696801757812523,20.004407501220726,74.77175951004028,23.68518510957559,0.0,18.887093253368167,14.131394877381036,13.966104125976585,14.949432627360068,1014.835166015625,-18.156056018856663,322.4253255724907,409.55365228652954,23.531579589843773,15.608087158203148,19.768762207031273,77.04999987284343,20.526852269967396,0.0,16.586521597769913,12.431734834173824,13.369484202067099,15.228449757893884,1015.3349251302083,-17.815273699040215,321.31236998240155,432.0017515818278,23.988549804687523,15.471093750000023,20.0313176472982,74.03425868352254,19.778240609914064,0.0,15.96695237049009,12.866704449263693,13.956238047281943,14.75769958496096,1014.884609375,-17.731239875157673,311.36605447530746,399.5614942709605,23.010308837890648,15.408044433593773,19.609963989257835,76.50092697143555,25.98749944070975,0.34027778543531895,21.478832053306824,15.23614614881089,13.710768636067712,14.957542673746786,1015.0335221354167,-16.969834585984547,309.9614299933116,421.1499532063802,24.201593017578148,15.473687744140648,20.050701395670597,72.96851793924968,18.92500003768752,0.0,14.913918576314588,12.327532962736882,14.045434570312523,14.481039937337243,1014.795341796875,-18.08789303402106,327.51866761843365,412.2730531692505,22.806970214843773,15.558526611328148,19.655183410644554,75.57777674992879,29.206943945338327,0.0,21.664027107105213,15.775658647737833,13.906343078613304,14.808473205566429,1014.7338151041668,-16.78891261915366,308.00714697440463,413.18573411305744,23.962976074218773,15.516229248046898,20.055454508463566,71.77592658996582,29.726851988273364,0.0,14.810137102210714,12.170661289101481,14.044274902343773,14.202082570393884,1014.8648079427082,-18.11182353893916,327.2322204510371,395.019158522288,23.492456054687523,15.618402099609398,19.86947657267255,75.20555384953816,33.822222247719765,0.0,18.898332788018003,14.382782396989361,13.84958165486654,14.928276316324911,1014.730927734375,-17.786914149299264,314.03981757164,411.0361595948537
2021-06-21,23.962152099609398,16.883599853515648,20.552561696370464,78.15185260772705,37.31111119501293,39.04166665347293,19.161754410082313,14.509776933030272,15.116208648681663,16.301475779215536,1013.1227506510418,-15.09761500855287,315.26094696919125,414.66511329015094,24.197991943359398,16.749536132812523,20.64380544026695,78.42916520436604,45.35648202896118,41.87499985098839,12.951552569527424,8.877799846849372,15.109147644042991,16.41670633951827,1014.1979361979168,-17.58382533242305,312.1744566957156,320.36726943651837,24.067895507812523,16.774468994140648,20.37233759562177,78.88518540064494,37.728703697522484,52.26388894021511,17.501549228771484,13.69992685976952,15.172046915690146,16.326899464925134,1013.3842578125,-14.781084189812342,315.62591542800266,374.3171860376994,23.857202148437523,16.344079589843773,20.237607574462913,79.8569450378418,31.047685503959656,66.20833390951157,18.25031940811346,12.134064823110293,14.864780680338583,16.37118301391604,1013.1789453125,-15.036571860313416,320.3800549507141,373.2545325756073,24.270562744140648,16.790490722656273,20.777422841389996,75.47731415430705,42.71157484253248,26.701389079913497,17.467027723113443,13.670189596301446,15.273651377360068,15.869507090250693,1013.1589290364583,-16.169932529330254,307.2554996411006,425.06368589401245,24.038903808593773,16.766961669921898,20.507588958740257,77.74490769704182,57.056943813959755,27.27777778171003,18.045290997088923,13.273049780105088,14.657034810384118,16.14560216267904,1013.3472591145833,-15.74869612356027,303.1547209620476,416.6275595029195,24.566003417968773,16.886865234375023,20.89702123006187,74.49120346705119,31.49398100376129,15.083333056420088,17.4629934624741,13.917354503685035,15.335627492268884,15.76115188598635,1013.0533463541667,-16.987671901782353,320.05665977795917,440.06941270828247,24.105523681640648,17.099572753906273,20.5542299906413,77.82314904530843,33.0092587073644,43.10416676849127,17.359297232720614,13.654081526443647,15.09979146321615,16.223867034912132,1013.4009895833333,-16.183439567685127,320.0233098467191,410.4284079869588
2021-06-22,25.173608398437523,16.499322509765648,20.655755615234398,78.36296383539836,62.34629632035891,57.937499821186066,14.042477359324124,11.424474379122804,16.467499033610068,16.150491333007835,1012.1416536458332,-14.908799096941948,293.1925747791926,342.93877681096393,24.848352050781273,16.878015136718773,20.6683657328288,78.2953707377116,46.518054048220314,100.99305486679077,14.481047955067293,10.175397404771855,16.264194742838583,16.242014821370446,1012.24849609375,-15.517365624507269,278.0195297400157,291.1423231760661,25.280755615234398,16.164788818359398,20.528067525227886,78.53657341003418,62.80370330810547,47.76388904452324,14.59004172725622,11.781859793006383,16.5001210530599,16.061101531982445,1011.9325748697917,-14.337826900184155,300.5210779309273,342.88686084747314,25.283837890625023,16.698480224609398,20.74274088541669,77.14212894439697,46.0629635254542,114.27083444595337,13.794311681358538,10.015045561791826,16.345412190755212,16.0472236633301,1012.4684049479167,-17.18188132531941,302.2227398951848,315.7833426793416,25.121881103515648,17.022821044921898,20.57697448730471,78.66018549601237,67.33379557728767,55.61805611848831,14.574326032546598,11.60661946273664,16.556284840901696,16.216494496663415,1011.834638671875,-13.841201255718866,285.44981749852496,356.7030167579651,24.902734375000023,16.901971435546898,20.80022837320966,78.10925928751628,48.27962986628214,77.47916746139526,13.500249856926482,10.247467126141922,15.980953470865927,16.31711349487307,1012.0684016927083,-15.252499376734098,263.42537118991214,341.8832459449768,24.844903564453148,17.661584472656273,20.60974273681643,77.99444325764973,72.66064778963725,44.4791656434536,14.997791599417827,11.132444154558385,16.577649688720726,16.10047302246096,1012.1669173177083,-13.759913926323255,291.951943397522,344.2417311668396,25.202325439453148,16.537133789062523,20.61246770222984,78.2055549621582,42.30972217023373,42.298612117767334,14.251380975405402,11.117962236937784,16.046992238362634,16.132085418701195,1012.1625748697917,-14.74762790898482,285.603093624115,355.4886490503947
2021-06-23,24.721704101562523,16.975488281250023,20.28715286254885,84.60648091634114,46.882870276769005,118.90277743339539,17.509099713550803,8.577984753778898,15.009362792968773,17.074636077880882,1013.7110188802083,-11.567279651761055,277.40866536895436,325.0071936051051,23.057702636718773,16.718011474609398,19.892109171549503,78.67314751942952,53.781943798065186,131.02777767181396,16.986129138178676,11.673503156674316,14.447255706787132,15.387451426188193,1014.5094173177083,-12.61369830245773,301.74087198575336,404.2650514443715,24.983361816406273,16.746423339843773,20.0473940531413,84.1134262084961,38.736111879348755,98.13888931274414,24.20474693625815,8.159622483756282,15.209331766764365,16.668939208984398,1013.8841861979167,-10.623870397607485,286.68444148699444,310.1932983001073,23.111108398437523,16.780358886718773,19.8126897176107,81.5425926844279,62.494906862576805,150.90277767181396,13.470547666560938,10.165248541249342,14.747834777832054,16.0011980692546,1013.4436263020833,-10.263341973225275,259.79647746682167,333.11465096473694,24.993188476562523,16.976159667968773,20.130803680419945,84.19305483500163,51.00416641434034,47.10416638851166,12.699471554681198,7.582414647580145,15.23482157389327,16.91750615437826,1013.7084537760417,-7.958027879397075,224.2090951601664,265.92526400089264,22.759759521484398,16.254296875000023,19.43805338541669,81.76296170552571,43.68379686276118,209.88194179534912,14.301175686142292,10.891797045666053,14.550345357259118,15.725960032145224,1014.2567838541668,-9.42825672030449,278.0246313412984,325.5934618314107,24.786889648437523,17.175347900390648,20.038040415445987,83.80786991119385,46.38333339244127,46.20138865709305,12.532222338023772,7.498100191873232,15.099027252197288,16.71528778076174,1013.95525390625,-6.061612798521916,201.6388345360756,254.11863021055856,24.609094238281273,16.718316650390648,20.315020497639996,83.88750012715657,45.99398171901703,138.2430534362793,16.388702275230685,7.065215446166088,14.886824544270837,16.98238016764327,1014.0935514322917,-12.171865999698639,274.24672281742096,314.53833651542664
2021-06-24,21.412408447265648,15.184411621093773,18.50126419067385,79.80601819356282,51.19814876715342,358.8472309112549,12.349214617351132,9.551903459244404,12.918267822265648,14.426503753662132,1016.0659309895833,-8.031655217210451,279.1729820370674,332.7856870492299,20.744805908203148,15.705560302734398,18.408725992838566,84.51296202341716,60.58657402917743,272.80555725097656,16.55351134347529,13.62251907160285,13.173249816894554,15.369256591796898,1015.6073828125,-6.936064998308818,278.00604326029617,374.4905865987142,21.467614746093773,15.283319091796898,18.675622558593773,78.5560188293457,51.881481885910034,36.833333015441895,14.456118390093408,10.63143897474467,12.904541269938193,14.273197428385458,1016.0731803385418,-6.663492302099864,273.58084231615067,374.6434262593587,21.961175537109398,16.148706054687523,18.92572937011721,81.84351666768391,66.73472237586975,269.5416669845581,14.514879155258042,11.702584327962185,13.324637349446618,15.202938334147177,1015.1054166666668,-9.005071277419725,276.16653577486676,338.9722269376119,21.187341308593773,15.119531250000023,18.414802805582706,78.39027913411458,48.08518443504969,40.5,16.672832603878263,13.125543243842287,12.958451843261741,14.011259969075525,1015.9581868489582,-6.4900289078553515,297.45609776179,399.1344663302104,22.228906250000023,15.394555664062523,19.10763575236005,77.87639045715332,53.82499862609742,95.12499761581421,11.793686056484285,7.910842139840409,13.047794596354208,14.503715769449911,1016.2112532552082,-8.24325534204642,294.10901532570523,360.1743557055791,21.627740478515648,14.986260986328148,18.520518239339214,78.03749974568684,56.77175932998458,0.3263888913206756,15.163430606580363,10.539336804290418,12.708097076416038,14.108633931477868,1016.128486328125,-5.914910485347112,274.63083211580914,355.86507018407184,22.316674804687523,14.919000244140648,19.061377461751324,75.35879611968994,38.477778727809586,110.00000381469727,12.481265750495481,9.914051254247806,12.73475290934249,13.887034352620446,1016.4194270833333,-9.169719353318214,311.2136279741923,393.5741858482361
2021-06-25,22.298852539062523,14.451654052734398,18.86527277628583,72.68796348571777,28.146759400765102,2.166666626930237,9.910307026066837,7.074327358834492,13.348430887858115,13.186577097574911,1013.2714811197917,-10.577542362113794,326.16392223040265,318.8885040283203,22.716699218750023,15.325189208984398,19.259643809000675,75.5587968826294,47.16435180107752,360.45832920074463,11.7564564158699,7.152621634020657,13.72856165568038,14.460172271728538,1013.4534016927083,-13.37375049199909,319.2521265546481,303.49686217308044,21.783319091796898,13.962762451171898,18.1299504597982,80.0268513361613,49.327314813931785,3.7222222983837128,11.180010291466772,6.997164934422834,13.195228830973349,14.052711741129599,1012.9294303385417,-9.731290355324745,292.04772673050564,309.1777089834213,22.205072021484398,15.075463867187523,19.082041676839214,76.52823988596599,72.22731618086497,38.59722197055817,11.109496321651312,5.876150835062849,13.477212524414085,14.423220570882165,1013.1425390625,-9.988770550737778,305.7971215248108,323.1444280942281,21.017907714843773,13.751641845703148,17.932598368326847,81.46296310424805,56.11064751942953,0.9513889160007238,11.668988380113362,7.129369142321903,12.994519805908226,14.190667724609398,1013.06220703125,-9.45115843663613,279.52313061555225,305.6864386399587,23.018853759765648,14.718316650390648,19.36939137776695,69.41435273488362,34.55787035822868,40.5,11.303345140991121,6.038445180803805,13.927812194824241,12.947105662028036,1013.145068359375,-10.445393691460291,321.2296911875407,309.61447985967,21.327661132812523,14.282800292968773,18.117477671305362,80.96805636088054,55.17731440067291,0.8055555787868798,11.383454020791795,7.328309930681904,12.587650553385458,14.355420684814476,1012.9240755208333,-9.589188744624456,260.4704535802205,306.68494780858356,22.695886230468773,14.494500732421898,19.084933217366558,74.15277767181396,26.030555450667936,1.3333333432674408,10.66120290032137,6.621300254887459,13.700585937500023,13.785886383056663,1012.818857421875,-9.768338625629744,322.42749975124997,317.17136657238007
2021-06-26,21.385675048828148,15.443292236328148,18.696299489339214,77.06712945302327,42.89768509070078,10.041666805744171,18.723174346723948,12.767366765570243,11.964458719889365,14.176792399088583,1011.3862044270833,-10.949971561630568,291.3282139499982,367.04887851079303,24.238885498046898,16.327813720703148,20.255587514241558,72.36990753809611,61.730093002319336,4.569444417953491,9.290932849532721,5.973627700980232,14.00326817830404,14.729128774007165,1011.7626725260417,-11.82473835038642,267.63163128495216,319.3894860347112,21.796777343750023,15.362786865234398,18.7341133117676,76.54722309112549,47.23472277323405,0.6666666716337204,18.107807726636196,12.54167721525976,11.96274337768557,14.007165527343773,1011.3711783854167,-11.228320382535458,286.7841499845187,387.5741692384084,21.347436523437523,15.542077636718773,18.618538157145206,82.64675935109456,60.2449067234993,43.15277747809887,13.701341936421773,7.125102903967124,12.894488271077478,15.29214757283529,1011.1447330729167,-10.703808372219404,278.3597039779027,296.8396424849828,21.418725585937523,15.374169921875023,18.40871327718101,79.55648040771484,41.30833316392576,3.590277846902609,18.478510590767204,13.40485954863542,11.773675537109398,14.409341430664085,1011.0998372395833,-10.333889064689478,308.28498049577075,401.3039643764496,23.221368408203148,15.926446533203148,19.466484324137394,77.19120279947917,64.16249942779541,6.70138892531395,19.021492417661182,11.284877192034065,13.089498138427757,14.86148605346682,1010.6121061197917,-13.11781964202722,263.9000251889229,367.8419056733449,20.983636474609398,15.279138183593773,18.429577128092472,79.59120432535808,54.894907196362816,5.652777840383351,19.162696939548155,12.71729957397288,11.501409149169945,14.491019185384118,1011.4508626302082,-11.045345296462378,301.50342643260956,392.07939517498016,21.598657226562523,15.402947998046898,18.75105438232424,80.18564828236897,50.585647304852806,18.24305545538664,13.972541794785819,10.355160303379089,11.918698883056663,14.981936391194665,1011.0702408854168,-9.128221914172173,272.9656670888265,301.94157886505127
2021-06-27,19.069665527343773,13.043603515625023,16.424422200520855,86.63981342315674,49.63796345485995,36.548610746860504,15.531012897286194,11.852975217145662,10.491906738281273,14.10830968221029,1011.1509700520833,1.2362144688765209,213.51540531714758,318.39586166540784,21.098687744140648,14.583367919921898,18.046276346842472,77.83981418609619,66.20370419820149,27.9444442987442,13.243456794217689,11.086669140138781,11.564571634928427,13.854605611165368,1011.279150390625,-4.832515311737855,199.20872147878012,254.35681327184042,19.844567871093773,13.170861816406273,16.944078063964866,85.56990750630696,66.57268540064494,58.236111879348755,15.39930395535422,11.247389407233024,10.784418996175134,14.367860412597679,1010.6931022135417,-3.1582179764906564,215.1760147412618,325.2667598724365,21.229333496093773,14.005548095703148,17.736496225992862,78.331480662028,26.170370932668447,6.513888938352466,17.408478357034824,13.515127148458754,11.186027781168661,13.569609578450525,1011.32501953125,-5.773831923802693,275.99457226196927,356.6358127593994,19.755242919921898,13.409082031250023,16.842799123128277,85.75787003835042,72.80000002185504,23.916666865348816,13.912157947382559,11.006068632677499,10.862607574462913,14.312000528971396,1010.6723828125,-0.07126457492510478,156.2399444580078,284.26909430821735,20.927789306640648,13.383325195312523,17.563860829671246,79.13286892573039,19.945370315612916,28.611111104488373,15.057761714379968,11.975424158554638,10.665489451090536,13.581747945149743,1010.9982389322918,-4.274832929174106,296.9839062889417,424.1539134979248,21.259515380859398,13.987817382812523,17.962453460693382,78.27222363154094,59.66851734121641,6.104166690260172,14.127453952216865,11.378768139962565,10.996330515543661,13.701314544677757,1011.00732421875,-7.615170061588287,224.82890923817953,399.93835671742755,20.992150878906273,13.389733886718773,17.53466949462893,77.8958346048991,40.31759172677994,21.81944441795349,15.287405813772082,12.846219897701175,10.674881235758505,13.29880294799807,1011.2607682291667,-6.079029873013496,291.6073822379112,431.7740666071574
2021-06-28,22.168237304687523,13.438897705078148,18.516529337565128,59.442593574523926,44.258332908153534,1.3333333432674408,16.20109165893997,10.183414268814953,10.294409688313806,9.64047775268557,1012.63109375,-9.708680540323257,331.31607643763226,587.2445022265116,21.851556396484398,12.370202636718773,17.803086853027366,66.24722258249919,6.998611114298304,82.83333206176758,15.47382687646625,12.709904446234978,10.091237640380882,10.40387878417971,1012.567353515625,-12.707666253050169,336.82783993085224,594.8362305959066,22.159661865234398,13.108819580078148,18.335874176025413,59.158332665761314,45.91851879159609,1.3333333432674408,16.432336430512144,10.49755685477057,10.042747751871786,9.3243232727051,1012.350283203125,-8.591563781102499,317.56479307015735,591.0151739915212,22.200738525390648,12.701654052734398,18.07036107381187,64.08240747451782,3.8560185308257737,103.16666793823242,18.090749253535282,13.97103424920055,10.370168304443382,10.160342152913415,1011.87408203125,-11.51050286119183,338.2356108427048,622.5702409744263,22.108819580078148,13.756127929687523,18.644263203938824,62.13101784388224,37.44351846973101,0.5000000149011612,16.561437711342826,10.437184338139756,10.11372019449874,10.233640289306663,1011.5039290364583,-9.053174803654352,331.18755555152893,589.4918686548868,22.130029296875023,12.656793212890648,18.036612447102886,63.2157408396403,5.8722221453984575,51.49999809265137,15.809616658133383,12.918013607532776,10.15987040201827,10.016394551595056,1012.0183561197917,-11.767601937055588,335.6235121687253,617.504465897878,22.069024658203148,13.863610839843773,18.639424896240257,62.57361125946045,25.331018564601738,0.0,15.216804404932594,10.637752920404532,10.050908660888695,10.392222340901696,1011.4504720052083,-9.110882759094238,331.53892634312314,600.7435189882914,21.809350585937523,13.127008056640648,18.269804890950542,62.61388953526815,21.114351858695347,15.333333492279053,15.194971634788745,10.124171247689452,10.300327555338583,10.212308502197288,1012.7812141927083,-10.271704678734144,333.2640794912974,548.2692872683207
2021-06-29,23.006555175781273,14.709802246093773,19.3178052266439,57.855092684427895,96.59722264607747,0.0,13.984892909684701,10.603801703224356,10.804021453857445,10.074449157714866,1009.900634765625,-10.073582079261541,285.16714121898013,583.5817885398865,22.897821044921898,13.875115966796898,18.88040695190432,55.317592779795326,55.0138884584109,1.3333333432674408,12.08472023168348,8.05953838713433,11.1583076477051,8.792185719807946,1011.3057942708333,-9.968104660511017,311.5191065470378,462.7752211888631,23.327783203125023,14.466821289062523,19.35873438517255,57.95648225148519,61.657870173454285,0.0,14.492966501436552,10.400764054359852,11.052270507812523,10.006901041666708,1009.5442024739583,-10.750614094237486,329.09861703713733,601.0302982330322,22.980340576171898,14.020349121093773,18.987063344319683,59.242592652638756,45.790277610222496,1.3333333432674408,11.933825979205753,8.169346659853595,10.915086364746116,9.889992014567099,1011.18818359375,-10.553772648175558,318.974833269914,516.5113539298376,22.497705078125023,13.964715576171898,18.923059082031273,59.954166094462074,95.156481107076,0.0,15.164802851897733,12.190461230415913,10.494477844238304,10.30899327596029,1009.5635416666668,-9.09664795982341,262.3683879375458,576.4916054407755,22.941918945312523,13.818780517578148,19.15262883504234,60.60416603088379,34.405555944889784,0.5000000149011612,15.413563397492705,10.868480795712662,10.85507481892904,10.450062052408896,1010.14146484375,-10.412015649179617,336.9799035390218,580.7553515434265,22.889886474609398,14.222619628906273,19.051011657714866,59.719907919565834,87.41064786911011,0.0,13.784291529902337,11.123392990748274,10.462854003906273,10.24997482299807,1009.4868001302083,-9.035523042082787,304.5707476933797,580.943116903305,22.950006103515648,13.967401123046898,19.201797739664737,60.276851654052734,66.79675992329915,0.0,15.55782603022714,11.056225154251925,10.833771006266318,10.468044535319052,1010.1304557291667,-10.154566129048666,323.81527702013653,575.7949970563253
2021-06-30,22.900109863281273,14.830163574218773,19.044160461425804,61.747223695119224,63.82037023703257,0.0,17.643899399264114,10.227179040875669,11.29367345174154,10.970342254638695,1008.8453385416667,-7.48760802547137,253.50781585772833,446.582541624705,23.441491699218773,15.316674804687523,19.377343750000023,61.286110401153564,62.60972319046656,0.18055556248873472,12.49073245215807,8.321270895396593,11.624196624755882,11.142076110839866,1010.26525390625,-7.769860868652661,259.9325501521428,413.441219329834,22.980981445312523,14.811364746093773,18.834762827555362,61.50416787465414,57.718981305758156,0.013888888992369175,17.264085976028152,9.809691313545814,11.115480041503929,10.739260609944665,1009.2931119791667,-7.720453013976415,265.5829199751218,434.8966121673584,22.849572753906273,15.210839843750023,18.894637044270855,64.42361036936443,44.86990670363108,0.22222222574055195,13.017784626184623,7.873146938224952,11.675956980387411,11.534721628824911,1010.1757552083333,-5.939561496178309,243.66262503465018,328.90605783462524,22.719964599609398,14.808435058593773,18.195163981119816,65.40462875366211,59.496295568843685,2.4791667088866234,15.442639217288885,9.91074572769609,10.45657628377279,11.133968607584677,1009.497412109375,-5.299294829368591,264.1673402587573,395.8556302388509,22.980462646484398,15.046411132812523,19.254482523600284,61.87314748764038,62.25000047683716,0.0,15.651038212693043,9.034930440035934,11.346196746826195,11.271433766682946,1009.7386686197917,-8.400508890549341,240.4366621772448,405.05103460947674,22.578942871093773,14.783715820312523,19.007995859781925,60.46296199162801,40.549537221590676,0.06250000232830644,15.437385373088988,10.143967292643518,10.681996917724632,10.69671529134115,1009.1059733072917,-8.669861689209938,295.0261796116829,463.5908006827037,22.838891601562523,14.905572509765648,19.10433095296226,61.75601847966512,52.512500324596964,0.0,13.645435361711625,8.490485970273973,11.368760681152366,11.07166188557943,1009.2830078125,-7.577615867058436,241.96331266562143,393.70925696690875
2021-07-01,21.142816162109398,14.584863281250023,17.414156850179058,76.71574131647746,85.20092511177063,42.66666615009308,17.9165202808146,14.048374183635596,10.091011301676474,12.933039601643884,1014.6675618489583,-1.2755117813746135,200.18902073303857,348.9123894373576,22.306176757812523,16.003625488281273,19.09427922566734,67.65231450398763,59.750001192092896,0.0,17.466552547665824,14.2493973882843,11.676446533203148,12.47514114379885,1014.469208984375,-9.449536020557085,294.8445529937744,452.7233187357585,21.330072021484398,15.881951904296898,18.20750706990562,71.49212884902954,83.40046230951945,18.17361132800579,20.745232327230365,18.36184022562399,10.757936096191429,12.64749679565432,1014.2756184895833,-5.543816059827805,262.7392981549104,449.26305707295734,21.372216796875023,15.320886230468773,18.10846862792971,71.97222137451172,90.27453835805257,6.166666648816317,17.34092999208041,12.518496426158586,10.605018870035849,12.588291422526083,1014.25111328125,-5.7402767936388654,230.10001520315805,368.61365699768066,21.871820068359398,16.359735107421898,18.696328735351585,67.87268527348836,65.68472210566203,1.2152778068557382,16.90808546579199,13.860125719208256,10.898833211263025,12.226827239990257,1014.557734375,-7.8863499742001295,274.6717236340046,429.91200002034503,17.042382812500023,13.427789306640648,14.918105061848982,91.00370438893636,96.41898075739543,212.04166716337204,17.205067575870732,14.485525785776106,8.203740692138695,13.417918141682946,1013.8315885416667,6.930661977579196,86.23816799124081,269.5854202906291,22.252526855468773,16.564691162109398,18.852344767252628,69.03611214955647,64.75925827026367,0.9791666874662042,16.479555251155112,13.89129209131741,10.999206797281943,12.683606719970726,1014.413037109375,-6.9081097195545835,246.37877651055655,433.5864543914795,20.794458007812523,14.294458007812523,16.93239618937177,77.3643536567688,86.47083306312561,50.79166655242443,17.512516904193145,14.980802914843503,9.43803431193038,12.563445027669275,1014.20203125,-1.9478272994359334,203.39274138212204,398.68711916605633
2021-07-02,21.388635253906273,14.196405029296898,18.341176605224632,71.41712967554729,22.30787005027135,13.5,12.800103829809371,9.362800213036937,10.014307912190759,12.343723551432333,1016.0571842447918,-10.422482391198477,330.5053753256798,441.8501048485438,21.427117919921898,14.355859375000023,18.19845352172854,69.75370327631633,15.730092431108156,52.83333206176758,16.399429769843433,11.966524175903048,10.837491607666038,11.96359786987307,1016.998720703125,-12.025826642910639,322.80827444791794,399.05595739682514,20.808160400390648,13.503900146484398,17.62362442016604,72.91759284337361,5.452314933141072,8.166666984558105,17.142083464332643,12.49902509168634,9.538931783040368,11.995273844401083,1015.7565950520833,-6.632904847462972,334.19902354478836,466.1537876526515,21.437432861328148,14.494439697265648,18.299058532714866,66.20046297709148,43.856480757395424,25.472222328186035,16.566643541736884,12.952249484238394,11.174232737223349,11.242679850260458,1016.6152278645833,-9.77251144250234,322.5396172801654,413.9939283132553,20.702813720703148,13.270532226562523,17.517367299397808,73.98611132303874,3.8986110615854463,5.666666507720947,16.618876507431096,13.057452092142492,9.338847096761071,12.17239913940432,1015.647763671875,-5.605989456176758,334.2582372029622,480.4782338142395,21.645745849609398,14.581048583984398,18.5042180379232,67.9023159344991,10.038888921340307,1.6666667461395264,15.242746663106617,10.60254392533275,10.837229665120446,11.76371790568038,1016.6324772135417,-9.935988545417786,330.3683830499649,426.69748878479004,20.766412353515648,13.072534179687523,17.517888641357445,73.77731482187907,3.478240748246511,0.0,18.447330382243987,13.65221590724019,9.313006337483728,12.138640340169275,1015.327998046875,-5.582365492979686,334.13275967041653,506.05796174208325,20.811029052734398,13.935906982421898,17.976077016194683,70.37407271067302,7.613425925529252,1.3333333432674408,14.077097067492302,10.864978525417357,9.729919687906943,11.860983784993493,1016.14267578125,-7.5484517614046736,332.8506719470024,435.39677298069
2021-07-03,22.294458007812523,14.031610107421898,18.685230509440128,58.601389249165855,1.4162036993851264,0.0,12.124630294564914,9.43357952314341,10.553175862630212,9.315864817301474,1016.9418587239583,-9.413026511669159,338.26346588134766,392.5386002063751,21.966088867187523,14.372857666015648,18.6922915140788,60.276387532552086,6.066666732231776,13.5,12.592694533305112,8.400190920309726,10.336357371012411,9.996119435628259,1016.8356282552082,-9.228192110856375,335.7946637868881,401.0494891007741,22.587548828125023,14.050103759765648,18.737269337972027,58.57222318649292,0.00046296297417332727,0.5000000149011612,11.988605892138516,9.082421888085806,10.377367909749353,9.553174591064476,1016.4418587239583,-10.116426587104797,337.0368163585663,427.48365700244904,22.242517089843773,13.838952636718773,18.63789265950523,56.46435276667277,0.0,8.166666984558105,12.377658745745755,8.64859922255046,10.370567576090536,8.792681630452478,1016.5648372395833,-9.275329192479452,337.5761614839236,405.03744693597156,22.664697265625023,14.053430175781273,18.70138320922854,59.86574045817057,0.46944444269562763,0.0,11.388745529042865,8.570814509899966,10.533180491129599,9.762567138671898,1016.2868717447917,-9.369682917992273,336.6193798383077,404.10014605522156,22.219445800781273,13.953240966796898,18.655613199869816,59.31388886769613,0.6851851791143417,5.666666507720947,11.9233343317051,8.257347464225994,10.17603200276693,9.652173614501976,1016.5047884114583,-9.283219625552496,335.3588130076726,414.7279328107834,22.549981689453148,13.950341796875023,18.661414082845074,60.44861094156901,0.10694444354157895,0.0,11.553883389722618,8.717759521245696,10.434852854410849,9.920438385009788,1016.0682845052083,-9.343941479921341,336.3190265099208,398.37259308497113,22.616662597656273,14.052209472656273,18.779629007975284,59.80555566151937,0.03194444409261147,0.0,10.29342598855018,8.106452206026333,10.39280726114913,9.90143483479818,1016.39982421875,-9.797290394703547,335.41140884160995,411.3035640716553
2021-07-04,22.388421630859398,14.256585693359398,18.878695424397808,58.797685305277504,0.025925927174588043,0.0,17.574588850518438,13.232247369672118,11.282659149169945,9.807969665527366,1017.350224609375,-8.173297385374704,335.59183299541473,431.67817628383636,22.282342529296898,14.422570800781273,18.83289489746096,59.61574045817057,0.5569444342205921,0.0,18.383827610888517,14.059266447551982,11.449163055419945,9.958804066975915,1018.5288118489583,-7.726462701956431,335.6995533108711,425.0041837692261,22.353051757812523,14.379174804687523,18.88950627644859,59.60046434402466,0.18703703240801892,0.0,16.732684956766462,13.054105448732253,11.375742848714196,10.02778269449874,1017.279443359375,-8.480209241310755,335.44708987077075,408.2421675523122,22.097070312500023,14.349084472656273,18.684162394205753,60.280092557271324,0.20879630061487356,0.5000000149011612,17.661647318292303,13.779169100204493,11.339406585693382,10.030920918782556,1018.0581315104167,-7.431800266106923,335.23171031475067,412.3812719980876,22.266198730468773,14.375482177734398,18.8801094055176,60.13333320617676,0.062499998758236565,0.0,16.71281000710571,13.081853152325635,11.310292816162132,10.156821187337243,1017.0276399739582,-8.270014027754465,335.76644492149353,405.56496810913086,22.280084228515648,14.239282226562523,18.831133778889996,58.806944847106934,0.09629629676540692,0.0,17.047217305136986,12.985807407040802,11.556296284993493,9.724538421630882,1017.59189453125,-7.932879398266475,335.5459588567416,398.8958462874095,22.138696289062523,14.606469726562523,18.92561492919924,60.8407408396403,0.07037037114302318,0.0,16.63496666745407,12.792050978679248,11.303035990397177,10.39564158121749,1016.9088313802083,-8.287738422552744,335.41153995196026,400.7493646144867,22.160211181640648,14.237573242187523,18.8439765930176,58.50925954182943,0.0,0.0,16.522245712687216,12.599211622026312,11.387398020426474,9.647706604003929,1017.350166015625,-8.058579256137213,335.7982936302821,398.0281748374303
2021-07-05,22.748559570312523,15.246728515625023,19.43592987060549,66.30463012059529,37.5375006015723,0.0,19.283912807843944,14.873088934069486,12.088465627034509,12.313280995686853,1016.6370182291668,-9.813006733854612,282.5571288069089,401.90363931655884,22.814569091796898,14.603051757812523,19.180844879150413,60.80833355585734,9.903703775256872,0.0,18.49084713841885,15.014238903447046,12.019798533121786,10.55494333902999,1017.6461588541667,-8.676294406255087,327.3637630343437,411.96564269065857,22.653375244140648,15.159814453125023,19.403012847900413,66.60787057876587,39.77824077010155,0.0,19.446117489881654,14.200436194342197,12.040419514973962,12.34407450358077,1016.798857421875,-9.49896897872289,270.89066316684085,392.52961762746173,22.832208251953148,14.559136962890648,19.094354248046898,62.440741221110024,0.2587962963928779,0.0,18.192329275393757,15.208204106030555,12.05259730021163,10.953796641031943,1017.719560546875,-8.859647343556086,331.62637134393054,392.30238183339435,22.572106933593773,15.266992187500023,19.272625223795597,66.50601736704509,55.741666634877525,0.0,18.40167127297784,13.750864114915302,11.660115814209007,12.165263112386071,1016.6332161458333,-8.806236440936724,279.2272623181343,382.206494808197,22.905541992187523,14.948052978515648,19.252751922607445,64.37546300888062,28.18564799396942,0.0,20.189076186679802,15.724386018751595,11.957832590738974,11.712656911214196,1017.2631119791668,-9.451816774904728,305.25935683647793,403.0241707166036,22.601586914062523,15.170281982421898,19.339468892415386,66.132408618927,45.392129411300026,0.0,17.500476723040805,13.057390353940107,11.574873860677087,12.080593363444052,1016.578994140625,-9.103109210108718,281.4702362418175,405.2146889368693,22.805230712890648,14.856561279296898,19.23225301106773,65.71250089009602,38.384258857462555,0.0,19.26210417733204,14.90892087220764,11.812454477946005,11.997209167480491,1017.0804654947917,-9.206955023730794,281.9422279397647,407.5377674102783
2021-07-06,23.541833496093773,17.147241210937523,19.96211140950523,71.57685136795044,99.27546342213948,4.548611055593938,16.952430196759334,11.79993851164467,12.660709635416708,14.311399078369163,1014.7183268229168,-8.645361182590326,204.7349667151769,304.55334520339966,23.056970214843773,16.958367919921898,19.633714294433616,74.86944500605266,97.75277773539226,10.736111205536872,19.70197067450027,14.345205247155524,12.401432291666708,14.710497792561853,1014.57748046875,-7.593701339326799,180.06209130585194,336.0148588816325,23.463098144531273,17.628930664062523,19.745299275716167,72.66250069936116,99.20185216267903,10.020833157934248,15.693681543692824,11.647483275942129,12.526645914713583,14.297891235351585,1014.7533821614583,-7.7500475868582726,203.8593193590641,290.6493860880534,22.915673828125023,17.548181152343773,19.967232004801456,69.53796307245891,98.45833333333333,0.2986111147329211,15.342111501101185,11.543994602193322,12.545780436197958,13.916694895426474,1015.69267578125,-9.658856930832068,197.36353341738382,275.3118109703064,23.086907958984398,16.836297607421898,19.735859171549503,70.24768511454265,98.60324160257976,1.3263888889923692,14.922675844970103,12.091067374345437,12.289572652180993,13.854643758138025,1014.6310579427083,-7.501807605226834,198.00266468524933,290.35738611221313,23.358666992187523,17.517175292968773,20.27289225260419,69.2870381673177,99.00740718841553,0.5208333432674408,14.041275780525082,11.49888801936838,12.65994796752932,14.146745300292991,1015.22775390625,-10.686415235201517,202.7832376708587,298.5661819775899,23.023706054687523,17.128961181640648,19.90386606852216,70.55833339691162,98.37546284993489,2.7500000530853868,15.081631554964174,12.072463285113939,12.502378082275413,14.0577217102051,1014.3499576822917,-7.686693698167801,195.9802903532982,299.4941414197286,23.313989257812523,17.731591796875023,19.940962727864605,70.84398063023885,98.83518536885579,2.173611082136631,15.512658459463074,11.278183611413056,12.68991622924807,14.176388041178427,1015.3621061197917,-9.021503068506718,171.79479848345122,264.320520401001
2021-07-07,24.249902343750023,16.591760253906273,20.37361933390302,76.67870394388835,73.79398162166278,54.39583134651184,11.336788681387128,8.469720236283091,13.12852503458663,15.353416697184286,1017.889462890625,-9.626679132382074,285.0917765895526,352.1860604286194,24.029809570312523,16.925897216796898,20.449670410156273,79.51203632354736,75.0018519560496,63.520835161209106,12.607118028674797,9.824128231017916,12.932283020019554,16.181122080485068,1018.4875520833333,-10.395053294797739,280.3381106853485,387.4954186280568,24.026422119140648,16.693231201171898,20.335652923584007,78.79444535573323,80.00324161847432,138.13194131851196,11.500573752091489,8.254545195057858,13.032938893636071,15.922416941324911,1017.55435546875,-10.02864501873652,282.9890173474948,356.79806184768677,24.166711425781273,16.724633789062523,20.346016184488956,78.14722315470378,75.51157426834106,75.66666412353516,13.682061931608299,9.94377285603433,12.916544850667321,15.75543874104818,1018.4758984375,-10.041442972918352,273.64201298356056,377.9786262512207,24.405847167968773,16.829095458984398,20.47370300292971,80.05833355585735,75.02037119865417,117.13194513320923,11.693267743959618,8.1563562246366,13.0292958577474,16.384802754720056,1016.94416015625,-10.684860611955324,290.97352623939514,382.98353179295856,24.285028076171898,16.900354003906273,20.48868840535484,77.35185194015503,73.78240768114726,31.15972149372101,13.264070786230999,10.331002206410085,13.002056376139365,15.714868164062523,1018.156923828125,-10.61108129719893,282.26373631755513,396.54311116536456,24.113793945312523,16.818658447265648,20.443518575032574,79.66713031133015,70.85555442174275,72.4166669845581,11.01018953600671,8.536967505862668,13.007834370930993,16.239007568359398,1016.931455078125,-10.422463948527971,298.48745689789456,384.35395193099976,24.258508300781273,16.593164062500023,20.435366566975933,76.74814812342326,76.16527845462163,50.041664361953735,11.475589804694486,8.657373046442489,13.108850097656273,15.46274083455404,1017.8666471354168,-10.089416739841303,282.7502410213153,362.73806087176007
2021-07-08,22.768151855468773,17.971337890625023,20.30058568318687,76.08935419718425,84.11342589060466,19.79166692495346,14.666743583381493,10.209212280341587,13.062652842203818,15.596120452880882,1021.1595052083333,-8.262957863509655,244.55265100797018,337.8160231908162,23.399682617187523,17.735711669921898,20.693349456787132,76.14907328287761,65.89490628242493,55.958332777023315,14.616417509045641,10.518965397073798,13.395703887939476,16.02446645100912,1021.5344108072917,-9.845729539791742,274.6115169127782,354.3261440594991,23.599450683593773,17.941094970703148,20.773428853352886,71.60879580179851,58.19490651289622,0.5416666707023978,16.94575215538658,12.27051130787793,12.948954518636071,14.754664357503259,1020.9558984375,-10.46358863885204,302.18460876743,455.93879222869873,22.405572509765648,18.032739257812523,19.897270456949894,76.623610496521,80.40277608235677,140.01388692855835,14.520787422152829,10.466708521887371,12.99293162027999,15.422881062825525,1021.516064453125,-7.812778202816844,224.0043525894483,298.7648380597432,23.013940429687523,17.772241210937523,19.949149068196636,76.37361065546672,77.47777891159058,9.013888848014176,14.123887425373512,10.1593613130951,12.786073303222679,15.214860534667991,1020.7826236979167,-6.115016480286916,178.34653681516647,332.5562493801117,22.967126464843773,17.908868408203148,20.023926035563175,76.2458324432373,90.89398161570232,137.07638883590698,14.807992657165347,11.26346575293995,12.986601765950525,15.289947764078818,1021.3095638020833,-7.434091379245122,216.8935154179732,321.53533323605853,22.653588867187523,17.761132812500023,19.89841486612958,79.1018517812093,70.15740795930226,13.263888701796532,12.391953365917391,10.084137016438671,12.904201761881552,15.83374684651693,1020.3445442708332,-5.4500001693765325,215.24417054653168,305.318518559138,22.296990966796898,17.948632812500023,20.103501892089866,77.77499993642171,86.47870477040608,89.42361187934875,14.458159544920624,11.123918978098905,12.891914621988974,15.78150075276693,1020.8223307291668,-7.267731939287235,196.41709434986115,325.44501129786175
2021-07-09,22.445092773437523,16.116693115234398,19.318638102213566,73.58148272832234,82.57314721743266,57.50694465637207,12.478721649169813,10.735151182419571,13.019647216796898,14.019165293375693,1021.0118684895833,-5.15268940726916,224.03877328832945,265.30359236399335,21.583337402343773,16.989221191406273,19.121505991617862,88.2652775446574,97.40787061055501,104.52777791023254,12.217699763279883,7.082666650651814,13.58594411214193,17.041588083903036,1020.2515266927082,-4.052436988800764,186.0673492451509,169.83627808094025,22.663476562500023,15.519555664062523,18.786491648356144,72.50833400090535,74.29120369752248,53.50694406032562,11.977076783352022,9.383284052504356,12.68391062418624,13.276783243815146,1021.5127311197917,-3.9277825405200324,189.83272018035254,230.97945070266724,21.446099853515648,16.541833496093773,19.07479629516604,81.57870419820149,91.75463040669759,45.50000014342368,12.355305509436853,8.968687883198156,13.449283854166708,15.663204447428427,1020.7155240885418,-0.7818552354971567,164.22405255337557,151.78289477030435,23.252618408203148,15.293145751953148,19.064377085367862,64.4087963104248,75.17638945579529,4.409722194075584,14.032084296971084,9.344107295704175,12.282566324869833,11.633916473388695,1021.91853515625,-7.5796148007114725,219.9882414638996,296.4445388317108,19.835351562500023,16.809838867187523,17.86059087117515,84.5749994913737,95.48148123423259,80.84722286462784,12.140572287520882,8.4749708090237,12.939763641357445,14.995820617675804,1021.1537239583333,2.559932010869185,61.00333230694135,132.81655073165894,23.207788085937523,15.218591308593773,19.052051798502628,64.83749993642171,69.3527782758077,1.7499999850988388,12.4145163587242,9.237977505186093,12.22736765543624,11.6874824523926,1021.9427473958333,-7.128745913505554,208.42973874012628,306.9017105102539,21.794458007812523,16.072076416015648,18.751340484619163,78.54675928751628,82.37083450953166,74.70138835906982,10.818356591676473,8.979739034619032,12.91205749511721,14.589477793375693,1021.2406575520832,-4.367674517134826,191.6432395974795,207.92277145385742
2021-07-10,25.334100341796898,16.691033935546898,20.92307306925458,74.43101819356282,50.054166634877525,45.60416799224913,19.82212665311611,12.050228529248962,15.081666564941429,15.669712320963583,1017.0287630208333,-15.342745333909988,285.2659829060237,363.15745011965436,25.633203125000023,17.716668701171898,21.85395202636721,75.40092468261719,38.50925864900152,139.55555772781372,15.59014686642534,9.640902323704593,14.943818664550804,16.785307820638025,1015.853681640625,-15.29492994149526,275.9095215499401,413.66257580121356,25.677789306640648,17.144555664062523,21.304793294270855,70.85231320063274,50.55324093500773,21.784721717238426,16.984241452878795,12.291287419583677,15.21607106526693,15.147341664632165,1017.1096809895832,-13.840684620042643,290.6760878165563,407.23825788497925,26.029565429687523,17.186730957031273,21.85902303059898,72.14259258906047,33.56157470742861,80.20139002799988,14.480207506605575,9.336591388480786,14.715665435791038,15.900814310709677,1016.6090983072917,-19.028299776216347,312.0245182365179,431.8597010374069,25.622247314453148,17.661096191406273,21.57387568155927,67.60694408416748,45.84675900141398,20.29861083626747,18.76221151839549,13.343310059236046,15.426665242513025,14.683821614583337,1017.4945442708333,-16.57988332460324,302.6816982080539,426.8006378809611,25.021539306640648,17.510583496093773,20.557749684651714,77.60972166061401,79.4027779897054,44.68055576086044,15.15663912731465,10.997248485966614,14.579743957519554,16.07379811604818,1017.5261328125,-11.86321222782135,191.54313432673612,280.3628935813904,25.865197753906273,17.616693115234398,21.74299774169924,67.48657369613647,53.05648140112559,22.645832982379943,14.331271328026492,11.94655220151653,15.600302632649743,14.81918614705404,1017.1490852864583,-16.696584969758987,278.0209159751733,435.9105453491211,25.662408447265648,17.267388916015648,21.11828257242841,74.2476863861084,59.72500069936117,40.277777314186096,14.68046843608043,11.265910584305852,14.990506744384788,15.73817087809249,1017.2486197916667,-17.10986314713955,282.4584280848503,395.62357743581134
2021-07-11,21.814691162109398,16.811608886718773,20.097316996256534,74.38935120900472,16.114351625243824,50.59722375869751,22.875598916020174,17.102216710668756,13.748301442464196,15.061613972981775,1016.789794921875,-5.65200678408534,314.71016705036163,486.2025229136149,21.472436523437523,16.811120605468773,19.831787363688175,76.32916768391927,21.999537110328674,57.61111092567444,22.703245408989833,15.854895283679483,13.071473693847679,15.217632548014365,1016.40751953125,-6.651620959242185,303.90150424838066,475.21936225891113,21.808801269531273,16.861108398437523,20.124551391601585,74.2513877550761,16.52037022355944,16.409722566604614,23.048251932277502,16.707833853599265,13.630368804931663,15.04569778442385,1017.0651171875,-5.780623473847906,318.08751995364827,477.23847818374634,22.527520751953148,16.932916259765648,19.97208938598635,74.04398075739543,16.25694407025973,26.645833134651184,22.160706752241822,15.599604423345804,12.816461181640648,14.747782643636071,1017.2359407552083,-4.78786297639211,317.66245594620705,504.0593903064728,22.204309082031273,16.935266113281273,20.252993520100933,73.82777674992879,9.334259753425917,0.0,21.448028670004298,15.559342335929033,13.682308451334677,15.055894470214866,1016.892998046875,-6.140853966275851,318.47212760647136,465.7679991722107,22.677392578125023,16.877435302734398,20.480781809488956,73.86713012059529,31.20324074352781,23.97916704416275,21.542113435331792,14.907445157947373,12.789060211181663,15.267559305826865,1016.7396744791668,-7.009815791311364,310.74258155624074,496.92532539367676,22.091516113281273,16.826684570312523,20.290518697102886,73.48888858159383,16.160648229531944,0.0,22.87221900991004,15.416225541926835,13.720811462402366,15.017994181315146,1017.02984375,-6.458994567394257,318.40746306379634,457.40062316258746,21.742456054687523,16.848840332031273,19.88126398722333,74.93148072560628,21.10648177812497,27.43055510520935,22.924041053463014,16.530675051521403,12.83655700683596,14.97754821777346,1016.9286979166667,-4.486385862032573,302.52519936362904,524.1621208190918
2021-07-12,24.109735107421898,14.550042724609398,19.83579025268557,69.46620337168376,50.21712859471639,2.0000000596046448,11.929186518468088,8.508416670982344,12.737928009033226,13.32463099161788,1019.8959830729167,-5.730877677599589,313.8238310118516,395.64198724428815,23.946069335937523,15.224542236328148,19.780613199869816,72.69351959228516,51.72963043053945,50.83333396911621,10.694352224736154,8.749121021148797,12.371757761637411,14.040976460774743,1019.3963997395833,-6.191354930400848,311.32846843202907,416.8757406870524,24.020532226562523,14.644219970703148,19.782632446289085,69.4819442431132,47.249074240525566,0.1666666679084301,12.328964474238292,9.261423860635805,12.58222096761068,13.23591003417971,1019.9907063802083,-6.004159907499949,317.1310747365157,413.623380502065,23.850030517578148,14.996362304687523,19.658195749918644,70.91898075739543,37.80277734994888,16.5,10.76522499191936,8.588795824644398,12.441058095296228,13.41965255737307,1019.754619140625,-5.855425477027893,318.12827852368355,392.81513261795044,23.935327148437523,14.669824218750023,19.696499125162784,69.64027881622314,38.67685194810232,0.0,12.729722709126651,9.756860289480542,12.547888692220056,13.141922251383505,1020.1593880208333,-5.714161694049835,317.3889985183875,416.2497574488322,23.972253417968773,15.017449951171898,19.792239125569683,69.86388826370239,50.62592589855194,0.0,11.304034156822063,8.854139797779835,12.534200286865257,13.299241638183616,1019.9195865885417,-6.08994796872139,315.1050177315871,396.81706134478253,23.867639160156273,14.914270019531273,19.777956899007183,70.59305604298909,39.69259195712706,0.0,13.207945523685922,9.995546415168278,12.682466125488304,13.43306376139327,1020.032080078125,-5.87373423576355,317.3891473412514,415.68900831540424,24.005944824218773,14.805047607421898,19.75240351359052,69.72870508829753,50.223148822784424,0.0,10.948025790880653,8.822085994487969,12.517957305908226,13.254877980550134,1020.2480696614583,-5.955746491750081,316.33466774225235,399.01757049560547
2021-07-13,24.720117187500023,16.693963623046898,21.09023818969729,64.85694440205891,57.22453693548838,0.5555555638857186,12.144656363292588,6.399883562970753,14.339170074462913,13.721429443359398,1018.2128938802083,-10.817692264914513,297.3441150387128,298.83319664001465,24.996972656250023,16.680444335937523,21.485951995849632,63.2421293258667,46.94907442728678,2.0000000596046448,8.976371805483305,5.985699841507906,14.337293243408226,13.686282094319665,1017.9408821614583,-11.495530174424252,280.96290751298267,287.48984102408093,24.812341308593773,16.920617675781273,21.254453277587913,64.10185194015503,46.83750021457672,0.0347222238779068,11.30014920283045,6.7923715053765505,14.302238718668661,13.673259989420615,1018.21978515625,-12.145142101993164,307.20777356624603,314.5623055299123,25.281701660156273,16.509179687500023,21.3003974914551,63.15370273590088,45.069907208283745,0.1666666679084301,10.15965352864748,6.696814574822518,14.311659749348962,13.46353683471682,1018.2840950520833,-12.272729714711508,306.691703081131,337.44120101133984,24.934747314453148,16.521875000000023,21.086743927001976,66.40324036280315,50.76759258906046,0.5138888922519982,12.129899914184135,6.786289151423546,14.256838734944665,14.046216583251976,1018.229072265625,-11.638849760095278,304.93857375780743,314.0430044730504,25.079003906250023,16.604699707031273,21.167207336425804,64.54305601119995,60.09490784009298,0.0,10.325313011719459,6.501902882977528,14.241480763753259,13.716013844807946,1018.5749088541667,-11.762746139119068,296.60591654976207,321.8264336983363,25.168786621093773,16.626611328125023,21.15762100219729,66.61574061711629,56.61666659514109,0.2569444449618459,11.336108374231603,6.127839221358081,14.213525390625023,14.106851196289085,1018.3073372395833,-12.16582719484965,304.6834993759791,334.45670839150745,24.845941162109398,17.066369628906273,21.332676188151066,63.70509338378906,57.474536806344986,3.7013889234513044,11.62436620983837,6.417108657169073,14.341279602050804,13.655629730224632,1018.3057942708333,-12.204967513059577,304.64257935682934,312.6011201540629
2021-07-14,25.186120605468773,18.161950683593773,21.719856516520206,71.33842579523723,65.6472220023473,0.3750000046566129,12.467936227474713,7.389510718165053,15.192427571614587,15.672110493977868,1015.33498046875,-11.579477493961653,283.30950124065083,339.153844555219,25.403802490234398,17.862481689453148,21.935932413737003,69.83703645070393,19.843055615822475,3.1388889625668526,10.152872887837672,6.708152326633422,15.307609812418661,15.54926706949874,1016.1398014322917,-11.822422402600447,306.54407681524754,339.8086686531703,25.310357666015648,18.024346923828148,21.75927251180015,70.13194386164348,80.48379611968994,0.20138889737427235,12.366816701251713,6.852359463688793,15.14568990071615,15.42612228393557,1015.171064453125,-10.34759091027081,277.926945288976,327.97602729002637,25.151635742187523,18.074822998046898,21.73166681925458,71.48425928751628,24.02268464366595,1.5555555820465088,11.237901413558964,8.416090414511023,15.41060282389327,15.802893575032556,1015.68607421875,-11.668952718377113,301.0394267340501,334.65296117464703,25.440393066406273,17.761071777343773,21.667429860432964,70.05046351750691,70.7328711549441,14.756944358348846,11.339267291058508,6.757249422571506,15.234432474772177,15.21131286621096,1014.7279264322917,-10.125621703763803,270.8161089817683,324.75272778669995,24.720971679687523,18.091516113281273,21.551146443684917,74.13379573822021,54.0768518447876,7.124999761581421,12.426807469701357,9.159586845473937,15.28433761596682,16.273496246337913,1015.2926302083333,-11.093049409954498,292.12491542100906,323.8036185503006,26.005578613281273,18.061059570312523,21.95300954182945,65.58240572611491,79.03981494903564,3.2013889849185944,12.539237518022466,6.286252763374698,15.215984598795615,14.476323699951195,1015.1191861979167,-10.68303921725601,271.0849311153094,326.7229476769765,25.227532958984398,17.872247314453148,21.586231486002628,74.04074096679688,39.97037021319071,3.3333333879709244,10.792156787634044,6.7620790681045575,14.989520009358728,16.150114949544275,1015.4966178385417,-11.119674646606049,296.81147858997184,343.67273926734924
2021-07-15,26.005517578125023,18.368218994140648,22.59472173055015,66.81759150822957,48.508333042263985,0.0,12.107720215729449,7.246531678760776,15.995064036051474,15.390527343750023,1012.189580078125,-9.8330321063598,260.08687538901967,348.54370534420013,26.376397705078148,18.102044677734398,22.88344599405927,71.46666717529297,32.19212963183721,2.4999999403953552,16.248903950125026,8.46064321946904,16.08470179239913,16.62822748819991,1012.3920638020833,-13.243803002561132,302.4619259983301,430.1624862353007,26.364404296875023,18.395959472656273,22.841029103597027,64.36296351750691,35.195832937955856,0.0,14.49976109703172,7.990602064645144,16.065209960937523,15.000110880533896,1012.0050423177083,-10.800373382866383,290.39482577641803,395.17403777440387,26.888513183593773,18.152062988281273,23.069532012939476,69.08703740437825,43.823610623677574,0.9513889215886593,18.447761767927034,9.218491352324085,16.090932464599632,16.126934305826865,1011.9410546875,-12.638812739712497,293.11536264419556,480.975213766098,26.440270996093773,18.178002929687523,22.734585062662784,66.30185143152873,37.42361136277517,0.3333333358168602,17.15977968088005,8.584552095212237,15.939900970459007,15.381885782877646,1011.7109700520833,-10.86761528501908,298.1255532205105,436.7419404586156,26.316308593750023,18.025048828125023,22.722380574544292,69.09305651982625,23.597684651613235,15.0,17.66367937202103,8.990971228907362,16.159254964192712,15.960466003417991,1011.5474186197918,-11.77709423750639,306.54562993347645,433.6495784521103,26.219964599609398,18.476800537109398,22.694465891520206,68.38333336512248,51.39907451470693,1.5694444719702005,17.139416619728497,8.687061580413861,15.939881896972679,15.945742543538415,1011.7750455729167,-10.129279166460037,269.6388010531664,408.7767080068588,26.525170898437523,18.152612304687523,22.721342976888042,66.4699076016744,45.0740749835968,3.4375000298023224,12.921040358724227,6.983415564268938,16.090828196207724,15.378107961018884,1012.246474609375,-10.8736323316892,290.13085254033405,374.40668416023254
2021-07-16,26.271875000000023,18.130395507812523,22.363395945231144,64.04722293217976,14.033796481788158,5.333333373069763,13.914808073095653,10.573787943465602,14.345794932047568,14.213030751546228,1014.74017578125,-6.577756901582082,305.8381068309148,524.557648340861,26.926385498046898,18.336328125000023,22.89279963175458,60.988889376322426,6.53148132065932,0.0,13.028472051219921,10.301816917645445,15.145653025309286,14.176174418131552,1014.6213346354167,-7.726163019736608,310.20170587301254,495.6000552177429,26.159692382812523,18.279382324218773,22.26167195638023,64.65231529871623,9.204166702926159,0.0,12.620560129151823,9.818314079042725,14.313246663411462,14.280314381917321,1014.60916015625,-6.608871638774872,306.0433623095353,506.78106530507404,26.707910156250023,18.416925048828148,22.657268778483097,63.77083317438761,38.44953713566065,0.0,12.362061519985765,9.932907222415698,14.923928833007835,14.765774027506552,1014.606806640625,-7.130620986223221,302.73835088312626,457.69711716969806,26.152398681640648,18.582788085937523,22.102475738525413,63.681944052378334,21.635185072819393,0.2291666683740914,14.074379543864152,10.47539864857503,13.913929239908896,13.897721862792991,1014.3847135416668,-6.2270317276318865,257.7694477289915,505.8567593892415,26.675073242187523,18.132928466796898,22.58180135091148,65.29259220759074,11.749074319377542,0.3333333358168602,12.35916949315079,9.400327647336107,14.726708984375023,14.948381042480491,1014.2026009114583,-7.458760490020116,304.7708651671807,498.9731683731079,26.008966064453148,18.499291992187523,22.050611114501976,63.976388454437256,26.61064877609412,0.0,13.701675676644216,10.625819183258136,13.94289042154952,13.963156636555993,1014.0234928385418,-5.166300942500432,255.0415633370479,498.49563948313397,26.292138671875023,18.162835693359398,22.33979949951174,66.02037080128987,9.843518493076166,2.333333373069763,12.727189331998604,9.634064725117932,14.379472351074241,14.695954895019554,1014.768828125,-6.920992573102315,300.8301864564419,492.13047281901044
2021-07-17,23.610437011718773,14.141503906250023,19.323515828450542,51.997684955596924,0.0,0.0,14.707034310630661,10.643555456937388,12.4637275695801,8.399831390380882,1014.8591666666667,-0.815498153368632,323.7050679922104,393.2451472679774,24.085443115234398,14.582788085937523,19.805591837565128,53.16851854324341,2.63750000220413,7.083333402872086,12.187961506365617,9.168861683796434,13.859302775065146,9.243899281819665,1014.6944791666667,-2.7147238651911416,315.44460495313007,329.1648971239726,23.466424560546898,13.962579345703148,19.113806660970074,51.61064863204956,0.09166666803260644,0.0,14.79533588933456,10.569827506859921,12.291810607910179,8.18229700724288,1015.251015625,-0.3389764626820882,322.69022081792355,398.449055035909,23.811639404296898,14.170922851562523,19.782632446289085,51.815276781717934,10.036111167321602,0.0,12.685432359536852,9.634214140168543,13.972987111409509,8.835415140787802,1014.442919921875,-2.947965065638224,317.2605310430129,332.2451351483663,23.765649414062523,14.211419677734398,19.29970448811851,52.685648600260414,0.061111111814777054,0.0,15.91342723100153,10.420213207662941,11.993999735514365,8.764956410725915,1015.1479720052083,-1.1541605790456135,320.777820656697,417.0533942778905,23.009423828125023,13.939538574218773,19.0652163187663,52.58842531840006,0.0,0.3333333358168602,12.844761920425425,9.976920406968082,13.327775573730491,8.377455647786462,1014.44822265625,-1.0630816618601482,323.7076694567998,371.668918689092,23.716668701171898,14.461419677734398,19.453950500488304,53.76388883590698,0.09166666337599357,0.0,16.16497822530355,11.28968956281719,12.153352355957054,9.170046742757165,1014.8821712239583,-1.5008727312088013,321.152809749047,435.1445275147756,23.299829101562523,14.083337402343773,19.150242106119816,53.019444624582924,0.0,0.0,14.577325609798173,10.806866822486418,12.452063496907556,8.524957275390648,1014.5369010416667,-0.9378268321355184,323.5734216769536,396.69300238291424
2021-07-18,23.441918945312523,14.625024414062523,19.3135073343913,60.71666701634725,11.322222232818604,3.798611156642437,24.12038273814087,16.638540841553617,12.286173756917321,11.153167978922568,1005.6689127604167,-2.2277424732844033,290.82642546792823,529.4110366503397,23.576379394531273,15.176538085937523,19.669656372070335,58.55509344736735,7.922685295343399,1.1597222248092294,24.52440242120567,13.327377734783278,12.738478597005212,10.848256683349632,1004.8359505208333,-3.934773802757263,307.6630527426799,501.11098380883533,23.779412841796898,14.677270507812523,19.295298512776714,61.61944468816122,7.384722212950389,2.2500000707805157,24.330069503009426,18.483238895248714,11.955852762858115,11.167048390706384,1005.8307259114583,-2.0130691528320312,304.1025175352891,629.1730360984802,23.742456054687523,15.090478515625023,19.497239685058616,57.280555407206215,5.804166600108147,0.21527778171002865,25.686293444934865,15.079984000898492,12.749407704671228,10.357769266764365,1005.2908268229168,-4.035927255948384,310.1123890628417,533.3444605668386,23.996331787109398,14.814172363281273,19.44620285034182,63.05509201685587,6.530555551250775,0.1666666711680591,24.81557503326604,18.386606010422362,11.932019805908226,11.630342102050804,1005.89734375,-2.722295125325521,303.25499244530994,653.6671163241068,23.631646728515648,15.022241210937523,19.45357538859052,56.89629650115967,4.493981542686622,0.0,24.926042668156303,15.681600318203529,12.579447682698571,10.250361378987634,1005.4435807291667,-3.6075607538223267,312.95185001194477,528.2390541235605,24.084771728515648,15.038598632812523,19.598168945312523,63.656481901804604,12.194907364745935,0.11805555643513799,24.404562453223573,18.535704934590886,12.079984283447288,11.865918731689476,1005.995302734375,-2.655255397160848,289.6797149926424,658.5857017834982,23.753900146484398,14.673577880859398,19.377197519938175,59.76574103037516,14.74120425681273,0.5625000041909516,24.484542782693904,16.58889800892837,12.57423044840499,10.933644866943382,1005.5345540364583,-2.8146349589029946,292.9382285028696,533.5730801423391
2021-07-19,21.144433593750023,11.927728271484398,16.9031438191732,56.868055979410805,22.269907265901566,0.3333333358168602,22.17156858763462,18.440360672416716,5.763384755452478,7.651006317138695,1008.94267578125,2.5152534445126853,317.2065047000845,980.6067237854004,20.585504150390648,12.130456542968773,16.82474543253583,58.70277706782023,47.86157432322701,9.333333492279053,21.506110795076523,15.844199583754412,6.263860321044945,8.109858449300134,1008.3507975260417,1.9362732569376628,258.43967848519486,892.0289433797201,21.151208496093773,12.084252929687523,16.939717864990257,57.05277760823568,16.708333790302277,0.0,23.20239483982836,18.20964706309821,5.815304056803427,7.741980489095056,1009.1696516927083,2.3049976428349814,317.4663218036294,977.5670318603516,20.729547119140648,11.815972900390648,16.905472056070987,58.1171293258667,12.45462965965271,4.833333492279053,20.818629958994446,17.46908186242005,6.329555765787802,7.937365468343103,1008.982861328125,1.0178546508153279,315.99720188975334,932.4042065938314,20.747186279296898,12.338891601562523,16.80063908894859,56.95046313603719,24.80231547751464,0.1666666679084301,21.934249666404583,18.951502452930907,5.465090688069665,7.6905927022298215,1009.0866373697917,2.765881359577179,317.3095331614216,1019.3408571879069,20.949975585937523,12.167596435546898,17.00097808837893,56.94074106216431,11.21851845861723,0.5000000149011612,22.226745316907053,18.335085818570587,6.177265421549521,7.7286544799804915,1008.4862760416668,1.256600519021352,314.41701580087346,970.463508605957,20.251214599609398,12.159844970703148,16.50961074829104,57.82361110051473,17.924536949023604,0.0,20.97185589192015,18.073038697422493,5.348559315999353,7.724317169189476,1009.613486328125,3.7537278632322946,316.17504134277505,954.0567995707194,21.246606445312523,11.872216796875023,17.07771962483726,57.10555489857992,16.11249978343646,0.3333333358168602,21.168680123689363,17.568981048266753,6.36419576009115,7.8011400858561615,1008.6015234375,1.3191304206848145,316.1715995098154,960.3315124511719
2021-07-20,19.583032226562523,12.111596679687523,16.019138590494816,64.32314920425415,77.37129531304042,21.118055569007993,27.112150335476777,19.505454167468532,5.718115743001306,9.063125864664755,1008.975625,1.786596159140269,221.37472822517157,887.4385452270508,20.622827148437523,11.461755371093773,16.19387079874677,66.47407341003418,79.12823963165283,12.916666665114462,31.911306941636433,19.735510731305386,6.419468180338583,9.649461364746116,1008.0060774739583,2.27643966426452,194.9402784804503,826.5616048177084,20.827752685546898,12.122125244140648,16.053032175699894,64.8990740776062,81.00370319684346,18.902777835726738,30.872154669138457,19.16556364865406,5.971348063151083,9.176076507568382,1008.7046875,1.9113609865307808,223.02735151102146,854.6025784810384,20.511773681640648,11.599023437500023,16.026226298014347,65.91620477040608,76.7333338658015,10.229166956618428,30.472779666684552,19.221080509368804,6.478468831380212,9.333744303385458,1007.6247688802083,2.251491516828537,192.22370376437902,806.4618295033773,19.972192382812523,11.801416015625023,16.210570271809917,63.21620305379232,78.36203780025244,10.61111107468605,28.24887123456117,19.041175599234226,5.845179494222009,8.883294677734398,1008.708134765625,2.2060608888665834,216.16163193186125,897.692325592041,20.892510986328148,12.331781005859398,16.16516265869143,64.79907337824504,86.00925890604655,11.56944452226162,29.104002261780455,18.992146554640087,6.200322723388695,9.316514587402366,1008.30951171875,2.1238862772782645,189.31666414936385,852.8078918457031,20.084100341796898,11.832940673828148,16.150633748372417,62.660185972849526,75.97083263595898,6.708333286456764,28.426061929515047,17.86040043114833,5.440504964192712,8.713652547200525,1008.7488444010418,2.0051340063412986,211.84290936837593,898.1631787618002,20.910791015625023,11.603204345703148,16.19718195597333,64.28518533706665,78.66203729311626,13.562499821186066,29.154409518252216,19.140585340651825,5.9231798807780365,9.152096048990927,1008.599267578125,1.0232240955034893,205.49468746532997,863.0673853556315
2021-07-21,20.376885986328148,10.286920166015648,15.901207224528017,50.567593256632485,6.589351896196604,39.666666984558105,22.48469289191265,17.419158733488384,4.14963048299154,4.997837320963583,1012.5002180989583,-2.0258908569812775,316.26762950917083,1059.1994603474934,20.494470214843773,11.540307617187523,16.23205973307294,49.31851879755656,24.737962524096172,45.0,20.466087443641143,15.49466054013581,3.9098996480306027,5.07303390502932,1012.9496354166668,-3.71270452439785,305.30725883319974,1004.312998453776,20.551995849609398,10.319085693359398,15.887836710612001,51.233795960744224,9.917592828472456,30.500000953674316,23.99711011913158,17.712874547842873,4.1016466776530365,5.191114044189476,1012.3467317708332,-2.3356860876083374,315.12653362254304,1068.2740732828777,20.284570312500023,9.408715820312523,15.66614685058596,50.746296882629395,10.054166634877523,43.16666793823242,20.954090020398365,15.453019937104258,3.839612579345726,4.812805430094443,1012.676962890625,-1.582926442225774,315.8232460146149,1012.8889319101969,20.587243652343773,10.138909912109398,15.848961130778017,52.28148078918457,8.683333131795129,46.5,23.162992893511934,17.07703837220141,4.24079538981124,5.426379140218103,1012.231650390625,-2.755350887775421,315.4083917240302,1032.2238667805989,20.158715820312523,9.965203857421898,15.752044932047548,50.40833314259847,9.138425767421722,27.833333015441895,21.86977543419615,16.337507954466428,3.9959833780924896,4.76651535034182,1012.579736328125,-1.5324863841136296,316.7880272641778,1019.8899052937826,20.545373535156273,10.371392822265648,15.912530517578148,53.068056424458824,11.115277943511805,0.5000000149011612,22.80001783555288,17.102020312090684,4.319946543375693,5.727604166666708,1012.0683430989583,-2.801951458056768,311.3236913879712,1022.0313847859701,20.205560302734398,10.158837890625023,15.832192993164085,51.33101797103882,6.980092629790306,23.666666507720947,20.37619772326072,16.165681566440433,4.170808410644554,5.054596201578818,1012.679853515625,-2.1266109397013984,316.19429027537507,1019.5651601155599
2021-07-22,22.865563964843773,11.890771484375023,17.77662811279299,58.12083260218302,57.30277738471826,0.0,30.118520834622586,22.966835151468796,7.429925537109398,8.865249888102255,1011.2837239583333,-7.397078320384026,267.5297701979677,961.6545295715332,22.605554199218773,11.725885009765648,17.691520945231144,56.788888454437256,45.424073457717896,39.840277433395386,29.018042383156008,22.251717162540015,7.257766977946005,8.430242156982445,1011.5499772135418,-6.423570806781451,289.79113303124905,902.606081644694,22.663537597656273,11.927301025390648,17.710474904378277,57.3129628499349,51.5462958017985,0.8263888899236917,30.191299522970425,23.032735028816276,7.238264973958337,8.612138366699241,1011.2877278645833,-6.442196307082971,292.7122897307078,956.2553647359213,22.794458007812523,12.092370605468773,17.850203450520855,57.243518034617104,42.262963016827904,30.79861092567444,28.9997156822681,22.1465585432634,7.281865692138695,8.731397247314476,1011.8104947916668,-7.315714614465833,288.84253557771444,890.5306269327799,22.523461914062523,11.440606689453148,17.60656890869143,56.98750114440918,74.30370434125264,0.0,30.53729557039603,22.912259780823934,7.193720753987634,8.488224283854208,1011.2768424479167,-6.395327240228653,276.57203892370063,963.27361424764,22.741815185546898,12.097558593750023,17.820500946044945,57.263888359069824,54.13564805189768,46.590277433395386,28.388699895528106,21.971570707304362,7.400183614095056,8.72724558512374,1011.6992740885418,-7.36443558583657,258.8992933854461,946.2683016459147,22.410882568359398,11.303002929687523,17.41951649983726,56.99953683217367,75.81018477678299,0.0,29.92483059322728,23.003613613997363,7.176649983723962,8.34797312418624,1011.5637532552083,-6.060742471367121,273.28094002604485,989.5285555521647,22.861108398437523,12.172296142578148,17.729824320475284,57.855093002319336,59.6898138821125,0.7569444663822651,30.105984072983688,22.78457935799132,7.332350667317712,8.76425450642904,1011.3978743489583,-7.437665561834971,265.410069540143,976.0920740763346
2021-07-23,21.247583007812523,12.686730957031273,17.13749974568687,58.34537156422933,70.90555568536122,0.10416666883975267,20.275714560569867,14.420106719969775,6.158174133300804,8.222996012369833,1010.2352701822917,-4.700010826190312,232.44450523952642,882.121721903483,20.650964355468773,12.013696289062523,16.816579437255882,60.80231602986654,70.05925957361858,0.20138889783993363,21.760945218021835,12.297980250546976,6.353982543945335,8.648515319824241,1010.9201302083333,-3.3234955072402954,240.7682580674688,744.5180969238281,21.565667724609398,12.607476806640648,17.28206659952802,57.43379561106364,57.7379621664683,0.0,20.4349443838416,15.163046079414897,6.444638824462913,7.995473480224632,1010.4290266927082,-5.614984194437663,275.23572344829637,919.1022052764893,20.177331542968773,11.621850585937523,16.615743255615257,62.38009389241537,60.4254637559255,2.034722216427326,19.839143659271446,12.217345617585812,6.35452804565432,8.905772145589196,1011.2573502604167,-2.537206361691157,207.16798223555088,670.2489601771036,21.644647216796898,12.858697509765648,17.143852488199894,58.12175989151001,69.23194479942322,0.0,21.241761596822222,15.236074365692055,6.390105183919275,8.13971862792971,1010.46638671875,-4.926975985368093,267.2029633112252,875.2858276367188,21.183343505859398,11.885461425781273,17.032032267252628,57.04536962509155,71.5694448153178,0.06944444496184587,20.606241365186857,14.096716173452998,6.153256988525413,7.759180959065759,1010.8292447916667,-4.384276320536931,254.80039326970777,875.5241947174072,21.437890625000023,12.494317626953148,17.041750844319683,59.09027703603109,59.031018336613975,0.0,19.157862105128007,13.927838215014814,6.493915812174521,8.238079325358115,1010.5815690104167,-4.610336343447368,279.3323599944512,853.8595778147379,21.363793945312523,12.486291503906273,17.314768727620464,57.79305521647135,68.72638885180156,0.0,21.494629240151756,13.690018313684405,6.3821947733561615,8.163187917073571,1010.4611653645833,-5.2721017847458524,254.76954995592436,883.6451727549235
2021-07-24,20.305505371093773,11.508233642578148,16.8429631551107,52.271759351094566,14.90138854086399,0.0,17.27118393136667,11.590070338756684,6.2474291483561615,6.552381134033226,1016.2922102864583,-4.791567360361417,302.70853564019006,583.8483180999756,20.422570800781273,10.855065917968773,16.566045379638695,54.24953651428223,21.151852228989203,0.5000000149011612,18.37784175736376,11.063578880433523,5.999121602376306,6.744074757893884,1016.5330143229168,-4.717527866363525,303.6358194258064,587.4296353658041,20.361108398437523,11.535516357421898,16.872280375162784,53.89398177464803,18.507869963844616,0.0,16.875055596089133,11.135666360790315,6.51368357340499,7.021126047770224,1015.8997981770833,-4.5664408554633455,291.61712978531915,557.1561940511068,20.464135742187523,11.369409179687523,16.86795578002932,53.07592535018921,24.17916735013326,0.0,18.451277471305822,12.470962775868164,6.392708079020224,6.767315165201865,1016.1480826822917,-4.7939921741684275,301.0693541057408,602.683069229126,20.505120849609398,11.771539306640648,17.10579706827802,54.475462118784584,34.60462967058023,0.0,18.623306717964706,11.20838920536483,6.387442525227868,7.384268697102868,1015.6939420572917,-5.743430982033412,284.4261688813567,579.2725528081259,20.482446289062523,11.163629150390648,16.711221313476585,53.9490753809611,17.95601840565602,0.0,17.522954794184837,11.108577507561236,6.225980377197288,6.858565266927087,1016.6893782552083,-4.866807612280051,303.533852327615,568.7384894688925,20.639306640625023,11.230554199218773,16.790485636393253,55.596759955088295,25.825000612065196,0.0,19.190391092541365,11.719581757453296,6.346980031331384,7.316640472412132,1015.596181640625,-5.555353047947089,294.3691368127863,596.9940633773804,20.572991943359398,11.650720214843773,16.848154958089214,54.66620381673177,14.58935212281843,0.0,16.226342851783453,10.941318150167879,6.356342569987021,7.146417236328148,1016.5591276041667,-5.011556143561999,303.15154986456037,560.7464898427328
2021-07-25,23.287774658203148,13.151544189453148,18.74991633097333,62.13148212432861,25.573148131370544,0.0,14.749126851627052,9.639631710854186,9.971000925699911,10.68812204996749,1017.830693359375,-10.269462207642695,282.19576108269393,433.2859179178874,22.966088867187523,12.927392578125023,18.492981211344425,60.97037124633789,12.784722278515497,0.0,13.087764843134325,9.07635588438041,9.72957255045577,10.244490559895837,1019.19984375,-8.113682061433792,300.22068973941106,450.1893089612325,23.155023193359398,13.053247070312523,18.683580017089866,60.13425842920939,27.719444076220196,0.0,15.63676335553223,9.710988197877283,9.866941070556663,10.217014567057333,1017.8279134114583,-10.229509681463242,275.3249532164385,430.52952512105304,22.641534423828148,13.400109863281273,18.57730890909833,66.57824055353801,13.741203797360262,0.0,13.209077817025538,9.827972631835081,9.894484456380212,11.712988789876306,1018.5370442708332,-8.655091981093088,298.8483317475766,467.14031473795575,23.143853759765648,13.031243896484398,18.700938161214214,61.565277417500816,34.95509294668833,0.0,16.34274774928105,11.666643242895953,10.178528086344443,10.65546824137374,1017.7155208333332,-10.01161672671636,253.84349909238517,432.05943393707275,22.901879882812523,13.343621826171898,18.666380818684917,67.87962929407756,19.01111115018527,0.0,13.886652805698521,10.291814045958056,10.045325215657556,12.015388743082724,1018.4201399739583,-8.91142630080382,280.0634395728509,441.5954586664836,23.143853759765648,13.172204589843773,18.721384938557964,61.776389280954994,47.88888875643412,0.0,15.612226486810028,11.337745097930346,10.370768483479821,10.782135264078818,1017.7019694010418,-8.479003926118216,215.84449533435205,399.9705696105957,23.071282958984398,12.897729492187523,18.449634806315128,65.3555555343628,19.973148147265118,0.0,13.396908451429223,9.202130072618443,9.822546895345056,11.188792165120446,1018.484345703125,-9.620035171508789,290.47802150063217,440.66202147801715
2021-07-26,25.707971191406273,16.990045166015648,21.611636098225933,57.91574080785116,31.423610627651215,0.0,11.239107546202781,7.796794161523913,12.240266418457054,12.306504821777366,1019.9132454427083,-14.937108501791954,294.1214784568486,435.212144056956,25.149468994140648,15.978479003906273,21.035642242431663,59.50694433848063,11.833333437641462,0.0,11.040299923287353,7.392818386880755,12.216739908854208,12.168871815999353,1020.1987662760417,-12.00168864428997,297.3603307856247,397.45886504650116,25.571893310546898,17.057153320312523,21.71467488606773,58.14444478352865,35.7319450378418,0.0,12.996863561206213,7.777358043440763,12.203955586751306,12.48933054606124,1019.8219368489583,-14.383435110251108,276.0477992912444,450.1672206719716,25.452294921875023,15.955438232421898,21.214299774169945,58.545369466145836,20.642593065897625,0.0,11.492488941977312,7.369781220339366,12.139892832438193,12.137525177001976,1020.189873046875,-13.082550216466188,291.3058533264945,433.36156098047894,25.621270751953148,18.073999023437523,21.914163208007835,57.507406075795494,48.80694389343262,0.0,12.921912801607503,8.20407007835039,12.11844406127932,12.551230367024743,1019.7704817708333,-14.20898781119225,275.6523765705836,455.7623491684596,25.726068115234398,16.021051025390648,21.258350626627628,58.64213148752848,14.068981021642685,0.0,11.788756189534176,7.7212878977727355,12.297289784749353,12.088967895507835,1020.3572786458333,-14.30326884239912,297.68171816691756,453.44652883211774,25.418695068359398,16.435540771484398,21.36375706990562,58.074073791503906,28.14212926228841,0.0,12.877830191497974,8.07074593635271,12.089709218343103,12.100564575195335,1019.4876888020833,-12.682866433635354,292.05061097769067,456.7963930765788,25.672235107421898,15.999902343750023,21.28456904093427,59.44999965031942,15.240277668771645,0.0,11.367832098118255,7.4971892699778735,12.273926035563193,12.345937347412132,1020.0902994791667,-14.11555714160204,296.5376613351206,437.15143688519794
2021-07-27,24.965722656250023,17.434716796875023,21.51093953450523,61.45416529973348,79.41851822535197,0.0,20.332853274654724,12.944476693055735,13.112275695800804,13.123413340250693,1017.0359537760418,-9.107343619068464,267.5064482761857,416.11470663547516,25.305047607421898,17.338037109375023,21.73658650716148,61.03518517812093,17.839351783196133,0.0,16.064289321609753,10.933757493859162,13.520449574788415,13.152813212076865,1017.3920377604168,-10.340987655644616,291.72976228773285,420.402588446935,24.863366699218773,17.561791992187523,21.516628519694034,61.629629611968994,69.88796401023865,0.0,18.50154007706962,11.973504260457764,13.005829111735068,13.175440724690759,1017.0679361979168,-9.280060430367788,274.72707803780213,409.82580331961316,25.447320556640648,17.358361816406273,21.739284769694034,60.18009281158447,39.4129630724589,0.0,15.855356920878975,10.960380103312863,13.473215993245446,12.910792287190759,1017.3242708333332,-9.523050675789515,283.86658277292736,432.64338715871173,24.749993896484398,17.533563232421898,21.43448664347333,62.50879669189453,64.61712944507599,0.0,20.085732790530002,13.220993927566324,13.080462392171228,13.321663157145224,1016.821611328125,-8.789100284377733,260.1493174498901,390.038937330246,25.213067626953148,17.504266357421898,21.80677185058596,60.56018543243408,34.787500301996864,0.0416666679084301,15.303345349223264,10.97414800851883,13.297344462076865,13.06137364705404,1017.3577766927083,-9.560898774924377,289.55056921377155,444.8602036635081,24.687524414062523,17.403070068359398,21.315503692626976,62.28240712483724,57.1981476744016,0.0,17.539096605561873,11.82768058625418,12.957864379882835,13.075063323974632,1016.9271875,-8.601593613624573,263.709070714113,393.12050275007886,25.062402343750023,17.372644042968773,21.56891021728518,61.59027671813965,71.62453663349152,0.0,18.587260603656105,11.908322763860907,13.126257832845056,13.201628621419275,1017.1748046875,-9.431335536142191,262.13444373190094,423.0788981517156
2021-07-28,19.656457519531273,17.153131103515648,18.54297790527346,88.25648148854573,90.58981418609619,479.7847177553922,31.488383275782727,19.835149262246283,11.784754689534509,16.46094665527346,1006.7923795572917,4.445822199185689,97.67079621902667,495.402348836263,21.468469238281273,17.816674804687523,19.659153238932316,82.7986110051473,89.74259273211162,195.54166616871953,26.75582906963228,16.053528033927368,12.845611826578818,16.477366383870446,1008.2378157552083,0.8785848667224249,99.26222026511095,359.1440569559733,20.597161865234398,17.787744140625023,18.73675689697268,86.96481641133626,91.17500019073486,109.16666620317847,26.52425281176288,14.827338884247013,12.039140319824241,16.39699198404952,1007.6937532552083,3.483345687389374,93.50246186139218,388.9846897125244,19.816156005859398,17.621667480468773,18.54121297200523,89.21296246846516,84.1370366414388,87.54166796477512,20.226601734438514,12.58533574689726,12.197989400227868,16.654673512776696,1008.73873046875,4.349546105290453,49.09744447632693,287.4099245071411,20.388635253906273,17.806695556640648,18.8806714375814,88.22824033101399,91.93101819356282,82.40972216427326,20.7218477844754,14.902375389715496,12.030047353108728,16.788727060953818,1008.0062239583333,3.284937024116516,102.99485156103037,358.67255719502765,20.642144775390648,17.885980224609398,18.853796895345074,88.38935089111328,73.10416730244954,94.59027901804075,23.76510401769588,14.70305110151763,12.177632904052757,16.802883402506552,1008.3098860677082,2.545376181602478,104.99175935153228,375.6226151784261,19.919183349609398,17.605035400390648,18.705627695719425,88.57361062367757,92.42824014027913,68.43055528774858,21.463059791507177,13.695736383804666,12.08750940958663,16.657013193766318,1008.1424869791667,4.234146296977997,87.042391003808,324.68384138743085,18.880822753906273,17.327172851562523,18.237215932210308,87.44722143809001,83.9175926844279,295.85416573286057,29.1804856342541,16.165790032148752,11.771877543131552,16.000599161783896,1007.1971028645833,5.319108111783862,84.33518650297385,427.11047236124676
2021-07-29,22.629785156250023,17.855737304687523,19.88171793619794,78.60092608133952,49.88518435756365,167.16666746139526,28.013781823262324,21.483959653726092,10.9484687805176,15.67481638590499,1001.1318033854167,-10.306148355205854,226.47128528356552,797.7784856160482,21.216363525390648,17.589196777343773,19.25119806925458,83.71990712483723,58.627314726511635,863.465274810791,27.330289404461112,23.55204496233162,11.041716512044275,16.35214513142904,1001.2138216145833,-8.936978995800018,245.06848294536272,655.8209381103516,22.715203857421898,17.699243164062523,19.948926544189476,77.13796297709148,62.01805591583252,107.3750011920929,30.35816360241084,23.46835468801648,10.854648844401083,15.452490743001306,1000.7797265625,-10.196139714059731,212.59440825382868,858.9793637593588,22.285882568359398,17.873406982421898,19.676107025146507,79.40694252649944,53.331481297810875,240.875,32.78529423679675,24.384736596391445,10.651442464192712,15.683329518636071,1001.1379524739583,-10.349993745485941,279.8419772187869,838.5341148376465,22.483026123046898,17.325189208984398,19.918996429443382,75.96435149510701,51.365277886390686,60.73611009120941,29.987116377714067,23.905513728460374,10.670898691813193,15.173919932047568,1000.570380859375,-11.179853543639183,268.917473534743,878.6118342081705,22.614923095703148,17.691979980468773,19.891957855224632,77.18611113230388,59.3541655143102,165.88194370269775,30.73812828837425,23.87842920670519,10.700298563639365,15.353089904785179,1001.5197102864582,-10.351821346829334,268.78485511740047,851.9632657368978,22.916680908203148,17.352624511718773,20.07278976440432,75.92685063680013,53.53333276510239,9.819444649852812,28.898600011592062,23.241274203181106,10.82825368245443,15.219121551513695,1000.9469954427083,-11.565752575794855,274.40372147162753,833.1607869466146,22.530786132812523,17.692071533203148,19.93176422119143,78.07175874710083,63.603240529696144,142.09027767181396,28.761598312340947,22.425191776413893,10.86719411214193,15.581573740641318,1001.5309309895833,-11.087869577109814,262.42133208115894,815.2956492106119
2021-07-30,18.252954101562523,15.396386718750023,16.94775797526044,80.30277729034424,52.8314820031325,127.80555552244186,32.55310876296684,25.486487215425672,7.620924886067712,13.484207407633505,995.896787109375,5.94941075022022,191.14809103806815,988.2154261271158,17.927789306640648,14.585931396484398,16.67136662801109,82.093981107076,62.462499822179474,298.8124966621399,29.37124686591787,25.174045686286096,7.442450459798181,13.567173258463583,995.705224609375,5.507964661965768,198.6972419321537,967.845027923584,18.072869873046898,15.062585449218773,16.71749649047854,81.91249942779541,54.79999991257986,129.3819430321455,32.449712211483714,24.692991006128025,7.7007003784179915,13.577270762125693,995.5209993489583,5.073865798612435,201.76405747731528,892.1307525634766,18.110284423828148,15.023950195312523,16.947546895345074,80.77175935109456,63.34444491068522,224.30555629730225,32.037206994087896,26.525516545317146,7.497891998291038,13.57908655802413,995.4940657552083,4.982251438001792,222.9847281575203,1063.1726353963215,17.937249755859398,14.665460205078148,16.738599395751976,81.3773152033488,55.112499594688416,104.14583352580667,29.47239861819497,23.141110391445977,7.780460611979208,13.491335805257165,995.7270345052083,6.173228721600026,197.01616896192232,854.6831232706705,17.991052246093773,15.190942382812523,16.38083419799807,82.65000057220459,65.52175909280777,199.74305319786072,34.79048159015351,27.910608366763068,7.380596415201865,13.380601501464866,993.993544921875,8.346556206544241,156.77370205521584,1046.1737263997395,17.978295898437523,15.067895507812523,16.73493855794273,81.77129554748535,57.91296281417211,100.06944498419762,30.640458754561585,24.436442661723408,7.568215942382835,13.559732055664085,996.099140625,5.334425326436758,220.42660930752754,919.2999521891276,18.104882812500023,14.426568603515648,16.88440093994143,80.30601978302002,59.551851550738014,107.91666728258133,33.194072152407344,25.73769323817105,7.496297454834007,13.434504445393884,996.0414420572918,5.38664713067313,214.2056643664837,1039.853879292806
