Date,temperature_2m_max_run_00Z_day1_gfs,temperature_2m_min_run_00Z_day1_gfs,temperature_2m_mean_run_00Z_day1_gfs,relative_humidity_2m_mean_run_00Z_day1_gfs,cloud_cover_mean_run_00Z_day1_gfs,precipitation_sum_run_00Z_day1_gfs,wind_speed_10m_max_run_00Z_day1_gfs,wind_speed_10m_mean_run_00Z_day1_gfs,temperature_850mb_mean_run_00Z_day1_gfs,dew_point_2m_mean_run_00Z_day1_gfs,msl_pressure_mean_run_00Z_day1_gfs,ground_heat_flux_mean_run_00Z_day1_gfs,downward_shortwave_mean_run_00Z_day1_gfs,boundary_layer_height_mean_run_00Z_day1_gfs,temperature_2m_max_run_00Z_day2_gfs,temperature_2m_min_run_00Z_day2_gfs,temperature_2m_mean_run_00Z_day2_gfs,relative_humidity_2m_mean_run_00Z_day2_gfs,cloud_cover_mean_run_00Z_day2_gfs,precipitation_sum_run_00Z_day2_gfs,wind_speed_10m_max_run_00Z_day2_gfs,wind_speed_10m_mean_run_00Z_day2_gfs,temperature_850mb_mean_run_00Z_day2_gfs,dew_point_2m_mean_run_00Z_day2_gfs,msl_pressure_mean_run_00Z_day2_gfs,ground_heat_flux_mean_run_00Z_day2_gfs,downward_shortwave_mean_run_00Z_day2_gfs,boundary_layer_height_mean_run_00Z_day2_gfs,temperature_2m_max_run_06Z_day1_gfs,temperature_2m_min_run_06Z_day1_gfs,temperature_2m_mean_run_06Z_day1_gfs,relative_humidity_2m_mean_run_06Z_day1_gfs,cloud_cover_mean_run_06Z_day1_gfs,precipitation_sum_run_06Z_day1_gfs,wind_speed_10m_max_run_06Z_day1_gfs,wind_speed_10m_mean_run_06Z_day1_gfs,temperature_850mb_mean_run_06Z_day1_gfs,dew_point_2m_mean_run_06Z_day1_gfs,msl_pressure_mean_run_06Z_day1_gfs,ground_heat_flux_mean_run_06Z_day1_gfs,downward_shortwave_mean_run_06Z_day1_gfs,boundary_layer_height_mean_run_06Z_day1_gfs,temperature_2m_max_run_06Z_day2_gfs,temperature_2m_min_run_06Z_day2_gfs,temperature_2m_mean_run_06Z_day2_gfs,relative_humidity_2m_mean_run_06Z_day2_gfs,cloud_cover_mean_run_06Z_day2_gfs,precipitation_sum_run_06Z_day2_gfs,wind_speed_10m_max_run_06Z_day2_gfs,wind_speed_10m_mean_run_06Z_day2_gfs,temperature_850mb_mean_run_06Z_day2_gfs,dew_point_2m_mean_run_06Z_day2_gfs,msl_pressure_mean_run_06Z_day2_gfs,ground_heat_flux_mean_run_06Z_day2_gfs,downward_shortwave_mean_run_06Z_day2_gfs,boundary_layer_height_mean_run_06Z_day2_gfs,temperature_2m_max_run_12Z_day1_gfs,temperature_2m_min_run_12Z_day1_gfs,temperature_2m_mean_run_12Z_day1_gfs,relative_humidity_2m_mean_run_12Z_day1_gfs,cloud_cover_mean_run_12Z_day1_gfs,precipitation_sum_run_12Z_day1_gfs,wind_speed_10m_max_run_12Z_day1_gfs,wind_speed_10m_mean_run_12Z_day1_gfs,temperature_850mb_mean_run_12Z_day1_gfs,dew_point_2m_mean_run_12Z_day1_gfs,msl_pressure_mean_run_12Z_day1_gfs,ground_heat_flux_mean_run_12Z_day1_gfs,downward_shortwave_mean_run_12Z_day1_gfs,boundary_layer_height_mean_run_12Z_day1_gfs,temperature_2m_max_run_12Z_day2_gfs,temperature_2m_min_run_12Z_day2_gfs,temperature_2m_mean_run_12Z_day2_gfs,relative_humidity_2m_mean_run_12Z_day2_gfs,cloud_cover_mean_run_12Z_day2_gfs,precipitation_sum_run_12Z_day2_gfs,wind_speed_10m_max_run_12Z_day2_gfs,wind_speed_10m_mean_run_12Z_day2_gfs,temperature_850mb_mean_run_12Z_day2_gfs,dew_point_2m_mean_run_12Z_day2_gfs,msl_pressure_mean_run_12Z_day2_gfs,ground_heat_flux_mean_run_12Z_day2_gfs,downward_shortwave_mean_run_12Z_day2_gfs,boundary_layer_height_mean_run_12Z_day2_gfs,temperature_2m_max_run_18Z_day1_gfs,temperature_2m_min_run_18Z_day1_gfs,temperature_2m_mean_run_18Z_day1_gfs,relative_humidity_2m_mean_run_18Z_day1_gfs,cloud_cover_mean_run_18Z_day1_gfs,precipitation_sum_run_18Z_day1_gfs,wind_speed_10m_max_run_18Z_day1_gfs,wind_speed_10m_mean_run_18Z_day1_gfs,temperature_850mb_mean_run_18Z_day1_gfs,dew_point_2m_mean_run_18Z_day1_gfs,msl_pressure_mean_run_18Z_day1_gfs,ground_heat_flux_mean_run_18Z_day1_gfs,downward_shortwave_mean_run_18Z_day1_gfs,boundary_layer_height_mean_run_18Z_day1_gfs,temperature_2m_max_run_18Z_day2_gfs,temperature_2m_min_run_18Z_day2_gfs,temperature_2m_mean_run_18Z_day2_gfs,relative_humidity_2m_mean_run_18Z_day2_gfs,cloud_cover_mean_run_18Z_day2_gfs,precipitation_sum_run_18Z_day2_gfs,wind_speed_10m_max_run_18Z_day2_gfs,wind_speed_10m_mean_run_18Z_day2_gfs,temperature_850mb_mean_run_18Z_day2_gfs,dew_point_2m_mean_run_18Z_day2_gfs,msl_pressure_mean_run_18Z_day2_gfs,ground_heat_flux_mean_run_18Z_day2_gfs,downward_shortwave_mean_run_18Z_day2_gfs,boundary_layer_height_mean_run_18Z_day2_gfs
2021-04-01,21.511437988281273,9.938897705078148,14.65494308471682,42.48287113507589,63.409722089767456,7.145833125337958,20.57598191893151,12.950701116838026,10.463404591878259,1.6486628214518646,1015.6526497395832,-5.944455474615097,226.40177885691324,658.2921950022379,20.772241210937523,11.273156738281273,15.128139750162783,42.13657442728678,74.17777779698372,3.8611112236976624,21.845940532899437,14.448426622792098,10.119201914469443,2.0774932861328352,1014.6395963541668,-7.212294697761536,242.1898015240828,793.9658406575521,21.141656494140648,10.443872070312523,14.70193761189781,42.29629635810852,66.91435209910075,5.069444381631911,20.522054339799215,12.861765333549785,10.277711486816429,1.6451660156250227,1015.6142578125,-6.072308540344238,227.33284045259157,670.19451379776,20.693139648437523,11.157189941406273,15.148633575439476,39.883333126703896,69.79537002245586,1.763888951856643,16.208383657015986,12.227970110575972,10.1702870686849,1.3142690022786496,1015.3697135416667,-8.515614211559296,237.2783678571383,753.9197859764099,21.615991210937523,10.377191162109398,15.0476750691732,41.126388708750405,61.33564872543017,0.7916667014360428,20.377754859245353,13.177097321321625,10.721475219726585,1.5933052062988509,1015.5179036458333,-7.616845011711121,233.45316729942957,661.9289747873942,21.032006835937523,10.928765869140648,14.901387786865257,42.132870276769005,71.258333782355,3.1736110541969538,24.10612776190655,14.92609072348462,10.146696980794275,1.8010307312011946,1015.401396484375,-5.945018569628398,233.30689138174057,797.4779755274454,21.558374023437523,10.370843505859398,15.047027842203798,40.87036991119385,63.311110665400825,1.0138889038935304,19.597296808953075,13.014016490434523,10.764011637369833,1.5224217732747434,1015.2702734375,-7.38380761941274,232.65972916285196,670.6989502906799,21.037866210937523,10.798455810546898,14.8084172566732,41.97500022252401,67.08148091038068,9.826388880610466,21.365415059541395,13.17218339846167,10.369835154215536,1.6430781046549896,1015.54671875,-5.761037449042003,231.36154077450433,700.8127876917521
2021-04-02,16.478692626953148,8.653283691406273,12.546278889973982,73.74444341659546,64.25046316782634,63.73611106723547,12.773551019496479,9.453302722615177,7.7660321553548215,7.652860260009788,1015.2477376302082,4.388777310649554,164.20457696914673,521.2644321123759,17.853295898437523,9.449365234375023,13.056175486246767,71.74398120244344,76.82500044504802,82.5486114025116,14.478664202840164,8.83026435791527,8.248501078287802,7.629187520345056,1015.3312337239582,-3.7222875157992044,188.51781552036604,510.94435421625775,16.900109863281273,8.904992675781273,12.693413035074892,73.66388845443726,63.99490547180176,69.50694420188665,14.29729572201217,9.247658994429296,7.791382090250693,7.754390970865927,1015.2153841145832,2.859707608819008,183.02566185593605,541.3102515538534,17.297998046875023,9.327142333984398,12.798111216227236,73.97731447219849,78.31296173731486,111.26388835906982,10.656942438252317,6.86452701745086,8.07256978352865,7.916492716471396,1015.2906087239583,-1.5323817046980064,193.70847971240678,448.122740427653,16.883081054687523,9.282006835937523,12.731656646728538,73.85833406448364,79.18286927541097,78.31249954551458,14.254386197713673,10.158642872810164,7.723499552408896,7.819033559163415,1015.1728352864583,4.155429650098085,184.88326188921928,578.9440797170004,16.794458007812523,9.064355468750023,12.714718119303408,73.00833384195964,72.30740737915039,69.38889008015394,14.610591506183814,9.737238747596678,7.798178609212243,7.624585723876976,1015.23419921875,3.9193205336729684,169.65071830153465,542.4308873812357,16.896386718750023,9.133569335937523,12.648599243164085,74.71990696589152,70.55277721087138,88.60416631074622,12.402679326678017,8.680495267304613,7.727970377604208,7.92884216308596,1015.1217252604167,3.1809046467145285,169.53416180610657,535.6300452550253,17.182519531250023,8.995080566406273,12.799292500813825,72.40416606267293,66.22361095746358,68.0486109405756,13.28653122989481,9.225504572365496,7.92057825724288,7.509535725911462,1014.885126953125,1.0565793563922246,186.68063232302666,564.2505903244019
2021-04-03,19.604089355468773,7.869165039062523,13.074521636962913,66.05370410283406,44.445833484331764,170.31249904632568,15.088712562075255,7.26536973269561,9.135062154134118,6.119343058268271,1013.2273470052082,-7.227616548538208,233.25814859072366,595.8854968547821,19.409753417968773,8.013635253906273,13.15012385050458,62.79120349884033,73.26064896583557,143.68750143051147,14.615982161430903,9.167362246022881,9.137019093831384,5.27259216308596,1013.2716861979167,-4.734086513519287,205.78212721149126,658.7510151068369,19.784692382812523,7.720269775390648,13.126563008626325,65.87916644414265,55.557870070139565,81.06944370269775,14.321940578530986,5.954172103921562,9.17326126098635,6.099170939127646,1013.217685546875,-9.323007106781006,234.3783352871736,643.0697816212972,19.917626953125023,8.093041992187523,13.278274790445986,62.98009204864502,58.94629748662313,144.73611164093018,16.51143054163984,8.956611663206758,9.26657638549807,5.630890146891318,1013.3627734375,-6.382235874732335,232.66765283048153,633.0416929324468,19.653375244140648,7.655175781250023,12.980774180094423,66.68287086486816,56.006018916765846,62.45833468437195,14.382306744121133,6.033298666548539,9.162866210937523,6.164882914225302,1013.1422005208333,-7.963286976019542,232.65594399968782,610.1857418219248,19.686334228515648,7.886987304687523,13.073963419596376,63.54629611968994,48.338426311810814,142.35416507720947,18.085196584726777,8.16345649841139,9.01264597574874,5.601444498697958,1013.2391927083332,-4.863932152589162,227.93624158700308,633.0439708630244,19.881280517578148,7.570672607421898,13.079873657226585,64.8611110051473,46.34166598320007,15.402777701616287,13.807516989383762,6.255814010090499,9.129983520507835,5.764312998453818,1013.115087890625,-8.459815695881844,234.70183006922403,650.3911824226379,19.628167724609398,8.039086914062523,13.396302795410179,64.16389020284016,44.582870741685234,179.7777771949768,14.296633148858753,7.081027685593033,9.111035919189476,6.06934763590499,1012.9931868489583,-7.120294253031413,233.09923941890398,630.7957396904627
2021-04-04,18.181420898437523,5.678216552734398,11.79923019409182,44.769444704055786,7.152777842634047,23.666666507720947,18.303900697838625,13.50162898785718,7.958913421630882,-0.4831845601399323,1014.4081608072917,2.4860354512929916,272.91824193539406,634.2247454325358,18.850946044921898,5.661462402343773,11.924347178141298,43.12592546145121,1.3578704055398703,177.0694465637207,16.661013376193715,11.556395694804593,8.34544397989913,-0.6312736511230241,1014.1371028645833,-1.12542329231898,268.95799334091134,578.9837346076965,18.353387451171898,5.674371337890648,11.804466501871767,44.57916680971781,5.283333421840022,17.500000476837158,18.214177489634775,13.48971810643883,8.14398854573568,-0.6851753234863054,1014.2740885416667,2.659600337346395,273.6566606486061,618.6660408973694,18.209161376953148,5.607476806640648,11.83749923706057,44.354629357655845,4.773148043081164,90.16666603088379,18.103778133997995,12.79661409555448,8.000636037190759,-0.3375330607096316,1014.5179915364583,2.3677932818730674,269.66462656102766,613.5896846453348,18.693811035156273,5.910882568359398,12.022439575195335,42.00509285926819,4.27361124039938,10.833333492279053,17.956402586065145,13.46735308865683,8.357853190104208,-1.3653561909993073,1014.3968229166667,1.7758635679880779,273.87046187363256,627.1340781847636,17.486901855468773,5.433770751953148,11.37828089396161,45.80138905843099,4.949999980007608,80.33333587646484,20.818728234095556,13.086400820304496,7.497102355957054,-0.332487487792946,1014.8703938802083,5.369081874688466,271.3978845302481,630.1794137954712,18.940026855468773,6.033319091796898,12.158797200520857,41.778241078058876,4.080555770546198,2.166666626930237,15.980579809101426,11.873460614147383,8.52609786987307,-1.3597409566243073,1014.4462565104167,0.458190659681956,272.89851919057156,597.1147027015686,18.174981689453148,5.629083251953148,11.7481145222982,44.36759281158447,6.710648224999507,26.333333015441895,20.159982485902194,13.433624331027596,7.792890167236351,-0.5338043212890398,1014.6850260416667,3.538399582107862,271.492554597479,626.7724081675211
2021-04-05,19.738000488281273,6.539788818359398,12.712419128417991,49.56249976158142,0.02546296330789725,0.0,11.236134007201501,6.217425613985989,8.894429779052757,1.624508158365927,1016.7426334635417,-7.151739517847697,273.2052532499656,494.5819713274638,19.300347900390648,6.683343505859398,12.724270121256533,53.084721406300865,2.780555602783958,23.666666507720947,12.074329858283216,6.148713835049615,8.342373148600302,2.7860809326172102,1016.827119140625,-9.462330957253775,270.9973674581076,526.1834197044373,19.678491210937523,6.769250488281273,12.859385426839216,48.04444392522176,0.06666666738844167,0.0,10.551884265430063,6.456058814021463,9.117954508463583,1.435524241129599,1016.645205078125,-7.131351053714752,273.30725977003266,493.3114830652873,19.227807617187523,6.416680908203148,12.538404083251976,49.774537563323975,1.063888902310282,17.500000476837158,12.501023277224881,6.262858662829856,8.279163614908896,1.8079035441081146,1016.76005859375,-8.401574393113455,272.3766633734728,496.3014380137126,19.651483154296898,6.834069824218773,12.869074757893904,48.414352575937905,0.820833342615515,0.0,11.067922440395806,6.606112445759272,8.974229431152366,1.5614728291829465,1016.942666015625,-6.854018886884053,273.05598223387886,498.65635871887207,19.438867187500023,6.673547363281273,12.723270670572939,50.7578706741333,0.3981481446341301,10.833333492279053,13.820137290439014,6.536254356220511,8.416778818766318,2.2782697041829465,1016.620830078125,-8.666016747554144,271.6279255415623,516.1727590560913,19.668969726562523,6.841821289062523,12.91226730346682,47.85740772883097,0.28611110399166745,0.0,10.498077479929888,6.531859936334015,9.049392954508505,1.455745951334677,1016.9552213541667,-6.537805676460266,273.19386353273876,498.13482729593915,19.803277587890648,6.882684326171898,12.899214680989607,49.796758810679115,0.10231481725350022,2.166666626930237,12.164108860902214,6.629662511326086,8.840879058837913,2.0165992736816634,1016.584892578125,-8.028045316537222,272.4174990421161,503.18963559468585
2021-04-06,20.616662597656273,7.396966552734398,13.659898376464866,40.63611054420471,6.50879629701376,0.0,14.536529205156501,7.4912600734599195,10.60926462809249,-0.10000457763669601,1013.3943033854167,-5.63504562775294,278.48970666279394,584.1959017117819,20.549981689453148,7.105554199218773,13.485866800944033,41.05648183822632,0.18981482166176042,0.0,14.582061094184908,7.289982998313303,10.453670756022177,-0.07361958821610415,1013.5403548177082,-5.161359618107478,277.43422153343755,587.9239170153936,20.768823242187523,7.347192382812523,13.678547159830751,40.10787049929301,6.281944386661053,0.0,17.67344143285536,8.011338417392363,10.63362528483077,-0.257841491699196,1013.5038248697917,-5.665542781352997,278.4667797163129,583.7882980108261,20.479943847656273,7.219781494140648,13.493937428792341,41.57361149787903,0.3500000120451053,0.0,13.978246428372449,7.369978787318403,10.480952199300134,0.1533714294433821,1013.4281217447917,-5.262836774190267,277.2455891445279,590.2657260100046,20.773126220703148,7.441918945312523,13.733872985839866,40.39814853668213,8.244907235105833,0.0,17.720304685240993,7.931204103198984,10.619387563069665,-0.1217381795246979,1013.5859537760417,-6.099254548549652,278.54694206267595,592.5646737416586,20.527764892578148,7.384759521484398,13.59980163574221,41.0648148059845,0.7203703789661328,0.0,13.37749285718385,7.405458897247374,10.559995269775413,0.04499715169271212,1013.58369140625,-5.218335469563802,277.9315393442909,586.1688498655955,20.824365234375023,7.451379394531273,13.745276387532575,39.83749953905741,10.230092659592628,0.0,17.979997842450544,8.099209035386929,10.711672719319665,-0.30404891967771164,1013.543515625,-5.9175441066424055,278.72172463685274,586.3778197367986,20.490991210937523,7.397943115234398,13.61396179199221,40.42731523513794,4.38101854113241,0.0,13.614329678181077,7.2889542901162345,10.594266510009788,-0.16343917846677414,1013.597783203125,-5.397375961144765,278.1662359070033,582.5183176199595
2021-04-07,18.316674804687523,4.655053710937523,11.222306823730491,44.57638931274414,60.89814775685469,0.0,21.315777462100392,12.767934027926932,8.096412913004599,-1.3586982727050554,1016.4920084635418,4.234511931737264,262.1452625493209,575.7401784261068,18.228356933593773,5.037561035156273,11.058038330078148,45.90463010470072,87.16620341936748,0.0,26.512849929993802,14.757521078667315,7.946071879069052,-0.8158732096354129,1016.7424576822917,5.0971590876579285,252.94400298595428,584.1778059005737,18.416680908203148,4.938897705078148,11.261968231201195,45.130555947621666,80.86898151040077,0.0,19.37934672491265,12.282079418537833,8.074404652913415,-1.1717386881510379,1016.38654296875,3.900995910167694,265.0665375602742,568.1949793497721,18.206140136718773,4.390863037109398,10.720703379313173,46.60370389620463,58.13148156801859,0.0,27.411547717912367,15.679085735901884,7.613240814209007,-1.0934941609700104,1017.1701497395833,6.377709070841472,266.3378757449488,605.2396252950033,18.331750488281273,4.875512695312523,11.083816782633486,46.01712942123413,76.56064812342326,0.0,18.707618461703643,12.586386571812485,8.04209925333663,-1.1500356038411041,1016.40845703125,4.981131474177043,268.53485513354343,570.0328432718912,18.071832275390648,4.450952148437523,10.883294677734398,45.091204245885216,61.892592350641884,0.0,25.588730791561268,14.739032537976064,7.779836273193382,-1.396665954589821,1017.0183951822917,5.839760442574819,263.3454842623323,602.7897958755493,18.261102294921898,4.850885009765648,11.161618804931663,45.43425917625427,64.81249920527141,0.0,19.562499478240955,12.635248134980245,8.066533660888695,-1.2043251037597429,1016.2514485677083,4.957024733225505,273.0958025517563,572.7076126734415,18.204949951171898,4.228295898437523,10.971903737386091,44.78796227773031,46.639352003733315,0.0,24.683110663830945,14.364222752820814,7.835183715820335,-1.445731862386026,1016.971484375,4.752679268519084,273.2310912556325,613.922737121582
2021-04-08,16.435479736328148,7.519250488281273,10.88987757364911,70.63055578867595,94.21990776062012,0.805555556435138,12.42732472148643,8.885341469494401,5.231983439127646,5.546660359700525,1020.963955078125,4.631464223066966,147.72598236861327,598.8782414595286,19.149499511718773,6.890283203125023,12.108094787597679,66.53564739227295,74.69722179571788,1.9583333185873926,11.547480242033801,8.116249369538254,6.878840382893884,5.4905563354492415,1019.5305143229167,-6.14590203606834,242.35031943488866,653.6827681859335,16.699273681640648,7.666406250000023,10.89002634684247,71.00462945302327,87.8893518447876,2.0555555685423315,13.631338350531223,8.66342780245023,5.295261637369833,5.599708811442099,1020.8553515625,1.9864333470662434,162.54690652977055,588.2098786036173,19.024621582031273,6.428430175781273,11.90616124471031,65.70648018519084,75.0990731716156,1.6041667005047202,12.639325880948775,8.422972849957299,6.793792978922568,5.1494066874186615,1019.7842024739583,-5.490850560367107,237.88024181406945,630.6213935216268,16.021508789062523,8.027337646484398,11.129960632324241,71.18472210566203,94.48888905843098,1.6180555755272508,13.576509769958694,9.530859618471723,5.27342249552413,5.929085032145224,1020.73580078125,4.468034515778224,129.63301951407144,611.0291481018066,17.853143310546898,7.083306884765648,11.685662841796898,68.11111132303874,86.94074042638142,2.77083337912336,11.634615138968398,9.326188192195383,6.129969533284509,5.623145039876306,1020.1217024739583,-2.626648853222529,202.4820575697037,651.4330304463705,16.098779296875023,7.952416992187523,11.05740890502932,71.19907395044963,91.79953638712566,1.4097222089767456,12.962103433862591,9.160769020703038,5.283712005615257,5.8536544799804915,1020.7211458333333,3.968518560131391,137.24570755505314,613.5924287637075,17.038385009765648,6.409051513671898,11.021758015950544,70.40092611312866,87.61389017105103,2.194444424007088,12.186863506018138,9.204276031421776,5.664797719319665,5.567156728108728,1020.609169921875,1.6758926433200638,180.69748471428952,570.4133720397949
2021-04-09,12.395745849609398,8.890618896484398,10.25876134236656,73.28472296396892,96.01990667978923,25.937499828636646,13.636565338118933,8.030122281282685,5.759857432047568,5.595173136393271,1017.3304166666667,14.123048139115175,71.94487018759052,368.2229010264079,17.099755859375023,9.065942382812523,12.514399464925154,67.00879605611165,85.93749968210857,37.76388907432556,15.288276921758131,9.951834628505248,7.269193267822288,6.32882970174154,1016.2770084635417,-5.178639272848765,209.68504186347127,574.4072074890137,12.209893798828148,8.458795166015648,10.056062316894554,75.43518670399983,90.07361094156902,44.76388844102621,12.678445081987395,7.721703294367278,5.887759145100915,5.800551350911462,1017.3406901041667,15.588233788808187,70.91529818748434,329.3406702677409,15.252404785156273,8.885736083984398,11.87925745646161,69.46944491068523,86.29907433191936,33.70138895511627,14.015623566705152,9.663705464565423,6.656217193603538,6.367551422119163,1016.3194954427083,3.4138446425398192,146.72759487107396,516.5273056030273,11.999566650390648,8.365258789062523,10.041351572672548,73.44490782419841,95.56435171763103,13.854166515171528,13.204006369789049,8.242760774535519,5.577020263671898,5.425257619222009,1017.708662109375,13.677484353383383,81.58614778301369,364.469629128774,15.052392578125023,9.043359375000023,11.850722249348982,69.88148180643718,90.59027751286824,20.02083346247673,14.69393808008964,10.0270793075836,6.698285675048851,6.443706766764365,1016.2707649739583,2.9766330048441887,131.1347981672734,496.20629183451337,11.636773681640648,7.909814453125023,9.715066528320335,76.85000038146973,97.5796292622884,26.79861139971763,13.526881540022119,7.845434637215479,5.399855550130212,5.769507344563806,1017.8274967447917,14.178921381632486,72.60383472777903,329.36484320958454,13.927606201171898,8.807489013671898,11.030169423421247,72.23796272277832,90.69120486577351,18.756944358348846,18.081665226423027,9.336893288287472,6.184541320800804,6.162526702880882,1016.6076106770832,9.203182935714722,106.57996496589233,420.0131070613861
2021-04-10,17.851190185546898,7.910974121093773,12.00943527221682,71.74490801493327,86.88148077329,108.01388907432556,22.84687706917721,11.330743927252746,7.689209238688193,6.6224164326985715,1012.18388671875,-11.581706603368124,239.1482537755122,611.4208633899689,17.759942626953148,7.278924560546898,11.816963450113954,72.35740741093953,78.05972200632095,80.59027624130249,21.883083739308894,9.217164265204797,7.800867970784509,6.50018208821615,1012.4511979166667,-10.469414114952087,215.26479946325222,572.1910564899445,17.572229003906273,7.252770996093773,11.596209462483747,72.82546202341716,84.03564755121867,110.98611187934875,22.593016288003504,10.701235192287333,7.55985031127932,6.446192677815759,1012.2973404947917,-12.647810379664103,238.2451687299957,580.9902273019155,17.656182861328148,6.952600097656273,11.580890909830751,74.24814796447754,75.78287017345428,115.58333277702332,25.3646046675469,10.26825505066328,7.4999926249186615,6.70785802205404,1012.4958430989583,-13.524138728777567,237.40598179213703,594.1200120449066,17.527124023437523,7.674584960937523,11.599928792317732,73.14212958017985,82.66620397567749,20.618055692873895,23.603480174545474,10.529805267788266,7.313012695312523,6.546301778157556,1012.4754720052083,-12.846196790536245,236.57370725398263,576.1536245346069,17.648370361328148,8.750665283203148,12.57972361246747,69.14398034413655,73.26759219169617,44.22916650772095,24.950612362996733,11.56246129171961,7.4636398315429915,6.663154856363974,1012.44041015625,-13.617108802000681,237.45920881070197,681.1943017641703,18.216638183593773,7.432855224609398,11.78195470174156,71.55972194671631,85.8787047068278,14.555555592291057,25.156261704661297,11.237027205496148,7.446838633219443,6.317133839925134,1012.621943359375,-13.555071353912354,245.4306856164088,630.1107654571533,17.913385009765648,8.440667724609398,12.35770187377932,70.63611221313477,82.18379640579224,75.5972228050232,24.393486897293062,11.218350311993852,7.341541544596396,6.7520004272461165,1012.4348893229167,-15.791592061519623,244.33070381730795,660.2189927101135
2021-04-11,15.066125488281273,8.911492919921898,11.409810638427757,75.17638794581096,76.617130001386,107.70833313465118,16.234958906883573,12.68417874224673,6.221173858642601,6.88922017415365,1012.9229036458332,4.98480898141861,157.35033656128994,566.3079242706299,13.529321289062523,8.902429199218773,10.43769226074221,84.22083473205566,84.91898282368977,227.54861068725586,19.81876332165461,13.200151327242684,5.735042826334677,7.81229171752932,1012.1879361979168,16.51056030516823,76.05642483880122,446.55464299519855,15.775109863281273,8.835443115234398,11.3065010070801,74.09351793924968,76.7601858774821,124.68750035762787,17.437615308308782,13.631340755484976,6.151432291666708,6.400337473551474,1013.1232975260417,1.1613143384456635,178.64649842648456,592.5723454157511,14.538140869140648,7.411492919921898,10.67962544759117,79.56250095367432,81.20555543899536,261.97222328186035,20.409524030755623,14.872711859249373,5.704404449462913,7.131341552734398,1012.3014876302083,7.272044042746226,151.72316334303468,550.0486888885498,14.622460937500023,7.933557128906273,10.675115203857445,76.94027646382649,80.69444417953491,152.0347237586975,15.741227849284321,12.886560271613718,5.556849416097009,6.533040618896507,1013.646064453125,8.268350350360075,141.40863899995261,522.0414962768555,15.122827148437523,9.151177978515648,11.547642008463564,76.49537086486816,74.07175890604655,196.97916674613953,17.985573114014883,14.35124463186454,6.139090474446618,7.296713765462243,1012.177626953125,4.411890223622322,180.12557461019605,628.3773434956869,15.087030029296898,7.276513671875023,10.662131245931013,77.02222061157227,76.28657293319702,150.3055534362793,16.688171838155604,13.28287576149394,5.503200785319052,6.485583241780603,1013.6654264322917,6.3328147530555725,161.68835358461365,573.8584321339926,15.210534667968773,8.887658691406273,11.447595214843773,75.39629602432251,74.42129707336426,151.00694596767426,18.541792160791484,14.183399458784299,5.977960205078148,7.004524485270224,1012.7297623697917,5.076824227968852,180.98125851418203,629.0183092753092
2021-04-12,15.304742431640648,1.9833618164062727,8.488058980306013,51.214351971944176,18.762963111201923,200.66665649414062,20.966374784464332,13.94226505440651,3.5176572163899777,-2.3636472066243073,1023.7480013020833,6.148067196210225,295.7982685516278,577.1504105726877,14.705590820312523,3.1642700195312727,8.74250437418622,52.22546362876892,37.42407361666361,174.33333206176758,23.86619667570982,17.543749306244333,3.3407684326172102,-1.667668406168616,1022.9548958333332,7.560255229473114,293.29970809817314,661.484209060669,15.145135498046898,1.9394775390625227,8.395513153076195,52.23240820566813,42.836574037869774,111.16667175292969,19.273930774101547,12.845920889023681,3.567035929362021,-2.1799695332844635,1024.0080143229168,6.052175283432007,289.1504033729434,540.7315819660822,14.924615478515648,3.1893554687500227,8.783567047119163,52.605092446009316,32.064351658026375,182.00000381469727,23.563489688586788,16.433991968837148,3.4904355367024777,-1.5046663920084598,1023.1999576822917,7.18682199716568,291.58783387641114,640.7690083185831,15.068353271484398,1.9458557128906477,8.442179616292341,50.71990784009298,60.70833349227905,25.833332061767578,20.891239289849942,12.784791697804827,3.6731569925944427,-2.6206675211588504,1023.9242610677082,5.687344253063202,281.097667645663,522.5637107292811,14.931817626953148,2.4174743652343977,8.472656504313173,52.075462659200035,26.86157415465762,229.6666717529297,21.38221191326326,15.329703258618565,3.3893282572428802,-1.887968444824196,1023.57580078125,6.189090073108673,293.0744405674438,613.5817713737488,15.198327636718773,2.6172729492187727,8.681044514973982,51.62638862927755,50.15277862548828,0.3333333358168602,20.765963331302242,12.318691844554701,3.8941042582194427,-2.1972679138183366,1023.60720703125,5.361193776130676,283.77939897899824,519.4342269500097,15.070977783203148,1.8654724121093977,8.374014790852888,51.47685194015503,20.853240703543026,235.3333282470703,20.906368534816536,14.462369022552565,3.3652079264323334,-2.273088836669899,1023.7708170572918,7.171058893203735,295.2649925351143,584.415626446406
2021-04-13,18.005517578125023,6.536676025390648,11.908631896972679,43.26759195327759,83.17499891916911,0.0,8.505536835234528,5.020774274064213,7.656690216064476,-0.39286397298172915,1022.3674186197917,-14.28148744503657,260.9794446391364,467.6959774494171,17.496911621093773,4.884118652343773,10.813399251302107,37.97361135482788,82.80555438995361,200.66665649414062,11.186726399882307,6.481017983986905,6.961049652099632,-3.6533111572265398,1023.38458984375,-6.201161066691081,262.0653145772715,451.6035947402318,17.443902587890648,7.126123046875023,11.921931203206404,47.21851952870687,92.21018473307292,0.0,7.748427622853097,5.827874435162713,7.466916656494163,0.8364679972331146,1022.165419921875,-10.097923119862875,227.44461012507477,462.61142841974896,17.567712402343773,4.972222900390648,10.95016759236656,40.20555559794108,66.96712919076283,111.16667175292969,10.774265930141903,5.898681279131485,7.074736531575525,-2.6466735839843523,1023.324482421875,-9.281767425437769,274.4871327181657,442.9836180607478,15.387384033203148,7.259820556640648,11.434195454915388,52.97268454233805,96.92685063680013,3.2222223058342934,8.685100802063458,6.000032596073004,7.284116363525413,1.7915028889973996,1022.0578450520833,0.6732633511225382,174.1490150342385,329.352569937706,17.697290039062523,5.738916015625023,11.35806808471682,44.77546246846517,81.4597225189209,25.833332061767578,10.524635839097552,5.996343115383088,7.291919962565146,-0.509458923339821,1022.8400846354167,-10.387272795041403,270.8519236308833,471.80878778298694,13.598809814453148,7.211480712890648,10.611419932047548,56.894907315572105,94.61064910888672,6.284722253680229,8.729644377550308,5.425732110538927,6.852604166666708,1.8621243794759152,1022.3358235677083,9.259595533212027,124.2786874199907,240.50132282574972,18.059808349609398,5.817315673828148,11.657730356852236,43.139814376831055,76.87083307902019,0.3333333358168602,10.077731527544033,5.862503622699237,7.6602582295735715,-0.7142433166503679,1022.41708984375,-11.238431314627329,274.34028472254676,489.4736904303233
2021-04-14,18.073510742187523,7.562432861328148,12.465315755208357,70.51249965031941,93.69861125946045,27.631945371627808,17.969126556018253,8.278471273980037,7.954058583577478,6.833351389567099,1017.2055208333333,-16.393300255139668,197.83934460083643,506.20878088474274,19.615991210937523,9.947076416015648,14.748503621419294,54.89861059188843,98.34444491068523,0.6666666809469461,17.823006198811477,8.269612137480124,9.725016530354821,5.523746744791708,1016.4013020833332,-15.26146419843038,227.45964959760508,584.8962263266245,17.959344482421898,7.671655273437523,12.466790771484398,71.80601978302002,96.02916685740153,65.5763897895813,16.119576192606292,7.891915066861741,7.592963155110681,7.132084147135458,1017.295751953125,-17.440714836120605,198.0477218950788,515.0148911476135,19.260461425781273,10.258203125000023,14.569131469726585,58.67453638712565,97.37453746795654,3.5208333623595536,18.6594142668198,8.227040588519447,9.458904520670615,6.31574401855471,1016.410068359375,-12.938188870747885,220.9589612831672,549.6939208904902,17.881524658203148,7.593865966796898,12.39761886596682,72.13055658340454,95.08842531840007,48.7291659116745,15.821615552532942,7.722397321457762,7.691031392415368,7.157444254557333,1017.2802180989582,-18.92922133207321,206.36651938408613,498.55828738212585,18.750024414062523,8.948144531250023,13.651856994628929,65.77685324350993,97.11527760823567,12.590277910232544,18.6637634244275,8.37366362784205,8.875932312011741,7.053998565673851,1016.8692122395832,-14.186599175135294,199.68492060899734,509.7815617720286,17.941796875000023,8.481561279296898,12.826216634114607,71.53796354929607,99.3921292622884,8.048611194361001,16.110448676430423,7.9819154057838935,7.764777119954431,7.468415832519554,1016.9994498697918,-22.428409953912098,215.66755106051764,489.03756880760193,18.715997314453148,7.735986328125023,12.949015553792341,68.28750069936116,94.56805531183879,16.63194441795349,18.581087531262835,7.247380681803296,8.47251917521163,6.848301188151083,1017.392470703125,-16.997928023338318,211.35181367894015,510.67668759822845
2021-04-15,16.252038574218773,9.828393554687523,12.219141896565779,67.70972156524658,99.9032408396403,58.47916615009308,17.97645357115355,9.396803855873221,6.336382802327478,6.094612375895224,1015.265791015625,-1.2269362658262253,188.02664781113467,596.8083890279134,15.728356933593773,9.535974121093773,12.401579793294294,67.49490722020467,97.62963008880615,43.58333373069763,17.826556212357342,8.733664997648619,6.532617187500023,6.33042933146163,1015.1170475260417,-0.557518074909846,146.85085294519862,556.711041132609,15.055688476562523,9.939904785156273,11.773492431640648,68.69907585779826,99.93194357554118,61.722222328186035,17.704532865112487,8.898504198227842,5.91330235799154,5.978171284993493,1015.3044368489583,2.6447972655296326,136.3436274987956,563.4323355356852,16.229333496093773,9.798547363281273,12.393308258056663,66.07546313603719,98.63703695933025,94.95833277702332,17.013929983014194,7.208150797777837,6.546656545003259,5.853960927327478,1015.338154296875,-3.226836105187734,175.7134407516569,624.6524022420248,16.190057373046898,9.928979492187523,12.123588816324892,67.46527783075969,98.18935139973958,65.65277695655823,15.32314194734214,7.866535569116682,6.3418378194173215,5.912436421712243,1015.2595182291667,-3.5851824631293616,195.18487309850752,602.0412953694662,15.753594970703148,9.279229736328148,12.005981699625673,67.1319448153178,96.61898136138916,78.03472185134888,17.33662550973072,7.260511143653884,6.298123931884788,5.82587585449221,1015.5466341145833,-3.4425605734189353,170.81985252164304,533.7907988230387,15.372247314453148,9.921807861328148,11.828060404459658,70.8819448153178,98.88611030578613,36.930555522441864,16.83111361405404,8.138338551781125,6.2937115987141965,6.41525802612307,1015.2323567708332,2.0294977659359574,158.1022406158348,526.9959907531738,16.097436523437523,9.367303466796898,12.21760203043622,65.88101879755656,96.2824068069458,52.25000035762787,16.780488508138006,7.3815254297837,6.4126691182454465,5.739750162760458,1015.3832779947917,-0.12901848057905832,171.56338842461506,577.48974609375
2021-04-16,14.550073242187523,5.636743164062523,10.047933197021507,51.75092530250549,55.556018670399986,24.15277796983719,23.18314093646242,12.161413725040092,4.010809834798181,-0.6158597310383698,1016.697666015625,1.8887272675832112,277.1186124744515,903.4262288411459,14.818750000000023,5.557672119140648,9.81158345540367,50.87036919593811,36.015740553538,89.76388955116272,26.574710697494368,13.24046961388425,3.8471733093261946,-0.9120760599772098,1016.920478515625,4.726574897766113,298.9470437169075,799.7448291778564,15.352044677734398,5.805505371093773,10.38998692830406,52.32731604576111,54.07685160636902,15.965277671813965,25.323830678136403,11.492325027659547,4.383467610677087,-0.18010050455728788,1016.678330078125,-2.1641331911087036,277.0097652922074,853.7764612833658,14.834863281250023,5.921411132812523,10.074091847737654,51.09814818700155,47.84305490553379,77.22222423553467,27.944040704019034,12.682127099397212,3.8309125264485715,-0.6276560465494754,1016.5898046875,1.0221902827421825,288.29967238008976,835.3619232177734,15.222314453125023,5.806176757812523,10.330738321940126,50.84583361943563,51.16064832964912,13.361111164093018,25.556755208035067,11.069163772846267,4.441463724772177,-0.6433725992838504,1016.6788802083333,-0.17777405679225922,280.402798247834,854.9939034779867,14.997003173828148,5.783288574218773,10.224267578125023,51.03333306312561,47.236573696136475,89.89583349227905,28.723324586817416,12.514408941197436,3.9558692932129134,-0.5865552266438385,1016.66720703125,3.7872433563073478,290.33788182338077,855.3767261505127,15.237512207031273,5.908807373046898,10.061710611979189,53.28472328186035,45.13564843032509,4.027777686715126,22.61583724214563,10.50135567023345,4.443921661376976,-0.359349314371741,1016.59923828125,1.1363103091716766,271.23248127599555,831.066509882609,14.994439697265648,5.663323974609398,10.152141825358095,51.23055489857992,47.372222582499184,64.40972208976746,26.556379716844933,12.63262876703231,4.0462445576985715,-0.6859280904133698,1016.693330078125,1.3187963167826335,288.26397947221994,853.5638968149821
2021-04-17,14.867181396484398,1.5369201660156477,7.641622161865257,44.467129707336426,0.7296296333273252,0.3333333358168602,20.277993247148302,11.890249697989217,2.7508102416992415,-4.248168690999307,1019.9199869791668,7.331891636053721,302.97688688337803,719.2073650360107,14.430596923828148,1.3663269042968977,7.338913218180362,46.52083309491476,2.6425926104808846,24.500000953674316,22.70891508959989,12.197039626470236,2.0573898315429915,-3.884062194824196,1020.06876953125,7.373716672261556,301.3758646796147,775.3467798233032,14.783746337890648,1.5087219238281477,7.569266255696637,44.4861110051473,0.6925925913577279,0.5000000149011612,19.8398766265145,11.979850580105088,2.5923464457194427,-4.303512318928995,1019.9207161458332,7.496571322282155,302.9507929831743,721.9074961344401,14.823266601562523,1.5528503417968977,7.5899215698242415,45.99583347638448,0.8013888836527864,16.166666507720947,21.412777618581135,12.464879043877891,2.449355061848962,-3.840195719401038,1020.136435546875,7.493443091710408,302.50686371326447,738.5611108144125,14.866540527343773,1.5493408203125227,7.644667561848981,43.82361070315043,0.5254629629974564,0.0,19.54094680468706,11.796156550105785,2.755696868896507,-4.45555725097654,1019.7715592447917,7.479153911272685,303.24980113406974,715.8650217056274,14.826928710937523,1.5332885742187727,7.5726282755534085,44.86296351750692,0.4087963017324607,13.5,21.090440629527315,12.476497921337772,2.521522776285849,-4.202050272623694,1020.18384765625,8.128044366836548,302.72896741827327,723.6884816487631,14.945367431640648,1.4428039550781477,7.649475351969424,42.894907315572105,0.3273148067916433,0.0,18.385547417189258,11.47065132987158,2.845405832926474,-4.739780171712198,1019.50677734375,7.880075057347615,303.74692655106384,697.9956353505453,14.892755126953148,1.5480895996093977,7.651213582356793,44.55648144086202,0.6453704182058573,4.166666507720947,19.72460198702391,12.224055542260297,2.770758565266931,-4.234384918212868,1020.0922265625,7.215143481890361,302.95506979028386,718.5303796132406
2021-04-18,17.009637451171898,2.3281188964843977,9.35221125284833,47.212036530176796,26.075926351050537,0.0,9.59496862865683,6.3365642967767215,5.435272471110068,-2.104233805338538,1020.1843522135417,-2.8979458610216775,295.03662381569546,490.0582046508789,17.401116943359398,2.5756164550781477,9.641081746419294,47.43611057599386,42.28287018618236,0.3333333358168602,11.059647725521751,6.474771131901508,6.005236562093103,-1.793394470214821,1020.2114973958332,-2.672587220867475,282.75906501710415,454.4803285598755,17.059197998046898,2.2939086914062727,9.354572550455751,47.51481405893961,23.740277187588315,0.0,9.647786192005553,6.448092348705391,5.43539708455404,-2.0004486083984148,1020.3332682291667,-3.7368630518515906,297.15755504369736,489.18694575627643,17.466699218750023,2.5620666503906477,9.678226725260439,47.61064847310384,39.893055622155465,0.5000000149011612,11.756138765098113,6.081448597266281,5.855198160807333,-1.7564580281575104,1020.1984928385417,-4.283627599477768,286.81579071780044,467.364381313324,16.867852783203148,2.0859008789062727,9.157242075602236,47.11527816454569,20.19537054405858,0.0,10.216904520262377,6.396504168182297,5.054498291015648,-2.2512039184570085,1020.5307454427083,-3.0174142519632974,300.903280655543,503.2711931864421,17.059625244140648,2.5388732910156477,9.514063771565779,47.620370388031006,28.014351584017277,0.0,11.630850388488593,6.316801387751745,5.5809735616048215,-1.8718043009440066,1020.1236165364583,-3.577172259489695,290.66323427359265,481.2655634880066,16.873834228515648,2.1312500000000227,9.125023142496767,46.18842641512553,18.698148106845718,0.0,10.852443002104303,6.418478722593018,5.0792709350586165,-2.5409390767414948,1020.336474609375,-2.647119094928106,301.7758031487465,502.1989954312642,17.033929443359398,2.4869018554687727,9.511515553792341,47.24074069658915,34.51342595554888,0.0,12.287348212385016,6.6964734540245985,5.5476305643717865,-1.9608253479003679,1019.9118717447917,-2.8391533692677817,288.5670299480359,481.32344754536945
2021-04-19,17.778100585937523,6.979699707031273,12.253741200764997,45.935648600260414,99.09490617116292,0.20833333441987634,15.277104789569853,7.252506125816829,8.190801239013695,0.5666633605957259,1016.81939453125,-7.162666281064351,219.14437112708887,583.1033210754395,17.068902587890648,7.205590820312523,12.090164438883486,47.93425973256429,97.37916723887126,0.13888889318332076,17.33231806020262,7.1204617956735605,7.998445129394554,1.1619405110677121,1016.201494140625,-4.693117419878642,198.57857246200243,572.5442238648733,17.144799804687523,7.194818115234398,11.909455871582054,47.22129599253336,99.80462964375813,0.6180555745959282,16.22911092782353,6.9609034938463035,7.972749328613304,0.6620447794596771,1016.8315592447917,-4.288451790809631,195.85242159167925,523.5715157985687,16.427392578125023,6.572229003906273,11.570339457194033,50.06249968210856,98.39490699768066,0.27083333721384406,16.01127193448908,6.059887220348069,7.667886352539085,1.2643435160319427,1016.91095703125,-1.7500057220458984,181.74305515984693,501.3199993769328,17.761560058593773,7.050347900390648,11.99008967081708,48.53749942779541,99.44583257039388,2.194444393273443,17.838877480444157,7.896021209840775,7.82524134318038,1.0446754455566634,1017.1399674479167,-8.182233492533365,229.85568756858507,576.7890107631683,17.672204589843773,7.135919189453148,12.063909149169945,48.04212999343872,97.38009325663249,0.2708333353511989,16.29055141636476,7.004944007527718,7.954054768880212,1.0379984537760834,1017.0557063802083,-5.867541511853536,222.48294154802957,565.6754238605499,17.178735351562523,7.295037841796898,11.8898381551107,49.1898144086202,99.64120451609294,2.7916666734963655,14.812587797645016,6.8546803879098475,7.739194488525413,1.1360196431477902,1017.1348990885417,-5.276381512482961,206.71009071171284,554.3438261349996,17.612573242187523,6.727929687500023,12.025211588541689,47.042129834493004,99.58055559794109,0.7986111030913889,16.522082133350125,7.853582051138061,7.961457824707054,0.6678520202636946,1016.9161458333333,-7.047676245371501,228.79411909977594,572.8809390862783
2021-04-20,17.994439697265648,8.129113769531273,12.76639073689781,65.99166584014893,78.53657507896423,46.24305588006973,13.969088969869425,6.374041691932569,7.825714365641318,5.99521408081057,1012.9527506510417,-9.005806922912598,244.4350346326828,618.1880647738775,18.303338623046898,8.636499023437523,12.51173044840497,64.3921292622884,72.33472275733948,23.069444574415684,8.063909796307321,5.31946455508687,7.807143147786462,5.46632029215499,1012.9558528645833,-9.357736468315125,249.08783705035844,605.555920124054,17.794458007812523,8.488977050781273,12.985478973388695,63.82314904530843,66.78101857503255,40.4791664481163,15.092322424501772,7.149768299446339,8.02122522989913,5.75982564290365,1012.7290787760417,-8.2395671804746,239.8544269154469,634.7335048913956,17.858666992187523,8.141381835937523,12.368744150797548,63.39907375971476,41.16064818700155,16.38888891041279,11.016181563294566,4.293718383391034,7.884303029378259,5.113464609781943,1013.024609375,-7.420885841051738,246.00720145801702,605.0976302623749,17.810693359375023,8.127770996093773,12.72956492106122,64.60370508829753,78.23425912857056,35.43055593967438,18.600433453836498,8.509444552528747,7.676741536458337,5.6837020874023665,1013.0494303385417,-8.021989862124125,243.18416798114777,647.6778662602106,17.344781494140648,9.352563476562523,13.043138122558616,62.90092547734579,81.02175982793172,40.06250011920929,11.805620247131584,6.699649304212215,7.69523646036788,5.638645426432333,1013.1004069010418,-3.8609355092048645,207.42915307482085,613.4084375301996,17.444116210937523,9.068933105468773,12.828907267252626,63.424999713897705,89.12592601776123,22.70833332836628,19.160599220196104,8.621163517320465,7.62103169759115,5.6167465209961165,1013.0276822916667,-5.828566273053487,221.85733050604662,638.0437313715616,17.770959472656273,8.312188720703148,12.757615661621116,65.6555552482605,78.52592651049297,48.97222197055817,9.768390821561319,5.14714835474264,7.888584391276083,5.910703277587913,1013.0377571614583,-8.486570954322815,232.44505083064237,613.6343357960383
2021-04-21,16.219964599609398,7.602502441406273,11.392514801025413,69.5601847966512,92.62083355585735,56.3402783870697,19.3716113177041,9.192009554076595,7.022595977783226,5.759327189127646,1010.9575227864583,3.009174406528473,188.50663694739342,527.4837341308594,16.497338867187523,8.134973144531273,11.845599110921247,68.55972258249919,93.86203734079997,95.65972208976746,21.207046340125526,11.048109978746021,7.093656158447288,5.951319630940759,1011.1508658854167,1.5280615488688152,197.42957051595053,570.1263504823049,15.956811523437523,7.959802246093773,11.657926177978538,67.5425926844279,96.751389503479,42.020833015441895,20.996310413496122,9.258413398244471,7.229924774169945,5.6228563944499115,1010.6338899739583,1.925183375676473,173.7829056084156,517.2982309659322,16.186853027343773,7.352838134765648,11.68348337809247,67.99583276112874,85.94999996821086,85.20138907432556,18.982682517544553,10.105591880715096,7.145660654703818,5.578366851806663,1011.2743717447917,1.7656652927398682,195.4042386660973,579.2416307131449,15.871209716796898,7.796655273437523,11.942512766520204,65.11805597941081,87.20509227116902,15.95138868689537,20.48359222958991,9.881159609159608,7.536903635660849,5.367850240071618,1010.7131803385417,0.6015082597732544,196.62900100151697,529.6054397424062,16.230371093750023,7.723870849609398,11.538747406005882,68.6865741411845,92.71203804016113,68.3263885974884,23.174906118979127,10.060446073890411,6.90484517415365,5.65933507283529,1011.096240234375,3.280324101448059,179.65394746760526,558.4867602189382,16.390832519531273,7.751336669921898,12.027439371744814,62.00833241144816,89.4925931294759,8.520833373069763,23.691584233749964,11.14230254596941,7.348807271321618,4.717244720459007,1010.7747786458333,-1.8796661496162415,220.3150533835093,617.3390310605367,17.054772949218773,7.734002685546898,12.067862447102888,65.43842458724976,94.04490788777669,52.81250023841858,22.666288131297673,9.981327505538689,7.344073232014978,5.443569437662802,1010.76705078125,-0.6591715812683105,193.1219618419806,604.3476490974426
2021-04-22,15.339288330078148,8.997338867187523,11.461943562825544,75.2013882001241,90.09583361943562,93.59027773141861,13.334351275149803,9.959072634735556,5.702074940999353,6.925656890869163,1012.8350162760418,-0.22244027070701122,193.31376025204858,627.4140129089355,15.010827636718773,9.164697265625023,11.318653361002626,77.89861075083415,92.75185060501099,182.48611211776733,13.481796557855652,7.775970892317383,5.637133534749353,7.300715382893884,1012.1740852864583,-4.630119015773137,160.4608141904076,558.6041482289633,14.650659179687523,8.809411621093773,10.996334330240908,77.60277891159058,95.41296211878459,121.11805653572083,13.64781134345605,10.103979192421278,5.347595469156943,6.993442789713583,1012.834697265625,-0.9331330060958862,174.0651851197084,558.8551616668701,16.145776367187523,8.137231445312523,11.833113606770857,76.01018444697063,94.46574036280315,155.70833468437195,12.691037092684683,7.207893128464605,6.25648142496749,7.304298655192099,1011.526416015625,-10.614085286855698,230.97340412934622,606.6160430908203,15.791314697265648,8.818414306640648,11.399794514973982,75.3624997138977,90.79722277323405,133.28472179174423,12.574183383706789,7.626305861129275,5.710528310139978,6.837003326416038,1013.0102083333333,-5.913077125946681,189.6232646740973,584.7321859995524,15.639947509765648,9.095605468750023,11.953679656982445,75.44444386164348,91.1606486638387,141.24999952316284,15.341058552211166,9.973334979553437,6.241125996907556,7.424807484944665,1011.64890625,-5.469663228839636,246.89485547443232,645.9939431349436,14.182885742187523,8.853265380859398,10.859484608968122,76.86296319961548,87.02083317438762,106.5694426856935,12.625903236619635,9.489543807018915,5.155141448974632,6.717903391520224,1013.1685677083333,2.5940439949433007,152.305735093231,511.83575439453125,14.517114257812523,8.921563720703148,11.077264404296898,74.91851838429768,92.69398244222005,75.12499916553497,13.058602985495982,10.128619977973827,5.259075419108115,6.54602966308596,1012.6112858072917,3.1298490514357886,159.5933586495618,615.4227765401205
2021-04-23,16.863702392578148,7.268273925781273,11.794199879964216,71.92314958572388,70.80648104349773,135.09027862548828,17.647702217424076,11.4037403224159,6.899825032552087,6.507910664876306,1017.0395963541667,0.21914144357045492,154.0753891815742,612.2247433662415,16.818811035156273,6.936914062500023,11.876223500569685,70.27222267786662,72.00046304861705,157.90277528762817,17.177005145762138,11.454665823978166,7.084839121500693,6.244330342610681,1017.2926627604168,3.435920457045237,155.88551878432432,613.2045553525289,17.498315429687523,7.609155273437523,12.164158121744814,69.83703692754109,70.39861249923706,35.847222447395325,20.273802144965398,11.470774655886032,7.0165026346842865,6.40477015177413,1017.0847298177083,-3.8716076016426086,177.40302076935768,670.6194008191427,17.843438720703148,7.048638916015648,12.07187423706057,70.2351845105489,70.41481506824493,179.45833539962769,19.70958278123116,11.796005392147066,7.464822387695335,6.376541392008505,1016.7877994791667,-3.5862170457839966,180.63557309905687,619.2946352958679,17.171746826171898,7.483331298828148,11.900675710042341,71.7888895670573,72.67129663626353,7.020833432674408,16.285727757681798,10.289470631397643,6.9769276936849,6.559575653076195,1017.247216796875,-3.6811365882555642,162.9394836475452,600.9938489596049,17.932366943359398,7.561791992187523,12.526397959391298,68.84861040115356,77.6805567741394,199.11805629730225,21.55147244466107,12.843490763028663,7.4578173319499115,6.508194224039755,1016.662900390625,-1.1208446075518925,196.60387294491133,691.5896399815878,17.230340576171898,7.840020751953148,12.06397399902346,71.11111164093018,78.43657382329305,1.8541666511446238,16.637936598670922,10.806134282902788,6.864649709065759,6.6080795288086165,1017.1946647135417,-3.894702672958374,172.1067781051,628.6678659121195,17.407281494140648,7.350000000000023,12.12116648356122,70.03842480977376,80.45185168584187,151.91666316986084,19.995713045773712,12.061466941772734,7.009177144368493,6.396412150065146,1016.863984375,-2.6361185908317566,168.88622083266577,665.3233359654745
2021-04-24,18.069909667968773,7.778558349609398,12.531681315104189,65.7249984741211,87.33935228983562,4.256944477558136,24.843750658704995,15.8495117272505,7.518743133544945,5.947263336181663,1015.76177734375,-4.29131156206131,231.89753798643747,638.3302946090698,17.416406250000023,8.505548095703148,12.614368693033876,67.91296291351318,99.05879592895508,137.45138788223267,23.732715653013948,15.19781736728892,7.437099711100302,6.543702697753929,1015.8593229166668,-7.708594044049581,231.82992280026278,619.2830200195312,18.430444335937523,7.596185302734398,12.446209208170595,66.23009284337361,86.0476843516032,5.826388902962208,26.5826109909012,16.431699796989886,7.465283966064476,5.97293370564779,1015.8022526041667,-4.4464248816172285,231.70278711120287,641.3479658762614,18.390710449218773,8.191583251953148,12.602620697021507,66.74953667322795,97.33009338378906,43.416667103767395,24.601008426145725,14.949079632601533,7.3980028788249115,6.265368398030603,1015.9027571614583,-7.245374684532483,249.5143568019072,639.0781946182251,18.080072021484398,7.751000976562523,12.440639750162783,66.77777862548828,91.08240763346355,5.513888876885176,22.12764696344427,15.102990350877226,7.256621297200525,6.1064252217610715,1016.059716796875,-3.9782701532046,204.04824165503183,637.9662634531657,16.601983642578148,8.427819824218773,12.47623214721682,65.47083298365276,99.94444402058919,11.701388776302338,23.0448470269711,15.07802047646455,7.19598286946615,5.943716939290368,1016.2058951822917,-4.551740845044454,206.32338844239712,619.7680524190267,16.957055664062523,7.711816406250023,12.122126515706404,68.36111195882161,97.76064809163411,12.951388984918594,21.782954687127805,14.927318254955438,7.360042826334677,6.153167978922568,1016.1487662760417,2.927216033140818,154.89612951874733,579.7623008092245,17.299157714843773,8.043969726562523,12.384418741862001,66.4273157119751,97.85138829549153,4.881944507360458,24.36721666244756,15.630899478230267,7.2463368733724,6.017536417643271,1015.9117838541667,-3.903606573740641,222.94243132074675,634.7801376978556
2021-04-25,13.680810546875023,9.876184082031273,11.602849578857445,86.14629618326823,100.0,134.7916659116745,14.98472841499716,6.949776640036461,7.3894579569499115,9.297257995605491,1011.4049641927082,9.936005741357803,35.28031529362003,349.27018610636395,15.407739257812523,9.936822509765648,12.716900126139345,78.33055559794109,99.90092595418294,176.56944519281387,15.748205106512353,8.698477956164847,8.048220570882165,8.864982859293661,1010.8320475260417,4.181014468272527,78.41072239230077,497.8515863418579,14.533227539062523,9.966546630859398,11.890615081787132,84.27083333333333,99.99305534362793,106.56944513320923,15.750666203134434,7.660450460957127,7.6442059834798215,9.2028633117676,1011.1783138020833,8.851499905188879,46.1334434337914,381.35246594746906,15.103051757812523,9.445123291015648,12.376546478271507,81.1365737915039,99.71203740437825,320.15277576446533,12.986017815852772,7.061570601331968,7.710029856363974,9.070268249511741,1011.0769694010418,4.961432973543803,75.19594520702958,447.1862735748291,15.044366455078148,10.137597656250023,11.881660715738954,81.95277881622314,100.0,72.45138883590698,13.381533376348516,7.4543765060978115,7.617383575439476,8.765369669596396,1011.402587890625,8.805184878408909,50.35281467437744,373.4351332982381,14.572015380859398,9.701318359375023,11.769867197672548,82.0777759552002,99.89398129781087,90.12499922513962,16.07564269491702,9.175095316467253,7.789861297607445,8.711656188964866,1011.367109375,9.153879622618357,47.889018627504505,396.5412762959798,14.576013183593773,10.228479003906273,12.030252075195335,81.06250127156575,99.98379643758138,54.59722173213959,12.752253004383222,6.144955786829563,7.764619445800804,8.775271352132165,1011.2671256510417,7.439167896906535,49.86564915565153,345.40782260894775,14.285607910156273,9.523858642578148,11.69552892049156,83.56759357452393,99.88472207387288,132.7152794599533,16.705784887008857,8.180825164767796,7.570980326334677,8.891946411132835,1011.3003450520832,7.18053337931633,48.70066785874466,383.3170846303304
2021-04-26,17.827783203125023,10.157495117187523,13.279926554362001,76.1768528620402,91.98888953526814,172.8055558204651,16.32271215334058,8.754482183666871,8.421500142415368,8.73971837361654,1006.3922819010418,-15.510927279790243,213.44586500773826,560.0500461260477,19.094842529296898,10.394677734375023,13.83158645629885,74.82083447774251,82.55648199717204,293.4791660308838,21.254047758920215,10.375596915479578,8.849220530192099,8.89884719848635,1005.9590071614583,-23.848928888638813,264.8451511239012,627.8478530248007,18.155999755859398,9.239282226562523,13.102042134602888,75.61574029922485,92.23842493693034,122.57638835906982,18.588145264957628,9.050368193129119,8.23294601440432,8.43986282348635,1006.312373046875,-16.7025066614151,225.98053866624832,546.6057416598002,18.203637695312523,10.607751464843773,13.505498504638695,75.65231466293335,84.40509351094563,276.4722213745117,19.760951019983267,9.993242559922836,8.418115234375023,8.859001413981161,1006.2264322916667,-18.350040078163147,233.09926626086235,606.9371428489685,18.352655029296898,9.220727539062523,12.874478912353538,76.76342407862346,89.97222153345744,125.36111068725586,15.126613469545056,8.290743320860395,8.213553365071618,8.475990549723349,1006.4598990885418,-19.41269423564275,225.17397831007838,488.42182501157123,18.305718994140648,10.487023925781273,13.394785817464216,77.24398199717204,92.46944427490234,308.0763864517212,18.106323518839964,10.234606804729218,8.385720825195335,9.053787485758505,1006.2444270833333,-17.861770888169605,231.07452145343026,577.589007059733,18.149652099609398,9.174829101562523,13.010593668619814,74.31250015894572,93.56388886769612,47.86805510520935,12.758629582761255,6.928886087623167,8.552128092447958,8.155385589599632,1006.57021484375,-17.593697338675458,213.9431303118666,471.2457990248998,18.430383300781273,10.284173583984398,13.506297047932966,75.37499984105428,88.68240769704182,326.98611068725586,16.52826301641929,9.316146349259173,8.461769358317099,8.751766459147177,1006.242392578125,-18.832122266292572,236.03581523398557,610.6408809026083
2021-04-27,19.601342773437523,9.383325195312523,14.064272816975935,68.15185228983562,74.77175990740459,89.04166674613953,11.413680663755924,7.640711664438077,10.072620646158896,7.852997080485068,1004.442509765625,-13.92889372507731,248.69618228077888,553.9489590326945,18.755761718750023,9.052270507812523,13.267043050130232,74.11805582046509,74.16388893127441,288.65278148651123,10.849431426398647,6.843473162143088,9.579834238688193,8.396553293863974,1004.272080078125,-7.090878074367841,242.82126120726267,484.455957253774,20.044213867187523,8.941796875000023,14.046866353352888,66.87685108184814,58.55879680315653,43.53472173213959,14.72345362576466,8.699162586430683,10.165298716227255,7.481374359130882,1004.43126953125,-14.958945492903391,267.644728153944,591.833232720693,19.104150390625023,9.821496582031273,13.55704523722333,71.0199073155721,88.48518657684326,190.73611116409302,12.161867322855647,6.355750260355557,9.970028177897177,8.009818013509118,1004.3257779947917,-8.16551705201467,203.71303775906563,463.29074064890546,20.064324951171898,9.043878173828148,14.057308451334658,64.42407417297363,63.48611048857371,33.437500059604645,16.16542416522726,8.55297764131254,10.156177775065146,6.940761820475302,1004.6415234375,-15.405566642681757,265.6198287010193,598.7098109722137,18.297814941406273,9.571038818359398,13.135864512125673,74.90786981582642,91.99398199717204,223.7430567741394,13.38887810580911,6.877304123388012,9.426529184977255,8.478520965576195,1004.452109375,-5.974377825856209,227.08523800969124,479.00235112508136,19.968041992187523,8.616540527343773,13.96317062377932,64.5074070294698,42.238889356454216,18.409722417593002,14.750055788635622,7.339301127636006,10.079337056477868,6.812839762369833,1004.857939453125,-16.04043408234914,280.050868421793,611.9769908587137,19.358056640625023,8.683343505859398,13.427906290690126,72.29861084620158,55.56759182612101,130.166668176651,10.086576999022364,5.410776278121819,9.910325622558616,8.082268015543661,1004.5748697916667,-12.104377915461859,262.86857197682065,519.5106698671976
2021-04-28,17.381982421875023,9.828698730468773,13.10852966308596,70.25185076395671,52.21203736464182,48.645833015441895,25.728742275090482,14.41676361269514,8.654434458414755,7.46491394042971,1005.3632259114582,0.062438249588012695,244.90119312206903,673.115265528361,16.117761230468773,9.173516845703148,12.416392262776716,80.05925798416138,75.95833464463551,232.39583158493042,19.68540559591431,10.192434958336817,8.368745422363304,8.92160568237307,1004.9190657552083,5.791974683602651,187.19591090083122,446.5626099904378,16.304162597656273,9.280175781250023,12.328507995605491,75.59166717529297,63.646759351094566,60.5972216129303,23.482690675980823,13.383224322043594,8.288758850097679,7.85647862752279,1005.4146321614583,5.628106524546941,205.85018256306648,615.3703912099203,17.284936523437523,9.285089111328148,12.782071685791038,76.06296269098918,73.71898138523102,150.74305391311646,23.863968633451417,12.565717123791417,8.641835784912132,8.406279500325525,1004.5691764322917,5.977141877015431,163.13214912017187,573.2046167055765,16.618096923828148,9.127893066406273,12.724265034993513,71.58472124735515,45.129166473944984,57.74999940395355,26.6876820291958,13.903372707365548,8.577366129557333,7.4080736796061615,1005.380927734375,1.0406143267949421,253.07612350583076,647.403200785319,17.890527343750023,10.091119384765648,12.973781840006533,75.36990753809611,70.94166605671246,154.9513874053955,25.032953386359342,12.454079286308767,8.738319651285849,8.356388346354208,1005.109814453125,3.04562375942866,184.85425948599973,601.9134459495544,17.671258544921898,9.453698730468773,13.235593414306663,68.3564813931783,48.6305547952652,33.98611119389534,27.538751443617002,13.895042185952738,8.918519592285179,7.19501902262374,1005.1363509114583,-1.8080467184384663,270.4838132460912,713.5698045094808,17.533654785156273,9.775506591796898,12.795638020833357,74.74120346705119,67.15648150444031,106.59722232818604,23.994192694696892,12.046612519764428,8.625576273600302,8.03214797973635,1005.2750260416667,2.803244926345845,185.23353797197342,613.5629005432129
2021-04-29,15.060784912109398,8.467584228515648,11.116585032145204,78.3333322207133,67.4782402118047,78.53472208976746,25.47309875061907,14.623573485929342,6.419087982177757,7.289856211344443,1007.7578678385418,7.972543432687719,166.2932617763678,579.5607563654581,15.757135009765648,8.705590820312523,11.468797302246116,76.64768584569295,71.6722224553426,89.11805653572083,26.39527562220534,16.426882682583173,6.496967569987021,7.278490956624353,1007.0853873697918,2.8212749982873597,204.87960836291313,636.5148859024048,14.838769531250023,8.993432617187523,11.093170420328798,77.50972175598145,67.59398118654887,90.73611092567444,25.551152513732276,14.763578093004597,6.360388692220056,7.140431976318382,1007.60017578125,7.848880499601364,170.8247809757789,574.2130810419718,14.927789306640648,8.152368164062523,10.937759653727236,79.69259421030681,67.65972264607747,95.13888835906982,23.653407775685185,14.448498919863255,6.312306976318382,7.356607055664085,1007.6458333333333,5.496774651110172,163.0626993725697,583.2299957275391,14.406121826171898,7.819604492187523,10.89111989339195,75.40694427490234,60.01805583635966,30.069444596767426,25.378453046145754,14.1534318203415,6.302615102132165,6.5116134643554915,1007.6593196614583,11.189793407917023,153.17122334241867,571.8299741744995,14.236138916015648,8.579492187500023,10.823594665527366,77.83379522959392,68.70277794202168,93.24999976158142,24.795058819708544,15.108827886427155,5.9929061889648665,6.929226175944052,1007.8021940104168,8.840756436189016,156.3414253691832,585.7693614959717,13.911462402343773,8.350000000000023,10.995043690999372,74.20648018519084,72.71944371859233,15.437499852851033,27.22872887944707,15.173215236246898,6.072209930419945,6.3761459350586165,1007.66169921875,10.997139225403467,163.42124317089716,615.1114807128906,14.833276367187523,8.974847412109398,11.111695861816429,75.87638886769612,63.71527882417043,78.2847216129303,25.72419081428203,16.372807821094582,6.189543660481775,6.7938400268554915,1007.3989225260417,9.734652362763882,169.0004090120395,640.0083182652792
2021-04-30,16.630700683593773,6.151940917968773,11.368683115641298,58.023611545562744,63.67546304066976,27.8680557012558,14.645216675978242,8.728477716198043,6.506528472900413,2.7292266845703352,1008.905439453125,-8.663990626732508,275.1646525859833,808.1680461565653,16.526605224609398,6.442742919921898,11.662585194905622,63.55787022908529,48.49583327770233,97.22916722297668,14.449599916911327,7.5548661639205905,6.8920150756836165,4.286696370442712,1008.942822265625,-6.997133433818817,254.09449752171835,707.2179342508316,16.589379882812523,6.383325195312523,11.37161788940432,58.79074080785116,70.44629700978597,32.63888895511627,14.896404144729855,9.22036736817692,6.328010813395224,2.9842099507649777,1008.860546875,-9.269074857234955,277.9573643008868,790.9923566182455,17.498101806640648,6.211572265625023,11.941634114583357,60.924074014027916,48.185184955596924,111.39583349227905,12.9920224208501,7.290531655662981,7.17908630371096,3.7272519429524777,1008.7306770833333,-12.800593475500742,290.61372633775073,801.9380604426066,16.230645751953148,5.618432617187523,10.917924499511741,60.25555531183878,62.86759305000305,9.347222208976746,16.5269975489074,9.444203846302159,6.1379931131999115,2.9148295084635834,1009.1212076822917,-5.575853010018666,269.4271367788315,763.1796646912893,16.672235107421898,5.965203857421898,11.454593912760439,61.69444465637207,56.91898230711619,45.64583337306976,14.653492582008985,7.695868657605755,6.917302703857445,3.653407033284509,1008.5635416666668,-7.336547464132309,248.02197976907095,728.64182583491,15.992913818359398,5.555657958984398,10.765657043457054,60.56157477696737,64.01666663090388,3.569444425404072,17.656284107842225,9.172183228483094,6.131800587972009,2.8443173726399777,1009.0783723958333,-3.7379940152168274,256.37299609184265,754.257232427597,16.491143798828148,5.716638183593773,11.272782897949241,59.75462897618612,66.13842503229777,33.07638883590698,14.992578621420023,8.262554784266682,6.622525787353538,3.0659767150879134,1008.7631966145833,-8.251192773381868,268.30111447970074,776.115637143453
2021-05-01,15.839929199218773,6.435601806640648,11.122599538167341,58.14213037490845,68.82731485366821,12.993055403232574,16.676505132135045,8.672348400876068,5.695349629720056,2.3825736999511946,1011.3687109375,-5.595521961649259,286.4870149095853,884.4014608860016,14.771386718750023,6.993218994140648,11.060576375325544,63.146759033203125,72.9324083328247,46.86111104488373,17.012536744403555,8.965362133131107,5.608014678955101,3.8548370361328352,1010.2571842447917,2.9701117873191833,249.0081691046556,726.744448184967,15.485101318359398,6.088830566406273,10.797603861490908,58.48796319961548,64.03981431325276,8.812500178813934,19.13741855835753,9.59011894360147,5.465926106770837,2.147285715738974,1011.6811979166667,-4.174606919288635,287.17325935761136,826.3402523199717,14.420098876953148,6.705560302734398,10.6408147176107,65.78425788879395,70.77314869562785,59.09027826786041,17.342788630960985,8.640481458093591,5.252076721191429,4.139746602376306,1010.7605403645833,2.419233560562134,255.25748812158903,642.6859696706136,15.595452880859398,5.961114501953148,10.667835489908876,59.822221438090004,58.96805628140768,7.590277910232544,15.304171256718517,8.43295148975637,5.258008575439476,2.4104896545410384,1011.9310709635417,-4.305816074212392,276.01317753394443,837.2996872266134,15.255273437500023,6.952050781250023,10.725025431315126,62.73981428146362,81.69537051518758,28.138888955116272,14.297408191882429,7.334149514449838,5.367673492431663,3.4067728678385834,1011.3093815104168,0.26056740681330365,248.5281107624372,730.65878033638,15.450433349609398,6.438867187500023,10.544386800130232,60.27592547734579,59.454167445500694,9.916666545905173,14.716863336594086,8.088704443715509,4.994720713297568,2.426563517252646,1012.0773404947918,-3.0156434923410416,260.4411588013172,812.8427022298177,15.291070556640648,6.850030517578148,10.722196197509788,61.17083247502645,85.44490671157837,14.138888865709305,11.673527287529573,6.721935368360961,5.4485031127929915,2.978096262613974,1011.2756315104167,0.6828579207261404,220.9414811929067,761.3322046597799
2021-05-02,16.657006835937523,7.162133789062523,11.534427897135439,55.8504638671875,69.79490701357524,30.416666626930237,13.33291927393754,9.085659989908592,5.581290181477868,2.2091855367024777,1015.9439908854167,-8.974245647589365,299.64417174458504,905.3918759028116,17.179772949218773,7.209527587890648,11.935231781005882,51.311574935913086,78.3319452603658,19.56944441795349,14.644557833208365,8.682126109728848,5.9308334350586165,1.4899485270182709,1016.0409342447917,-8.238883554935455,287.1910733481248,934.4936326344808,16.296319580078148,6.797448730468773,11.451233164469423,56.02407503128052,72.97314771016438,16.33333331346512,11.69216217581496,8.318090248888119,5.514150238037132,2.2966425577799896,1015.9319889322917,-8.830562969048819,286.4627373814583,872.7689329783121,17.457513427734398,7.460351562500023,11.882477060953798,51.292593002319336,76.85648123423259,14.312500029802322,17.07440751454354,10.19281672621945,6.230171457926474,1.374208068847679,1015.9003352864582,-8.873128473758698,296.87485150496167,937.6674353281657,16.247857666015648,6.487329101562523,11.318807220459007,55.39074166615804,77.45138883590698,5.965277750045061,11.84535185112533,7.875376574525776,5.397536214192712,1.9810361226399777,1016.272802734375,-7.457456529140472,285.2651836971442,854.4338059425354,17.280877685546898,7.798455810546898,11.969912465413435,52.35462951660156,79.47685082753499,15.222222328186035,15.028909464866759,9.79896171618739,6.1619799296061615,1.6684026082356809,1015.8959537760417,-9.266763746738434,288.8365947107474,970.0210437774658,16.304833984375023,6.692407226562523,11.479149119059267,52.128703673680626,76.74583347638448,1.5972222075797617,11.837879346686044,7.158817708463389,5.4633282979329465,1.2954015096028684,1016.2037109375,-9.80801240603129,290.193957755963,883.0993930498759,16.940911865234398,7.308557128906273,11.867808278401716,52.45324110984802,79.04027875264485,22.423611104488373,15.27271873332738,8.708757850062936,5.9680102030436615,1.6728975931803802,1015.8905859375,-9.368790626525879,285.43583179513615,935.5333604812622
2021-05-03,15.631066894531273,7.981561279296898,11.80670064290367,62.96805461247762,90.03657412528992,15.361111253499985,15.364071589261284,9.791000234035353,6.234045918782556,4.672711944580101,1017.9044270833333,7.443437993526459,147.9080950319767,576.1608757972717,16.834313964843773,8.071069335937523,11.708105977376325,63.633334477742515,75.9523142973582,46.23611104488373,18.25462710714201,11.317350528908984,5.966297403971396,4.782650248209677,1018.176533203125,3.400723827381929,198.3633679151535,579.6935729980469,16.188867187500023,8.146508789062523,11.710493977864607,65.08703660964966,91.10462935765584,18.312499925494194,14.736666336182076,9.949110412011569,6.116106923421228,5.063391621907556,1018.2128776041667,7.999998276432355,132.33994504312673,546.2940090497335,15.026849365234398,8.210046386718773,11.319759623209658,66.21481418609619,89.7083330154419,28.888888955116272,17.335688887813607,11.640760758170913,5.849666849772177,5.135044352213583,1018.208388671875,12.282559523979822,106.55903598666191,487.25612958272296,15.022271728515648,7.968743896484398,10.927336629231794,71.48194328943889,92.30555534362793,32.13888868689537,14.088485257423827,8.581905596858443,5.773014322916708,5.721610005696618,1018.3874544270833,14.594361085599909,97.4493888070186,440.3084590435028,15.575219726562523,8.052117919921898,11.384060160319033,65.5856483777364,88.68703826268514,19.284722208976746,17.473858559345985,11.110625231885308,5.941279347737634,5.0184252421061615,1018.5837923177082,10.423802852630615,121.19350010156631,470.3247474829356,15.094445800781273,7.838525390625023,10.729898071289085,72.15092595418294,94.51203695933025,39.93749982630834,14.243486008969434,8.75132366126141,5.694944000244163,5.659844970703148,1018.5734049479167,14.932319343090057,97.68190893530846,433.5427172978719,15.742181396484398,8.241143798828148,11.54651540120445,65.5166670481364,87.10277843475342,16.874999925494194,16.607250305285742,10.277222464841103,6.033258056640648,5.081577555338583,1018.2611848958333,8.895907382170359,135.2580368320147,516.5120635032654
2021-05-04,19.955957031250023,7.597528076171898,13.22123489379885,63.544907093048096,33.95833341280619,201.08333778381348,9.398889172612286,4.111099771861482,7.932431793212913,5.24046351114913,1017.1078743489583,-23.995534261067707,323.5630626877149,634.3621407349905,20.295190429687523,7.451867675781273,13.938462829589866,62.26620372136434,19.92499993244807,31.229167699813843,7.908736333530723,4.6420646305882025,9.099287923177087,5.873811340332054,1016.662890625,-22.885027527809143,317.6208734512329,607.9903688033422,19.970239257812523,7.371881103515648,13.230106608072939,61.73379715283712,31.387962758541107,193.00000762939453,7.3545086558033494,4.159117687796313,8.062964375813806,4.835483805338583,1017.225458984375,-22.341815272967022,319.3490189810594,618.4053656260172,20.894860839843773,7.537133789062523,14.256860351562523,60.486574014027916,20.323611186196405,34.82638764381409,7.1006291252714036,4.998832278153362,9.339585876464866,5.533111826578818,1016.578193359375,-24.117148955663044,315.23524942000705,656.8202911615372,19.969720458984398,7.326928710937523,13.22583923339846,62.02824060122172,23.363425691922505,128.66666793823242,7.621034590689571,4.7128359505533295,8.055940246582054,4.852479553222679,1017.4952278645833,-21.97993755340576,320.7856483757496,617.8429363568624,20.213250732421898,7.088586425781273,13.6016301472982,61.942593018213906,17.56018526603778,83.50000190734863,6.309798969477089,3.821281139025391,8.750188446044945,5.096156056722009,1016.93015625,-25.317120909690857,325.15359030167264,619.1193929115931,20.040185546875023,6.857019042968773,13.230438486735048,60.85694416364034,20.090277910232544,24.999999046325684,6.822688270201746,4.5884995343738915,8.241821543375693,4.57331237792971,1017.503564453125,-21.71262713273366,326.513495862484,620.2355184952418,20.086175537109398,7.316278076171898,13.334917958577497,62.97314771016439,25.559259633223217,159.83333587646484,6.929860091172302,3.832245018311118,8.28922805786135,5.208486175537132,1016.8998990885417,-23.740380088488262,323.47568118572235,624.6028751929601
2021-05-05,22.449182128906273,9.946496582031273,16.03938954671226,44.264352242151894,28.357871034182608,0.0,11.719421735464342,6.970485846000269,11.799747721354208,3.3554384867350677,1014.7085807291667,-18.40040236711502,328.2661300500234,693.2159593105316,22.694451904296898,10.507104492187523,16.24421844482424,46.03703689575195,23.90786952354635,201.1666717529297,8.050600241465503,5.74122871198207,11.984559631347679,4.108107503255212,1014.1664388020832,-19.539761046568554,327.2310839692752,667.3275388081869,22.600152587890648,9.942193603515648,15.981557464599632,44.47731510798136,27.793981674476527,0.0,10.778785841472368,6.704602285517055,11.746231333414755,3.348537699381552,1014.7794563802083,-18.997739275296528,328.8995226422946,676.4410761594772,22.783319091796898,10.140802001953148,16.259144083658878,45.709722677866615,26.534721994462114,193.00000762939453,9.467562407221632,5.992227445080286,12.064824676513695,4.0279034932454465,1013.9210123697917,-19.403778851032257,326.82487082481384,683.8028743267059,22.524255371093773,9.977655029296898,15.94700647989911,43.8828706741333,29.680092897887032,0.0,10.045020895198576,6.211476876288811,11.690370178222679,3.1487899780273665,1015.0673470052083,-18.772291441758473,328.59717826048535,664.5236676534017,22.590600585937523,9.827752685546898,16.157913462320987,44.9597217241923,21.634722127889592,128.66666793823242,11.880517416757641,6.417643017936975,12.007451629638695,3.7283912658691634,1014.365966796875,-18.732346653938293,327.1328265269597,700.4244807561239,22.397698974609398,9.774438476562523,15.823415374755882,43.143519004186,27.5277774532636,0.0,10.213193687065436,6.104215695263556,11.595035807291708,2.776155090332054,1015.146982421875,-18.6401104927063,329.4926840861638,658.8588994344076,22.560693359375023,9.891107177734398,16.123202260335308,44.41018501917521,29.1972220800817,24.999999046325684,12.859398203285973,6.962368092427826,11.920501963297568,3.506818389892601,1014.5365690104168,-19.000084896882374,327.28751655419666,701.8785754839579
2021-05-06,23.643182373046898,10.800408935546898,17.14783121744794,46.82453751564026,47.54537020126978,0.0,17.420882270749807,9.21851067878238,13.080200449625693,5.081915791829431,1014.8972298177083,-13.957844217618307,313.7310982942581,671.2776583830515,23.802941894531273,10.951898193359398,17.285068766276066,48.02083365122477,34.8671290675799,0.0,18.919351964871133,9.922789718860814,13.037379201253259,5.544697062174521,1014.637080078125,-15.109394470850626,324.43919036785763,690.2240842978159,23.683343505859398,10.738397216796898,17.085791524251324,47.539352337519325,35.156481911738716,0.0,18.397953500680355,9.510561630610786,13.093940989176474,5.316776529947958,1015.0729329427082,-15.091826319694519,323.92629873752594,638.2176901896795,23.876275634765648,10.839715576171898,17.199961598714214,47.82731501261393,28.5805557568868,0.0,17.66316704131538,9.788619395293333,12.995992279052757,5.332344309488974,1014.3906966145832,-15.216510931650797,327.3592758178711,700.7080668608347,23.532708740234398,10.535272216796898,16.900014495849632,46.95879713694254,44.09814900159836,0.0,17.425213174122494,9.213794813501345,12.905262247721396,4.969654337565146,1015.199423828125,-14.48564108212789,322.04252843062085,637.1666480700175,23.973931884765648,10.973870849609398,17.322995758056663,46.48842565218607,29.187962889671326,0.0,17.80605347239388,9.38761369264266,13.199756876627646,5.105388895670615,1014.5296028645832,-15.19694165388743,327.1168149113655,707.002959728241,23.601586914062523,10.405541992187523,16.83258463541669,46.51805559794108,45.70092634359995,0.0,16.664060353090306,9.13253449507448,12.866625722249353,4.738418833414755,1015.2638411458333,-14.533287286758423,321.73910133043927,639.4783758322397,23.908105468750023,10.845056152343773,17.243222808837913,46.21111138661703,24.160185173153877,0.0,17.394732672279,9.515771514047811,13.137053426106775,4.965369160970056,1014.7710709635417,-15.068480332692465,326.38605773448944,699.5385888814926
2021-05-07,24.210015869140648,11.307183837890648,17.74889653523765,46.21990728378296,8.812037172416845,0.0,13.105703764099298,7.159258701059815,13.53113708496096,5.489719645182333,1016.6995768229167,-17.594768126805622,326.03413971265155,585.5322924057642,24.632775878906273,11.447045898437523,17.966982777913433,44.67916735013326,11.530555807364484,0.0,14.700847839582556,7.9674779741621835,13.730537668863974,5.068341827392601,1016.5863151041667,-16.468991319338482,328.0025995373726,628.4908452828726,24.600518798828148,11.272210693359398,17.9463198343913,44.399999698003136,10.742592590550581,0.0,12.735468115920076,7.137308970216118,13.675921376546228,4.924305216471396,1016.7717024739583,-17.40350087483724,325.4449788928032,627.1589598655701,24.231256103515648,11.191583251953148,17.684620157877628,45.59027783075968,10.244907268633446,0.0,13.313500050512673,7.323418402859133,13.576946512858115,5.171132659912132,1016.6464973958333,-16.44256446758906,328.9289140899976,582.2807927131653,24.515435791015648,11.233728027343773,17.869416809082054,45.049074252446495,9.108333269755045,0.03472222248092294,12.865050616500149,7.006340964483772,13.545615132649743,4.9908678690592865,1016.8767447916667,-16.763069311777752,322.49936920404434,623.105060338974,24.338922119140648,11.285516357421898,17.747576649983746,46.776852448781334,8.973147991423806,0.0,13.50925301316766,7.343916133459948,13.59125671386721,5.581296539306663,1016.7638216145833,-16.781752824783325,327.735161503156,587.0473423798879,24.385308837890648,11.058343505859398,17.75409342447919,44.153703451156616,9.111111025015513,0.04861111147329211,11.88348933911439,6.298057322010675,13.467958068847679,4.655531819661462,1016.9558561197917,-17.004188299179077,322.4084233045578,611.1139837106069,24.296441650390648,11.438867187500023,17.83368326822919,48.01111078262329,7.924073916549484,0.0,13.500440152359465,7.291853950940692,13.568308766682946,6.048499043782556,1016.6560286458333,-17.554123242696125,325.2659442226092,590.8359204133352
2021-05-08,25.782952880859398,12.715875244140648,19.294300333658878,39.024073918660484,61.03194444874922,0.3333333358168602,27.90255277883319,11.861582414983019,15.794463094075525,4.308310445149743,1012.6597916666667,-10.497428297996521,290.88336513439816,812.707512140274,25.707849121093773,12.635156250000023,19.120699818929058,41.8407408396403,62.5824071764946,0.0,26.586496957544966,11.004147090820895,15.728327687581384,5.13260167439779,1012.4849153645832,-12.046748121579489,289.9292243917783,751.1723579963049,25.549493408203148,12.778222656250023,19.254534657796246,39.17222237586975,63.191204657157265,0.3333333358168602,28.704996231484596,12.114147621930016,15.771783447265648,4.41032435099288,1012.5570930989583,-10.373912890752157,284.9577023585637,804.0627781550089,26.016381835937523,12.632501220703148,19.387061055501324,39.09814818700155,52.99675911664963,0.0,28.09616929582562,12.29087615169203,15.843614196777366,4.3276471455891965,1012.2936263020833,-11.99814510345459,297.4614776968956,830.3180399735769,25.716180419921898,12.608148193359398,19.202108001709007,38.88240750630697,62.906017600248255,0.1666666679084301,28.858897177532246,12.042461637208907,15.582615152994833,4.207727050781273,1012.9886295572917,-11.125077505906424,293.51101791858673,809.1413746277491,25.852685546875023,12.609033203125023,19.298621114095074,39.19398093223572,54.0222225189209,0.1666666679084301,27.711878768082418,11.975790808383254,15.794671630859398,4.305071767171228,1012.5335904947917,-11.905317664146423,294.0476238330205,826.3712786436081,25.606835937500023,12.700433349609398,19.29154230753583,39.30833355585734,62.61851834629973,0.0,29.009122037372986,12.281060400081671,15.627275085449241,4.424799855550134,1013.0891634114582,-11.519105831782023,294.8921042084694,824.5122388601303,25.838159179687523,12.567803955078148,19.244246419270855,38.61250034968058,59.48425889015198,0.1666666679084301,27.94586924932466,11.784970976801853,15.77832692464193,4.098111724853538,1012.5496940104167,-11.156818826993307,292.4318480491638,822.4149041175842
2021-05-09,17.455957031250023,10.077142333984398,14.12747726440432,58.126851081848145,85.28796283404033,19.437500063329935,37.039751297379006,22.280906546744273,9.304790751139365,5.43943812052413,1007.3819596354167,16.9778493642807,202.88528188069662,842.3997526168823,17.480249023437523,10.283319091796898,14.19797541300458,58.78194491068522,91.37592474619548,27.812499883584678,37.864488431883764,22.246255205848893,9.390412902832054,5.822993214925134,1007.0268619791667,22.427567074696224,146.06527576843897,863.8638547261556,17.424493408203148,9.717004394531273,13.752281443278017,61.919906775156655,87.5115737915039,36.93055537389591,37.9330358159344,21.7583240848969,8.927359517415368,5.98834126790365,1007.5878548177083,22.64155262708664,159.85407654444376,836.0070740381876,17.754785156250023,10.049096679687523,13.943471527099632,60.14166657129923,88.15740791956584,41.85416651982814,36.46792685277947,21.431319409226774,9.207680002848349,5.895415242513025,1006.8303255208333,22.547221960810322,140.13507416844368,849.1144069035848,18.438897705078148,10.013604736328148,14.149040476481142,60.21481434504191,92.38657442728679,41.04861104907468,39.449530320079866,22.70238118116409,9.287009175618493,5.808338419596396,1007.752744140625,20.060312648614246,171.8744431634744,899.6790221532186,17.005578613281273,9.982019042968773,13.870748138427757,61.58981577555338,81.23148119449615,40.04166640667245,35.93311952338195,22.230237961161606,9.066618855794275,6.120682017008505,1007.2249055989582,20.027609805266064,184.59197799364725,824.6658878326416,18.676843261718773,10.008081054687523,14.3520332336426,60.30416695276896,93.54027716318767,33.27083346340805,41.04727362700662,22.578531467261,9.493262227376306,6.115687306722009,1007.560546875,19.047827382882435,171.79874324798584,899.7833426793417,17.194268798828148,9.450463867187523,13.853611246744814,62.56620422999064,81.23333326975505,45.125000178813934,36.69783351050063,23.634855143733912,9.064607238769554,6.362952168782556,1007.04076171875,22.8133947600921,155.23164798816046,864.1292022069296
2021-05-10,16.452874755859398,6.381372070312523,10.73615671793622,68.36620426177979,40.07638895511627,145.20138788223267,35.773170561512075,18.87869807093806,5.164715067545615,4.389981842041038,1010.370869140625,6.499403258164723,310.16734419266385,955.9982261657715,16.476831054687523,6.300317382812523,10.726221974690779,66.13564761479695,40.90324000517527,70.27777814865112,34.16265742538809,19.41945125275686,5.211001332600915,3.9198954264323334,1010.3383919270833,6.029854193329811,304.6317505836487,964.0596481959025,16.262200927734398,6.358850097656273,10.589899953206404,68.88564825057983,48.36759344736735,130.66666650772095,35.61080683217397,19.269866632462154,5.142696634928427,4.465113576253259,1010.3075032552083,5.494809026519458,313.8837057352066,944.7354996999105,16.530053710937523,6.424829101562523,10.66983820597333,67.60138877232869,53.63286888599396,115.04861211776733,33.19551127348953,18.54899368834969,5.200991566975915,4.141585286458337,1010.35974609375,3.8692354261875153,310.3059285879135,941.8358643849691,16.291680908203148,6.171563720703148,10.695737457275413,67.62823963165283,48.79398047924042,87.02777791023254,36.57464032406197,19.027945677555042,5.21112976074221,4.198965962727868,1010.423828125,4.640320207302769,321.03388023376465,983.8461252848307,16.417810058593773,6.816644287109398,10.781780497233095,67.125,60.66666567325592,153.1319441795349,33.04969234235833,18.459823048440573,5.366666412353538,4.124831136067712,1010.3542610677083,5.339911311864853,315.71323959032696,955.2546825408936,16.186700439453148,6.422875976562523,10.526253000895204,68.6398138999939,42.95277810096741,20.13194441795349,35.58705677035014,18.743656172086038,5.157547251383505,4.338471984863304,1010.3568782552082,5.278121943275134,318.6105372707049,924.5495834350586,16.682916259765648,6.905541992187523,10.810320790608747,66.9717591603597,51.78564806779226,128.50694465637207,34.60930043356054,18.629507275078115,5.304812367757165,4.119521077473962,1010.173828125,5.389642318089803,320.7539959351222,956.7006543477377
2021-05-11,16.160424804687523,5.050012207031273,10.463416035970075,55.39120356241862,39.26342566808065,26.80555498600006,20.883286755448616,16.71304387223546,3.8066523234049896,0.9886884053548215,1017.3258235677083,0.8230017820994059,332.55449426174164,1148.683578491211,15.787774658203148,4.861474609375023,10.462397511800154,54.92824045817057,49.379165967305504,175.54861307144165,21.385227147845008,16.44892123583598,3.768788909912132,0.868653869628929,1017.256279296875,1.9382521708806355,324.2438312967618,1181.8574651082356,16.373681640625023,5.016656494140648,10.629038747151716,53.63611078262329,33.98472225666046,23.58333319425583,20.768522633115683,17.08772467474996,3.8382240295410384,0.6565376281738509,1017.3232552083333,0.6435409262776375,335.1720202763875,1168.2132517496746,15.589990234375023,4.894036865234398,10.199641164143904,56.83194382985433,45.78055556615194,157.9305543899536,20.424335301269544,15.70346591491086,3.608466084798181,1.141962941487634,1017.1493294270833,2.932357626967132,323.6715775529544,1117.8200435638428,16.259484863281273,5.366326904296898,10.634255981445335,52.90324052174886,37.942593455314636,16.04166668653488,20.991780032092112,17.211410139153156,3.7401405334472884,0.495393371582054,1017.5722395833333,1.0404497186342876,333.9134215911229,1190.106480916341,15.816918945312523,4.907983398437523,10.119771575927757,56.77638943990072,57.63564785321554,118.48611354827881,22.356141147156382,16.677841638875588,3.6360654195149777,0.9675104777018646,1017.2158528645833,4.071677029132843,319.46657103300095,1139.3507614135742,16.307641601562523,5.286828613281273,10.711658732096376,53.654165824254356,36.862500508626304,14.895833432674408,21.338666834611494,16.77951237990785,3.867110188802087,0.7236928304036496,1017.6753873697917,0.5540007303158442,333.45202509562176,1167.1062437693279,15.901147460937523,5.023400878906273,10.36945749918622,56.07361157735189,52.068055868148804,62.222222566604614,21.352655947848024,16.758041489418424,3.718085225423181,1.0737052917480696,1017.0799576822917,2.488524595896403,321.23553876082104,1157.364138285319
2021-05-12,16.803796386718773,9.019586181640648,11.876785532633486,59.94676033655802,72.78611127535503,7.729166656732559,26.29878016140247,18.513083852739094,6.429495747884118,3.9956947326660384,1017.9263639322917,1.187082290649414,228.03585391491652,826.5373083750407,17.040917968750023,9.068505859375023,12.19706751505536,57.54537057876587,70.25648109118144,30.284721851348877,26.231107527901347,20.02549004493858,6.220291392008505,3.6883890787760834,1017.44099609375,-2.9771079619725547,266.46888595819473,927.6699244181315,16.765802001953148,8.738153076171898,11.880153910319033,60.60648059844971,74.88842622439067,8.652777696959674,26.24813213861858,19.282046209840434,6.412684377034509,4.104266103108728,1017.683603515625,3.929190735022227,210.09579295913377,849.1202112833658,17.885675048828148,8.856683349609398,12.341274515787783,57.09398126602173,68.32823999722798,27.645833134651184,27.890320577492897,21.394337017015825,6.4152821858724,3.566707865397177,1017.0630240885417,-0.29892178376515705,258.4991092036168,1008.6344025929769,17.005212402343773,8.889947509765648,11.984675343831404,59.8282413482666,72.47361032168071,6.500000011641532,27.008951562163272,19.926931256746727,6.445904032389365,4.022824859619163,1017.7497721354167,0.8643758098284403,236.32910718768835,871.9004287719727,17.081140136718773,8.995629882812523,12.17456970214846,58.31759246190389,79.36018530527751,20.402777791023254,26.872792202938886,19.855363220801888,6.228492991129599,3.892292277018271,1017.5777115885417,-2.6118589440981546,252.53877858817577,914.1395772298177,17.332299804687523,8.733697509765648,12.119644419352236,59.44583304723104,67.76342463493347,9.45833317283541,27.792488268535777,20.540585515358156,6.339967346191429,3.975813802083337,1017.8115169270833,-1.1187202334403992,260.4969827483098,913.0323944091797,17.670495605468773,8.833093261718773,12.305581665039085,57.006945292154946,75.61435135205586,17.89583331346512,27.114263486206678,18.571504512607987,6.463067626953148,3.604493713378929,1017.792939453125,-1.1657176266113918,238.89287177721658,945.6898403167725
2021-05-13,17.509759521484398,6.757928466796898,12.495918528238954,61.08842658996582,46.62870383262634,12.951388955116272,21.314721975210837,12.594244747171892,7.2273117065429915,4.81161778767904,1016.532177734375,0.5118508835633596,206.02336835861206,648.0682737032572,18.053002929687523,6.580316162109398,12.331315612792991,61.13472127914429,53.447684824466705,13.680555522441864,22.74738848967494,13.155229515460462,7.05658874511721,4.641132609049521,1015.8576692708333,-1.0036944846312206,216.36161039272943,644.0159168243408,18.677117919921898,7.205560302734398,12.945133463541689,59.88935041427612,56.01712838808695,5.263888984918594,22.939675949864792,13.518891470901702,7.568051910400413,4.917359924316429,1016.3967317708333,-6.272784908612569,251.8027040362358,699.3423204421997,18.588647460937523,6.633935546875023,12.574072774251325,61.45462894439697,44.60601862271627,15.826388537883759,21.83390417664869,12.49056233105297,7.233605957031273,4.94739939371749,1015.701865234375,-4.915191262960434,240.0122757355372,648.1392588615417,18.799340820312523,6.966760253906273,12.876985168457054,61.22222185134888,59.13287011782328,2.4166666492819786,22.86062831266326,13.416031412007058,7.567433929443382,5.14734802246096,1016.20330078125,-6.18845088283221,241.86247464021048,678.6725098292032,18.214288330078148,6.470483398437523,12.409865315755232,60.58981482187907,54.979629834493004,12.20138892531395,21.002445985534276,12.405065071178745,7.078321075439476,4.565761820475302,1016.2569173177083,-5.934328198432922,249.84403602282205,667.2060317993164,18.783319091796898,7.015435791015648,12.850249226888044,60.99861224492391,55.19305511315664,0.48611112497746944,21.092098800350527,13.759449942959264,7.46448669433596,5.103457387288415,1016.27458984375,-6.044817477464676,241.95966360966364,691.6230392456055,17.412927246093773,6.632836914062523,12.441950734456404,60.48703638712565,49.23101834456126,15.013888657093048,20.881423854720996,12.923841320159761,7.2738878885905365,4.6003585815429915,1016.1215625,-2.0259456038475037,214.33559654156366,644.7729986508688
2021-05-14,21.013299560546898,9.812127685546898,14.833757019042991,52.16157333056132,62.749536871910095,3.1458334401249886,17.090016448174733,12.100542452007147,8.683604176839196,3.983815765380882,1015.3741861979167,-16.345673501491547,318.28857283790904,815.7351241906484,20.641870117187523,9.621850585937523,14.644490814209007,51.27083365122477,66.93611045678456,17.097222328186035,17.647816144408417,13.141248472796308,8.381070709228538,3.5403292338053802,1015.4543815104167,-17.41680524746577,322.9831854104996,834.3842970530192,20.997186279296898,9.876092529296898,14.839888509114607,52.801851987838745,61.12916680177053,7.805555701255798,15.959554908879557,12.264394861404378,8.581033325195335,4.198407745361351,1015.542705078125,-19.11430815855662,323.71342353026074,837.6811647415161,20.631768798828148,9.103875732421898,14.462068176269554,52.675462086995445,64.45092578728993,8.597222030162811,20.109092702664636,12.42032123219443,8.44272384643557,3.7323242187500227,1015.2902018229167,-15.968467473983765,319.79451555013657,813.5744946797689,20.885339355468773,9.639916992187523,14.721576944987001,52.85786962509155,64.4171302318573,6.479166895151138,16.886211318275393,11.933107709307437,8.552744801839196,4.103564198811853,1015.7218489583333,-19.369317809740703,325.975941379865,827.2924903233846,20.808007812500023,9.437524414062523,14.671793874104841,52.22083361943563,51.69027771552404,8.66666653752327,16.41147319925521,11.994941321141633,8.487546539306663,3.7635907491048215,1015.1493619791668,-17.777799397706985,328.01351930697757,842.0904111862183,20.975213623046898,9.654016113281273,14.750325775146507,52.83935213088989,52.1194437344869,2.0347222089767456,17.05891375988647,11.655914641405701,8.604534403483115,4.1313707987467865,1015.5794498697917,-19.807128429412842,331.1692513426145,835.5965662002563,21.091088867187523,9.656854248046898,14.81675745646161,51.9796294371287,58.31944417953491,4.520833373069763,16.64882425740795,12.314915320464479,8.651298777262411,3.8783813476562727,1015.2663118489583,-17.99394766489665,325.8051479458809,806.3294903437296
2021-05-15,24.550256347656273,10.835748291015648,17.78371454874677,51.15972216924032,80.45648145675659,0.1666666679084301,20.291991789589435,11.62525744655599,13.51539255777999,7.033757781982445,1014.7953515625,-18.368210514386494,298.49122871955234,651.8606719175974,25.102960205078148,11.087304687500023,18.172779337565128,47.911111195882164,89.62546348571777,3.3333334922790527,20.257574776334195,10.395389519643594,13.932552591959677,6.426858520507835,1014.85591796875,-18.852418144543964,301.45747977495193,622.6625427802404,24.561212158203148,10.645867919921898,17.76144434611005,49.269907315572105,91.47824128468831,0.013888888992369175,20.967105157504307,11.488375457202158,13.58600769042971,6.4315963745117415,1015.0370540364582,-16.74148666858673,294.50673798720044,641.8152799606323,25.102807617187523,11.061059570312523,18.1769106547038,48.9476850827535,92.52916717529297,8.000000238418579,19.723753424170265,10.695333634816643,13.858162180582724,6.7182111104329465,1015.1516634114582,-20.51044225692749,313.12229148546857,628.7500299215317,24.073358154296898,10.585351562500023,17.447887674967472,49.01296281814575,97.77824052174886,0.0,20.730853168093823,11.361863890961947,13.351773834228538,6.13437169392904,1015.161220703125,-14.538852473100027,277.2693895498912,603.1707305908203,25.208367919921898,11.076959228515648,18.01306559244794,48.7800923983256,85.1976842880249,6.6666669845581055,19.891640485181863,10.76495749571212,13.767888641357445,6.53559519449874,1015.299501953125,-19.21009562412898,309.20453637838364,607.6921916007996,24.369470214843773,10.489312744140648,17.40643717447919,48.428240617116295,92.97870445251465,0.0,20.385703453503314,11.265960014481726,13.31574656168624,5.928371683756552,1015.1650423177083,-16.330423891544342,290.52027583122253,616.506657799085,24.818231201171898,10.947991943359398,17.871419525146507,49.5629628499349,85.93472290039062,2.166666626930237,22.44208366361543,12.063728012788564,13.64646937052413,6.639705912272177,1014.8354720052083,-18.718974590301514,318.0333248972893,617.5256813764572
2021-05-16,25.317926025390648,12.545892333984398,18.902314758300804,58.931480407714844,58.00046340624491,0.1666666679084301,18.92685547670537,10.832207877328628,14.265274302164755,9.960356648763025,1013.7776302083333,-19.217916925748188,296.40515009562176,722.8844497203827,25.879418945312523,12.582849121093773,19.15021158854169,58.374537309010826,76.5152775446574,0.20138889038935304,18.95373488634092,10.421806553058095,14.786014811197958,9.913359578450525,1013.6271549479167,-21.32280906041463,317.832627137502,710.4016087055206,25.043634033203148,12.763238525390648,18.886904652913433,60.205557346343994,71.90370424588521,0.1666666679084301,18.549630705699883,10.74302880702344,14.269589996337913,10.313389078776083,1013.6882682291667,-18.401062111059826,289.05101549625397,704.4685281912485,25.991082763671898,12.891076660156273,19.302766418457054,57.5240748723348,69.08379558722179,0.1666666679084301,18.84482272890268,10.331945270951781,14.750758107503259,9.896255747477255,1013.8915657552083,-21.23616083463033,316.3645573457082,708.1636909643809,24.461145019531273,12.399591064453148,18.450457509358746,60.91527795791626,68.71250033378601,0.06250000046566129,19.738897298142053,12.058225716123507,13.941464996337913,10.145496622721396,1014.0936653645833,-17.558212876319885,286.4365167617798,662.0470522244772,25.217919921875023,12.526422119140648,18.832246398925804,58.165740172068276,69.80370398362477,0.0,19.55351549142586,10.99507420715877,14.273311869303427,9.681000010172568,1013.97748046875,-19.76043911774953,304.4823097785314,716.0118327140808,24.320153808593773,12.243737792968773,18.162610626220726,61.29120349884033,61.32639034589132,0.041666666977107525,22.595283089359558,13.222230148074557,13.748808797200525,9.979208882649743,1014.173857421875,-14.859589338302612,282.1491687297821,670.5222687721252,25.085717773437523,12.565057373046898,18.797339375813824,58.768054485321045,68.24907485644023,0.07638888945803046,20.87235374897649,11.902446322858736,14.134224192301474,9.81510950724288,1013.935966796875,-18.44765853881836,304.2515195409457,744.8085130055746
2021-05-17,23.822625732421898,11.056726074218773,17.1417544047038,50.097222010294594,67.338889280955,0.1666666679084301,12.996701287712554,8.414121281134967,12.023978169759118,5.1794970194499115,1016.6167220052083,-11.262780338525772,315.58907381693524,683.2333947817484,24.583306884765648,12.960961914062523,18.644490814209007,53.131020387013756,77.90694411595662,0.1666666679084301,17.63112847794964,10.012550443422432,13.22609354654952,7.888429260253929,1015.231943359375,-14.198082327842712,311.6627034346263,741.8719892501831,23.826531982421898,10.825189208984398,16.90028533935549,50.733797232309975,72.49490809440613,0.1666666679084301,15.401931466831654,8.743614800102513,11.743328348795615,5.162282562255882,1016.7731022135417,-11.138008832931519,314.1332551042239,666.4515954653422,24.361444091796898,13.284020996093773,18.568401590983097,53.54074104626974,78.73101870218913,0.2777777798473835,16.45498990181009,9.337553622983995,13.030604298909509,7.763144429524743,1015.4516666666667,-15.369166056315104,309.42883374293643,741.3970224062601,23.933251953125023,11.339196777343773,17.232029215494816,52.49305526415507,70.87268511454265,0.5000000149011612,16.18846267653189,9.056472195607485,11.751921590169275,6.117242431640648,1016.7085579427082,-13.465521340568861,323.6122199495633,709.3564516703287,24.419396972656273,12.469262695312523,18.103775278727237,54.21666510899862,67.01435152689616,0.1666666679084301,19.292925028596976,10.354606963890822,12.614895121256552,7.783325449625693,1015.8830859375,-14.783283770084381,318.44438723723096,755.9731753667196,23.983300781250023,11.339654541015648,17.35109736124677,51.069908221562706,65.83981513977051,0.1597222234122455,12.684405401181266,8.219771106882682,11.884111022949241,5.5569015502929915,1016.47009765625,-14.259591981768608,327.532631834348,710.7389637629191,24.125543212890648,11.438989257812523,17.48609059651695,51.36435206731161,69.87407406171162,0.1666666679084301,12.817806401969996,8.60294392862779,12.281616465250693,6.202687835693382,1016.40947265625,-14.657431100805601,326.5704121987025,745.0898979504904
2021-05-18,24.689385986328148,12.196008300781273,18.325222269694034,42.36388897895813,62.78703753153483,0.0,21.57990867414676,11.452895848823715,13.082109069824241,4.98135655721029,1018.152529296875,-11.283147354920706,322.709207157294,840.5706879297892,24.971032714843773,11.674584960937523,18.15701828002932,41.122223138809204,47.25046328703562,0.1666666679084301,17.08499981911606,10.127978224492328,13.131926472981775,4.35696690877279,1018.5819173177083,-13.05682905515035,332.29810698827106,838.7747059663137,23.781304931640648,12.115197753906273,18.25897369384768,44.36574093500773,55.62777864933014,0.0,19.90232613994681,11.640861765653604,13.118614451090536,5.668271636962913,1018.0538606770833,-8.974253376324972,296.09450147549313,801.8573706150055,24.394433593750023,12.054803466796898,18.152412668863956,44.87777805328369,67.42453638712566,0.1666666679084301,22.093317516615816,11.462194828564913,12.874389902750693,5.623986816406273,1017.8761783854167,-12.730746606985727,316.3403162956238,849.2153900464376,24.641442871093773,11.724877929687523,18.163635508219425,44.01527818044027,55.2023138999939,0.0,21.570491736499612,11.617987910523345,13.160206095377646,5.425786590576195,1017.9264811197917,-9.832380533218384,302.753216902415,846.2366860707601,23.957147216796898,12.197808837890648,18.255556996663433,45.86064783732096,65.64536921183269,0.5763888992369175,20.01766415277172,10.821034875174961,12.765378570556663,6.072897847493493,1018.0543033854167,-11.683328211307526,306.91196511189145,837.5717170238495,24.208062744140648,11.704125976562523,18.10893020629885,43.81435219446818,59.328703582286835,0.0555555559694767,20.728606733194326,11.770409489684729,13.187916056315146,5.336012776692712,1017.822958984375,-8.793301224708557,286.3507251739502,843.3861624399821,24.406030273437523,11.891534423828148,18.198391215006534,43.075000286102295,56.56759329636892,0.1666666679084301,21.399109175292036,11.194939907750438,13.00189870198568,5.177100118001306,1017.8393619791667,-10.362039168675741,302.86436982949573,837.8245395024618
2021-05-19,23.586724853515648,10.738885498046898,16.865930175781273,48.583796660105385,60.602315505345665,0.0,15.071525057431101,8.997266976990055,11.402569071451865,4.956924692789755,1021.014248046875,-11.373771985371908,336.53233079653,676.3038380940756,24.165704345703148,11.255792236328148,17.365450795491558,44.95185152689616,65.0152775446574,0.0,18.200887542248466,9.059834830323739,11.923876698811853,4.433966573079431,1021.394404296875,-9.773967186609903,333.9774594162009,712.3213567733765,23.741357421875023,10.377618408203148,16.80731353759768,48.70648169517517,42.84861183166504,0.1666666679084301,16.00392512004095,9.665066756527652,11.339421844482445,4.8187970479329465,1020.94173828125,-11.143347144126892,339.35636721592164,695.980809211731,24.094445800781273,11.450006103515648,17.253345743815128,45.299074252446495,52.20509203275045,0.0,17.817640225428747,8.99155064784069,11.931789652506552,4.443144734700525,1021.2881184895833,-11.997125168641409,338.5228563600879,680.3632767995199,23.440362548828148,10.197320556640648,16.758901214599632,49.46203740437826,61.53564715385437,0.1666666679084301,16.50798458353884,10.135774928332,11.138132985432946,5.0123217264811615,1021.17103515625,-10.415235141913096,338.0377994829517,707.6348349253336,23.861108398437523,11.695947265625023,17.23051732381187,45.994444370269775,58.674074490865074,0.0,17.71207863304726,9.176038298280394,11.75938440958663,4.636001841227255,1021.0214778645833,-11.684970140457153,338.00385253172135,685.4666956265768,23.392602539062523,10.452813720703148,16.829854583740257,49.41111048062643,56.894445617993675,0.0,17.138172499070386,10.27404514803821,11.196097310384118,5.047345733642601,1020.9145279947917,-10.663251360257467,338.11092242142576,713.9369575182596,23.725854492187523,11.317041015625023,17.039147949218773,47.283796310424805,63.92870318889618,0.1666666679084301,17.17775452934451,8.963758638593356,11.584433492024743,4.810208892822288,1020.9922135416667,-12.216071605682373,337.84104896129185,683.0837225914001
2021-05-20,25.958123779296898,10.449975585937523,18.176171875000023,42.598147789637245,68.84120337168376,0.0,15.587272664256856,7.552597195451281,13.89787317911788,4.631912485758505,1020.9560774739583,-15.832990144689878,336.17061084132484,606.4657841126124,25.958520507812523,10.828363037109398,18.23757705688479,42.64768513043722,77.07175819079082,0.0,15.869320631243115,8.061946526315802,14.116446431477868,4.811870829264365,1021.4307552083333,-16.211453636487324,333.3117752037554,579.7041767438253,25.780664062500023,10.634362792968773,18.183674112955753,44.29861116409302,66.66898155212402,0.0,16.72756949475552,7.817114985442932,13.90069478352865,5.318910217285179,1020.7749479166667,-16.450347408652306,333.58851331095985,616.760147134463,25.951593017578148,10.690820312500023,18.20728963216148,41.77083341280619,64.68935219446819,0.1666666679084301,16.015910680623275,8.123491506570081,14.008943176269554,4.39728698730471,1021.3731640625,-15.901791781187057,337.70294922213844,601.2796987295151,25.841729736328148,10.726556396484398,18.22008031209312,44.105092684427895,72.39166744550069,0.0,15.08653228327782,8.272452546844265,13.935183461507165,5.330915069580101,1020.8548209635417,-15.846881394584974,330.454643464298,597.4546589851379,25.718713378906273,10.482904052734398,18.17224273681643,42.411573807398476,51.52453736464182,0.1666666679084301,15.670067236327377,7.77062645600028,13.966896311442099,4.576325988769554,1021.3316536458333,-15.482945856948694,331.22351640086464,591.595585068067,25.555932617187523,10.563745117187523,18.106395975748722,42.42499979337057,74.73472134272258,0.0,14.547048055134352,7.930214431521264,13.842787679036462,4.617279307047568,1020.8542513020833,-14.189665984362364,324.55052838346455,586.2463188568751,25.838677978515648,10.580377197265648,18.225815073649112,42.51064809163412,66.51759135723114,0.0,16.313350328133847,7.907789266376535,13.902801767985068,4.665121968587243,1021.0224479166667,-16.282860760887463,338.2263054611394,617.1129970550537
2021-05-21,27.081719970703148,14.048608398437523,20.521548207600933,42.94444489479065,67.20416649182637,0.0,28.142059769611695,12.4293340068009,15.858890787760458,6.393986002604208,1013.5378971354168,-14.314440468947092,334.5736909234741,883.2566048701605,27.425317382812523,14.505548095703148,20.624397532145206,43.61296327908834,77.17453785737355,0.0,26.979065600170898,12.939051394853692,16.16242116292318,6.767255401611351,1014.2214973958332,-12.438918630282084,317.2370044911125,832.1997582912445,27.101953125000023,14.173028564453148,20.602581278483097,42.77824060122172,74.95972215135892,0.0,27.643269833583094,12.78605941738431,15.894778188069665,6.375325775146507,1013.3554720052083,-14.698549330234528,334.58208914384403,903.2334762414297,27.223840332031273,14.264672851562523,20.515257771809917,44.65509287516276,72.9490753809611,0.0,26.61010784094466,12.871078734727163,15.895892079671228,7.0077008565266965,1014.201064453125,-13.151509841283163,335.07325630627264,862.12473432223,27.166619873046898,14.404931640625023,20.523824310302757,43.199073235193886,78.00555578867595,0.0,27.26935745910249,13.099601270070862,15.84818038940432,6.4963241577148665,1013.6247200520833,-14.488675355911255,332.8773889863708,892.1268371740977,27.171899414062523,14.299890136718773,20.495563761393253,43.93101827303568,70.60509264469147,0.0,27.743138022901558,12.771510213432244,15.84672317504885,6.674759165446005,1014.0322526041667,-13.682457089424133,338.0947417144198,872.2544156710306,27.035852050781273,14.529565429687523,20.444814300537132,43.30231444040934,76.08703637123108,0.0,27.78935289379496,13.346855014820099,15.694978332519554,6.487452443440759,1013.697265625,-13.91715693473816,330.5225585425117,895.9798682133356,26.775262451171898,13.865838623046898,20.30716476440432,44.026851733525596,77.5194444656372,0.0,27.041527753420418,12.188125154458694,15.658677673339866,6.589788055419945,1013.6924739583333,-13.477054119110107,333.596560351473,858.7678571939468
2021-05-22,20.038934326171898,11.498193359375023,15.622401173909529,44.448610067367554,97.34907309214275,0.0,18.09239464924925,10.343832634077069,9.836932118733728,2.4630676269531477,1013.2403548177083,3.1805896957715354,286.00257902747643,719.0763724644979,20.236962890625023,10.883325195312523,15.647996520996116,43.775925715764366,84.90694459279378,0.0,20.099848603311532,12.115343811409673,9.767535146077478,2.1441525777181027,1013.79720703125,5.268612364927928,313.59288781291497,813.8529011408488,19.954156494140648,11.832421875000023,15.759449259440126,43.25046189626058,95.11064863204956,0.0,14.782881196703531,9.723632621448983,10.101162211100302,2.260059611002646,1013.0527701822917,3.2092365324497223,289.3363140112876,700.0600802103678,20.594445800781273,11.623590087890648,15.928753153483095,45.00370407104492,85.01759052276611,0.0,20.413244320486577,10.821112261129315,10.089054361979208,2.757833099365257,1012.9824837239582,3.3614056607087455,314.3125805742263,755.8646510442098,20.585565185546898,11.818078613281273,15.948688761393251,40.51342566808065,99.54490852355957,0.0,15.829259569600667,9.027869457207217,10.279754892985068,1.4716519673665402,1013.0036393229167,1.6095000455776851,285.47737391199917,708.253804842631,20.447320556640648,12.081872558593773,16.063129679362003,42.288426319758095,86.4550929069519,0.0,21.445534667654044,11.31903002569694,10.191768900553427,2.083674367268884,1013.2758756510417,4.734618941942851,294.8505201425869,720.0324366887411,20.687829589843773,11.889916992187523,15.820794677734398,41.862037102381386,99.43564796447754,0.0,19.438678274362605,9.274841893887801,10.177704111735068,1.859596506754599,1013.242958984375,1.9271629651387532,282.3220301356632,709.1259282430013,20.407830810546898,11.452905273437523,15.804156239827497,41.49768455823263,87.86759281158447,0.0,18.18852994899832,10.711400977169063,9.968296305338583,1.744844055175804,1013.2633626302082,3.7601194183031716,310.85994661715813,753.4952414830526
2021-05-23,18.827752685546898,11.497003173828148,14.56430333455406,45.94907490412394,93.11666599909465,5.402777895331383,22.714490424304348,14.113165117038875,8.798607126871786,2.760158793131552,1014.3023958333333,4.1015836000442505,213.18088584005213,897.7779382069906,17.905419921875023,11.213647460937523,14.056413269042991,49.71666622161865,99.08009211222331,4.937499918974936,18.85034951501411,13.667515104301485,8.134455617268884,3.4854230244954465,1015.332548828125,12.903837025165558,144.27094679481038,725.6814874013265,18.281396484375023,11.029656982421898,14.23721593221031,46.04490741093954,90.09398150444031,2.784722193144262,19.812565663740546,14.230702865313669,8.39932785034182,2.5062500000000227,1014.8258821614583,5.7652458647886915,214.55764261291674,826.5297705332438,17.669091796875023,10.527764892578148,13.551489766438825,52.61435190836588,95.73194440205891,1.0000000102445483,22.17859461691147,14.018835609089956,8.046314493815146,3.7327514648437727,1015.2700748697918,14.130144953727722,151.62929579646638,668.6233056386312,19.423822021484398,10.362725830078148,14.459443664550804,43.713425954182945,98.35416603088379,0.895833345130086,22.180095751058715,11.375627959734993,8.499122873942099,1.9580449422200559,1015.4852571614583,4.83906423052152,206.5776687602823,876.2293138504028,17.050012207031273,11.514093017578148,14.023342386881533,47.92777760823568,99.94120407104492,0.9097222206182778,18.886660397554937,11.616938455977268,8.1199775695801,2.9771095275879134,1014.8995052083333,14.104398965835571,152.14120687746131,794.2879180908203,18.842309570312523,10.257287597656273,14.198077138264997,44.77638912200928,99.83101844787598,1.0277777896262705,20.578575380118696,11.14580282751473,8.21882273356124,2.0904149373372434,1015.7491666666667,6.171587179104487,198.05271777914217,830.2668399810791,19.050012207031273,11.113641357421898,14.433316802978538,45.33611090977987,98.61990706125896,1.5486111119389534,18.106105845441167,11.355027337160124,8.295195515950525,2.479817962646507,1014.83580078125,5.317106922467549,208.15189885879713,887.3554623921713
2021-05-24,20.196191406250023,7.372247314453148,13.918056742350283,54.346296628316246,40.92962983933588,19.277777791023254,16.386605531730037,10.659406140410903,8.50408833821615,4.277041371663415,1019.8771744791667,-1.4806485176086426,267.6963838962838,821.756394704183,19.490502929687523,7.945611572265648,14.302765146891298,49.729629039764404,47.531944235165916,16.38888931274414,17.126300066437167,10.150957879152267,8.894637044270837,3.495870208740257,1018.3946907552083,-1.4504905541737874,261.7074807022388,806.6856978734335,20.194665527343773,7.540673828125023,14.079062398274763,55.361110846201576,43.02453729510307,36.06944417953491,16.333658497028118,9.8056408036428,8.613952891031943,4.574454243977868,1019.8674251302083,-5.209860662619273,262.7641633578266,819.695951461792,19.467431640625023,7.750909423828148,14.142009989420595,48.579630057017006,40.88333356380463,10.47916665673256,17.15455857720834,10.31953915747141,8.85160598754885,3.0383519490559934,1018.893515625,-1.757111668586731,255.75064919671664,783.6518408457438,20.328454589843773,7.521356201171898,14.106202697753929,53.362500031789146,36.12824080636104,11.402777820825577,16.418658550606917,10.089975333134783,8.557991282145224,4.16093470255538,1019.8679296875,-5.464694420496623,267.72635108511895,812.2834717432657,19.741815185546898,8.013452148437523,14.537778472900413,49.007407347361244,35.07592578728994,5.034722283482552,16.278385894271477,10.899332741183073,9.00425745646163,3.5288673400879134,1019.3288053385418,-2.9510689775149026,271.60465508978814,811.1132079760233,19.794458007812523,7.449975585937523,13.831179555257185,54.296759605407715,34.33888915448915,1.569444477558136,18.38388618999344,10.34579169122655,8.29301223754885,4.18268992106124,1020.0016569010418,-3.3453861474990845,264.23235271653783,782.6860357920328,19.372247314453148,7.821374511718773,14.10953038533531,52.998149394989014,46.45833364377419,9.52777773141861,17.82661176139754,11.196180097448247,8.476926422119163,4.150354003906273,1019.2918684895833,2.2252485752105713,238.26311602474502,815.2195846239725
2021-05-25,24.357202148437523,8.790307617187523,16.666960652669292,48.6972222328186,13.96018542163074,0.1666666679084301,18.57363834742148,10.612890598930102,11.499529774983728,5.042251841227255,1021.2109830729167,-21.141412337621052,341.08216485893354,873.4527220726013,24.366693115234398,8.657159423828148,16.760090128580753,49.1856476465861,21.764352498265605,19.5,18.094369726385928,10.040121024319044,11.498011525472009,5.256262715657556,1021.5204166666667,-21.765620072682697,341.040438667095,886.7644804318746,24.325189208984398,9.155999755859398,16.968503570556663,47.98194479942322,12.023611140592644,0.3333333358168602,15.786522393527456,8.387509889489364,11.709214782714866,5.043262736002646,1021.1492903645833,-22.022756447394688,342.97514956708375,875.072496732076,24.207330322265648,9.006188964843773,16.864509836832706,47.846296548843384,28.418055048833292,36.17361044883728,16.31452557715982,9.793660848882029,11.600912984212243,5.018251037597679,1021.114091796875,-22.977075924475987,333.67630050098523,879.3054464658102,24.311608886718773,9.144860839843773,17.012705739339214,47.31342641512553,17.424073511734605,0.1666666679084301,15.943623952547027,8.149978082058938,11.674310302734398,4.861484781901083,1021.3401302083333,-23.34569062789281,342.4432214649084,866.3120775222778,24.282403564453148,8.888269042968773,16.843118286132835,47.868518590927124,18.345833281675976,11.680555403232574,17.764203935048243,9.4064588455769,11.708586629231775,4.966316477457724,1021.2525130208332,-21.172157208124798,336.84250026460114,880.4551445643107,24.114007568359398,9.299523925781273,16.893650309244816,49.162036657333374,15.42870393084983,0.0,15.13584003383898,8.373741628189459,11.323757425944052,5.291379547119163,1021.4130078125,-23.974288364251453,343.33223435794935,871.7447808583578,24.388757324218773,8.943536376953148,16.854450480143253,47.64629650115967,9.899073966468373,1.6666667461395264,16.658052697644152,8.899719282851878,11.635284678141318,4.899966176350915,1021.3399283854167,-22.690674553314846,342.9481678556961,875.3284799257914
2021-05-26,25.257653808593773,12.785302734375023,18.03304316202802,55.709258238474526,75.031481107076,3.6736110104247928,15.532156046132362,10.387261372649686,12.864054616292321,8.206290181477868,1017.3406412760418,-11.7113007803758,299.56021795390797,737.3434445063273,25.281640625000023,11.816644287109398,17.943383789062523,57.69166612625122,56.99074069658915,1.8680555587634444,16.191234326060435,10.477262007832726,12.959755198160849,8.571127827962243,1017.792724609375,-13.705258945624033,314.84963258868083,760.5384680430094,24.790521240234398,12.535638427734398,17.68824666341148,57.61805566151937,71.66435130437215,6.277777659706771,20.21958281806251,10.378943097758023,12.613328552246116,8.509998575846396,1017.4835970052083,-11.875132520993551,296.1052652494982,655.2795875867208,25.708734130859398,12.376458740234398,18.474810536702496,56.46296310424805,66.82870435714722,0.8611111147329211,14.613194003720498,10.153485727070505,13.243806457519554,8.678191121419275,1017.4946354166667,-14.34677650531133,316.58295622064423,756.9901247024536,24.644403076171898,12.461175537109398,17.566965993245464,58.37592522303263,80.22638853391011,3.1319444524124265,15.683452859115906,9.780685579879462,12.485987599690759,8.605285898844443,1017.6171321614582,-11.4045370866855,291.4500374042739,671.1488339106241,25.501214599609398,12.751397705078148,18.088955179850284,56.78425947825114,76.94490845998128,4.00000003632158,19.01381096368573,11.075625460131056,12.922422027587913,8.533292388916038,1017.5248990885417,-12.484006921450296,301.38963740582886,773.4283542633057,24.714288330078148,12.360070800781273,17.523647562662784,58.62314780553182,78.15324068069458,5.312500029802322,17.01718897558475,9.607875320225972,12.399814860026083,8.661913808186853,1017.72865234375,-12.035208682219187,288.0914618883592,676.5734027226766,25.326654052734398,12.535424804687523,18.113598124186222,53.07962981859843,78.14166688919067,1.6527778008021414,19.613796559341086,10.068441103493377,12.837486521403036,7.628561909993493,1017.3776595052083,-11.312125692764917,294.0504361235847,749.9822166760763
2021-05-27,26.758843994140648,12.885583496093773,19.54136937459312,51.53564961751302,81.41435130437215,6.6666669845581055,20.70219876205678,11.109750579631223,15.194417572021507,8.282188669840536,1014.8743229166668,-18.229634553194046,291.5403090820958,741.4976342519125,27.673394775390648,13.209863281250023,19.631360626220726,49.3833335240682,87.32546178499858,13.666666030883789,31.340409861668242,12.778873223652127,15.327040608723962,7.829587554931663,1014.933466796875,-16.140004470944405,284.3203877372046,784.3006726900736,26.983331298828148,13.085626220703148,19.85306320190432,48.25231464703878,72.45046389102936,6.999999761581421,23.25058145323202,12.164423710389594,15.536949412028036,7.671426391601585,1014.7064029947917,-16.18675917883714,287.5739991320297,797.5718096097311,27.338891601562523,13.261468505859398,20.202163950602237,49.64166657129923,80.81805658340454,21.16666603088379,18.862543150994604,10.381890692465525,15.51767247517904,8.258606211344443,1014.694228515625,-22.543105920155842,317.8706166902557,863.8973056475321,27.936700439453148,13.261010742187523,20.515040334065777,45.58148090044657,78.73379635810852,3.4999998807907104,23.523688729747015,10.12863680256203,15.863638814290368,7.4429120381673215,1014.8028515625,-22.58577899634838,315.5353589216247,902.4557417233785,26.949853515625023,12.596887207031273,19.661331431070987,51.78518605232239,78.66574056943257,9.0,18.978907826591453,8.763126878632884,15.204826609293661,8.347812906901083,1015.0007779947917,-21.770131687323254,311.564594745636,807.4295523961385,27.296105957031273,13.409326171875023,20.262801106770855,45.22453792889913,89.21157423655193,0.0,18.06539104133958,8.834381076594624,15.639895375569665,7.165601348876976,1015.0359537760418,-19.691375215848286,304.679486404794,839.7374272346497,27.049859619140648,12.849938964843773,19.66306076049807,51.872222661972046,74.45000004768372,15.333333492279053,22.150604058535038,10.8734507771568,15.167034403483115,8.432337697347009,1014.8335546875,-20.224335183699925,308.9770313554133,808.9392806688944
2021-05-28,25.543786621093773,15.689141845703148,20.509104665120464,46.93796253204346,92.6407413482666,6.187499957159162,15.058946813430232,8.827963916448939,14.077054595947288,8.271367645263695,1015.9829459635417,-12.920150597890219,272.3872038894333,848.6651522318522,24.677850341796898,14.859033203125023,19.269834136962913,56.05833419164022,97.58935260772705,15.40972238779068,16.520771687664517,7.69079009950529,13.445634460449241,9.874448394775413,1016.5589485677083,-8.626505553722382,228.95664163089046,640.2592185338339,23.917993164062523,15.240716552734398,19.819341278076195,51.78703625996908,95.70138963063557,8.45138879539445,13.369045335233663,7.045991903722253,13.308672841389978,9.197429911295615,1016.2745703125,-5.217322289943695,205.07446536080292,781.6544740994772,24.707238769531273,15.320581054687523,19.617810821533226,52.034721533457436,85.47314914067586,16.499999940395355,16.73218559992599,9.336815919209668,13.65744552612307,9.099431610107445,1016.2790201822917,-10.313092524806658,260.09427468727034,640.9515450795492,24.478784179687523,15.359765625000023,19.527335103352886,55.82453727722168,94.89166736602783,13.034722229465842,14.617831858666774,7.591461948681439,13.34050013224288,9.927832539876306,1016.20119140625,-10.212838153044382,216.87203715275973,707.2087885538737,25.626641845703148,15.819665527343773,20.218083953857445,48.20555623372396,77.91296323140462,7.645833313465118,14.930217991283664,9.319047966085135,13.679823811848962,8.494278208414755,1016.0480403645832,-13.551059206326803,283.2557940990664,811.4877071380615,23.134332275390648,15.597314453125023,19.595025634765648,53.850000063578285,94.75092649459839,5.277777768671513,13.717721866941273,7.599626831015041,13.480655924479208,9.645945485432946,1016.19701171875,-3.0618269443511963,180.65355617615083,612.5505348841349,25.984521484375023,15.072625732421898,19.813954925537132,51.66342544555664,90.87407334645589,11.395833309739828,16.988567060508483,7.887577790609527,14.008865610758505,8.946378326416038,1016.2535384114583,-13.453324357668558,271.2360009676777,740.196862856547
2021-05-29,27.982751464843773,15.457543945312523,22.164997355143253,47.81851808230082,28.88611094156901,3.784722328186035,9.233436459718986,6.607486012498472,16.49239883422854,9.767120615641318,1017.973212890625,-23.49181612332662,307.76779364049435,809.6685331662496,28.795922851562523,15.665063476562523,22.486863708496116,45.899537007013954,26.24907459442814,8.534722000360489,10.063216338115275,4.403424323596883,16.997290547688806,9.491146341959677,1018.387001953125,-24.6787109375,321.2327424536149,800.5380288759867,28.078179931640648,15.359887695312523,21.875408426920597,49.20833293596903,25.68101914723714,5.041666731238365,13.287208893232926,7.687467212445085,16.462181345621786,9.881205495198571,1017.8915201822917,-21.857505480448406,309.59166222779703,806.9484521547953,28.438897705078148,15.212670898437523,22.184402720133487,47.86250019073486,25.22962951598068,13.020833671092987,10.124853271224113,4.713854451039253,16.572994486490927,9.747729237874353,1018.266669921875,-25.694785435994465,315.28740650912124,816.2839790980021,27.876031494140648,15.299340820312523,21.071975962320987,53.57777786254883,35.41851926843325,12.118055671453476,22.73869728383202,9.033501880738616,16.12884674072268,10.449319458007835,1018.1309147135418,-19.885213136672974,313.7705810318391,780.7782519658407,28.306481933593773,15.094476318359398,21.889791107177757,49.33472228050232,25.900925445059936,17.833333253860474,10.761954625071082,6.136867523718263,16.47300237019857,9.764268493652366,1018.4234700520833,-26.29444893201192,315.3081294546525,831.524423122406,27.773889160156273,15.266015625000023,21.5918276468913,51.711110989252724,29.746295617893338,3.361111141741276,16.34384595337078,8.33712365399065,16.441856638590536,10.31287790934249,1017.7903873697917,-22.020159085591633,309.5607218593359,776.6497178077698,28.061090087890648,14.632104492187523,21.527524566650413,51.757407347361244,17.706481302777927,9.291666746139526,8.780064644718696,5.71163624227064,16.158149973551474,10.123830413818382,1018.5126725260417,-26.576035579045612,311.9948113610347,833.4903500874838
2021-05-30,30.378137207031273,16.908441162109398,22.95032145182294,48.5078710714976,49.477778355280556,20.451389133930206,13.59600416700845,9.510264218350017,18.89205449422201,10.201175944010458,1015.0813248697917,-20.212257678310078,306.8670245151346,922.687471071879,29.992791748046898,17.021722412109398,22.936725870768253,48.2736120223999,67.04814740022023,12.520833164453506,16.987201002561257,10.52230276802319,18.744826253255212,10.423836008707724,1015.7747200520832,-17.648503184318542,274.8358499991397,752.55615234375,29.890863037109398,16.463952636718773,22.601255035400413,50.174535592397056,51.7083326180776,26.8125,14.071951426338703,9.3700217242713,18.5182929992676,10.462141927083337,1015.0904036458332,-20.945513943831127,304.3110723660017,899.4859603246053,29.666345214843773,16.985772705078148,22.791209157307964,48.69629637400309,49.152777433395386,13.375000059604645,14.25975760089324,10.318608147930894,18.675962066650413,10.461106872558616,1015.5564485677082,-14.953506300846735,282.68620577454567,692.0295639038086,29.338769531250023,16.664727783203148,22.778145090738956,49.17453797658285,56.841204484303795,13.48611095547676,16.63224615670254,10.497550469356101,18.45120519002279,10.378887430826865,1015.2746809895833,-18.898880531390507,298.522244748349,921.8305346171061,29.614678955078148,16.561700439453148,22.684494272867862,47.84444411595663,51.544444719950356,43.3611114025116,13.100927277076584,9.23339094157991,18.66522878011068,9.982999420166038,1015.603974609375,-19.128425359725952,304.21816901986796,843.5137063662211,29.295098876953148,17.001000976562523,22.69018961588544,49.064351638158165,59.1129629611969,5.805555496364832,14.744316352023901,10.143340668670708,18.23050969441732,10.42054138183596,1015.169638671875,-17.335033615430195,293.150668391337,852.6500606536865,30.447045898437523,16.961114501953148,23.075612640380882,47.56620375315348,55.95231405893961,10.305555492639542,17.99349715253244,10.271700978247226,18.919160461425804,10.074575042724632,1015.41931640625,-20.941957135995228,305.0496461347987,912.2796611785889
2021-05-31,30.309747314453148,16.675103759765648,22.967122650146507,47.22361048062643,95.8231471379598,5.409722208976746,18.115965295716858,11.460393480142997,19.050799306233728,10.164615885416708,1012.4958919270833,-16.503319263458252,309.74548083388555,827.0326944986979,30.175836181640648,17.282830810546898,23.04076665242515,47.2240735689799,85.51527802149455,24.79166668653488,22.81187599239841,12.329828305069263,19.301023101806663,10.241960144042991,1012.5020930989583,-11.65055388212204,297.7212414437284,736.6487623850504,30.068963623046898,16.807977294921898,21.81077092488609,52.23657385508219,94.28287124633789,16.75000011920929,26.45802660937502,12.723678135807228,18.13481928507491,10.636716461181663,1012.6490397135417,-9.344258725643158,304.5502762977655,753.6928000450134,30.829400634765648,16.802880859375023,23.338704681396507,45.710185289382935,92.36527633666992,27.99305498600006,13.682227938864264,9.068535985323363,19.84404780069991,9.781645711263025,1012.3277473958333,-17.773880604247097,309.0504801797991,788.4809199968973,28.450250244140648,16.587640380859398,21.74630508422854,52.30416671435038,93.28194395701091,7.479166567325592,22.86057315745481,12.21197044159193,17.701072947184286,10.754113769531273,1012.8793522135417,-7.176791767279307,269.4549653713281,748.9210398991903,29.963525390625023,16.619866943359398,22.97630589803062,47.20833349227905,96.83611106872559,15.930555164813995,18.54507892441013,11.335075865015687,18.958089447021507,10.1911445617676,1013.1771614583333,-13.871834188699722,303.4023518528168,746.9974266688029,28.213098144531273,16.785577392578148,21.91628290812177,49.533333937327065,91.60648187001546,1.423611119389534,22.3177629200351,12.123343648249095,17.71722564697268,10.188002522786462,1012.7042057291667,-6.547828892866771,256.0330976486827,695.3802105585734,30.326501464843773,16.433709716796898,23.055032348632835,47.09953689575195,92.05555470784505,10.979166746139526,23.983059626337173,12.071955773537825,18.983972167968773,10.055197652180993,1012.836572265625,-17.0435618981719,320.6557019678876,859.9462401072184
2021-06-01,25.461572265625023,14.735345458984398,19.83011398315432,58.462963898976646,73.49722146987915,118.51388835906982,23.159206795689087,12.552236358192692,14.680528259277366,10.049110666910849,1010.1400227864583,-7.140046238899231,309.3183358510335,1043.6151682535808,24.858728027343773,14.892053222656273,18.827373758951847,67.55416615804036,95.80555629730225,81.7013891339302,23.914656189333936,10.183814911743854,14.859663899739587,12.377005513509118,1011.17748046875,5.843029359976451,237.94189254101366,577.0517586072286,25.208306884765648,14.319848632812523,19.588548278808616,59.06064820289612,59.89768499135971,128.60416662693024,25.761899272650346,12.527287557986009,14.503120676676474,9.848648325602255,1010.3320377604167,-9.824340045452118,330.2331468447422,1066.1529296239216,25.772210693359398,15.381921386718773,19.770438130696636,63.880555391311646,80.04166560744245,226.18749809265137,24.836891210220948,11.38602588177366,14.78253072102865,11.585608418782556,1010.6189029947917,-2.207093338171641,259.0704982889195,889.5519812901815,24.683831787109398,14.547052001953148,19.271544392903667,61.85509411493937,60.946759720643364,170.0763921737671,23.61492247610785,11.675805857195543,14.059487915039085,10.244467671712243,1010.6342350260417,-8.122057149807612,326.4127076594159,1035.7258332570393,25.301385498046898,14.652734375000023,19.63600947062177,60.954166094462074,74.17824133237202,149.51389014720917,27.569201482965756,12.264852262439797,14.716139729817712,10.685865020751976,1010.4628255208332,-5.980751881996791,297.92814058934647,982.9740870793661,24.122003173828148,14.486932373046898,18.977070109049503,62.458796660105385,56.872685293356575,147.34027898311615,24.882739474591403,12.576213837322555,13.792227681477868,10.34806594848635,1010.6353678385417,-3.9094391465187073,326.3358986489475,952.1373524665833,24.671197509765648,15.093469238281273,19.31445465087893,60.415741523106895,66.65462934970856,113.56249994039536,26.10377110054412,12.045593240592533,14.31618143717452,10.426426188151083,1010.3019791666667,-3.0944076577822366,281.7934216919045,928.1321926116943
2021-06-02,25.489495849609398,13.561090087890648,19.766015625000023,43.93564788500468,32.663426061471306,126.66666412353516,16.937300100779503,8.076656382156854,14.476649220784509,6.513983662923181,1012.6020833333333,-14.19337503115336,352.4265137544523,885.5870054562887,25.661126708984398,13.250024414062523,19.69214782714846,41.585184812545776,29.206018447875977,158.8333282470703,19.56298663364938,9.569504836211706,14.830584462483728,5.405208841959677,1012.137734375,-11.24925168355306,350.7583686038852,872.2793610890707,25.695092773437523,13.246850585937523,19.642013804117862,43.93611145019531,42.13611135880152,15.833333015441895,15.721300905187228,7.3942015487203605,14.445987955729208,6.298984781901083,1012.5613118489583,-15.21970538298289,352.16746362360817,880.5772510369619,25.635980224609398,13.395440673828148,19.83600769042971,39.6231484413147,19.20601850748062,153.0,18.719869194477056,9.637422421400299,14.77289733886721,5.063179270426474,1012.1887532552083,-12.216195066769918,355.3427920266986,845.6671149730682,25.231225585937523,13.041070556640648,19.303451792399112,46.27453819910685,51.75277744730314,0.5000000149011612,16.001397019965474,7.295230494805452,13.992042795817099,6.671025848388695,1012.8636848958333,-13.487383643786112,342.64851848594844,872.0247780481974,25.524163818359398,13.197442626953148,19.628383890787784,43.20138851801554,38.85833350817362,195.33334350585938,17.280902484540192,9.060167413711127,14.447644805908226,6.0462509155273665,1012.49359375,-12.369043310483297,352.95955152561265,851.9118784268697,25.159936523437523,12.661920166015648,18.981103515625023,47.83240763346354,46.25231465200583,0.0,15.171732154912569,7.837582080782435,13.539969380696618,6.7361312866211165,1012.9498274739583,-11.875350952148438,339.41603927128017,864.3487606048584,25.564080810546898,13.248406982421898,19.597993469238304,44.44999885559082,29.226852138837177,179.49999618530273,16.614801955475105,8.419806003902254,14.340517934163415,6.425738271077478,1012.6331380208333,-14.650421659151712,354.53361065437394,870.8795994122823
2021-06-03,27.938897705078148,14.265313720703148,21.290176645914737,47.73426008224487,34.03842682143053,4.388888854999095,22.25331326092426,12.652585261720796,15.95172780354818,8.067099507649743,1015.3534537760418,-16.456684241692226,335.69175996320945,1169.1729027430217,28.398217773437523,14.581872558593773,21.020377095540386,51.260647694269814,46.929629842440285,133.7986135482788,24.570116717323987,14.13216005236868,15.792415873209677,9.155692036946618,1015.4765201822917,-14.524930646022161,333.08292157451314,1153.8430596192677,27.641137695312523,14.508508300781273,21.252038574218773,46.7458336353302,35.895832531775035,1.583333320915699,21.350625789175574,12.707944418654328,16.03138885498049,7.896535491943382,1015.0625553385418,-16.846904635429382,335.1531672378381,1134.8723486264546,28.383325195312523,14.566979980468773,21.40298233032229,49.931481758753456,52.22083340088526,18.31944453716278,22.578602704886986,14.148966853628805,16.080684916178427,9.054887390136741,1015.399951171875,-15.449931027678153,327.9250290294488,1203.5329456329346,27.475244140625023,14.230340576171898,20.95286076863609,47.78981486956278,30.43564756711324,8.194444369990379,21.785473850561054,12.982450254437557,15.821894582112634,7.88245544433596,1015.3179752604167,-15.281603214641413,334.1948321722448,1129.552430152893,28.216668701171898,14.527124023437523,21.360932922363304,47.437036752700806,41.726852575937905,1.187499988824129,23.49460989102369,13.755757351280394,15.98660558064779,8.305262502034509,1015.5605631510417,-16.506651083628338,336.7852984170119,1163.7958974838257,27.646539306640648,14.290002441406273,20.872583007812523,48.64490660031637,41.634722493588924,11.131944796070457,20.9621751472775,12.425178129337558,15.582299804687523,8.121887461344443,1015.4179850260417,-15.347271700700125,329.78409474839765,1114.7185826301575,28.116662597656273,14.236108398437523,21.23189442952476,48.67685159047445,45.92037026087443,4.131944496650249,21.411790371728202,13.429069110567815,15.862543996175134,8.327223714192712,1015.6029427083333,-17.503637691338856,335.9542057067156,1197.2691014607747
2021-06-04,26.548303222656273,14.908532714843773,20.86470820109052,45.99722274144491,7.972685158873598,27.680556058883667,17.7682916756854,8.425846046197785,15.404626464843773,6.91232579549154,1018.59083984375,-14.710683961709341,356.7824462335557,900.6370286941528,27.164025878906273,15.433404541015648,21.337452189127628,45.18148215611776,15.42870369165515,18.31944441795349,18.24306654501237,11.403913844152592,15.876148478190146,6.864057159423851,1018.1566731770832,-12.978247925639153,350.13044203041744,922.3777966499329,27.225549316406273,15.073388671875023,21.338755544026714,44.80324093500773,11.01249986079832,6.673610918223858,16.751651328246176,8.771291614659676,15.869437154134118,6.938569641113304,1018.258046875,-16.924851834774017,354.4344829209149,996.4399878184,26.506280517578148,15.069299316406273,20.944362894694034,43.7958337465922,13.421296153838435,10.78472225368023,19.927560418530142,11.086433170567409,15.565268452962243,6.051825459798181,1017.9724153645833,-11.529706791043282,348.9314130898565,903.1333459218343,26.668817138671898,15.199029541015648,20.83654429117841,43.70139034589132,9.959722047050795,4.138888865709305,20.931015519835036,9.36746251491137,15.27957687377932,6.353506978352868,1018.0739225260418,-13.492498656113943,355.86719889193773,988.2591505050659,26.445550537109398,14.902612304687523,20.797779337565128,42.943981647491455,11.012037027937671,13.111110776662827,17.330451660222547,9.454394781352809,15.37457936604818,5.788500722249353,1018.4247786458333,-12.340893000364304,352.0030730863412,877.1627459526062,26.699060058593773,14.913110351562523,20.821716562906925,43.270832538604736,13.61157412827015,6.916666552424431,18.28340066926101,7.937473897969667,15.296098327636741,6.268843587239587,1018.26216796875,-14.05524484316508,354.67533264743787,1018.102193514506,26.300714111328148,14.710687255859398,20.701327260335308,43.959259668986,7.852314997464418,22.159722447395325,16.745575344402276,10.031051163308755,15.220251973470056,6.02356872558596,1018.4978938802083,-12.859553019205729,358.37640365585685,882.6895055770874
2021-06-05,23.235406494140648,13.918725585937523,16.832373555501324,67.16435305277507,63.57499950130781,119.75694536417723,20.291524902886444,12.361882599886073,12.985369618733728,10.357410685221396,1021.8639680989583,21.683678085605305,173.5616501433154,469.2846857706706,22.006677246093773,13.134332275390648,17.3360051472982,69.63426049550374,66.65185120205085,352.58333373069763,30.435243149237426,14.376735574865359,13.601698811848962,11.36683044433596,1021.2690592447917,16.725473230083782,211.73107672234377,493.62582461039227,20.140130615234398,14.432183837890648,16.691948191324894,66.90972328186035,78.57824118932088,108.71527745667845,20.33349644558523,13.50146353049076,13.181651051839196,10.29410324096682,1021.4880501302083,25.59282731451094,123.24590700057645,356.7429434458415,21.403009033203148,14.886590576171898,17.971634165445987,66.67685190836589,71.7953708122174,187.8680567741394,22.145918163935896,13.040309080107045,13.73907368977865,11.39097620646163,1021.0155826822917,13.764201425015926,223.66668685153127,486.49621327718097,20.519403076171898,13.964868164062523,16.972417449951195,67.9421280225118,65.71759168306987,133.72222089767456,19.327470547735068,10.782403499450856,13.50613683064779,10.769462839762411,1021.2990104166668,23.344377347578604,167.9622231417646,406.88781992594403,20.945855712890648,13.562493896484398,16.295917765299503,67.8884261449178,65.56157402694225,101.43750055134296,20.56260824823994,12.77969889914975,12.615010833740257,10.101045227050804,1022.0735026041667,25.16294839978218,142.02203868453702,431.6671555836995,25.105828857421898,14.060174560546898,18.524849192301456,62.84305508931478,75.68796300888062,88.27777646156028,19.94143558297193,10.991038804354915,13.991057332356775,10.778365071614587,1020.5721256510417,2.403441846370697,266.07482946291566,696.9365641276041,23.166986083984398,13.831994628906273,17.289793904622417,65.7537039120992,62.40462945650021,90.81249958276749,25.25704826043988,11.81168116392305,13.406708017985068,10.427940622965536,1021.9811946614583,16.504073321819305,185.09907616116107,497.9604202906291
2021-06-06,26.285607910156273,12.837426757812523,19.46485036214195,56.74675933519999,41.425000504901014,225.43056392669678,5.78302907641962,3.8725331207972506,13.951248423258505,9.444882965087913,1020.77291015625,-23.32086690266927,343.63222764308256,742.1091421445211,26.283288574218773,12.632470703125023,19.094228363037132,58.09398214022318,35.78472233874103,448.5,6.9147982761850555,4.090069412644478,13.909051513671898,9.43582687377932,1021.166884765625,-29.710041999816895,349.5056130066514,689.3105381329855,26.063104248046898,12.980004882812523,19.478794352213566,57.60972007115682,38.65601802120606,286.6041679382324,7.681995538011761,4.393583310827758,13.879090881347679,9.72714767456057,1020.8905403645833,-24.1370948155721,341.04200460761786,710.9340170224508,26.631768798828148,13.317651367187523,19.5491030375163,56.44398125012716,35.5879632626505,249.7777795791626,5.725403817340574,3.668878208788134,13.703797912597679,9.25955734252932,1020.6614225260417,-35.39443437258402,351.38946109203,763.6215451558431,26.478234863281273,13.336236572265648,19.86567840576174,55.16666626930237,41.516666284607105,94.48611164093018,5.972813110094945,3.8647724210900045,14.002651468912802,9.364664967854821,1020.6497721354167,-26.32909854253133,340.3068675125639,825.915429910024,26.109124755859398,12.795800781250023,19.296371714274112,56.111574252446495,38.19074038291971,345.66666412353516,7.866052610262008,5.159047567246634,13.779021199544275,9.142954762776696,1020.726748046875,-29.769195477167766,348.9778648900489,703.3610294659933,26.567651367187523,12.930383300781273,19.649236297607445,54.42037002245585,28.30740769021213,13.062500417232513,6.697064297640736,3.873097191705084,13.977045949300134,8.816267903645837,1020.621142578125,-24.39987349510193,338.80493963013095,852.2276417414347,26.343316650390648,13.522149658203148,19.774785614013695,58.2444437344869,34.82777768621842,389.5347080230713,6.294791917175282,4.573946162051622,13.963162994384788,10.10765101114913,1020.7076529947917,-18.032053033510845,345.8829256718357,710.8779951731364
2021-06-07,29.763513183593773,16.084252929687523,23.083161926269554,37.20648193359375,13.522685208668312,0.020833333488553762,12.363565120822583,8.277959552859883,17.952495829264365,6.5969952901204465,1019.0917447916668,-24.90154818693797,349.37644730384153,945.6351094245911,29.412133789062523,16.199426269531273,22.98695271809898,39.07731485366821,11.724074191103378,231.3194456100464,12.067515913640946,7.4101743070349455,17.864214833577478,7.342343902587913,1019.4230110677083,-25.05884011586507,346.8921294733882,921.9060041507086,29.625726318359398,16.189172363281273,23.059241231282574,37.878703355789185,17.869907647681732,0.4930555699393153,13.856304704819362,8.012459293392718,17.967366790771507,6.832547760009788,1018.9328873697917,-25.429086883862812,347.6565697373201,946.3567628860474,29.303338623046898,16.218530273437523,22.927845255533878,41.3745371500651,14.053240777303776,291.9027853012085,10.77743395607087,7.7301764123998025,17.92250467936202,7.985957082112634,1019.33388671875,-25.26642652352651,341.0457795696954,921.3004748821259,29.198388671875023,15.859643554687523,22.70473505655927,37.60416682561239,15.56203700353702,0.04861111147329211,13.607969376150386,8.254641210560168,17.671311950683616,6.485756174723349,1019.2275065104167,-24.103755831718445,346.70196504332125,938.27774365743,29.407983398437523,15.848657226562523,22.73777287801109,39.28425923983256,14.17361055749158,102.15972518920898,12.54548152985744,8.062249200415069,17.78634414672854,7.040589904785179,1019.6017643229167,-23.260642250378925,341.32813432191807,909.000824133555,29.227319335937523,15.984155273437523,22.778020477294945,37.35370326042175,12.320370700210333,0.07638889085501432,12.879000793770944,7.72565485350547,17.77718887329104,6.44477488199874,1019.0260579427082,-24.070257584253948,348.43883775050443,932.7414452234904,29.419061279296898,15.800195312500023,22.805318450927757,37.60185146331787,14.51574046164751,15.722221910953522,13.294345752271765,8.267436953225642,17.786955769856775,6.536470031738304,1019.3711881510417,-24.300309816996258,344.19076707897085,924.9631029764811
2021-06-08,31.555078125000023,17.439385986328148,24.506716664632183,32.005092899004616,8.452777847802887,1.8888888992369175,13.82117920411922,9.73215798743127,20.134386952718103,5.578338877360068,1017.9824739583332,-21.609254678090412,354.84579926294583,952.1620693206787,31.944299316406273,17.912133789062523,24.94296798706057,31.51805607477824,5.343518587760627,0.1666666679084301,17.156985469662548,10.798978974154222,20.5330800374349,5.242541249593103,1018.3786263020833,-21.782237887382507,357.1579144212107,1010.2245544592539,31.624871826171898,17.306939697265648,24.430347696940128,34.8833327293396,8.918981154061234,1.4444444589316845,12.999946904434825,9.62267416617672,20.183901723225915,6.4792279561360715,1018.0573697916667,-22.14400239785512,352.06952430369955,1003.9652744928995,31.766717529296898,17.605615234375023,24.75098571777346,32.86759225527445,17.87685163381199,0.5000000149011612,14.987335000278957,10.125156703549457,20.34356842041018,5.982195790608728,1018.4603873697918,-22.69043278694153,353.2374430652708,937.9622815450033,31.655938720703148,17.488092041015648,24.63014373779299,32.91296315193176,10.181481616571546,1.0625000139698386,12.535071277813492,8.961119697837432,20.170009867350302,5.9561871846516965,1017.9775618489583,-22.796416600545246,353.18375136020285,1038.3214360872905,31.524499511718773,17.624200439453148,24.735180155436222,31.547222296396892,20.898148308818538,0.3333333358168602,13.322528262547486,9.827518220952486,20.190488433837913,5.543768819173181,1018.215498046875,-22.865057945251465,352.5064397013436,980.7241503397623,31.608789062500023,17.505548095703148,24.706035868326847,32.06620383262634,9.976388894448368,0.03472222248092294,11.864194877449266,8.592066979246493,20.113589223225915,5.498657480875693,1018.1181022135418,-23.295260826746624,354.61858854815364,1069.0687101682026,31.467919921875023,17.517419433593773,24.614050801595074,31.843055248260498,22.920833580195904,0.534722238779068,14.889679210915705,10.157382880384516,20.129567718505882,5.554273223876976,1018.21541015625,-21.940193732579548,349.7077610647927,942.7253185907999
2021-06-09,32.4360290527344,18.366113281250023,25.423584238688175,29.313888629277546,24.404630108426016,0.1666666679084301,14.513342894924687,10.173937177548426,20.968770599365257,4.718139902750693,1017.2032291666667,-18.822618782520294,351.7780007608235,1057.5446565945942,32.4509216308594,18.172174072265648,25.4432680765788,29.30324061711629,15.124074476460615,15.666666984558105,14.12396217210658,9.164992303158213,21.480072275797568,4.875605519612634,1017.0377604166667,-20.579883853594463,355.69979035605985,1006.8759741783142,32.59047851562502,18.389581298828148,25.507456715901714,29.292592247327168,26.137036570270237,3.666666626930237,15.079420191890163,10.041616057232579,21.004961903889978,4.905578867594443,1017.3595670572918,-20.19438890616099,350.9560184323539,1112.7613611221313,32.69423828125002,18.314477539062523,25.501097615559917,30.124999682108562,23.904166366904974,4.166666507720947,14.896446562912281,9.867687537864471,21.1915273030599,5.075351969401083,1017.4000748697918,-19.487405399481457,352.00436966928345,1088.1321643193562,32.4976745605469,18.600671386718773,25.51331481933596,27.765740752220154,19.08055581835409,1.6666667461395264,15.260908722303181,10.02708501841242,20.91941350301107,4.232242838541708,1017.4810188802082,-19.57419792811076,355.63119354844093,1129.1004468599956,32.59279785156252,18.064416503906273,25.33442586263023,30.479167064030964,18.18333349501093,7.5,16.766685170818104,10.265174967135177,21.138374582926474,5.095352427164755,1017.5248600260417,-18.79588758945465,353.09326140396297,1064.4507058461506,32.34017333984377,18.500665283203148,25.40400848388674,27.782870531082153,16.120833630906418,0.0,13.797010733351366,9.848007781649773,20.81684265136721,4.112087504069052,1017.7872688802083,-19.385924855868023,356.916439473629,1112.3238264719646,32.53115234375002,18.277062988281273,25.4390693664551,28.490277886390686,28.064815333733957,0.3333333358168602,16.03536057113957,10.859414814225412,21.182115173339866,4.378284708658896,1017.224013671875,-18.777514934539795,350.80921423186857,1088.278684457143
2021-06-10,32.07253417968752,18.050866699218773,25.16817372639976,36.85138928890228,19.171296328306198,0.0,19.27831552143877,10.702741763784148,20.176760609944665,7.519263203938806,1016.123359375,-17.807692289352417,353.24027167198557,1096.5650148391724,32.01271972656252,18.333001708984398,25.287995910644554,36.45972224076589,25.232870458935697,0.1666666679084301,18.67652832780714,11.69662886011185,20.501672363281273,7.238858795166038,1015.7549446614582,-16.639466603597004,349.50255165435374,1113.586534500122,31.828240966796898,17.883966064453148,25.017710622151714,37.73009236653646,21.66481543580691,0.0,18.84571757810586,10.665913238626404,20.23050969441732,7.987551625569665,1016.139287109375,-19.043191115061443,349.46682823014754,1059.667739232381,32.14998779296877,18.357171630859398,25.37628580729169,36.113425612449646,32.65277731791139,3.666666626930237,19.860663457860994,11.346443070415617,20.415542856852255,7.38177388509115,1015.7639322916667,-17.068590621153515,349.7665486764163,1131.6711915334065,31.886254882812523,18.103051757812523,25.131305948893253,35.22268509864807,21.03472211336096,0.0,17.361030371162443,9.97128014211255,20.336873626709007,7.162032063802087,1016.2004752604167,-19.37237141529719,353.43044349364936,1080.713599205017,32.04998168945315,18.057519531250023,25.251055653889996,36.91249930858612,23.110648228476446,1.6666667461395264,19.61646966544098,10.800549807199,20.188930765787802,7.576723988850915,1016.1944498697917,-17.867075602213543,351.605057163164,1113.6413056055706,31.603906250000023,18.084527587890648,25.03969599405927,35.24861081441244,11.145833556850752,0.0,16.386097175763307,9.59223515925607,20.280483500162802,7.101617431640648,1016.1684895833333,-18.785258452097576,353.3928181864321,1048.4724000295002,32.19280395507815,18.120202636718773,25.30533879597984,36.50833340485891,19.778703649838764,0.0,19.947652679339527,10.702180724072349,20.324520365397177,7.444828287760458,1016.044033203125,-18.248932282129925,352.07059789511067,1103.5354188283284
2021-06-11,32.03170166015627,18.610375976562523,24.008665974934917,42.26944406827291,32.99305558204651,0.763888890389353,37.59523288799725,15.946668535311195,19.2341133117676,9.04559987386068,1014.1845930989583,-9.388087198138237,341.2575431857258,1012.0048745473226,32.1833435058594,18.083337402343773,24.259371693929058,41.6291663646698,60.6671294371287,5.243055631406605,41.55239784711954,12.847592704760899,19.562627410888695,8.83689905802413,1014.4283430989583,-11.35439458489418,323.9524486890684,1092.5209589004517,32.21560058593752,18.678826904296898,24.35527318318687,41.240740855534874,30.159259001413982,1.2916666800156236,40.088577735701804,15.330278707626968,19.494476572672568,8.947253163655603,1014.240517578125,-10.854555666446686,342.6249509739379,1036.637954076131,32.41079101562502,18.587243652343773,24.62260208129885,40.27962871392568,36.576389253139496,1.3749999981373549,41.788351453516185,13.543330363736603,19.81307754516604,8.589929199218773,1014.403564453125,-13.97276775042216,340.0069413824628,1139.6950979232788,31.927789306640648,18.339868164062523,23.838880157470726,43.43240833282471,52.62592486540476,2.006944491993636,39.91415614365197,15.687418372892472,19.148024495442712,9.299478149414085,1014.4166145833333,-10.36996571222941,336.40540683393675,967.1850652694702,32.68728027343752,18.648919677734398,24.86768239339195,39.686111172040306,24.713426053524017,0.13888889038935304,35.260056036556236,14.06341899334896,20.12211125691732,8.620193735758505,1014.26728515625,-14.789144227902094,347.23998138681054,1156.184027671814,31.556848144531273,17.380944824218773,23.44946695963544,44.51435240109762,65.12638735771179,6.576388921588659,41.69723816353504,15.442956753642411,18.847695922851585,9.4721504211426,1014.6721712239582,-9.28139332930247,329.83506400696933,896.1342315673828,32.22445068359377,18.465051269531273,24.125779724121116,41.27175943056742,27.464814742406208,1.145833333954215,38.18031123507765,14.485282262145537,19.703101094563806,8.759887949625693,1014.31404296875,-12.66698431968689,341.8911642264575,948.6155789693197
2021-06-12,30.201470947265648,16.210809326171898,22.970867411295597,48.05648144086202,41.31018591206521,82.86805629730225,28.956524535915406,17.474211913295306,16.913869476318382,10.087026214599632,1017.11580078125,-9.506105502446493,351.1275753589968,1090.3542868296306,30.878015136718773,17.086999511718773,23.691798146565777,45.313889265060425,31.516203787333023,21.409721851348877,26.252403071411237,17.42215514987969,17.44244791666671,9.609766896565759,1016.5659830729168,-10.665906558434168,352.3574576334407,1207.8117707570393,30.849969482421898,16.897576904296898,23.468740081787132,46.20324126879374,47.7870370571812,49.31249964237213,28.88769855492387,17.14508417779414,17.139571126302087,9.848826344807946,1017.1657682291667,-9.760854740937551,350.01541115095216,1177.360127766927,31.035913085937523,17.222528076171898,23.6992863972982,45.64537024497986,36.19537034103026,30.854167699813843,29.71574206549231,18.087917457004508,17.679091389973962,9.823121643066429,1016.67912109375,-10.46350808441639,351.08944294104975,1099.6777187983196,30.526666259765648,16.697015380859398,23.175579325358097,48.04212927818298,38.17777772496144,89.72222256660461,30.250382720365796,17.331104520719816,16.953383382161462,10.130206044514978,1017.2435384114583,-8.973199864228567,351.2313797088961,1202.2267208099365,31.027795410156273,16.154687500000023,23.315593973795597,46.4958328406016,27.5226859638157,30.8194442987442,26.030583884448884,16.74152708037273,17.3884051005046,9.63615442911788,1016.9278385416667,-11.234935184319815,352.2871331162751,1099.1966899236043,30.491967773437523,16.376306152343773,23.222403462727886,45.52592500050863,34.09861139487475,44.74999964237213,27.05071307687894,16.558959415623665,17.078308359781943,9.430725351969443,1017.6705859375,-10.053448339303335,350.9742996307711,1181.8744265238445,30.533654785156273,16.081414794921898,23.00889104207359,48.33148169517517,32.12824030499905,97.58333158493042,26.37712391211428,17.139158795561844,17.114681498209677,9.967930094401083,1017.0114290364583,-10.911300738652548,352.2393859811127,1112.462020556132
2021-06-13,31.758508300781273,17.832879638671898,24.51813659667971,38.555092652638756,19.77361078063647,9.17361119389534,29.126485588324922,15.044308153872771,18.21141840616866,8.524864451090536,1019.1823177083332,-16.875694453716278,344.6335459475716,1151.7456760406494,31.130761718750023,17.417291259765648,23.799605305989605,43.93333315849304,17.318055662016075,108.43749785423279,23.660657077503487,14.458980825990386,17.775203959147177,9.7875966389974,1018.831533203125,-14.765096048514048,347.33189027383924,1064.0713529586792,31.369989013671898,17.490136718750023,24.224725341796898,40.270370165506996,16.66527763583387,25.0625,27.56777919792518,15.207293893297482,17.957671101888025,8.892697906494163,1019.4464290364583,-14.554056694110235,345.68705710582435,1073.4609594345093,32.1125427246094,18.022607421875023,24.770009613037132,38.02638920148214,11.426852038983876,51.34027576446533,25.71343362227704,14.9048759259478,18.50894699096682,8.440073903401696,1018.5501204427082,-17.65499210357666,352.2209278823187,1131.1951837539673,31.361138916015648,17.653558349609398,24.34676386515302,38.701388915379844,18.583333403648187,6.381944600492716,27.134547394683885,15.90312951709845,18.001819864908896,8.505069986979208,1019.387568359375,-15.593826949596405,342.9315262666593,1083.052591641744,31.886743164062523,17.828393554687523,24.37312978108726,39.87314875920614,11.638889089226723,97.79166603088379,25.962569577214897,12.846919068164938,18.26339492797854,8.712159729003929,1019.0233333333333,-17.267896552880604,345.35390929691494,1128.492618560791,31.436883544921898,17.422479248046898,24.362542724609398,38.157869497934975,17.898148043391604,7.743055569007993,28.225431316687327,15.436999731171248,18.184392547607445,8.298851267496786,1019.2592643229167,-15.790487011273703,346.8511741347611,1058.0552508036296,31.673944091796898,17.711694335937523,24.217675781250023,39.959259827931724,7.389351977035403,55.90277850627899,26.55544470526661,15.416006969720206,18.27250188191732,8.58314158121749,1019.2926985677083,-15.280757009983063,350.3481157353769,1102.1420704523723
2021-06-14,32.06539306640627,18.544732666015648,25.311915334065777,34.85092544555664,13.403704253335794,28.145832896232605,13.762202303151154,7.83310334538776,19.823069508870446,7.662343597412132,1017.5804296875,-23.599121967951458,353.6421793891738,1010.3452450434366,31.942956542968773,18.483361816406273,25.147657012939476,39.85925849278768,22.931482384757448,83.21527969837189,13.391677544231337,8.840618274735695,19.884414927164755,9.201224263509118,1017.7823274739583,-21.742115805546444,352.5860391700019,951.6893982887268,31.870477294921898,18.473046875000023,25.057853953043644,36.56342633565267,19.557869876424473,36.84027814865112,13.649888585348023,8.185153900683154,19.575898742675804,8.111595408121786,1017.6208919270833,-22.65686458349228,353.2434945516288,986.2017351786295,32.09121093750002,18.418725585937523,25.4028996785482,36.56018543243408,17.40324028581381,45.86805462837219,15.49204385250732,9.45350381140844,19.832020060221396,8.500325775146507,1017.62962890625,-22.675252616405487,351.26350963239867,1022.9432009061178,31.496850585937523,18.896051025390648,25.09337895711265,35.619906981786094,29.470832244182628,16.18055549263954,15.360792600965954,8.552549391239381,19.205667114257835,8.068833923339866,1017.5491927083333,-24.286621669928234,349.2863686097165,990.8289855321249,31.993554687500023,18.516656494140648,25.291607157389347,36.250462770462036,16.24907393567264,18.423611223697662,14.409621201194312,9.149993113001564,19.6524482727051,8.284612274169945,1017.6669075520833,-22.638205687204998,353.4245412815362,1038.3234172662098,31.297631835937523,18.561914062500023,24.807319895426456,37.78564771016439,34.09583361959085,26.14583346247673,14.080755528622348,7.810118399662437,18.99904022216799,8.49677174886068,1017.62689453125,-23.408784916003544,346.7915873937309,972.0433139801025,31.586694335937523,18.396081542968773,24.930661773681663,37.91759276390076,26.760649041117478,86.21527671813965,11.775211278903656,8.200689457854706,19.719208017985068,8.5641914367676,1017.7956510416667,-22.157444934050243,352.9933651530494,944.7805360158285
2021-06-15,33.04964599609377,19.545434570312523,25.981716410319034,38.36990706125895,35.15185136099657,13.215278059244156,26.801767293322474,15.12968484494158,20.926971689860068,9.50653991699221,1014.8188216145833,-15.632672369480133,334.54594548853737,1186.273007074992,33.92061767578127,19.748620605468773,26.247879282633487,38.76481429735819,55.86527789632479,38.18750011920929,20.10974320738757,14.974778244695356,21.401884969075525,9.455486551920615,1014.9371940104168,-15.524919917186102,324.10197878008086,1296.3110920588176,32.84542236328127,19.548791503906273,25.952289835612003,36.56759238243103,29.588426053524017,11.590277820825577,28.84848436406805,15.801367158629892,20.822551981608115,9.046858723958337,1014.620078125,-16.339489817619324,338.46195516362786,1114.2162984212239,33.23952636718752,19.458520507812523,25.93714040120445,37.95740795135498,46.73657455046972,44.82638907432556,25.006891371770237,13.680755010663487,21.299058532714866,9.084331766764365,1015.0119010416668,-15.84717313448588,312.07303395308554,1168.023826599121,32.91597900390627,19.438867187500023,25.289820607503277,38.97175947825114,23.524536972865462,12.249999910593033,23.33620077615742,12.908085310007559,20.557186381022177,9.304953511555993,1015.0235188802083,-13.338641166687012,335.60762923335034,1052.455450852712,33.04476318359377,19.361108398437523,26.11691818237307,37.09398174285889,55.531481678287186,24.173611283302307,22.441950191583427,14.393802319012513,21.10614166259768,8.931139882405603,1014.885517578125,-18.28105096022288,327.59188107959926,1266.7039632797241,32.52895507812502,19.649316406250023,25.497818247477237,37.9254625638326,23.763889011306066,4.694444358348846,22.243078510958316,11.689903651693703,20.494111633300804,9.296545918782556,1015.133720703125,-14.720054268836975,329.80344435945153,984.5918593406677,32.93081054687502,19.196801757812523,25.76734822591148,38.81249992052714,29.41666664307316,32.236111760139465,24.904458140504808,15.900323244838935,20.835174814860068,9.422896321614587,1014.9068619791667,-16.318877001603443,336.0507225226611,1247.1374184290569
2021-06-16,29.811547851562523,18.269738769531273,22.814468638102237,50.01388875643412,72.53842624028523,48.98611053824425,35.91161431489901,12.606916984503208,17.696360524495446,11.17128397623702,1012.123798828125,-5.486259410778682,315.5245166309178,990.66605981191,25.793756103515648,15.998559570312523,21.27905934651695,59.28611135482788,85.6287031173706,137.2430557012558,25.39589027630212,12.354712558751467,16.806574757893884,12.614549255371116,1012.540458984375,21.31045389175415,209.02148298981288,636.591178894043,29.489251708984398,17.443017578125023,22.486904398600284,52.88287059466044,85.33472283681233,72.01388823986053,20.318034620125538,10.155747674635265,17.543899790446005,11.70862477620443,1012.3369270833333,-1.348403016726176,278.68268786308664,846.9894564946493,26.719689941406273,18.119897460937523,22.227524058024112,55.1939811706543,90.39907312393188,87.81250047683716,17.751873148658326,10.600923808016658,16.995697275797568,12.37910105387374,1012.101865234375,12.58881288766861,217.5905340127647,741.3581126530966,28.308496093750023,17.865106201171898,22.78454106648765,51.013426303863525,78.39768393834431,65.87499976158142,18.384885431350426,10.912191452317003,17.58988215128585,11.532142893473349,1012.1202994791668,4.97332888841629,240.05381665502986,843.8811960220337,27.559838867187523,17.935327148437523,21.645256296793644,55.933796087900795,91.32546218236287,87.46527826786041,26.668133769834302,12.208522084215458,17.032258605957054,12.056480662028036,1012.2076399739583,7.69039915005366,242.23570062033832,717.232489267985,30.168298339843773,18.098535156250023,23.893284098307316,42.98888945579529,80.40648063023885,48.56250041723251,18.95560174597845,9.865316558363743,18.146084086100302,9.619059499104821,1011.721474609375,-4.0363807280858355,267.34159148608643,1090.652585665385,29.704003906250023,17.639062500000023,22.302658335367862,52.758795976638794,86.08240842819214,63.291667103767395,23.937679128510997,12.801923178925572,17.5535713195801,11.468361155192099,1012.0255891927083,7.142270008722941,260.648557525749,972.768736521403
2021-06-17,22.547113037109398,15.075158691406273,19.494304911295597,52.49722194671631,95.16111119588216,114.07638907432556,23.39197262597664,12.313003985153808,13.70258229573568,8.82835413614913,1010.827607421875,15.395876804987589,169.60314554798728,807.9078989028931,23.600976562500023,15.796563720703148,19.52267481486005,56.187036673227944,92.83194398880005,123.77083230018616,19.580199460539276,14.382037096679658,13.925294494628929,10.07382481892904,1010.6569010416667,12.747353752454122,202.93166619011512,864.0383370717367,23.817407226562523,15.505578613281273,19.789297993977886,53.13518555959066,90.8296308517456,54.94444501399994,27.10824542581514,12.944094271676093,13.881616210937523,9.370523071289085,1010.6082161458332,11.580095489819845,209.94973628936955,900.7294332186381,22.856500244140648,17.241235351562523,19.601199086507183,54.89768568674723,89.92870267232259,134.89583349227905,21.562195357193957,15.216944613636466,14.134464518229208,9.996123250325525,1010.218564453125,15.139698028564453,174.93815284594893,859.6054782867432,24.035455322265648,16.184136962890648,20.118015543619816,53.14259227116903,87.7268517812093,44.33333337306976,22.033720725423663,14.187763149786202,14.14291915893557,9.80474751790365,1010.1624381510417,10.010167280832926,226.99403443187475,944.0172363917032,22.214318847656273,16.361108398437523,18.69488932291669,63.01296218236288,95.3361120223999,202.1805543899536,19.200033613096032,14.002549473717423,12.974394734700525,11.230369822184286,1011.08783203125,21.49121622244517,161.1763682346791,752.9582443237305,23.295190429687523,16.538385009765648,19.903227742513042,53.68842585881551,92.17314879099528,47.94444423913956,20.123419356914397,13.397566530262145,13.874944305419945,9.768190002441429,1010.3191536458332,9.244618773460388,209.64704289038977,947.3795680999756,23.161157226562523,16.949822998046898,20.009091949462913,51.68240753809611,93.2624994913737,77.99999928474426,23.6591963180458,15.37107679347375,13.858000691731775,9.351061757405603,1010.5949055989582,14.639913449684778,193.38959104257324,943.2532494862875
2021-06-18,23.741998291015648,15.420770263671898,19.605453745524112,53.65879599253336,73.2527770002683,48.18749964237213,19.79428652888629,11.600176561257838,13.382341003417991,9.653983052571618,1012.2059830729168,8.816825350125631,179.11383513299128,794.7342319488525,27.116052246093773,15.333673095703148,20.871155039469425,47.42870322863261,68.9046288728714,165.58333349227905,20.972413554800145,11.180011970585701,14.783363596598349,8.679472859700525,1011.987724609375,-9.665920416514078,246.2026806883514,966.1435645421346,23.677026367187523,14.960534667968773,19.577827707926456,54.96527830759684,69.33564863602321,60.4861114025116,22.295067889431532,13.426420029299573,13.325334167480491,9.876536305745446,1012.3325390625,4.245164076487224,200.14522641462585,869.4197127024332,28.138696289062523,15.814294433593773,21.300417836507183,46.7921294371287,81.80092589060466,76.27777767181396,24.2866087833136,12.73125895238133,15.112969970703148,8.793725585937523,1011.6413997395833,-11.698346257209778,289.00283688430983,1041.8304376602173,23.789300537109398,14.791650390625023,19.161838785807316,56.928240617116295,76.0606477657954,36.54861116409302,23.12834666618847,14.083226386730678,12.853176371256552,10.03406677246096,1012.5074283854167,1.2550603151321411,227.3753734373798,867.1870533625284,24.494256591796898,15.738092041015648,20.408579762776714,50.933332761128746,81.39814869562785,60.28472137451172,17.544539299510696,10.293056389595884,14.120144144694052,9.612545267740927,1012.1809798177082,0.27286434173583984,211.15778356355926,799.2547896703085,23.903131103515648,14.970269775390648,19.11020940144859,57.599998474121094,88.47777795791626,22.020833322778344,20.507319402577036,12.742185154056635,12.7551259358724,10.188462829589866,1012.6527473958333,4.230145355065663,209.9281674399972,812.4181957244873,24.303674316406273,15.745294189453148,20.300617472330753,52.065740744272865,82.02175982793172,74.8263885974884,15.744933189551242,11.068404378541672,13.890953318278036,9.864467875162802,1012.244755859375,-2.0082000096639,192.0376482165108,796.0130707422892
2021-06-19,23.762963867187523,15.952539062500023,18.78743233058766,51.96231900090756,77.60676284458326,67.02777671813965,29.1329167688516,14.058402760779632,12.150087306810462,7.484333071501396,1013.318203125,-6.049118311508842,304.7737719635277,1065.9689271346383,22.454614257812523,15.823510742187523,18.491661144438268,56.146561032249814,65.65502748035249,157.32638907432556,27.496828835312076,16.12471053491584,11.734525844029065,8.745962669735889,1012.6710602678571,3.6325473331269764,288.0141151346976,1026.528439839681,23.817651367187523,15.693536376953148,18.8146059672038,51.002314726511635,89.36481507619222,85.25694513320923,25.437639595007436,13.592692328606057,12.258425649007165,7.215907033284509,1013.3979622395833,-5.490017354488373,286.88448205947253,1037.3378225962322,23.537652587890648,16.500115966796898,18.687874094645206,53.940277099609375,70.9421293536822,126.14583492279053,32.00999036607293,15.714961862093128,11.949852244059286,8.265913899739587,1012.6552408854167,-1.0802270770072937,278.72592822245014,1095.8816715876262,24.074792480468773,16.138909912109398,19.237463887532574,47.61203686396281,83.5800918340683,51.152777552604675,24.733873667271208,13.360744123674236,12.601481374104821,6.578009541829431,1013.2385481770833,-8.859878999181092,293.9522234958907,1022.9057133992513,23.355126953125023,15.482141113281273,18.654121653238956,52.67962956428528,86.27268536885579,115.54860973358154,30.869266457203054,15.47138630218808,12.06155675252279,7.70713831583663,1013.0399251302083,1.4034194151560466,267.2494254099826,1076.1403770446777,23.865167236328148,15.680902099609398,19.179027811686222,46.93333331743876,85.10277765989304,30.659722328186035,21.88927283691305,12.579052918849625,12.520413970947288,6.307010904947958,1013.5894140625,-9.992361078659693,299.0307757450889,1016.6135985056559,23.583337402343773,15.805535888671898,18.453928883870464,55.735648234685264,85.41990764935811,95.86111187934875,29.70299234619012,14.315433608386925,11.904616292317712,8.389174397786462,1013.0278255208333,-1.0461947917938232,256.86848020429414,998.353635152181
2021-06-20,19.495782470703148,13.757836914062523,16.51352717081708,58.01527786254883,58.42500093579292,3.9513889253139496,32.96560315336744,23.747805294819738,10.1697822570801,7.970302836100302,1011.8085677083333,16.44713471333186,268.4073154143989,806.4842096964518,20.415307617187523,13.890161132812523,16.653259531656925,57.32546313603719,58.46805568536123,72.95138812065125,34.342086538960594,24.00123248775454,10.07016270955404,7.9952382405599,1011.8074609375,13.88333829243978,268.6149674983074,865.4065500895182,20.176019287109398,14.504174804687523,16.767672475179058,57.98657433191935,44.58425956467787,1.5833333283662796,33.09621510265133,22.515286426448707,10.687270100911462,8.204454040527366,1011.3272395833333,17.39603078365326,275.7621602838238,809.0943234761556,21.592095947265648,14.145532226562523,17.133800760904972,55.4537041982015,57.8587965965271,87.89583563804626,35.82835773806929,25.497812798640002,10.458961741129599,7.85657653808596,1011.7042513020833,7.917459170023601,318.21791136388975,896.6472434997559,19.620385742187523,14.207543945312523,16.686016337076847,58.458798249562584,50.52638896306356,2.2777777910232544,33.71575808864466,23.03430221102955,10.411232248942099,8.258601125081384,1011.4030696614583,15.436407516400019,284.7459260057658,851.8504161834717,21.310174560546898,13.544061279296898,16.96102930704755,57.097221215566,49.778241316477455,58.76388955116272,33.97448579893949,24.984269457527958,10.244175211588583,8.116825358072958,1011.816787109375,9.85702657699585,317.2878347920875,902.1289189656576,19.751733398437523,14.344415283203148,16.730911509195987,57.36296288172404,48.0328700641791,1.0694444351829588,33.109795691127424,23.27293752048854,10.289943949381552,8.091853078206384,1011.7138834635417,19.9967858393987,266.9420083177586,840.5418459574381,21.051904296875023,14.117883300781273,16.732202148437523,57.54259316126505,63.284259140491486,31.569444179534912,34.75061469107264,24.073394691571263,10.217280324300134,8.108375803629599,1011.8562272135417,12.291772862275442,274.32012173719704,834.4465840657552
2021-06-21,20.458276367187523,10.986993408203148,15.988539632161482,58.85972245534261,41.06064863999685,3.9027778059244156,22.565339551797756,17.636020205953557,9.601583099365257,7.259346262613974,1011.6215104166668,1.9735005398591359,291.8796858017643,1010.3057899475098,21.474145507812523,11.100640869140648,16.10952021280927,59.16759204864502,28.280092239379883,6.319444328546524,22.171270701804445,16.52936549266271,9.915087636311853,7.2787096659342865,1011.3876790364583,-2.6011173923810325,304.4556880655388,944.3507595062256,20.623864746093773,10.983636474609398,16.06906153361005,58.45926014582316,43.06527757644653,4.91666667163372,22.13410748753093,17.023475874835395,9.731294250488304,7.0915695190429915,1011.6482682291667,1.1475579341252644,297.004633065934,1038.872803370158,20.553247070312523,11.168298339843773,15.96775080362958,59.96574052174886,35.51250048478445,6.208333358168602,21.216650096611698,17.764648014987152,9.654506937662802,7.525411224365257,1011.6341243489583,0.7432535886764526,281.4601484344651,965.3034731547037,20.392785644531273,11.146752929687523,15.822525278727236,60.560647328694664,39.841203570365906,4.027777813374996,23.33087911906575,17.90302309462101,9.454202270507835,7.440797424316429,1012.00751953125,4.181805709997813,280.12779713608325,1020.0438289642334,20.265985107421898,10.849755859375023,15.882981872558616,59.58935181299845,33.93657406171163,8.493055611848831,23.532746206732888,19.16515874211989,9.472965494791708,7.475457763671898,1011.5455729166667,1.8832611838976543,289.05062338958186,983.9103507995605,20.079400634765648,11.218682861328148,15.821644083658876,61.122687180837,42.685648103555046,4.409722238779068,23.872562892966247,17.884341943357388,9.558025614420615,7.584966278076195,1011.884482421875,5.815769712130229,268.8788399392118,1004.4548924763998,20.472192382812523,11.062615966796898,16.18341979980471,58.79259332021078,43.10324196020762,5.472222313284874,22.717375808673278,18.649088551380974,9.778033192952478,7.449207560221396,1011.5421744791668,1.7883662184079487,282.54216047314304,1038.2148005167644
2021-06-22,21.006921386718773,12.434014892578148,17.187519327799503,51.82824087142944,43.698148250579834,2.888888917863369,11.035511504747003,6.412022909965376,11.172719573974632,6.768154398600302,1014.4123274739583,-2.683744192123413,199.6580894937118,737.1351040204366,21.659448242187523,12.429437255859398,17.402874247233097,52.37916628519694,36.575925866762795,5.361111149191856,13.531459751941675,7.424392611762795,11.30237477620443,7.019326782226585,1014.0171647135417,-11.1177579164505,256.56485214456916,784.7496735254923,21.614038085937523,12.683343505859398,17.52286554972333,50.650463263193764,44.2111110885938,1.9305555522441864,10.698085022995672,6.9631378279971825,11.351799265543661,6.722137705485068,1014.1919075520833,-2.6232696374257407,205.79125684003034,791.8394101460775,21.238854980468773,12.652581787109398,16.986675516764347,53.847222646077476,42.53888907035192,14.11805571615696,19.763028846868014,6.5049795805266015,11.270127868652366,7.061929321289085,1013.5513444010417,1.3734984397888184,210.68916621431708,744.9134532610575,21.098413085937523,12.563256835937523,17.261663055419945,52.77036952972412,54.354629476865135,3.7916666120290756,10.771519550969593,5.513532370441943,11.238126373291038,7.091271972656273,1014.2411881510417,-2.230446378389994,199.14831166403988,751.1454823811849,21.833520507812523,12.411889648437523,17.690813954671246,49.58981482187907,34.78796227773031,5.437499940395355,13.2856506420628,6.974293237025954,11.52701339721682,6.451370493571005,1014.456298828125,-14.224374055862427,260.50493342305225,819.1136358579,20.733819580078148,12.270806884765648,16.969556427001976,53.32870308558146,52.54444511731466,5.583333333488554,16.611328856881517,6.534504092640126,10.953312174479208,6.967630004882835,1014.6266634114583,0.40534377098083496,190.16101592841247,722.5220742225647,21.835687255859398,12.329583740234398,17.51064198811851,50.48009236653646,37.47361193100611,5.923611178994179,12.518908376802246,6.629750515061139,11.484877522786462,6.582730865478538,1014.3323177083333,-12.019010782241821,243.7841859124601,785.9614663918813
2021-06-23,22.366906738281273,13.212701416015648,17.420027669270855,52.997684717178345,68.57175922393799,37.95833361148834,16.519914021810237,11.430392818809873,10.831250762939476,6.843152618408226,1017.4085807291667,-8.936136573553085,269.9601160651073,996.1488278706869,22.337945556640648,12.435571289062523,17.57736231486005,49.23564831415812,63.20694510142008,13.805555447936058,15.841615113211683,10.860599956165196,11.068584696451865,5.795166269938193,1016.7984798177083,-14.534046570460001,286.08366744654876,1048.9344596862793,21.117425537109398,13.142816162109398,16.907563781738304,55.0004628499349,64.07083288828532,69.42361092567444,15.694165122075109,11.013726478759844,10.293122863769554,7.17524363199874,1017.7326171875,-8.838352281600237,259.84705769456923,876.70680809021,23.390344238281273,12.720971679687523,17.79159571329755,49.661110162734985,65.54583215713501,16.277778074145317,20.894776364891648,11.996778864957784,11.470115915934286,5.932258860270224,1016.353779296875,-9.906308233737946,286.2250902261585,1072.763126373291,21.118554687500023,12.701623535156273,16.722283935546898,54.8305557568868,65.71203700701396,66.43750071525574,14.194238607209874,11.955613074361665,10.201450602213583,6.80729700724288,1017.860126953125,-0.6637891680002213,258.2241308906426,927.1449228922526,21.239282226562523,12.256158447265648,16.708448028564476,57.12546253204346,55.94073987007141,84.95833492279053,19.89692285877976,13.756608033914555,10.221671040852868,7.3871627807617415,1016.9828776041667,-3.882052262624105,292.231628463914,900.4037926991781,20.610284423828148,13.950006103515648,16.75542856852216,54.437036673227944,82.3462971051534,39.097222089767456,17.326131449606358,12.33094365131827,10.113206481933616,6.9542950948079465,1017.8085611979167,3.1931659976641336,211.391427981512,884.6762968699137,21.749993896484398,13.873437500000023,17.595004018147808,50.975000301996864,60.487037460009255,45.0486114025116,15.87863225397318,10.348219056905885,10.793303426106775,6.618512725830101,1017.2035416666668,-5.317089855670929,261.77657411775243,923.4797131220499
2021-06-24,26.202111816406273,11.279779052734398,18.960665639241558,41.23750114440918,3.629166736267507,5.666666507720947,18.242384724846392,9.457088299356057,13.118630981445335,3.948147074381552,1019.8936686197917,-26.89563476294279,361.2174647767097,861.8262713352839,27.515374755859398,12.287927246093773,20.056497192382835,40.42777713139852,3.223611123239001,40.16666793823242,17.08116286769078,10.731191973352827,14.296333567301474,5.20205968221029,1018.9521809895833,-25.63917765021324,358.07829766658443,937.5667808850607,26.236291503906273,11.767541503906273,19.15983861287437,43.01898185412089,3.128703640153011,2.333333373069763,21.44910466900716,9.723741174912762,13.34382019042971,5.084424591064476,1019.7379069010417,-25.316828700403374,359.86446477162343,872.9234284559885,26.918572998046898,11.990991210937523,19.59122492472333,40.8472224076589,2.3393518306935825,73.5,15.283031442465452,9.838616546845447,13.868071492513025,4.731520589192712,1019.232060546875,-27.57690006494522,359.6827226653695,877.779071966807,26.320092773437523,11.746484375000023,19.145480092366558,43.79444511731466,2.0398148566794894,0.0,20.14566643127453,9.56910961837921,13.454349772135458,5.471063232421898,1019.7473763020832,-27.15490220983823,358.4062087312341,868.2565043767294,26.434075927734398,11.259820556640648,18.97063852945966,41.74537014961243,5.5703703428541,70.00000190734863,17.538792809216112,10.182678267185182,13.184990183512411,4.11438903808596,1019.8986686197917,-25.92981217801571,361.43756800641614,833.4279691378275,26.345849609375023,11.791833496093773,19.225020345052105,43.77638864517212,1.7347222839792569,0.0,18.317782749448266,9.751593347947873,13.511074320475302,5.618344879150413,1019.701533203125,-27.888025174538296,358.4847017303109,881.0590821107229,26.149987792968773,11.101647949218773,18.768615976969425,41.34490784009298,8.5657410522302,43.83333206176758,17.764996467133997,9.540108982033644,13.030168151855491,3.732747650146507,1020.0615950520832,-27.538833528757095,360.85873486846685,855.8891437848409
2021-06-25,29.753930664062523,15.872583007812523,22.9815981547038,42.35694400469462,20.812500294220325,0.0,13.332602403834853,9.517290562543641,17.391662851969443,8.5236806233724,1017.6169759114583,-25.59639819463094,346.2274436640243,859.5290775299072,30.189263916015648,15.746057128906273,23.12687454223635,38.953703006108604,9.842592695262283,5.666666507720947,12.617763169463515,9.706380017215652,17.574091847737634,7.495823160807333,1017.6243001302083,-25.941960374514263,353.4511824933191,876.3244439760844,29.574884033203148,15.721948242187523,22.918944295247417,40.764814694722496,31.383334251431126,0.0,13.476577554869474,9.320883942589981,17.402566528320335,7.978510793050134,1017.6009733072917,-24.652909517288208,340.35079281404614,857.0193187395731,29.891839599609398,15.947442626953148,23.16761169433596,39.792129596074425,17.452777326107025,2.333333373069763,12.418233615440501,9.274617208642006,17.62884928385421,7.896375274658226,1017.6839778645833,-26.394840836524963,351.0820502527058,849.6170506477356,29.478631591796898,15.758508300781273,22.93099238077802,40.18055438995361,19.77175937554178,0.0,12.467689585819226,9.481322672512412,17.297676340738974,7.814701334635458,1017.6955891927083,-25.79574449857076,346.32822005823255,872.3242869377136,29.860528564453148,15.883325195312523,23.086284891764347,40.6972222328186,15.970833227038383,0.0,12.620653742334706,9.118041696110014,17.538435872395837,8.128761545817099,1017.839482421875,-27.042887806892395,351.5526395328343,853.2012321154276,29.305413818359398,15.863397216796898,22.930343882242862,39.40740776062012,27.135185367117327,0.0,12.01443776653254,9.089810001558773,17.278582509358728,7.603912607828818,1017.7710807291667,-25.31775776545207,341.71202096218866,876.2771690686544,29.657464599609398,15.992883300781273,23.0364814758301,42.04027771949768,19.75370347034186,0.0,12.850363609489108,9.442357268864546,17.438282267252646,8.447920735677087,1017.5976334635417,-25.44857664903005,345.94152295899886,846.5845060348511
2021-06-26,31.483361816406273,18.264520263671898,25.152558898925804,36.054166634877525,22.32037039597829,0.0,25.80197571875829,13.356859491201474,20.08066838582357,7.72149556477865,1013.3675130208333,-22.075003306070965,350.71653952325386,1162.6836777528126,31.640405273437523,18.236383056640648,25.252187347412132,36.983333667119346,11.18333343664805,0.0,24.78370114000112,14.044950226449899,20.232105509440146,8.062000528971396,1013.32255859375,-22.69189828634262,353.5932158002009,1152.1855204900105,31.738885498046898,18.141076660156273,25.345002746582054,34.932870388031006,38.279629508654274,0.0,26.035637773313184,14.184678219711174,20.219382222493493,7.244470214843773,1013.0598763020832,-20.831589102745056,345.5298662452648,1227.3244039217632,31.772271728515648,18.289483642578148,25.323515828450542,37.4231481552124,23.926388998826344,0.0,25.97546869499648,13.987297862640725,20.251491800944052,8.389619445800804,1012.9608561197917,-23.112809121608734,349.7055998810877,1168.8995310465496,31.538873291015648,18.418878173828148,25.233631388346378,36.68750071525574,55.35601862271627,3.48611106723547,27.827154769675325,14.579687120555308,19.929865773518884,8.132937367757165,1013.471923828125,-20.289230783780415,339.9665564323465,1189.003688176473,31.338891601562523,18.204797363281273,25.053816731770855,36.32731509208679,31.125000456968944,0.0,26.612916306571613,14.08100893508876,19.99405695597335,7.781851704915368,1013.0670149739583,-21.41468741496404,346.96859112071496,1154.1795759995778,31.516656494140648,18.543420410156273,25.414842224121116,35.8689816792806,50.31666653354963,0.3472222308628261,27.988033149608373,14.646783140829358,20.02592493693038,7.937696075439476,1013.5794140625,-20.908471544583637,341.6066250484437,1223.178215821584,31.350000000000023,18.196801757812523,25.08801930745445,36.31388886769613,30.79768504699071,0.0,25.279303778892896,13.522018864401948,20.01725794474288,7.764554595947288,1013.25751953125,-21.77762230237325,345.43701607671875,1140.963893731435
2021-06-27,29.343164062500023,17.527581787109398,23.90323410034182,25.989351511001587,45.59259323279063,1.1666666865348816,29.210685433167168,17.852206318182766,18.1427996317546,2.527478790283226,1011.9940169270833,-7.797903815905253,356.853612439086,1004.8341433207194,28.085870361328148,17.998986816406273,23.18857345581057,28.135648250579834,79.72407515843709,0.0,27.465885799814004,16.802934580078738,17.588794962565146,3.3536862691243527,1011.267138671875,-2.042297621568044,325.32055430735153,973.2404260635376,28.860742187500023,17.285852050781273,23.532337443033878,27.30416663487752,37.04444496830305,1.1666666865348816,29.88977676955859,17.721587191719433,17.71747996012374,3.0354349772135834,1011.76798828125,-7.337660650412242,356.2041287707786,982.3682181040446,28.620935058593773,17.792382812500023,23.31503067016604,26.64305551846822,61.29120421409607,0.0,30.21347142047755,17.944949732088055,17.563003794352255,2.6682233174641965,1011.3706087239583,-3.8239428202311196,348.7477569741507,1001.1322940190634,28.674829101562523,17.196984863281273,23.356979624430362,27.350000222524006,45.685648292303085,0.0,31.04515078007099,18.884513544584404,17.587520853678427,2.9697611490885834,1011.9441048177083,-6.315321087837219,353.2196305481096,995.0834833780924,29.207299804687523,17.639794921875023,23.79423039754234,26.135648250579834,49.000925878683724,4.333333253860474,31.033416611952347,18.529079354237634,18.05518493652346,2.4960863749186615,1012.0596647135417,-6.665649791558583,356.25414806914824,1004.3045050303141,28.561334228515648,17.316674804687523,23.21795298258466,27.391204118728638,45.02777844667435,0.0,31.66572649024953,19.934693635287427,17.37112706502279,2.9153991699218977,1011.9975,-5.101896047592163,356.55372535064816,1016.2125619252523,29.263421630859398,17.348352050781273,23.668770090738956,26.312037030855816,45.763425747553505,0.5000000149011612,30.73511366211468,18.364011799116817,17.8455635070801,2.527491505940759,1012.1473274739583,-6.518217424551646,356.3143493222694,1006.1235179901123
2021-06-28,26.861108398437523,14.844903564453148,20.953549957275413,29.964351812998455,27.84212975949049,0.0,18.411988204927848,10.526308814444564,14.50678405761721,1.8381655375163177,1014.7835677083333,-8.935408989588419,364.62391305683803,956.9704958597819,26.335626220703148,14.590905761718773,20.71783854166669,32.04212919871012,31.376389351983864,1.1666666865348816,23.262451856473895,12.64690036612087,14.3611885070801,2.8930463155110715,1014.769423828125,-5.199275294939677,360.65781852882355,977.4379472732544,26.393334960937523,14.331170654296898,20.561399078369163,31.55370346705119,21.328241355872404,0.0,19.427027256834755,10.423519321008857,14.239869689941429,2.3257143656413177,1014.7310286458332,-9.00273589293162,363.88276594659936,943.1717640558878,26.230096435546898,14.059381103515648,20.565044657389347,32.287963469823204,27.924073740839958,1.1666666865348816,23.223949122384816,12.50999964321433,14.158396657307946,2.8900784810384152,1014.8449739583333,-6.098973035812378,360.93939536095905,953.3495588302612,26.230035400390648,14.676293945312523,20.537735239664737,31.680554548899334,23.481018491089344,0.0,20.085566186698323,10.844280331025095,14.070125834147177,2.378962453206384,1014.633369140625,-7.702378233273824,363.68001835265505,940.7420126597086,26.574273681640648,14.661950683593773,20.7054267883301,31.371759096781414,22.810185673025746,0.0,20.40856148042777,11.106419692480245,14.333206431071005,2.5429969787597884,1015.0603255208333,-7.529183467229207,361.4959871051833,957.1416060129801,26.112268066406273,13.976800537109398,20.102042134602886,31.694908062616985,30.129166901111603,0.0,19.353697253824166,10.886823554115741,13.678285217285179,1.9250427246093977,1014.8742024739582,-6.527093331019084,363.73708714327466,947.5340127944946,26.629815673828148,14.217523193359398,20.56891021728518,30.522222359975178,22.433796750226367,0.0,18.36559707091418,11.091896447453307,14.205372111002646,1.9517239888509152,1015.0456282552083,-7.1651826699574785,363.49159448624897,935.5433355967203
2021-06-29,28.318536376953148,14.327661132812523,21.5005559285482,36.25046340624491,1.1870370590283226,0.0,11.4231744675984,8.407001334065576,15.538171386718773,4.8054608662923215,1016.020244140625,-14.135411500930786,358.31629725173116,835.8880160649618,28.581933593750023,14.891656494140648,21.881623840332054,34.6958335240682,0.6013888947976133,0.0,11.950706550260339,8.851875232333413,15.912436421712243,4.404224650065146,1015.815244140625,-12.300494074821472,359.1895608094831,960.1384102503458,28.316674804687523,14.197045898437523,21.4640569051107,35.8990740776062,0.5250000056500236,0.0,11.341041153821504,8.687998302386324,15.509014383951865,4.645965830485068,1015.9763606770833,-13.607716262340546,358.4217215764026,848.1486911773682,28.238885498046898,15.037255859375023,21.687328592936222,36.34814874331156,1.66203702117006,0.0,11.052612209735386,8.49881795933977,15.733210500081384,4.945523834228538,1015.6926302083333,-12.9175596733888,358.4756379512449,963.9433768590292,28.056481933593773,13.844354248046898,21.106744384765648,37.45046337445577,0.4921296151975791,0.0,11.0480043336306,8.425034041374564,15.109744008382165,4.8647082010905365,1016.2408170572917,-13.240739782651266,358.0571421372394,829.0511728922526,28.153253173828148,14.616510009765648,21.55196406046552,37.06296292940775,1.9722222184451919,0.0,12.01360081213226,8.788766925349416,15.565150197347009,5.199267323811853,1015.943955078125,-13.067331155141195,357.30007982129854,891.93461672465,28.053247070312523,13.797418212890648,21.101940409342472,37.45879650115967,0.7902777986600995,0.0,10.257991976738383,8.199198596644228,15.119660949707054,4.7644274393717865,1016.4425325520833,-13.48530662059784,358.179630993555,817.3156450589498,27.982202148437523,14.153283691406273,21.197454071044945,37.85925952593485,0.9337962844098607,0.0,10.64947475770834,8.28753771263339,15.188681538899743,5.151373799641931,1016.08841796875,-12.934465686480204,357.76994832232594,868.6556652386984
2021-06-30,31.414270019531273,16.223016357421898,24.130879974365257,33.00648069381714,8.390277149931839,0.0,16.778005695653555,11.215932324334778,19.00729649861654,4.954610443115257,1014.4226139322917,-17.232031082113583,356.3861635935803,875.9623588720957,31.287744140625023,16.665979003906273,24.382627105712913,30.275925834973652,21.46759216611584,0.0,19.310968148057526,11.475150895403006,19.33291905721029,3.901937103271507,1013.8035514322917,-16.371893815075357,355.16918166602653,937.9250300725301,31.758660888671898,15.896203613281273,24.118030802408878,32.9259258111318,7.538888743768136,0.0,17.203142099390412,12.045352036270883,19.12615102132162,4.661158498128259,1014.2424186197917,-16.7559526214997,357.36085589850944,887.549046198527,31.443078613281273,16.516076660156273,24.29448216756187,30.915740847587585,14.247685137825707,0.0,18.17452008705226,11.378740170184466,19.243825531005882,4.257483418782556,1013.80484375,-16.894171605507534,355.77196232602,910.2564665476481,31.628594970703148,15.724023437500023,23.947582499186222,33.031481186548866,2.7578704276432595,0.0,18.11315718013752,12.686624682760572,18.98674036661788,4.38925704956057,1014.3981022135417,-16.180492877960205,358.52627953017753,894.6822719573975,31.303491210937523,16.347131347656273,24.16828816731773,30.824073394139607,8.853703362556795,0.0,19.128312940590114,11.208706147961976,19.118296559651696,3.9540814717610715,1013.8230013020833,-16.603109429279964,357.0717434895535,901.1972111066183,31.424188232421898,15.693688964843773,23.829834238688175,32.284722566604614,1.0407407966752846,0.0,17.819344451676272,12.292534923702894,18.792007700602255,4.088732655843103,1014.6134147135417,-15.985073695580164,358.9684822571774,895.7654918034872,31.494500732421898,16.312249755859398,24.21185455322268,32.11944452921549,8.006944200800111,0.0,17.94104345704651,11.157769720530164,19.155554707845056,4.60129063924154,1014.0884537760417,-17.204933663209278,357.4480177971224,896.5843666394552
2021-07-01,32.20559082031252,18.076440429687523,25.754424031575542,22.734259366989136,48.981480995814,0.0,20.139686756836916,11.132070880392682,21.038299814860068,0.8566528320312727,1014.6617643229167,-17.01196946700414,357.2495140374328,923.4348888397217,32.13530883789065,18.638970947265648,25.832933044433616,25.148611466089886,53.09444441397985,0.0,20.687141489753348,11.068782216623939,21.076256052653036,2.2718991597493527,1014.8347298177083,-16.52107876787583,351.15921814274043,912.7009821732839,32.16085205078127,18.105554199218773,25.820705668131534,23.097221930821735,39.54166696468989,0.0,20.49486608346584,11.103746242544432,21.081694539388025,1.2567548116048215,1014.8293619791667,-17.955723603566486,359.7964078327641,907.7414740721384,32.51326904296877,18.912500000000023,26.018095906575542,23.990277767181396,52.522684733072914,0.0,21.803610136080902,12.016875828897954,21.27343012491866,1.7153869628906477,1014.4984244791667,-16.076107025146484,353.81898262072355,927.963081518809,31.902154541015648,18.077844238281273,25.65040740966799,23.13194461663564,35.90694425503413,0.0,20.934652595000536,11.094031820584851,20.873420969645224,1.1583063761393646,1015.1428190104167,-17.603447834650677,362.2053860963012,909.9180875619253,32.32534179687502,18.476525878906273,25.843940989176456,22.857407530148823,60.87962929407755,0.0,20.72230767040704,11.270723405901945,21.129774983723962,1.0190610249837277,1014.9179654947917,-16.071686098972958,349.3047772947078,929.9850108623505,31.799249267578148,18.015283203125023,25.549742635091167,21.720370332400005,33.65231408675512,0.0,21.264267840439896,11.297075644295147,20.742116546630882,0.43414713541670835,1015.3135904947917,-17.123007158438366,361.9151700080062,909.5823993682861,32.1186462402344,18.495355224609398,25.72134170532229,22.135648051897686,63.33657419681549,0.0,19.65803803978766,10.560674396027368,20.956964111328148,0.6318349202473996,1014.84728515625,-15.74887720743815,348.8172729263703,907.6207962830862
2021-07-02,32.72921142578127,18.911431884765648,26.359150187174503,19.215277870496113,9.696296324332556,0.0,24.60392840179864,12.89987338776225,21.531006113688193,0.32750854492189774,1014.910849609375,-16.30615735054016,360.2536081975947,903.0309405326843,32.9443298339844,18.994622802734398,26.495886739095074,19.51712981859843,4.262963027848552,0.0,27.89839517894972,13.497100984741943,21.62249018351241,0.5506289164225677,1013.7106022135417,-15.766476472218832,359.91146052939195,954.764568010966,32.6680847167969,19.039575195312523,26.3870305379232,19.034722367922466,9.209722375652442,0.0,24.314900160687262,12.76716986036965,21.529609934488974,0.300361887613974,1014.8055208333333,-17.595287481943767,359.99147062562406,896.6995484828949,33.02486572265627,19.286248779296898,26.681460316975933,19.533796429634094,17.842592266388237,0.0,25.442186390296968,13.105937010904876,21.88761418660482,0.6295270284016965,1013.9558626302082,-16.945156733194988,360.38027895552415,927.450823465983,32.51253662109377,18.837182617187523,26.200271860758487,19.20370356241862,11.0597218205221,0.0,23.16110960617853,12.632405615051075,21.252823130289755,0.3345441182454465,1014.9811458333332,-17.546807487805683,359.2933834896733,869.9532593091329,32.77486572265627,19.085778808593773,26.431714630126976,19.708333492279053,10.085184939205647,0.0,25.01853694392665,12.880369805668172,21.581105804443382,0.6623410542806027,1014.6623046875,-16.713449835777283,360.09772850138444,906.3284560839335,32.53801879882815,18.856072998046898,26.210014597574894,19.463425914446514,12.581944484263659,0.0,23.043910944056776,12.633748965756785,21.25168380737307,0.4172810872395871,1014.943896484375,-17.777304251988728,359.516552299882,862.237274090449,32.66738281250002,18.878106689453148,26.30941034952802,19.084259311358135,4.966203744212787,0.0,24.5507101172301,12.912603002706794,21.51558965047201,0.1401484171549896,1014.8511165364583,-16.476120154062908,360.9000777906428,893.9729971885681
2021-07-03,31.333978271484398,18.952325439453148,25.56551386515302,30.437962293624878,52.044444779555,0.0,27.022774334179317,12.948199702629443,19.971016184488974,6.4732770284016965,1014.228427734375,-13.295112336675325,337.7734626531601,938.727905591329,30.832513427734398,18.430688476562523,25.13751627604169,31.434721787770588,38.69629661242167,0.13888888992369175,26.44251736330553,13.637136634639445,19.51171010335287,6.472755686442099,1014.3520768229167,-11.071802188952764,333.6821792864551,970.9385821024576,31.265222167968773,18.926873779296898,25.572684224446636,31.448611338933308,45.53657446304957,0.0,27.805314489633993,13.196081025093543,19.906074778238974,6.921656545003259,1014.181708984375,-13.348746046423912,337.3499384323756,944.7614378929138,30.997369384765648,18.972222900390648,25.346237436930362,32.155555407206215,59.51157395044962,0.06250000046566129,26.407908107776812,13.427219624288362,19.56205266316732,6.9399035135905365,1014.3433756510417,-11.446149739747247,328.83889245428145,943.9824180603027,31.189477539062523,18.753442382812523,25.375981903076195,31.850463151931763,44.56250001986822,0.0,25.03027324646889,12.768718144534484,19.42994333902999,6.939907328287802,1014.7006184895832,-13.523001283407211,338.51285393474,966.3411068916321,31.058129882812523,18.577203369140648,25.26534805297854,32.61527752876282,44.181017915407814,0.0,27.19544053862324,14.501444694631092,19.4064715067546,7.050650533040368,1014.6152311197917,-11.725399573644003,330.35760342516005,948.2842232386271,31.076165771484398,18.468347167968773,25.244980112711612,31.953704118728638,47.224074840545654,0.0,25.946538364249164,13.038192610193875,19.350415802001976,6.908231353759788,1014.59025390625,-12.695947209993998,338.23403806922335,953.9901496569315,31.098016357421898,18.598260498046898,25.299785868326847,31.90833330154419,41.50648174683253,0.0,26.44485005541245,13.4015555136943,19.65432510375979,6.79523874918624,1014.3791243489583,-11.72047483921051,326.13394796289504,928.3532508214315
2021-07-04,30.688714599609398,18.068292236328148,24.779993947347027,38.15231466293335,70.06157343586285,0.0,17.884768559397713,11.50436486438886,18.4310127258301,8.413176472981775,1014.4167057291667,-12.72759453455607,335.16455150411156,904.5775508880615,30.700524902343773,17.680261230468773,24.782252248128277,34.628703673680626,69.51018400986989,0.0,18.073573708130645,12.04860243884196,18.557482655843103,6.924216206868493,1014.0611848958333,-11.360172271728516,340.7822936451994,909.8933442433676,31.305566406250023,17.846704101562523,25.049231465657574,35.1148149172465,62.843055407206215,0.0,19.07583743536408,11.662154132565062,18.745992279052757,7.517518615722679,1014.4680729166668,-13.965816696484884,339.82192593129975,906.7654050191244,31.059289550781273,17.766992187500023,24.932140604654972,35.04814791679382,62.98750000447035,0.0,19.371187727308214,12.338292872213813,18.677766418457054,7.214093780517601,1014.1474739583333,-12.973768611749014,348.4632428220163,900.2600059509277,31.222406005859398,17.868310546875023,24.982754007975284,36.124537309010826,63.55601912240187,0.0,19.810257539946473,12.57642599998745,18.59784088134768,7.8330551147461165,1014.4083203125,-13.638692021369934,342.1886682479332,910.8640232086182,31.458886718750023,18.056054687500023,25.11026535034182,37.02916661898295,58.99907469749451,0.0,18.523363802663944,11.727225383623114,18.69512837727865,7.9986193339030365,1014.6283365885417,-14.596474726994833,348.5926251487496,880.3811810811361,31.070611572265648,17.799035644531273,24.808577473958355,37.5763889948527,67.71157375971477,0.0,19.25189715953887,12.814878731665402,18.369090016682946,8.201136525472009,1014.5341927083333,-13.459888954957327,339.978019154941,925.4890155792236,30.667382812500023,17.801599121093773,24.717066701253277,36.87222194671631,73.05555589993794,0.0,18.671454694197273,12.485427037370705,18.468057250976585,7.81732076009115,1014.2630305989583,-12.457457741101583,338.2105760543297,896.4478607177734
2021-07-05,33.2359558105469,18.942834472656273,26.237808481852237,34.21064885457357,1.5972221692403157,0.0,33.61251724795046,15.992441162930042,20.630699412028036,8.195542907714866,1012.8137174479167,-13.5877286195755,351.80839034356177,851.2227474848429,33.94475708007815,19.398736572265648,26.74726765950523,33.364814599355064,0.30833332737286884,0.0,30.57141178332824,13.699253283981257,21.161705271403036,8.218892669677757,1012.837041015625,-18.36855709552765,351.6432368401438,873.6361605326334,32.81414184570315,18.768090820312523,25.96285781860354,35.08842635154724,0.18379629651705423,0.0,33.208883024871696,16.135226497173218,20.3262929280599,8.395378367106161,1012.7596712239583,-13.479779293139776,352.6066314422836,821.3266367912292,34.14995727539065,19.513726806640648,26.911021169026714,32.60879556337992,1.1287036736806233,0.0,33.16198219013641,15.180811554355953,21.40406443277999,8.099654134114587,1012.5276236979167,-16.739959975083668,351.0624149683863,892.9167210261027,32.62139282226565,18.644097900390648,25.756921386718773,35.43425965309143,0.10092591991027196,0.0,33.097584921434645,16.092588871275925,20.021871185302757,8.37094395955404,1013.0585221354168,-13.43416428565979,352.5884275082499,836.8969078063965,33.6265808105469,19.077661132812523,26.42196426391604,33.88194481531779,0.11944444725910823,0.0,33.94147799936773,15.461051585399863,20.818441009521507,8.21906687418624,1012.607197265625,-14.770208040873209,351.3272420211385,882.2559194564819,32.3962341308594,18.212091064453148,25.335499064127628,36.82314737637838,0.12592592431853214,0.0,32.62792530577673,15.677933795763115,19.456758117675804,8.626912689209007,1013.3965201822917,-12.740266174077988,351.98886685011286,833.001361211141,33.48333129882815,19.015954589843773,26.34883906046552,34.15185157457987,1.599074085553487,0.0,33.51684973534497,15.636302749748124,20.724821980794275,8.229517873128259,1012.7277083333333,-14.583955109119415,351.63631070094806,877.2298480669657
2021-07-06,24.476800537109398,17.701745605468773,21.456283823649112,46.36944421132406,85.71851980686188,5.277777815237641,21.674596192174842,13.084641474872834,16.127868906656943,9.219141896565759,1012.577578125,19.190962960322697,178.93672281783074,630.6317443847656,27.398706054687523,17.400018310546898,22.635744984944683,40.76666657129923,54.39398163696751,0.8958333553746343,30.121070397354455,15.359567260175325,17.451150512695335,8.328482564290368,1012.1678971354168,9.24516475200653,267.90964812319726,748.8241113026937,24.428308105468773,17.857995605468773,21.86625188191734,42.891666889190674,87.86388902117808,2.0902778175659478,25.346888419708012,14.920479740941024,16.333748118082724,8.350953674316429,1012.4067610677083,16.19215428829193,175.32294510087618,679.9459387461344,27.343103027343773,17.594445800781273,22.960216776529972,37.81620375315348,68.00324049359187,0.19444445008412004,27.278559449090196,15.453346596462472,17.656700388590536,7.302824910481775,1011.7361328125,5.792889813582103,267.0279004005715,772.2397492726644,24.139916992187523,17.992242431640648,20.736123657226585,48.697222550710045,88.54907377560933,6.513888989109546,21.62909176205708,12.57403953022015,15.475392913818382,9.17347106933596,1012.9463997395833,23.35809102281928,145.01961140117297,551.4903615315756,26.734185791015648,17.627130126953148,22.39603195190432,40.651389280954994,73.00046285117666,0.5972222187556326,28.926677440395935,14.858126514619057,16.963095601399743,7.986238098144554,1012.2854036458333,8.842106719811758,240.4620019424086,714.5514596303304,23.843164062500023,17.906030273437523,20.935117340087913,44.6486120223999,89.04490701357524,3.062499998603016,19.93135444291656,13.962177052711079,15.589673614501976,8.089612579345726,1012.9846484375,23.292350207765896,145.0054834711676,599.2236887613932,25.700341796875023,17.466394042968773,22.2239814758301,43.75000015894572,76.16944543179125,2.2430555736646056,27.720150746890234,15.590017793287444,16.758138275146507,9.13981399536135,1012.1647721354167,11.031194537878036,223.8884783812488,740.2642243703207
2021-07-07,25.939569091796898,12.860742187500023,19.605383809407574,39.699999729792275,11.41898151797553,63.49999809265137,21.060829700585625,8.952229415206059,13.862776692708337,4.21869812011721,1015.5021875,-18.42043075958888,353.6259922143848,1016.2052993774414,27.331811523437523,14.054589843750023,21.007165527343773,35.08518520991007,23.782870228091877,22.5,19.408780282874435,9.538414445990915,15.198233540852868,3.7228434244792084,1014.649306640625,-16.36026257276535,350.3051312523118,1033.9719950358074,26.286004638671898,12.969812011718773,19.886616007487003,37.52685189247131,12.0388890671699,44.333333015441895,20.19759204543837,9.542813877646813,14.166983540852868,3.8176005045573334,1015.4420572916667,-17.54771590232849,353.86759153575014,995.4127060572306,27.182885742187523,14.121453857421898,21.085095977783226,31.374537150065105,14.34259244799614,8.000000238418579,19.454342082855852,10.57180057385679,15.26932042439779,2.5313227335612396,1014.8312239583333,-13.98788939602673,354.470667397681,1029.5434158643086,26.184991455078148,12.750115966796898,19.593396759033226,42.31944386164347,12.235648278302202,49.99999809265137,19.439383461270978,9.022800351596425,13.72083689371749,4.810908253987634,1015.6858951822917,-18.494417369365692,353.32681532274,1005.2847989400228,26.845330810546898,13.161126708984398,20.306442515055362,36.012962659200035,14.272221870720387,24.500000953674316,18.31705799876999,8.947877232310958,14.65885696411135,3.426026916503929,1015.2932942708333,-16.276001910368603,353.2705219941369,1022.7947324117025,25.901025390625023,12.411828613281273,19.253743743896507,42.02500033378601,13.399074224134287,1.1666666865348816,20.735729848960773,8.761707879634221,13.219150797526083,4.541046396891318,1016.124853515625,-17.60175034403801,352.34929565161775,1020.2314155896505,26.918206787109398,13.145043945312523,20.296838378906273,34.993518352508545,11.586573924869299,10.666666746139526,17.41058057947476,8.505910160284591,14.714124298095726,3.0920883178711165,1015.243447265625,-16.249878356854122,354.79751344094984,998.601087252299
2021-07-08,28.299676513671898,14.079553222656273,21.39107538859052,36.65509263674418,12.431944407522678,0.0,16.27803913374522,8.656723772320406,15.4998769124349,4.556489562988304,1020.03859375,-16.096869667371113,352.95193109855364,885.3635255495707,28.716241455078148,14.290063476562523,21.7111157735189,36.3791671593984,3.0402777122411258,63.49999809265137,15.898637145925433,8.362595461687274,15.793327585856161,4.625393168131552,1019.970576171875,-17.366500953833263,354.71401725158404,878.230020682017,28.641717529296898,14.011010742187523,21.55589574178062,35.62361160914103,8.11666654329747,0.0,16.31343379808566,8.692542484446792,15.691789245605491,4.239825185139978,1020.0260579427082,-16.5644371509552,354.45701052690856,894.4347297350565,29.313256835937523,14.451531982421898,22.055499013264996,35.36342589060465,15.91203723847866,44.333333015441895,15.521778038712787,8.521879695886986,16.306899007161462,4.3077382405599,1019.7036881510417,-17.484728634357452,354.18723763967864,870.7283260822296,28.372216796875023,13.800408935546898,21.331877644856792,34.85138829549154,12.110185024949411,0.0,14.921445419196926,8.160166028245294,15.343028004964196,3.8264099121093977,1020.3359407552083,-16.05803696314494,354.4067497844032,885.2928450107574,28.972222900390648,14.324334716796898,21.929764048258487,34.88009230295817,6.612037056668972,49.99999809265137,15.332187672969567,8.437859782988339,16.109358723958337,4.226930236816429,1019.5682584635417,-17.6211895942688,354.6849427416455,866.5391430854797,28.042504882812523,13.454156494140648,20.923202768961612,35.25694481531779,10.26481494307518,0.0,15.50451155819627,8.026477428056163,14.704030609130882,3.713210042317712,1020.7071028645832,-14.949174722035727,354.97101571108215,877.4696298440298,28.587487792968773,14.225946044921898,21.65759684244794,35.624536752700806,7.017129709323247,1.1666666865348816,15.32034224560938,8.202797446321444,15.840090688069665,4.293598429362021,1019.7638932291667,-16.81395649909973,354.08703722502105,887.385373433431
2021-07-09,32.20025024414065,16.549920654296898,24.32976938883466,35.33009219169617,0.08518518755833308,0.0,12.785271385230253,8.783692262529664,18.69835561116537,6.685169474283896,1019.0134765625,-22.651245802640915,351.5618880171096,834.8358289003372,32.36641845703127,16.985467529296898,24.67440821329755,38.294907093048096,0.6773147781689962,0.0,14.32608892706864,9.004426344972293,18.95435485839846,7.9948351542155365,1018.6448763020833,-22.59313841164112,350.3910598336176,848.3231554826101,32.19451293945315,16.576684570312523,24.333467102050804,35.486111084620156,0.10231481492519379,0.0,12.581519670884358,8.83586619464066,18.735348002115927,6.8191632588704465,1019.080126953125,-23.612989326318104,351.1797025182362,820.582384387652,32.80172119140627,16.990197753906273,24.91196467081708,37.51064920425415,0.23935184876124063,0.0,15.869525194151887,9.677929178528403,19.328079477946005,7.84009958902999,1018.4762955729167,-21.86401017010212,350.56820301001426,875.0449052651724,31.933007812500023,16.565087890625023,24.19546279907229,35.24351874987284,0.0773148164153099,0.0,12.066740973367748,8.605171381621796,18.54921112060549,6.675417836507165,1019.1011751302083,-23.238515814145405,351.31466030861094,808.1811838547388,32.80486450195315,16.886743164062523,24.8598457336426,35.03796275456747,0.9013888618598381,0.0,14.050412496616396,9.214625910281793,19.325664774576865,6.896362559000693,1018.666533203125,-22.602307699620724,351.7045193491892,862.5529280503591,31.758996582031273,16.412835693359398,24.061883544921898,33.93194476763407,0.08611111342906952,0.0,11.815430287064748,8.471495153219808,18.383355712890648,6.077785746256552,1019.2114811197918,-22.804029643535614,351.95805791800376,793.211872458458,32.41741333007815,16.641137695312523,24.544330851237003,34.71435181299845,0.4356481557091077,0.0,13.351364857253825,8.964456539968877,19.032214101155603,6.5569994608561615,1018.8142220052083,-22.47365154325962,351.90217315937235,844.3742398023605
2021-07-10,37.06707153320315,19.450006103515648,27.873127237955753,31.49583327770233,0.015740741044282913,0.0,21.04980865067275,10.752257298275673,23.48235982259115,7.34893697102865,1014.9045572916667,-25.194676498572033,349.9687735400706,794.8308463891348,38.13140258789065,19.424645996093773,28.232429758707706,31.210185805956524,0.0,0.0,20.113875730424287,11.34381414485795,23.947663879394554,7.199194844563806,1014.5703385416667,-24.69915861884753,349.5526480041056,833.748908996582,37.11345825195315,19.183343505859398,27.699847157796246,32.29953749974569,0.001851851896693309,0.0,22.621638998917522,10.89527863810252,23.33085403442385,7.580257670084677,1014.8456901041667,-24.565027872721355,349.4293208283295,807.3649036089579,37.88820800781252,19.527124023437523,28.24845148722333,31.378240982691448,0.11388888210058212,0.0,18.77032658110475,10.239206000885593,24.059856669108115,7.493430074055993,1014.8890234375,-26.107522745927174,349.683688696435,776.371727069219,36.68929443359377,18.956903076171898,27.474601999918644,32.651851971944176,0.005555555845300357,0.0,20.100591121948117,10.106520714316959,23.024624125162802,7.541229502360068,1015.1622884114582,-24.145513157049816,349.9419072630117,779.0163110891978,37.55611572265627,19.513177490234398,28.0956855773926,31.3828710714976,0.04074073831240336,0.0,22.639315546503013,11.018509793403412,23.792195892334007,7.436982727050804,1015.0008821614583,-25.554507513840992,349.189742382577,816.112101316452,36.60842285156252,18.894067382812523,27.442493693033878,32.80324101448059,0.025462962687015533,0.0,19.40408657391365,9.863672322891222,22.981591796875023,7.600668843587243,1015.3503157552083,-24.075736323992412,350.0942991338282,777.3077994982401,37.44704589843752,19.286553955078148,27.927710469563824,31.43472170829773,0.0,0.0,21.168526562924054,10.325924152273933,23.676529184977255,7.387298838297568,1015.1548470052082,-25.95227176944415,349.7020367942362,771.1657925446829
2021-07-11,40.9146667480469,22.014276123046898,31.22548700968427,17.155092636744182,31.251388875146706,0.0,34.80218049526614,16.511995868330477,27.911342875162802,1.5583104451497434,1012.17810546875,-26.651469508806866,332.11385890385526,1334.358793258667,40.99663696289065,22.558648681640648,31.610686238606792,17.286110997200012,27.288426503539085,0.0,35.92976495389976,16.334455111232046,28.233361816406273,2.070736185709677,1011.7523893229168,-28.302571122845013,341.1552236531279,1407.8337146441143,40.63887939453127,22.402612304687523,31.179504648844425,17.626851618289948,33.570833180099726,0.0,38.13006045436026,17.592711234135166,27.73060760498049,2.0359614054362396,1011.9951334635417,-27.8049529393514,333.0270754152637,1316.1639959017436,41.04018554687502,22.416650390625023,31.577429707845074,17.316203892230988,10.209722180229923,0.0,37.824374136111366,16.218741409469278,28.208039855957054,2.007515207926474,1011.4711458333333,-28.567379246155422,349.95285273135715,1364.1754545370738,40.1839538574219,22.260278320312523,30.72036005655927,19.291666626930237,41.61944490360717,0.0,38.29535877087912,17.846157797976023,27.336208597819052,3.115377044677757,1011.9183365885417,-26.805619478225708,317.89497908493894,1258.4956827163696,40.79836425781252,22.431237792968773,31.37317555745445,17.256018380324047,36.97592626061911,0.0,36.86901051641276,16.492538527567508,28.048519388834677,1.9397776285807709,1011.6752799479167,-27.16373101870219,338.2589315229755,1315.3306399186451,39.14455566406252,21.783319091796898,29.998221333821636,20.936111489931744,48.9486109589537,0.0,37.73999592986806,17.58076850212008,26.427512105305993,3.9889338175456146,1012.3708170572917,-17.238391538461048,270.1254307681423,997.7086881001791,40.86605224609377,22.253594970703148,31.34296061197919,17.249536871910095,18.604629668096702,0.0,37.32125602796401,16.474166099716307,28.08703765869143,1.7917368570963959,1011.7837727864583,-27.896460711956024,347.8666507456801,1304.6885369618733
2021-07-12,28.798822021484398,19.518151855468773,24.284394836425804,25.650462945302326,24.24305485437314,0.0,28.95837858855823,19.88612878185091,18.445125834147177,2.8168375651042084,1012.135859375,5.645644287268321,337.7706851218245,1039.2530269622803,30.668359375000023,22.315515136718773,27.10658925374351,20.23564835389455,24.35787079234918,0.0,25.160413924475105,17.815120859177696,21.890402730305993,1.7984430948893646,1012.3209016927083,0.897370457649231,341.93759616753476,977.9813537597656,28.457055664062523,19.314233398437523,24.064800516764347,26.168518622716267,23.224999868621428,0.0,30.43558908103839,20.477438974061812,18.049103037516318,2.887592569987021,1012.2253287760417,7.073293407758077,340.93268259903806,1074.9939517974854,29.818536376953148,21.264672851562523,25.924362436930362,22.316203435262043,26.179166667163372,0.0,28.68350278965058,18.795954535506514,20.46439641316732,2.1443649291992415,1012.1797493489582,3.857709154486656,340.83155580899137,985.3974533081055,28.703302001953148,19.435266113281273,24.134412384033226,26.262962579727173,26.166204017897446,0.0,28.619117563101746,20.906515292742096,18.160122172037802,2.9530438741048215,1012.092314453125,5.6441813707351685,343.6303142760298,1083.5030981699626,28.810296630859398,20.266381835937523,24.922373708089214,24.50324018796285,31.137961832185585,0.0,28.15582789388255,18.99398186435565,19.235889689127646,2.582355753580771,1012.034140625,5.670701275269191,337.0960163329146,1010.2093925476074,28.025506591796898,19.417169189453148,23.90622482299807,26.340277989705402,28.749999828636646,0.0,29.57755627416181,21.244352103156537,17.90437469482424,2.8524350484212277,1012.3026595052083,6.7517885367075605,339.18758722683805,1090.4862524668376,28.840722656250023,19.783837890625023,24.402566528320335,24.843981583913166,36.09722183148066,0.0,29.141208774563275,19.954957502461607,18.631623840332054,2.439038848876976,1012.0261263020833,5.002229005098343,340.121947969407,1021.2868976593018
2021-07-13,26.434838867187523,12.518334960937523,19.64575602213544,36.39675911267599,21.115740954875946,0.0,18.459350567112182,9.423131486190831,12.740689849853538,2.7770846048991302,1018.31548828125,1.3511047462622325,349.56064967314404,987.8653424580892,26.739739990234398,12.833856201171898,19.837330118815128,37.885185956954956,29.551388929287594,0.0,17.16237140003567,9.960156843081046,13.119767761230491,3.6470975240071652,1018.0847526041667,2.545419136683146,348.34987052281696,989.4278132120768,26.573968505859398,12.520654296875023,19.724603271484398,36.80694421132406,29.028704011191923,0.0,18.257793348851067,9.705808924830057,12.835711415608728,3.0342625935872434,1018.3981477864583,0.9370487431685129,347.9341091314952,986.0274105072021,26.404168701171898,12.638635253906273,19.60270970662437,37.309259255727135,39.106480955456696,0.0,16.3808629926375,9.680579171233378,12.787563578287802,3.2000162760417084,1018.2308658854167,3.091235637664795,348.3559271097183,1019.8698050181071,26.354058837890648,12.271875000000023,19.481830851237003,37.335185050964355,24.568054874738056,0.0,18.44881488373724,10.257995919356413,12.481203969319665,3.0895502726237396,1018.6122526041668,0.2606485237677892,347.3723584016164,997.8361511230469,26.546228027343773,12.753930664062523,19.752935028076195,36.89259258906046,37.29861104426285,0.0,15.984305485721812,9.314844016655716,12.931817626953148,3.1542386372884152,1017.8897200520832,1.9910589853922527,345.9590588410695,978.5172061920166,26.170678710937523,12.114678955078148,19.252828216552757,36.78240712483724,25.949537535508473,0.0,17.83514705166279,10.122670351037499,12.157313283284509,2.812629954020224,1018.845458984375,0.4184451500574748,345.8066573937734,1000.3423506418864,26.407250976562523,12.793695068359398,19.73048299153648,36.06064772605896,36.66157451272011,0.0,17.233162939749334,9.01925851403918,12.840877787272177,2.7478856404622434,1017.9717513020832,1.4819189608097076,346.80959357817966,991.2450930277506
2021-07-14,28.604516601562523,13.476403808593773,21.317239379882835,35.53611175219218,25.815740942955017,0.0,17.463200439043817,8.469470270844957,15.841031646728538,3.9278872172038177,1017.9854134114582,-9.965551396210989,343.7327560186386,921.5284636815389,28.614923095703148,13.722650146484398,21.53693033854169,33.31851895650228,40.44768490766486,0.0,20.902242531807403,9.470268239653732,16.0049873352051,3.482411956787132,1016.9790397135417,-7.7352361877759295,335.3123534520467,997.684336344401,28.661126708984398,13.427758789062523,21.271797434488956,36.03148174285889,47.872222582499184,0.0,15.357879194982452,7.966392074234559,15.855516052246116,4.054822540283226,1017.990546875,-10.19221168756485,337.66297602653503,903.0349477132162,28.994409179687523,13.981378173828148,21.831529235839866,33.90601873397827,30.822221835454304,0.0,21.084276524965446,9.089384095668915,16.25676752726241,3.7613985697428802,1016.9276692708332,-10.092420200506846,346.20029866695404,997.1043535868326,28.335321044921898,13.279901123046898,21.093967692057316,36.45092558860779,40.83564741412798,0.0,14.846995770529764,7.864459966493122,15.570083872477255,4.222454325358115,1018.2740657552083,-9.97557814915975,329.2543451786041,892.232055346171,28.723657226562523,13.355096435546898,21.40181630452476,35.079630176226296,38.09212918641666,0.0,19.3381277037021,9.035978518681496,15.878181711832724,3.6516599019368527,1017.7324641927083,-8.456940293312073,344.34070895115536,1000.8339004516602,28.262597656250023,13.101281738281273,20.94397125244143,36.13842590649923,43.07592592636744,0.0,13.684790771339275,7.455249362889101,15.238613382975302,3.936690266927087,1018.5460221354167,-9.569179276625315,332.33619209130603,891.0439640680949,28.556817626953148,13.223352050781273,21.210869089762394,35.881018241246544,31.929629514614742,0.0,18.960103710558652,9.292947797839759,15.698159790039085,3.8973365783691634,1017.9533430989583,-9.39174140493075,344.86879301071167,935.980073928833
2021-07-15,30.292626953125023,15.918206787109398,23.210927581787132,36.049537340799965,27.157870035152882,0.0,19.05907082221066,8.749404623528383,17.033567047119163,6.254303232828818,1017.089091796875,-17.057830095291138,342.6105104486148,943.545858224233,31.260766601562523,16.628472900390648,23.924714660644554,35.964351971944176,23.51990739752849,0.0,20.557107506004275,10.222684998537181,17.992693837483728,6.71109542846682,1016.5321516927083,-16.829456865787506,337.39595516522724,974.9438589413961,30.200555419921898,15.835504150390648,23.138889567057316,35.41620389620463,23.73148161669572,0.0,18.913663379034464,8.672237725344878,17.008106486002646,6.013758595784509,1017.1061328125,-18.260724862416584,343.7480709751447,914.6121969223022,30.839074707031273,17.436151123046898,23.93889134724937,35.852314472198486,44.59907370867828,5.208333250600845,22.51484328000032,10.38784605477437,17.642914072672568,6.90711364746096,1016.4189127604167,-16.05562976996104,326.41911339759827,1014.6973532835642,29.753533935546898,15.329309082031273,22.608265177408878,36.259721517562866,18.118981757511694,0.0,19.116983353521302,8.54844281273677,16.612911478678427,5.841382598876976,1017.5923274739583,-16.315706769625347,343.5835656921069,885.5589892069498,30.730249023437523,16.178002929687523,23.62995808919273,36.43981464703878,27.855092270299792,0.8263889038935304,23.46058966331538,10.08415702694483,17.26417694091799,6.7149215698242415,1016.9380436197918,-18.85544232527415,339.6102414925893,1003.9081370035807,29.521539306640648,15.041497802734398,22.317881520589214,36.25462929407755,19.289814635490377,0.0,16.679496657012045,7.8686949244441315,16.359035746256552,5.564252471923851,1017.8482259114583,-15.286312659581503,344.3916922012965,856.5808197657267,30.706018066406273,16.162622070312523,23.575830078125023,35.590277910232544,28.114815190900117,0.0,20.478840082739204,9.281457229879132,17.312510426839196,6.37952575683596,1017.05640625,-18.540013670921326,341.8095855116844,931.891527970632
2021-07-16,33.87520751953127,17.817926025390648,25.816557820638042,32.05231428146362,5.178240815798442,0.0,15.197334024294546,7.234158415017464,20.807996368408226,6.441022491455101,1016.9013639322917,-20.337312489748,345.6548864046733,805.2337428728739,34.38591918945315,18.090936279296898,26.265444691975933,33.819907784461975,3.8337963906427226,0.0,15.058515323987054,7.947276596007767,21.201675669352255,7.50431849161788,1016.5021907552083,-20.288560171922047,344.83746576309204,853.2520538965861,34.0651794433594,17.864587402343773,25.935503896077496,31.643981258074444,4.283333278571566,0.0,14.703112601729105,7.0910524537946875,20.94929911295577,6.230349477132165,1016.9722102864583,-20.876677577694256,345.9944237271945,823.0372595787048,34.36788330078127,18.203363037109398,26.313914235432964,33.543055733044945,11.650462955236435,0.0,16.283266918764006,7.75828457441867,21.25678151448568,7.482400512695335,1016.440126953125,-20.46100217103958,344.5099779367447,828.4993193944296,33.88637695312502,17.729302978515648,25.838344828287784,29.8337965408961,5.60694432258606,0.0,12.786933750635438,6.774018850368937,20.890486653645837,5.465821838378929,1017.0177701822918,-20.52399829030037,346.2871744632721,824.675406297048,33.98537597656252,17.736566162109398,25.871884918212913,31.867592652638752,3.0749999284744263,0.0,15.248894366044656,7.4228218559838615,20.881302134196005,6.3943280537923215,1016.91587890625,-20.138770699501038,345.4773904482524,830.9123601913452,33.56319580078127,17.806512451171898,25.71573918660484,31.079166889190674,4.7902778784434,0.0,13.326676340462496,6.815038824983799,20.565349833170615,6.14279454549154,1017.0419140625,-20.26122968395551,345.4568724036217,805.681702375412,33.74859008789065,17.708978271484398,25.73588078816734,32.468055645624794,1.9777777393658955,0.0,15.34681184523698,7.441788905686512,20.672373708089196,6.629187520345056,1017.0293977864583,-20.067803372939427,344.816326101621,821.5655337969462
2021-07-17,36.72487792968752,19.950219726562523,28.434957122802757,21.90601869424184,0.0,0.0,17.58872410158373,10.394684394967555,24.33265838623049,3.1402755737304915,1015.245361328125,-21.471326112747192,347.39338850975037,962.6512316068014,36.82094726562502,19.811334228515648,28.388069407145206,21.258796135584515,0.0,0.0,15.939308381811179,10.71071820345314,24.313898976643884,2.520742034912132,1015.4439680989583,-21.28817594051361,348.58435797691345,845.9285202026367,36.80275878906252,19.978326416015648,28.469153340657574,22.022222359975178,0.022685184609144926,0.0,17.154551155391278,9.68591418218991,24.51162236531576,3.377687072753929,1015.1599153645833,-22.01307486494382,346.86234881480533,964.3867570559183,37.1003356933594,19.873315429687523,28.52161051432294,20.793981949488323,0.0,0.0,16.96395763178776,10.51550446115801,24.462431844075525,2.2764068603515852,1015.3988346354167,-21.72403343518575,348.57542171080905,870.72474193573,36.59560546875002,19.889306640625023,28.341672515869163,20.60277767976125,0.028703704243525863,0.0,15.172640787284996,9.484558491436198,24.341115570068382,2.4472773234049896,1015.3909049479167,-21.331031441688538,347.3764687180519,969.1188831329346,37.04769287109377,19.816674804687523,28.45418446858726,21.730555415153503,0.0,0.0,17.410369586702654,9.301324544111017,24.493735249837243,3.048079427083337,1015.4628580729167,-22.300913234551746,347.3142400383949,869.0615824063619,36.39064941406252,19.980737304687523,28.26447448730471,20.37314776579539,0.0,0.0,14.685168571369065,9.613221886162348,24.140252685546898,2.319074249267601,1015.3721419270832,-20.88403989871343,347.67236882448196,941.3603650728861,36.69875488281252,19.816003417968773,28.327275848388695,23.10694420337677,0.0,0.0,17.159252957698975,9.80491287254403,24.291585540771507,3.7936937967936615,1015.25576171875,-21.459942162036896,346.867130279541,954.6266188621521
2021-07-18,36.04570922851565,20.929467773437523,28.514372762044292,24.060184995333355,0.0,0.0,25.816658948030042,13.746309431157362,23.89518508911135,4.139180755615257,1012.8121516927083,-14.89836041132609,347.0660509665807,1149.1760098139446,36.6870056152344,21.066613769531273,29.01503651936851,23.27314817905426,0.0,0.0,22.727949056885453,12.862731761007817,24.58609542846682,4.022571818033896,1012.4364811197917,-16.464832425117493,346.1890560388565,1177.2128807703655,35.91277465820315,21.035943603515648,28.502392069498722,24.618518233299255,0.0032407408580183983,0.0,25.929030876655375,13.797335115470057,23.89179128011068,4.507624562581384,1012.9975423177083,-15.214342733224234,346.208402633667,1161.5295818646748,36.42775878906252,21.232049560546898,28.90524826049807,23.159722248713177,0.015277778108914694,0.0,23.720757742141156,12.734118660481151,24.350216166178427,3.9932711283366302,1012.4740787760417,-17.186134040355682,346.46029969056445,1155.944637298584,35.34548339843752,20.711602783203148,28.12398427327476,23.24305546283722,0.0,0.0,25.64639341817461,14.896940430567989,23.40477778116866,3.2917165120442746,1013.6659928385417,-13.088714917500814,349.63444079955417,1127.5362764994304,36.22268066406252,20.945733642578148,28.613880411783878,23.968055526415508,0.009259259173025688,0.0,25.5969041957277,13.206661877773476,24.087762451171898,4.168149566650413,1012.855302734375,-15.967670996983847,346.72201498349506,1131.4556913375854,35.07113037109377,20.727044677734398,28.014919535319034,22.893055478731792,0.0,0.0,25.850903946457564,15.05282445789795,23.28030929565432,3.1564549763997434,1013.7980338541668,-11.950657765070597,349.9349277416865,1135.6748587290447,36.02410278320315,20.855920410156273,28.501424407959007,23.885648330052693,0.0,0.0,25.61292404962393,13.75070410453173,23.95366566975912,4.011416371663415,1012.79966796875,-15.130338311195374,347.1033311287562,1151.0092566808064
2021-07-19,34.86806640625002,18.818933105468773,26.932032521565777,31.562037229537964,0.2296296308437983,0.0,15.617485625973517,8.641602259962239,22.175305938720726,6.60776036580404,1011.939970703125,-12.962517778078714,345.4899962345759,1051.254996061325,35.81609497070315,19.869073486328148,28.067764536539737,29.583796779314678,5.622222461427252,0.0,17.145009248136056,9.710842884092363,23.526204681396507,6.957976277669275,1011.09546875,-13.377503832181295,338.75102164347965,1165.4775749842327,35.00673828125002,19.001580810546898,27.08667907714846,31.41342604160309,0.6083333188047012,0.0,15.906962018967857,8.701256883480696,22.347076670328818,6.642256673177087,1011.7358854166667,-13.388294021288553,345.22576548655826,1093.6851983070374,35.61843261718752,19.675561523437523,27.923230743408226,29.573611219724018,5.592129799847801,0.0,17.049496297183754,9.29370182463848,23.450566864013695,6.92532628377279,1011.2300846354167,-13.554607033729553,338.6176768740018,1143.7912689844768,34.7833190917969,18.882775878906273,26.898445383707706,31.739351550738018,0.16157406972100338,0.0,14.302822583182799,8.483546422962078,22.02717997233077,6.525406138102255,1012.1301302083333,-12.887638886769613,345.8243736426036,1066.6377294858296,35.33272705078127,19.163476562500023,27.445419565836612,31.306018710136414,2.3615740668028593,0.0,16.042743944267567,9.079808294866707,22.870879109700525,7.093935902913415,1011.81021484375,-14.15585740407308,342.63948235909146,1114.6979139645894,34.82741699218752,18.850488281250023,26.931396738688175,29.00833336512248,0.0856481504937013,0.0,11.912380395490104,8.036983555244976,22.14230880737307,5.352995808919275,1012.2224674479168,-13.328702092170715,346.94366476933163,1045.737312634786,34.93892822265627,18.852899169921898,27.05487213134768,31.641666889190674,1.1486110389232635,0.0,15.739588074813453,8.740328398643035,22.35886154174807,6.74280700683596,1011.8207259114583,-13.269607345263163,345.015000919501,1087.827922821045
2021-07-20,34.19756469726565,20.261132812500023,27.76781743367515,26.60416642824809,12.905092366660634,0.0,18.89330920036081,11.235505363794838,23.285532887776696,5.258624013264978,1012.1795149739582,-10.784154931704203,338.8726167877515,1033.131320476532,34.4309020996094,20.639520263671898,28.155191040039085,26.275462746620178,5.767592587197821,0.0,18.265066631018545,10.097863530166112,23.566451009114587,5.695806121826195,1011.57400390625,-11.16336433092753,342.0254610776901,1025.6408777236938,34.2451110839844,20.469934082031273,27.825410461425804,25.053703904151917,27.95416658123334,0.0,19.579920720539544,10.745740017494086,23.40507278442385,4.337317403157556,1012.01984375,-10.20837958653768,336.80328182379407,1011.6476023991903,34.24199829101565,20.755639648437523,28.119385019938175,25.581018090248108,4.522222325205803,0.0,19.348293951883576,10.173146977022682,23.48785552978518,5.143047587076865,1011.4452571614582,-10.527122457822164,342.96388850609463,995.2763279279073,34.13604125976565,20.683251953125023,27.941915130615257,23.231481591860454,9.985185417501876,0.0,19.04374404835387,9.578694127563407,23.44952545166018,3.9189379374186615,1012.4099609375,-12.08418313662211,341.1423204938571,1058.0192675590515,34.28960571289065,20.876763916015648,28.19287261962893,26.33657391866048,2.966666681692004,0.0,19.672637668143476,10.62088431564717,23.59068959554037,5.699102020263695,1011.8786197916667,-11.613229672114054,340.7011168003082,1029.7966634432476,34.26497802734377,20.998498535156273,28.07783406575523,20.93935175736745,6.544907379119347,0.0,19.105919687868113,9.60819737644123,23.453418986002646,2.7842155456543196,1012.4435807291667,-12.113877475261688,341.56422857443494,1065.7823573748271,34.34200439453127,20.690972900390648,28.01922251383466,25.82129653294881,5.800925842175881,0.0,19.148182671622575,10.62199872097702,23.541640218098962,5.226784006754599,1012.0326106770833,-11.335468729337057,340.99831187725067,1006.307861328125
2021-07-21,35.69243774414065,20.493524169921898,28.655798848470074,22.156481464703877,5.106481560505927,0.0,14.35447944423429,6.960531115989657,24.346475219726585,3.0736111958821652,1015.2083430989583,-15.181896924972534,343.57088965177536,988.2368322213491,35.40883789062502,20.805535888671898,28.569248453776066,18.98101822535197,5.083796576286356,0.0,13.682897825246968,6.640977590611681,24.08002624511721,1.4321469624837277,1014.867412109375,-14.92179423570633,345.19172380367917,962.1654490232468,35.3934265136719,20.493218994140648,28.503436024983746,23.1097225745519,4.856481310833867,0.0,13.792267673813086,6.796244452854722,24.109545644124353,3.614760335286462,1015.3716243489583,-15.597131133079529,343.2141970594724,962.5021903514862,35.58254394531252,20.667382812500023,28.510547892252628,18.0824073155721,10.551388581593832,0.0,13.491885078061943,6.884950551734666,24.10647862752279,0.8444623311360715,1014.8490169270833,-15.402429759502411,345.5411267677943,962.0678155024847,35.15432128906252,20.615472412109398,28.398305511474632,21.6449073155721,4.037037129979581,0.0,13.729432332273191,6.625974278107322,23.78043899536135,3.1419603983561615,1015.5430859375,-15.660485982894897,342.0948838194211,943.0274324417114,35.70208129882815,21.019067382812523,28.83480097452802,18.234259049097698,1.802314778168996,0.0,13.746759970777024,6.5198871928204225,24.401141103108728,1.4779525756836165,1014.996982421875,-16.326490958531696,343.5314421256383,991.5114201704661,35.2643981933594,20.893212890625023,28.501238759358746,21.887500445048016,3.2092591032075384,0.0,14.131175740866942,6.739527815572068,23.690325673421228,3.6438156127929915,1015.3718619791667,-16.558194875717163,340.5157657464345,948.875430226326,35.69393310546877,20.640100097656273,28.696382141113304,19.162962714831036,1.6870369942237933,0.0,13.949387499343494,6.782799325565967,24.352173105875693,1.6787404378255246,1015.0483658854167,-15.778753658135733,344.15888897577923,997.5787113507589
2021-07-22,36.55193481445315,21.116662597656273,29.161450958251976,21.82361098130544,0.0,0.0,18.250761262208687,12.234517684255964,24.704461669921898,2.8403564453125227,1014.6611588541667,-12.124290903409323,347.255338827769,984.0391723314921,37.52199707031252,21.338281250000023,29.621153767903667,20.05740722020467,0.009259259483466545,0.0,22.215085292145627,12.974777061284117,25.259483591715536,2.281317647298181,1014.563857421875,-13.097955266634623,347.1790799498558,976.476572672526,36.52437744140627,21.216668701171898,29.16702804565432,21.83750033378601,0.016666667070239782,0.0,18.658162996249715,12.281547895683032,24.60391769409182,2.8149111429850677,1014.7394498697918,-12.324232419331869,347.0186702609062,998.0122714042664,37.34420166015627,21.306176757812523,29.532825724283878,20.347222566604614,0.11666666467984517,0.0,20.865071427326907,12.574088333238189,25.188431040446005,2.327174123128259,1014.6982682291667,-13.708093682924906,347.0363487402598,962.0758426984152,36.34661254882815,21.381616210937523,29.074915822347027,22.17314799626668,0.00324074054757754,0.0,20.54180833881626,12.814078349492304,24.262170410156273,2.931281026204431,1015.0016341145833,-11.595735232035318,346.40888833999634,1012.5486580530802,36.75240478515627,21.004388427734398,29.185840861002628,21.32314834992091,0.6138888774439692,0.0,22.4724815363526,13.150689372279311,24.725274658203148,2.469068145751976,1014.8586263020833,-12.486573060353598,347.40568629900616,998.7040640513102,36.4044128417969,21.383355712890648,29.017009989420597,22.625000258286793,0.00046296297417332727,0.0,20.124319948037773,12.228996221494919,24.207733408610068,3.1098927815755246,1015.05595703125,-11.968136469523111,345.69201868772507,1009.1766183376312,36.76882324218752,21.083184814453148,29.25745544433596,21.31342609723409,0.007407407586773236,0.0,18.622232275463954,12.414679269648403,24.826440429687523,2.5400685628255246,1014.6057975260417,-12.499537110328674,347.7535020709038,979.3231922785441
2021-07-23,33.1467224121094,21.143701171875023,27.500338490804058,17.59675935904185,40.88055577874184,0.0,31.98113248555691,17.081229860407856,22.932330067952478,0.16247329711916336,1011.3035709635417,-0.43831324577331543,331.6080148220062,890.01367243131,34.11104736328127,21.522454833984398,28.18327102661135,17.23379635810852,35.23564980799953,0.0,30.04983138933845,16.298320625257844,23.473933156331384,0.6202967325846771,1011.3563216145833,-2.425506512324015,321.98420614004135,882.9590943654379,32.93233642578127,21.188165283203148,27.439202880859398,17.694907347361248,44.72407335555181,0.0,32.18042979750642,17.100028052060782,22.84216969807943,0.27283630371096024,1011.4911979166667,-0.290881872177124,327.0037579536438,854.4940916697184,33.87847290039065,21.103204345703148,28.026303863525413,17.6009259223938,44.19907443970442,0.0,30.598148844314206,16.38519954338327,23.342743174235068,0.5948921203613509,1011.3943880208333,-3.0983287493387857,333.1922251184781,896.4126977920532,33.0905700683594,20.782373046875023,27.311855570475284,17.9708331823349,34.954166004123785,0.0,33.51196581493448,16.897314099484042,22.796128845214866,0.313227589925134,1011.807412109375,-0.49352463086446124,328.71892329057056,872.9494717518488,33.62178955078127,21.242211914062523,27.75738169352216,17.363425890604656,57.27824162940184,0.0,32.07478329615221,17.032223323729795,23.01551462809249,0.30825576782228836,1011.674619140625,-1.7024750312169392,330.2656889160474,920.9981344540914,33.22683105468752,20.727777099609398,27.27409642537437,17.377777576446533,36.238426230847836,0.0,33.92449033636776,16.87140748427413,22.640664672851585,-0.12430038452146164,1011.7400032552083,-0.5569167931874593,330.9690557519595,891.5853984355927,33.04470214843752,20.979760742187523,27.368447875976585,17.759722630182903,42.48333301457266,0.0,32.88506125363918,17.646252528773815,22.672952270507835,0.21979039510091525,1011.3854427083332,0.18425742785135904,333.52934495608014,905.0659352938334
2021-07-24,31.432427978515648,17.303796386718773,24.519347127278667,24.982407768567402,39.23842619856199,0.0,20.565438999266643,10.067745682799144,19.21701583862307,1.7314989725749115,1010.8804850260417,-2.584116359551748,331.15384072065353,855.3816140492758,31.642602539062523,17.561212158203148,24.635332997639996,25.755555788675945,45.91064707438151,0.0,19.974912315675052,10.285847260886564,19.462050374348962,2.2913312276204465,1010.7319108072917,-1.8446504473686218,325.3494214018186,899.6360371907552,31.495843505859398,17.055871582031273,24.46546325683596,24.281944473584492,44.20370342830817,0.0,20.012445860848203,10.272805947188305,19.176405843098962,1.2368624369303802,1010.9279557291667,-2.6421649853388467,331.01426728566486,852.3458808263143,31.816918945312523,17.767114257812523,24.795665995279972,25.066666841506958,26.561574295163155,0.0,21.653796836206,10.29280978193475,19.665891265869163,1.9942629496256927,1010.626435546875,-2.4540524780750275,326.6486157377561,871.2948948542277,31.153558349609398,16.841271972656273,24.137048339843773,24.947685201962788,40.28333385785421,0.0,19.11251753184771,9.974114804758353,18.850606536865257,1.4291740417480696,1011.0752213541667,-2.8536651333173118,336.27152023712796,865.0282554626465,31.752008056640648,17.267114257812523,24.68156712849937,24.368518869082134,34.5685180897514,0.0,22.407219977939704,11.034416021146848,19.474535878499353,1.4800112406413177,1010.784716796875,-1.9914943774541218,334.34239184856415,879.8313213984171,30.894433593750023,16.558648681640648,23.853977457682316,25.818981409072876,43.692590514818825,0.0,18.82492685307618,10.048196170468778,18.549658711751306,1.7220944722493527,1011.0349153645833,-1.5600197315216064,331.61774708827335,865.0660756429037,31.509759521484398,17.506829833984398,24.613755798339866,24.635648290316265,45.89768497149149,0.0,21.216177441997722,10.413309535748466,19.334888712565146,1.6214195251465071,1010.613232421875,-2.411063313484192,331.17887568473816,876.4096934000651
2021-07-25,30.663995361328148,17.825463867187523,24.49786529541018,24.869444648424786,41.82129665712515,0.0,16.653216681000636,9.772038484664746,19.129538472493493,2.378310139973962,1009.9969986979168,-6.581138730049133,327.15337506930035,1058.0612382888794,31.100152587890648,18.816674804687523,25.016201273600284,22.161574165026348,54.629166166608535,0.0,15.54839709276616,9.4124751884303,19.857812500000023,1.4645413716634152,1009.5822102864582,-8.590752243995667,328.2817471027374,1082.5308365821838,30.426812744140648,17.690820312500023,24.4019231160482,25.287499984105427,46.44537031650543,0.0,15.98358652898317,9.703911685526785,19.033828989664755,2.6384190877278684,1009.9391764322917,-6.664384682973226,326.62772395213443,1054.9118967056274,30.988336181640648,18.900140380859398,25.002712504069034,22.8407408396403,43.796759634278715,0.0,15.163864902156817,8.977176902675962,19.699678039550804,1.8529207865397552,1009.5580924479167,-9.564224600791931,333.55552065372467,1085.0986919403076,30.231744384765648,17.581994628906273,24.016431427001976,27.2300922870636,42.05138878027598,0.0,14.679528599601047,9.391937779848242,18.60794601440432,3.3173093159993527,1010.1936848958333,-6.368622541427612,329.88518834114075,1086.7652527491252,30.976586914062523,17.968560791015648,24.598583475748722,24.354629238446552,37.13472177088261,0.0,14.842948025929289,9.029004719222579,19.363095855712913,2.1422350565592865,1009.9653971354168,-7.574461380640666,334.23983391125995,1052.9305607477825,30.031793212890648,16.958367919921898,23.582151031494163,29.822685480117798,40.52268513043722,0.0,16.12879855011322,9.611635691097128,18.033142344156943,4.023670450846396,1010.6019108072917,-5.104597767194112,327.92500203847885,1084.3973286946614,30.811029052734398,18.305383300781273,24.586153920491558,24.875463088353474,40.76527774333954,0.0,16.361510025268952,8.96123319367232,19.14261652628585,2.4904202779134152,1010.0652994791667,-8.116477688153585,333.7617938319842,1056.9328077634175
2021-07-26,29.419091796875023,18.087670898437523,24.21233774820966,40.23842612902323,41.38657502333323,18.583333294838667,15.183703510991323,11.634592960314501,18.3830340067546,9.056921895345056,1011.6323828125,-6.825865626335144,280.506944835186,978.6727670033773,30.410882568359398,19.052423095703148,24.903122202555362,34.76574031511942,33.91851814587911,5.208333560265601,17.97854135232741,10.600712542572998,19.12352015177413,7.254945373535179,1011.2746875,-5.810011883576711,296.61876497666043,1134.6927426656086,28.501672363281273,17.422326660156273,23.31348317464195,43.693982203801475,31.389352560043335,38.11805576086044,13.660175109139585,10.134966923707262,17.40430857340499,9.405447896321618,1012.0741015625,-3.9793845812479653,273.999929745992,953.6370798746744,29.997338867187523,19.203912353515648,24.70609817504885,36.065740505854286,46.79444376627604,4.652777822688222,18.199925781057484,12.204379941439797,18.940134938557946,7.695753987630212,1011.3572200520833,-4.8117943207422895,276.902316848437,1107.0779355367024,28.910089111328148,18.503442382812523,24.195915476481144,39.173611084620156,49.81203695138296,14.805555537343025,16.698801773005204,11.643509567874043,17.86223500569662,8.727780914306663,1011.813662109375,-7.102342198292415,280.0706131358941,973.1658732096354,29.720239257812523,18.616845703125023,24.281878407796246,37.80601787567139,52.8162047068278,1.9166666311211884,17.981843985757255,10.73956240994424,18.622314707438193,8.222950236002646,1011.548759765625,-4.331355055173238,252.1640929977099,949.4383017222086,29.139367675781273,19.734246826171898,24.199244435628277,38.34351825714111,62.09861087799072,13.618055447936058,15.253700051367304,11.147900699986723,17.877770996093773,8.467725372314476,1011.91423828125,-5.673829952875773,248.11192776759466,976.0850340525309,29.710473632812523,18.565789794921898,24.6044008890788,37.616666396458946,42.93101906776428,8.493055370636284,16.485448190292125,10.932867142398704,18.469803110758505,8.437735493977868,1011.5569563802082,-9.311534027258555,284.15531861782074,1025.6164843241374
2021-07-27,33.0645690917969,18.656427001953148,25.986653900146507,40.64722180366516,26.653241113449138,9.333333492279053,17.341181612570743,12.397946378112623,20.58572921752932,9.802461242675804,1012.2145735677083,-13.569637298583984,319.1745730837186,1050.9704631169636,33.00164184570315,18.666741943359398,25.973741149902366,41.80740682284037,5.097222199042638,21.666666984558105,16.036371411459264,11.51033350377817,20.47262344360354,10.331507619222009,1012.3263606770832,-15.15553625424703,323.8362831075986,1057.6066516240437,32.88698730468752,18.541497802734398,25.840613301595074,40.90000057220459,17.615277774631977,0.0,17.126194790417703,12.237490011556522,20.273323313395224,9.792104339599632,1012.331513671875,-12.564327994982401,321.7190769513448,1048.2290693918865,32.71926269531252,18.545373535156273,25.79993591308596,40.914814472198486,8.687037089839578,40.16666793823242,16.21922012990011,11.337249070164958,20.224212900797568,9.97930806477865,1012.4273600260417,-16.78098702430725,322.63827872276306,1039.334845860799,32.76699218750002,18.180688476562523,25.72261708577476,38.55555582046509,9.418055813914785,0.0,17.346798118609456,10.917712520223612,20.198252614339196,8.868875122070335,1012.483896484375,-12.248347043991089,324.9713194171588,1034.638949394226,32.88869628906252,18.579858398437523,25.94983571370445,41.472684383392334,9.532407574355602,17.166666984558105,16.452018456750135,11.637800512571916,20.269846852620446,10.204438781738304,1012.3962141927083,-14.965861956278482,323.4364830851555,1097.129000345866,32.4551940917969,18.050042724609398,25.506467437744163,39.52916638056437,7.708333330849807,0.0,16.203912057597044,10.49069190748743,19.86719665527346,9.052351888020837,1012.6893782552083,-11.755130251248678,324.75245718161267,1022.1232159932455,32.8300720214844,18.457147216796898,25.83985036214195,42.016667207082115,7.28101871193697,15.666666984558105,17.871105218138066,11.76272273685352,20.1779774983724,10.230031585693382,1012.4436002604167,-13.99908173084259,323.75285385052365,1059.2667185465496
2021-07-28,34.75823364257815,19.837792968750023,27.723869578043644,29.53425971666972,1.9578703946123521,0.0,19.205478620719013,11.37841093215627,22.83071670532229,6.8586593627929915,1010.415234375,-14.545760790506998,328.56900163491565,1011.6794471740723,35.03951416015627,20.343499755859398,28.04504547119143,27.98379643758138,6.011111131675231,9.333333492279053,20.54920001659188,11.697360893751465,23.19632746378585,6.303728993733728,1009.82349609375,-14.154122829437256,330.83388264973956,988.9734576543173,34.6082702636719,19.794488525390648,27.622104899088566,29.420370221138,2.824074144785603,0.0,18.631342164834205,11.267380149344072,22.68698399861654,6.8394269307454465,1010.4000358072917,-14.985152045885721,328.5218132336934,1014.4777921040853,35.14675292968752,20.326104736328148,28.045360819498722,28.082870920499165,2.125925936270505,0.0,19.47418542716193,11.573127200324116,23.117400105794275,6.368569946289085,1010.20658203125,-14.855215469996134,330.5073356628418,1014.5947583516439,34.23491821289065,19.903588867187523,27.462383524576847,28.515740911165874,4.065277777612209,0.0,18.325013923734733,10.774006164718847,22.299363708496116,6.518336232503259,1010.810244140625,-15.009155114491781,329.2258183956146,1042.183551311493,34.93050537109377,20.041772460937523,27.85750605265302,28.696296731630962,5.087037124205381,0.0,20.097599276644445,11.578137773296767,22.915142313639365,6.507056172688806,1010.3617350260417,-14.249362389246622,329.7422254880269,1007.6048374970754,34.33028564453127,19.726190185546898,27.370440419514996,28.967129866282146,2.964351793130239,0.0,16.615892356701472,9.822496718753753,22.24729436238607,6.662964121500693,1011.0906412760418,-15.348046819368998,329.3115573724111,1041.6704365412395,34.81838378906252,19.936395263671898,27.767577107747417,29.00000015894572,1.9888888662680984,0.0,20.57724480693793,11.77601689541146,22.83664220174154,6.5686876932780365,1010.2425423177083,-14.076324741045633,329.3171691894531,1004.5741070906321
2021-07-29,35.00252685546877,20.065270996093773,27.933794911702496,31.373611052831013,0.0,0.0,26.193043135194902,14.880634709852286,23.331288909912132,7.139166768391931,1011.4523307291668,-10.946080644925436,331.4534440835317,1076.087462425232,34.9383483886719,20.483544921875023,28.141041056315128,27.597222606341045,0.3685184953113397,0.0,26.747849898545194,14.058630082383985,23.51459401448568,6.155366516113304,1010.9097688802083,-11.181477944056192,330.9380724430084,1034.9062616030376,34.85000000000002,20.545648193359398,27.99287312825523,33.29166646798452,0.0,0.0,25.827532038059726,15.646848898609889,23.146834309895837,8.051503753662132,1011.448974609375,-12.460928320884705,330.63421990474063,1082.0167589187622,34.96389160156252,20.170220947265648,28.04556045532229,29.13842574755351,0.0055555553796390695,0.0,26.051173340996147,14.25233032036234,23.400744374593103,6.445076243082724,1010.9982259114582,-11.144782265027365,331.536192715168,1064.2571139335632,34.83220825195315,20.465295410156273,27.86381301879885,34.50324090321859,0.19259260098139444,0.0,26.56110532658933,15.743611588970401,22.832607523600302,8.579658762613974,1011.5280533854167,-12.398507992426554,329.6896669268608,1102.4376843770344,34.99593505859377,19.927758789062523,27.94763590494794,30.012500484784443,0.0,0.0,24.192448807902082,13.495912513130875,23.340942637125693,6.608645375569665,1011.4362532552083,-11.714068531990051,331.88433742523193,1064.991288503011,34.82842407226565,20.451989746093773,27.789806620279972,34.55277709166209,0.00046296297417332727,0.0,25.294741506536273,15.005405871474865,22.56781412760421,8.601633961995446,1011.7319108072917,-12.402475635210672,329.49890953302383,1109.1703287760417,34.97954711914065,20.172204589843773,27.997862752278667,31.113426168759663,0.0,0.0,25.109394768753997,14.198051107047796,23.463042195638025,7.129725392659509,1011.244794921875,-11.325881282488504,331.0921759208043,1070.8543732961018
2021-07-30,33.17925415039065,20.750024414062523,27.413119252522808,20.964351892471313,0.35046295324961346,0.0,20.93048466177786,14.037947052639884,22.158125813802087,2.297046915690146,1010.925732421875,-7.485048611958821,336.0739408334096,1038.0715459187825,33.87224731445315,20.092767333984398,27.337370808919292,20.25370379288991,0.04351852034839491,0.0,19.55605792250306,12.459450916679733,22.407885487874353,1.7889343261718977,1011.1521484375,-7.822245717048645,335.62653120358783,997.3782444000244,33.27572021484377,20.843347167968773,27.50589777628583,20.768981258074444,0.04351851840813955,0.0,21.72843643592984,14.623113391301652,22.307505544026696,2.1032018025716184,1010.737333984375,-7.54740438858668,336.34283351898193,1046.8986552556355,33.6027770996094,20.565057373046898,27.444294230143253,20.790740768114727,0.0,0.0,20.147052834269623,12.589320377445139,22.32531890869143,2.3347094217936615,1010.8644661458333,-8.737999558448792,335.1668569644292,995.530206044515,33.26094970703127,20.563378906250023,27.353074645996116,21.05462936560313,0.009259259638686975,0.0,21.72277974930378,14.460928645009218,22.003564453125023,1.9628489176432709,1010.9607682291667,-7.700232028961182,336.85496296485263,1040.7572008768718,33.3731628417969,20.437707519531273,27.354748026529972,20.808796604474384,0.0625,0.0,20.530937299306885,13.52531292156093,22.10343449910482,2.2466115315755246,1011.0339095052083,-7.819024244944255,335.6592307090759,1004.4760274887085,33.16243896484377,20.556329345703148,27.198214467366558,21.763425668080647,0.0,0.0,21.60929420923421,14.55140382307711,21.77959340413412,2.232984161376976,1011.1833138020833,-7.31059455871582,336.3894262909889,1053.3744796117146,33.21645507812502,20.522332763671898,27.317795054117862,21.44259266058604,0.01759259224248429,0.0,21.025967005041224,14.071645170220714,22.037024434407556,2.656301116943382,1010.9262565104167,-7.601738611857097,335.3760375181834,1029.1746161778767
