Date,temperature_2m_max_run_00Z_day1_gfs,temperature_2m_min_run_00Z_day1_gfs,temperature_2m_mean_run_00Z_day1_gfs,relative_humidity_2m_mean_run_00Z_day1_gfs,cloud_cover_mean_run_00Z_day1_gfs,precipitation_sum_run_00Z_day1_gfs,wind_speed_10m_max_run_00Z_day1_gfs,wind_speed_10m_mean_run_00Z_day1_gfs,temperature_850mb_mean_run_00Z_day1_gfs,dew_point_2m_mean_run_00Z_day1_gfs,msl_pressure_mean_run_00Z_day1_gfs,ground_heat_flux_mean_run_00Z_day1_gfs,downward_shortwave_mean_run_00Z_day1_gfs,boundary_layer_height_mean_run_00Z_day1_gfs,temperature_2m_max_run_00Z_day2_gfs,temperature_2m_min_run_00Z_day2_gfs,temperature_2m_mean_run_00Z_day2_gfs,relative_humidity_2m_mean_run_00Z_day2_gfs,cloud_cover_mean_run_00Z_day2_gfs,precipitation_sum_run_00Z_day2_gfs,wind_speed_10m_max_run_00Z_day2_gfs,wind_speed_10m_mean_run_00Z_day2_gfs,temperature_850mb_mean_run_00Z_day2_gfs,dew_point_2m_mean_run_00Z_day2_gfs,msl_pressure_mean_run_00Z_day2_gfs,ground_heat_flux_mean_run_00Z_day2_gfs,downward_shortwave_mean_run_00Z_day2_gfs,boundary_layer_height_mean_run_00Z_day2_gfs,temperature_2m_max_run_06Z_day1_gfs,temperature_2m_min_run_06Z_day1_gfs,temperature_2m_mean_run_06Z_day1_gfs,relative_humidity_2m_mean_run_06Z_day1_gfs,cloud_cover_mean_run_06Z_day1_gfs,precipitation_sum_run_06Z_day1_gfs,wind_speed_10m_max_run_06Z_day1_gfs,wind_speed_10m_mean_run_06Z_day1_gfs,temperature_850mb_mean_run_06Z_day1_gfs,dew_point_2m_mean_run_06Z_day1_gfs,msl_pressure_mean_run_06Z_day1_gfs,ground_heat_flux_mean_run_06Z_day1_gfs,downward_shortwave_mean_run_06Z_day1_gfs,boundary_layer_height_mean_run_06Z_day1_gfs,temperature_2m_max_run_06Z_day2_gfs,temperature_2m_min_run_06Z_day2_gfs,temperature_2m_mean_run_06Z_day2_gfs,relative_humidity_2m_mean_run_06Z_day2_gfs,cloud_cover_mean_run_06Z_day2_gfs,precipitation_sum_run_06Z_day2_gfs,wind_speed_10m_max_run_06Z_day2_gfs,wind_speed_10m_mean_run_06Z_day2_gfs,temperature_850mb_mean_run_06Z_day2_gfs,dew_point_2m_mean_run_06Z_day2_gfs,msl_pressure_mean_run_06Z_day2_gfs,ground_heat_flux_mean_run_06Z_day2_gfs,downward_shortwave_mean_run_06Z_day2_gfs,boundary_layer_height_mean_run_06Z_day2_gfs,temperature_2m_max_run_12Z_day1_gfs,temperature_2m_min_run_12Z_day1_gfs,temperature_2m_mean_run_12Z_day1_gfs,relative_humidity_2m_mean_run_12Z_day1_gfs,cloud_cover_mean_run_12Z_day1_gfs,precipitation_sum_run_12Z_day1_gfs,wind_speed_10m_max_run_12Z_day1_gfs,wind_speed_10m_mean_run_12Z_day1_gfs,temperature_850mb_mean_run_12Z_day1_gfs,dew_point_2m_mean_run_12Z_day1_gfs,msl_pressure_mean_run_12Z_day1_gfs,ground_heat_flux_mean_run_12Z_day1_gfs,downward_shortwave_mean_run_12Z_day1_gfs,boundary_layer_height_mean_run_12Z_day1_gfs,temperature_2m_max_run_12Z_day2_gfs,temperature_2m_min_run_12Z_day2_gfs,temperature_2m_mean_run_12Z_day2_gfs,relative_humidity_2m_mean_run_12Z_day2_gfs,cloud_cover_mean_run_12Z_day2_gfs,precipitation_sum_run_12Z_day2_gfs,wind_speed_10m_max_run_12Z_day2_gfs,wind_speed_10m_mean_run_12Z_day2_gfs,temperature_850mb_mean_run_12Z_day2_gfs,dew_point_2m_mean_run_12Z_day2_gfs,msl_pressure_mean_run_12Z_day2_gfs,ground_heat_flux_mean_run_12Z_day2_gfs,downward_shortwave_mean_run_12Z_day2_gfs,boundary_layer_height_mean_run_12Z_day2_gfs,temperature_2m_max_run_18Z_day1_gfs,temperature_2m_min_run_18Z_day1_gfs,temperature_2m_mean_run_18Z_day1_gfs,relative_humidity_2m_mean_run_18Z_day1_gfs,cloud_cover_mean_run_18Z_day1_gfs,precipitation_sum_run_18Z_day1_gfs,wind_speed_10m_max_run_18Z_day1_gfs,wind_speed_10m_mean_run_18Z_day1_gfs,temperature_850mb_mean_run_18Z_day1_gfs,dew_point_2m_mean_run_18Z_day1_gfs,msl_pressure_mean_run_18Z_day1_gfs,ground_heat_flux_mean_run_18Z_day1_gfs,downward_shortwave_mean_run_18Z_day1_gfs,boundary_layer_height_mean_run_18Z_day1_gfs,temperature_2m_max_run_18Z_day2_gfs,temperature_2m_min_run_18Z_day2_gfs,temperature_2m_mean_run_18Z_day2_gfs,relative_humidity_2m_mean_run_18Z_day2_gfs,cloud_cover_mean_run_18Z_day2_gfs,precipitation_sum_run_18Z_day2_gfs,wind_speed_10m_max_run_18Z_day2_gfs,wind_speed_10m_mean_run_18Z_day2_gfs,temperature_850mb_mean_run_18Z_day2_gfs,dew_point_2m_mean_run_18Z_day2_gfs,msl_pressure_mean_run_18Z_day2_gfs,ground_heat_flux_mean_run_18Z_day2_gfs,downward_shortwave_mean_run_18Z_day2_gfs,boundary_layer_height_mean_run_18Z_day2_gfs
2021-04-01,12.486352539062523,5.652947998046898,9.462359364827497,72.28426090876262,47.626389503479004,1.5000000456348062,25.579025037001276,17.757829453073683,5.068353271484398,4.548670705159509,1023.3908528645833,17.07439358284076,216.91193062625825,478.57997012138367,11.695458984375023,5.335961914062523,9.105457560221376,72.62824058532715,28.743982076644897,1.6249999785795808,25.85762737715496,17.56907580833923,4.4628094991048215,4.273784891764365,1023.49552734375,18.686580397188663,215.40131223667413,482.219913482666,12.741815185546898,5.378442382812523,9.824711100260439,70.32175795237224,51.92731422185898,2.3125,24.9953575581196,16.706013701607322,5.581868743896507,4.494695281982445,1023.3312565104167,15.755932748317719,215.48109474188337,417.99339779218036,11.828851318359398,5.287072753906273,8.498174285888695,73.12083260218303,40.39213001728058,3.1736111426725984,26.733369469467053,19.59912069629109,3.3149709065755246,3.729084269205771,1024.118466796875,23.00885584205389,212.71335388937345,625.3505420684814,12.520715332031273,5.570764160156273,9.491746520996116,67.68426005045573,45.39212993780772,0.0,24.807894814005504,16.930838921721218,5.480682627360068,3.5821942647298215,1023.4277311197917,18.57634285589059,218.22537782012174,439.0752705335617,12.234765625000023,5.183892822265648,9.804350789388044,73.48981444040935,30.280556085209053,0.23611111287027597,24.634472635450646,16.623906741532444,5.494337972005212,5.127409871419275,1023.39568359375,13.332229922215143,215.77216933543482,410.8831473986308,12.663140869140648,5.198358154296898,9.741932169596376,67.3462963104248,47.84259190162023,0.0,23.92634171329726,16.279140045278854,5.972440338134788,3.720577494303427,1023.1545865885417,15.964538544416428,218.29131316238394,392.56007019678754,12.492211914062523,5.253930664062523,9.786509450276716,73.58425855636597,32.40787100791931,1.0208333414047956,24.610556104702518,16.67583761529598,5.42547505696615,5.1291913350423215,1023.4028352864583,14.349081565936407,216.16820908989757,425.13465082645416
2021-04-02,9.110742187500023,3.6865783691406477,6.193491872151715,76.19444529215495,19.049537261327107,0.32638889783993363,26.692758219211118,19.135894826556886,-0.32832565307614914,2.1139770507812727,1026.3607747395833,18.424161781867344,209.21715302051356,783.1555557250977,9.122369384765648,4.439080810546898,6.591828918457054,72.55694405237834,36.723611215750374,2.4375000447034836,25.582046463609323,19.897865216032358,0.21026382446291336,1.9028004964192746,1026.5172493489583,16.437434544165928,191.15090725384653,864.9154561360677,8.965753173828148,3.7494445800781477,6.162864939371768,75.98842493693034,18.136111160119373,0.38888890109956264,26.30553049775546,19.518007120524114,-0.4323613484700104,2.067347462972009,1026.4291829427084,18.949126188953716,198.2611310100183,795.8509991963705,9.225610351562523,3.7937866210937727,6.4902409871419495,72.61018466949463,29.555092563231785,3.437499985098839,26.187974833517956,19.96463778016061,0.32734451293947586,1.7979662577311615,1026.5685807291668,16.440171812971432,205.49698400031775,824.7497685750326,8.994134521484398,3.6494384765625227,6.105736033121768,76.18194484710693,17.211573978265125,0.3888888908550143,26.740589294237473,18.78532508326848,-0.3959538777668854,2.0343058268229584,1026.52859375,18.710787614186604,198.1818342274055,766.3529535929362,9.295861816406273,3.6198974609375227,6.297121938069684,74.520370165507,17.661111056804657,0.31250000558793545,25.622121501963772,18.76528676741655,-0.1156206766764285,1.9333791097005246,1026.7358561197916,16.42494162917137,213.6135683733349,761.2108942667643,8.959100341796898,3.6364990234375227,6.062534586588565,75.69861205418904,16.831481630603474,0.38888889737427235,25.76662996036262,18.820262147797347,-0.3405047098795535,1.9140207926432709,1026.552744140625,19.4357992708683,193.43292902689427,778.0970789591471,9.133721923828148,3.5951171875000227,6.135406748453799,76.2611099878947,18.231018364429474,0.48611111706122756,25.49252613600507,18.670795481270023,-0.6780329386393191,2.080837504069052,1026.323408203125,18.157373070716858,202.014411501276,776.7906049092611
2021-04-03,9.158898925781273,4.170587158203148,6.3812728881836165,71.21157375971477,34.24675850073496,1.465277787297964,23.19928227125085,19.290079544579015,0.122553761800134,1.3577756245931027,1028.1148177083332,3.2708627581596375,210.85970584551492,852.9814287821451,8.490106201171898,4.330651855468773,6.174340820312523,71.79629548390706,51.59583258628845,2.8402777537703514,24.723285889481613,19.756944073689574,-0.2050664265950104,1.3313423156738509,1027.40501953125,8.124048401912054,157.16133437802395,901.6539726257324,8.855767822265648,4.613824462890648,6.333699798584007,70.48148107528687,43.33240715662638,1.9166667014360428,22.800074014128736,19.452626917020503,0.238947804768884,1.2153793334961165,1028.524443359375,4.159005741278331,192.54775693453848,875.029426574707,9.270288085937523,4.503564453125023,6.4123092651367415,70.45277706782024,33.6032410065333,2.7569444477558136,24.660846591483423,19.81572115627344,-0.09995117187497726,1.2411285400390852,1027.7525618489583,5.275900423526764,207.8326282526056,900.6487274169922,8.331506347656273,4.294458007812523,6.183182017008487,69.37499984105428,51.22916571299235,1.9583333432674408,22.56205589887451,19.32190963591606,0.22823867797853836,0.8820053100586165,1028.5513606770833,8.018988053003946,153.93342639257511,926.2194430033366,8.445031738281273,3.9657836914062727,6.046140289306663,72.96990696589152,38.382407228151955,2.1736111268401146,23.73205652122597,19.076769735990826,-0.2522109985351335,1.3919985453288177,1028.1531412760417,8.049691418806711,182.75702092548212,837.5272801717123,9.006127929687523,4.327783203125023,6.30865885416669,69.58981370925903,39.99629706144333,0.8680555755272508,22.365356261928966,19.32930043343187,-0.03307189941403976,1.0155642191569427,1028.6562076822918,6.310950934886932,182.32735541369766,892.1874643961588,9.163659667968773,4.148522949218773,6.286856587727887,71.931480884552,34.686574478944145,2.0763888731598854,22.985544463626848,19.00004445092854,0.2028010050456146,1.4112411499023665,1028.1127701822918,4.077059368292491,208.59266695876917,828.6179618835449
2021-04-04,9.736230468750023,4.175897216796898,7.011543528238955,74.25509198506673,61.12870383262634,2.090277809649706,23.664335096421485,14.317341530760752,3.232520039876306,2.6731544494629134,1023.8752506510417,-2.049216757218043,176.60799135578176,551.097723642985,10.086083984375023,4.802606201171898,7.322970326741559,70.51296265920003,65.08009266853333,3.8333332166075706,25.56429085037507,14.718304933723568,3.832996622721396,2.1608520507812727,1021.1593359375,-3.5801848210394382,212.82105644295612,604.8026364644369,9.402734375000023,4.437219238281273,6.876042938232445,72.41574033101399,61.44259309768677,1.4027778208255768,24.301653031473982,14.772381208507733,3.1605990091960052,2.1918121337890852,1023.87759765625,-1.2284951309363048,190.2233496233821,586.4819997151693,10.565209960937523,4.372033691406273,7.377921040852887,71.95601956049602,65.71296342213948,3.8888887986540794,23.818547122648823,14.54851566332063,3.7844787597656477,2.4562126159668196,1022.2710416666667,-5.093120793501536,199.03025875613093,512.7500406901041,9.516778564453148,5.647729492187523,7.051332092285179,69.09352048238118,74.38703672091167,1.4375000577419996,24.110487606696427,15.058024043231379,3.3907689412434934,1.7041386922200559,1023.9028125,-1.4867688318093617,180.50663141906261,690.7688941955566,10.611688232421898,3.8749328613281477,7.281486765543643,72.6333327293396,47.298611084620156,3.201389007270336,24.72873303656112,14.76841014302262,3.7489626566569427,2.463850911458337,1023.0077604166668,-5.170402884483337,216.081020389994,470.6471939086914,9.483270263671898,5.632714843750023,6.927742258707705,68.66851743062337,73.94768456617992,1.7708333246409893,24.968658670151637,14.816431266754899,3.419105784098349,1.4879915873210052,1023.7190950520833,-0.622365323205789,178.57424035202712,696.1195348103842,10.376336669921898,3.7372985839843977,7.032837168375674,74.89166720708211,48.2666663924853,1.8055556006729603,24.36265673664416,14.153603542396617,3.4483937581380246,2.710272725423181,1023.61044921875,-1.4533990224202473,191.73961128418645,477.0235315958659
2021-04-05,8.170739746093773,2.1905151367187727,4.716404215494815,67.38240734736125,91.9273141225179,57.11805526167154,39.41633959216729,34.06254930826234,-6.581029001871741,-1.1004852294921648,1012.0956412760418,21.914332280556362,193.20468849688768,1639.170519510905,8.427758789062523,2.6055541992187727,5.234915669759137,68.47407325108846,88.64444573720296,43.31944482028484,38.38200719504634,32.287948377782094,-5.885905965169229,-0.356047058105446,1011.2151302083333,20.620075566073258,175.28496080388626,1511.4219614664714,8.064355468750023,2.1162353515625227,4.608542378743512,68.95601908365886,93.42222213745117,52.84722222015262,45.80973431819512,35.98088322577902,-6.663712565104163,-0.8626274108886491,1011.9388313802083,23.033197692284983,184.27940938125053,1667.947385152181,8.136102294921898,2.6277404785156477,4.950982666015648,67.92963012059529,92.1351850827535,46.687500298023224,41.94396198259277,34.67489449183362,-6.3079602559407135,-0.7360722859700104,1011.667587890625,22.33123118430376,185.7868689162036,1604.5988070170085,7.908715820312523,2.0944458007812727,4.279538726806663,68.87870359420776,94.15833346048991,45.71527823805809,44.71859771067716,35.805816876928475,-6.891230010986305,-1.1713953653971316,1012.4402180989583,23.76020078919828,181.81355627750358,1721.9263534545898,8.242456054687523,2.7939392089843977,4.960396067301455,67.44398132960002,91.20185136795044,47.07638930529356,42.527871904453065,35.33726392610337,-6.263318125406897,-0.8092280069986941,1011.449794921875,22.278029933571815,193.64444867521524,1657.7372360229492,7.684075927734398,2.4611755371093977,4.532867685953799,67.79814847310384,92.54490661621094,43.07638878189027,39.46280979757907,34.100101896271866,-6.499545796712198,-1.1623112996418854,1012.4900455729168,23.45432223131259,178.86917129531503,1661.4944597880046,8.310205078125023,2.6913391113281477,4.821155802408877,67.43935108184814,86.35555585225423,50.75694480538368,40.570461920421046,34.6279046557618,-6.580187225341774,-0.9648918151855241,1011.7109765625,22.682802120844524,198.33650157103935,1669.3229675292969
2021-04-06,4.209802246093773,1.7499938964843977,2.848324076334658,61.50324026743571,93.45138931274414,173.26388835906982,32.57377244000751,29.92948744517322,-9.791379038492835,-3.8750010172526004,1014.45447265625,21.274346644679706,188.1761654751996,1603.8303731282551,4.061914062500023,1.4516540527343977,2.5460563659668196,63.205556551615395,94.6828711827596,203.15972185134888,32.589138983355234,29.90252125127958,-9.998962148030557,-3.7884366353352448,1014.60123046875,24.219063719113667,180.66400360688567,1554.645757039388,4.164361572265648,1.8030029296875227,2.8831815083821843,61.10972293217977,89.93611176808675,137.05555486679077,32.71682863064098,30.23172570419486,-9.770449066162087,-3.921733601887979,1014.191953125,21.050397167603176,187.47729169080654,1619.0924021402996,4.235467529296898,1.7243896484375227,2.7670837402343977,61.73611068725586,96.68240801493327,183.39583110809326,32.697543328694486,29.694763327969493,-9.858113352457679,-3.898484293619788,1014.6304915364583,21.806674639383953,184.4521282824377,1602.900161743164,4.061120605468773,1.7243896484375227,2.826006825764997,62.85972229639689,93.09351762135823,135.27777743339539,35.38418339730712,30.573366440977253,-9.731821441650368,-3.599521382649698,1014.10908203125,21.01602280139923,195.94725563625494,1586.0161387125652,4.205590820312523,1.3727661132812727,2.651648457845075,62.3041664759318,95.80786895751953,178.89583158493042,33.97074283382488,29.685931534301847,-9.95545934041337,-3.8864832560221316,1014.692861328125,22.33774795134862,178.83244577422738,1565.4210561116536,4.415826416015648,1.7089477539062727,2.9837025960286687,63.84351793924967,94.1407413482666,101.88194477558136,37.606754719728606,30.197987644076065,-9.506383005777991,-3.2670120239257585,1013.88484375,20.295550631980102,193.62901495521268,1568.0085576375325,4.172204589843773,1.6722351074218977,2.695906575520856,61.36203686396281,95.655091603597,178.96527671813965,33.11320414349646,29.687923099223003,-9.962399546305335,-4.043998463948526,1015.0130891927083,21.257516518235207,186.8231108573576,1595.032750447591
2021-04-07,5.223382568359398,1.6975646972656477,3.679713185628278,75.28842560450236,97.5740737915039,279.58333349227905,39.433529864669524,30.487088303836046,-8.013775889078772,-0.4337053934733035,1016.5920442708333,7.576179047425588,179.43764449159303,1246.226826985677,5.780725097656273,1.8224731445312727,4.060819244384788,69.4282415707906,92.04861148198445,312.13889026641846,43.36629481404702,31.312592117463577,-8.103053792317667,-1.1931823730468523,1018.6383821614583,4.620769768953323,176.4509407952428,1424.1174647013347,5.129083251953148,1.5209899902343977,3.5623819986979393,75.58888912200928,97.4055544535319,251.66666555404663,38.20798739529493,30.161999622656328,-8.028050486246741,-0.502293650309241,1016.358251953125,8.963760107755661,174.31196354081234,1220.2768478393555,5.966424560546898,1.9215637207031477,4.193392690022809,73.870370388031,98.73286978403728,292.3611125946045,44.72332970751266,32.67338754913551,-7.724581146240212,-0.20506896972653976,1017.7157845052083,2.8802877267201743,166.88864420354366,1508.20960744222,4.938409423828148,1.2876220703125227,3.4223381042480696,75.19027789433797,98.37268543243408,197.25000023841858,38.45805873246493,30.072424118964435,-8.216510518391885,-0.7194847106933366,1016.3602766927083,10.186091005802155,164.0263713647922,1241.6350809733074,5.138421630859398,1.6485534667968977,3.527747090657575,72.76111078262329,97.31296284993489,304.1666679382324,44.717912617539135,31.69334147411186,-8.687756601969397,-1.0392631530761491,1017.5243782552083,8.15986691477398,173.5642640342315,1425.9149805704753,5.137109375000023,1.4768005371093977,3.506201680501325,74.89305639266968,98.46157328287761,140.5486114025116,35.54077752986935,29.40148261589347,-8.102262878417946,-0.7034006754557254,1016.50685546875,9.202858249346415,162.1865564150115,1241.8390782674153,5.455895996093773,1.6095214843750227,3.8283910115560125,72.94675954182942,96.54537041982015,274.99305486679077,44.2161541128867,31.44000314029705,-8.204486592610635,-0.7420308430989166,1016.9011783854168,6.809755032261212,178.88588711246848,1337.5049565633137
2021-04-08,7.911370849609398,1.8547912597656477,5.05701090494794,65.59027751286824,71.19120327631633,209.47222137451172,26.36866425434324,19.775422548559337,-6.226620737711585,-1.0260274251301666,1021.1564876302083,-7.667873779932658,233.08946406841278,785.620475769043,8.546624755859398,2.1853576660156477,5.271985626220726,63.14768632253011,83.30416663487752,349.4097261428833,25.830741202702306,18.227955435310424,-6.816619618733682,-1.3992612202961823,1021.8053938802083,-8.51759401957194,227.82538414746523,894.8138669331869,8.115686035156273,1.8166748046875227,5.099755859375023,66.08101749420166,61.726852099100746,64.31944394111633,26.157653103739303,19.387886469552374,-6.036592864990212,-0.8947382609049441,1021.0093977864583,-7.505166788895925,234.66202010711035,762.7487640380859,8.254815673828148,2.1820617675781477,5.227456665039085,63.13657395044962,79.21435228983562,327.52778339385986,26.82889089023618,18.773782976072848,-6.745464070637979,-1.4154050191243073,1022.040654296875,-8.39098346233368,227.59459515909353,888.6358413696289,7.987664794921898,1.8121887207031477,5.07532653808596,66.13611141840617,64.58842595418294,48.847222447395325,26.032087959263503,19.316740545584455,-6.337589009602823,-0.9176734924316179,1020.9529524739582,-7.762388904889424,235.33323346823454,804.9980278015137,8.157250976562523,1.9297119140625227,5.037519073486351,63.62037022908529,67.31805539131165,272.72221851348877,27.47801331067185,19.612603365259833,-6.5191113789875885,-1.4875002543131473,1021.563935546875,-7.808791518211365,234.7279907738169,821.6656176249186,8.009545898437523,1.7846313476562727,5.09213790893557,65.59953864415486,65.86713004112244,15.347222119569778,26.708886900727478,19.80407835096655,-6.524666849772132,-1.0597722371418854,1021.097919921875,-8.154099663098654,234.12581491967043,841.5450185139974,8.121301269531273,1.9576965332031477,5.114348347981793,65.42268530527751,70.36944532394409,213.52778244018555,27.173854236514643,19.997938366449677,-6.328629557291663,-1.0087608337402116,1021.2872428385417,-7.753141442934672,224.99925863742828,796.3915087381998
2021-04-09,8.444757080078148,4.583886718750023,6.728660837809268,79.15462938944499,99.95648129781087,7.874999821186066,25.424205830155728,19.2571584030206,-3.048063659667946,3.2803588867187727,1013.98462890625,-6.631184597810109,124.31610831369956,767.4036483764648,9.324426269531273,5.513299560546898,7.149124399820987,73.66296211878459,99.99675941467285,210.64583492279053,23.413477050821605,17.384614367216233,-2.916124725341774,2.631599680582724,1013.836552734375,-9.965543746948242,158.79272196938595,668.4001836776733,8.092156982421898,4.614862060546898,6.559766387939476,79.71620337168376,98.82916673024495,7.208333428017795,25.89419512716909,18.569658361774813,-2.9110435485839616,3.2422106424967865,1014.1861783854167,-3.2615677316983542,93.86983439077933,725.6062291463217,9.482843017578148,5.271295166015648,7.1811080932617415,72.12916628519694,99.98981444040935,65.59722065925598,23.433594809887598,17.1067751379576,-2.765353902180948,2.3471796671549896,1013.43271484375,-11.009700338045755,169.81955558806658,658.3739799658457,8.278100585937523,5.177056884765648,6.601069386800153,77.72731399536133,99.97314802805583,5.520833385176957,25.31751037253595,18.654828802685042,-2.8961268107096316,2.949337259928427,1014.29498046875,-2.594407503803571,88.44540697832902,711.1551742553711,9.091058349609398,5.273553466796898,7.050719197591168,76.42685222625732,99.99583307902019,52.56249976158142,23.744112059837896,19.051139356758036,-2.8855194091796648,3.0825909932454465,1013.3141959635417,-9.0119908452034,164.53105327735344,730.9044450124105,8.534844970703148,4.938897705078148,6.615992482503278,77.39166673024495,99.54027716318767,4.861111207399517,24.34298402638328,18.319977838448946,-2.827555084228493,2.8931213378906477,1014.138369140625,-2.823988765478134,98.90731692314148,689.0307744344076,9.002160644531273,4.828790283203148,7.0019292195638245,77.53888988494873,99.96342531840007,19.097222447395325,24.829529373008665,19.3409566341258,-3.0029612223307254,3.2319694519043196,1013.5426204427083,-9.368510057528814,165.51529610032836,764.3805243174235
2021-04-10,6.875512695312523,3.5055480957031477,5.274711863199893,75.24768400192261,99.77361170450847,17.888888865709305,22.142787272197218,15.475861743788522,-4.689035797119118,1.0946416219075559,1015.055859375,9.435489375765124,100.83931360393763,759.1297734578451,6.532403564453148,3.8073059082031477,5.080856577555362,68.09212891260783,100.0,19.263888895511627,19.338288850739037,16.0708711111528,-5.264462534586585,-0.5521263122558366,1014.6807649739583,9.619672576586405,103.21390972783168,872.1610590616862,7.641534423828148,3.9304748535156477,5.70963312784833,77.59027640024821,99.64027786254883,16.090277671813965,22.586641847166327,14.802873391859954,-4.210834248860635,1.9290646870931027,1014.5219759114583,7.213235129912694,98.56127813334267,735.381706237793,6.475427246093773,2.7264953613281477,4.642929331461612,75.33796215057373,99.66898123423259,28.47222250699997,24.123602815861403,17.43358507352332,-4.723533376057901,0.4805351257324446,1014.1643522135417,11.839287268618742,85.8307222922643,776.4848124186198,6.666619873046898,3.4371276855468977,5.213357543945335,83.13472175598145,99.9990743001302,28.18055522441864,25.4177190154822,16.900363515585266,-3.894717915852823,2.4588053385417084,1013.859833984375,12.660086434334517,69.94294374063611,740.2951011657715,7.315026855468773,2.7324157714843977,4.949165598551455,71.4324065844218,100.0,21.097222328186035,23.978628535978128,16.616542297758784,-4.942661031087198,-0.09100952148435226,1015.4159733072917,7.995854766728978,110.38222158079346,762.6476294199625,7.074182128906273,3.1846252441406477,5.2240870157877835,81.11805470784505,100.0,14.958333358168602,25.49459002075144,17.987570896485526,-4.001861317952432,2.092591857910179,1013.63353515625,11.88685929775238,76.60838884984453,774.6185111999512,7.190606689453148,2.8960815429687727,4.836404418945335,73.71573972702026,99.854629834493,19.87500011920929,23.677481867309744,16.323205692051676,-4.727026367187477,0.27931493123372775,1015.2902604166667,9.278844977418581,105.82096341749032,714.5489629109701
2021-04-11,5.331750488281273,2.4037414550781477,3.661658223470075,87.33703581492107,100.0,144.47222304344177,26.373448819324782,24.16195898908423,-5.473083241780557,1.6355122884114621,1013.955927734375,14.281038701534271,75.36135086106758,917.0664520263672,5.485955810546898,2.8833251953125227,4.109919484456403,71.95416657129924,99.89398129781087,54.61111116409302,26.698794670576163,22.905262061448212,-6.656991068522132,-0.7201204935709598,1015.93271484375,12.01525646696488,90.0784994661808,1119.5968551635742,6.611322021484398,2.3408447265625227,4.12085876464846,78.79120429356892,86.606480717659,148.90972137451172,26.803966739522863,22.236920513596186,-5.849267069498694,0.5096005757649777,1014.6463509114583,7.867068747679393,132.48602098909518,990.9697481791178,4.976220703125023,3.0659423828125227,3.8842585245768455,78.48009204864502,99.99953715006511,81.21527791023254,28.020238342520607,24.056904807979503,-6.1034683227538835,0.3091128031413177,1015.0707259114583,17.011661141334724,71.10901822708547,1039.2623901367188,7.746118164062523,2.3572326660156477,4.453352864583356,73.38842550913493,70.16296313206355,166.50694227218628,26.38386943685792,21.682508173724273,-6.1070388793945085,-0.3623196919758698,1014.9894368489582,1.2395806014537811,220.48818294176212,1056.6411310831706,3.8408752441406477,2.4778076171875227,3.1962562561035384,91.0337963104248,100.0,205.12500143051147,28.265853295072183,26.01215506474189,-5.42066930135087,1.8036565144856809,1013.3561848958333,19.322603752215702,45.13155502577623,917.5517832438151,7.664270019531273,2.2304931640625227,4.4338953653971585,72.21203724543254,68.35231407483418,54.895833134651184,27.47743842695812,21.2927986008533,-6.166476949055948,-0.630620066324866,1014.586337890625,1.3037148714065552,228.4267827226819,1066.038070678711,5.243859863281273,2.3273254394531477,3.680468495686872,85.38564618428548,98.40462970733643,113.0208330154419,27.207919489352395,25.04472310086601,-5.677404785156227,1.3216491699218977,1013.7690364583333,14.711612569789091,75.78164782685538,953.1564661661783
2021-04-12,7.085229492187523,2.1166625976562727,4.497319793701195,65.39537064234416,35.771758913993835,29.388888776302338,22.641971269293826,15.045436646454313,-7.5841570536295535,-1.598838551839151,1025.9410319010417,3.7567305167516074,234.6129521386853,841.1574503580729,7.473504638671898,1.9371887207031477,4.649447377522809,60.73703781763712,56.0111109217008,191.2916660308838,20.956864511104524,15.98693980603683,-7.959740702311194,-2.5389592488606354,1024.7537239583332,-3.5724167029062905,252.8769338038595,979.3012466430664,7.095147705078148,2.3166748046875227,4.527455902099632,66.42870314915974,39.94259285926819,19.208333164453506,22.420472840011495,14.643227847937075,-7.4444412231445085,-1.3489491780598541,1025.8141927083334,2.9557460943857827,226.5503176507385,812.8090108235677,7.717980957031273,1.7287841796875227,4.527090962727887,62.39027690887451,23.496297021706898,160.39583539962769,19.659660864631793,13.557897799828291,-7.566790008544899,-2.386620585123694,1025.8293294270834,0.8106982707977295,249.22511117726876,887.6549453735352,7.038873291015648,2.3084655761718977,4.43616129557294,65.51620515187581,37.23796292146047,17.881944440305233,23.770737184687174,15.506198890590786,-7.909440104166663,-1.6535413106282135,1025.954697265625,3.8224631547927856,231.91051700742295,867.2536951700846,7.203210449218773,2.1086669921875227,4.51709899902346,63.574535846710205,45.366666992505394,181.67360973358154,19.01724558709083,12.822012807293047,-7.520201110839821,-2.0148312886555573,1026.2924153645833,4.281284888585408,235.24630922606835,814.4932549794515,7.139611816406273,2.1441894531250227,4.403267161051455,63.8347217241923,35.14305508136749,11.340277729555964,23.201290922881352,15.584140438351389,-7.947934214274085,-2.0833801269531023,1025.8893522135418,3.551206946372986,241.33829409450604,907.5590432484945,7.211755371093773,2.2004638671875227,4.45966491699221,65.83333412806194,40.788425505161285,77.79861044883728,21.483130005491322,14.156580974566012,-7.577159627278604,-1.540220642089821,1025.88220703125,4.24374504884084,227.00871835222156,812.8986002604166
2021-04-13,8.419274902343773,2.0722290039062727,5.060018157959007,62.434722105662026,21.508796016375225,38.9861114025116,15.997148812706225,11.129430774262568,-7.120297495524085,-1.9169397989908816,1032.1952213541667,-2.0043720404307046,244.535114881893,726.2174650828043,8.409143066406273,2.0382019042968977,5.009234364827496,63.21111218134562,25.514814297358196,57.27777576446533,16.236404577064786,11.807553795164983,-6.974504852294899,-1.7422063191731354,1032.53869140625,-1.0974565347035725,255.87385109315315,732.0787839889526,8.335870361328148,2.2163330078125227,5.10434494018557,64.96898221969604,24.691203395525616,38.16666638851166,16.94810627747172,11.634074058203888,-7.098350270589151,-1.3102961222330691,1031.9514029947918,-2.109497308731079,242.9774740114808,710.1529226303101,8.477990722656273,2.1617675781250227,5.1140609741211165,61.00092522303263,10.305555661519369,36.70138895511627,15.27966423419525,11.588472031913616,-7.071325683593727,-2.2077824910481354,1032.6098470052084,-2.6353391806284585,259.81702310591936,772.4569250742594,8.036737060546898,2.1042724609375227,4.914749399820987,64.88055483500163,21.20324096083641,11.965277582406998,17.876805145269742,12.434095631001355,-7.317868296305335,-1.4589561462402116,1032.16326171875,-1.6121858755747478,244.29963056991497,719.1559060414633,8.433618164062523,2.1166931152343977,5.137235260009788,62.45046250025431,14.719907402992249,37.284722685813904,16.045337106721515,11.310225261559436,-7.071001434326149,-1.875663503011026,1032.5307486979168,-2.5260974566141763,254.37239221980175,760.2595361073812,7.942651367187523,2.0226074218750227,4.937348937988304,63.10694440205892,26.568518539269764,6.416666649281979,16.44664674877596,11.749598640789626,-7.380861663818337,-1.7943570454914948,1032.1422395833333,-0.7917927106221517,236.08925948292017,738.460205078125,8.146661376953148,1.9382263183593977,4.907261149088565,64.5129623413086,23.9592591325442,26.673610866069794,17.574864344964755,11.79175471202251,-7.304146830240882,-1.5170196533202898,1032.4204134114582,-0.6537078221638998,244.3511445696155,720.2540868123373
2021-04-14,7.792047119140648,2.0179687500000227,4.884295399983746,67.65231482187907,33.85416660706202,16.395833402872086,20.83766350628426,10.640955426267361,-7.30589904785154,-0.8601643880207916,1031.043017578125,3.094662149747213,233.5259981987377,717.2798884709676,7.672235107421898,1.7915283203125227,4.701745605468773,67.53425900141399,33.488426645596824,51.80555605888367,19.24672863710434,10.767378526131955,-7.507669830322243,-1.0068077087402116,1031.5003255208333,4.55189569791158,226.65370155250034,704.3277161916097,7.692010498046898,2.0382934570312727,4.876042938232445,67.4157411257426,34.037963370482125,16.500000178813934,20.24686072541531,10.76955089610392,-7.257083638509073,-0.9179176330566179,1031.0892708333333,3.4612024625142417,235.9198907011499,718.2108224232992,7.491082763671898,1.7915283203125227,4.722374216715518,68.43009344736735,28.80740691224734,54.75,17.92524106014085,10.718478258581507,-7.424197896321573,-0.8250005086262604,1031.480322265625,5.364257534344991,224.7039488836502,696.8446585337321,7.704949951171898,1.7493835449218977,4.835117594401065,66.90138912200928,34.01249945163727,10.729166731238365,20.818895370134378,10.666438631129399,-7.330772145589151,-1.0430130004882585,1031.34279296875,3.3662810722986856,234.42013307722905,729.2490348815918,7.538232421875023,1.7925964355468977,4.625005340576195,68.08379554748535,34.85092640916506,28.618055522441864,19.74085316711857,11.163286212820942,-7.519341532389319,-0.9936737060546648,1031.8180240885417,4.844883402188619,224.09188611184558,708.3719352086385,7.547631835937523,1.5149169921875227,4.738721466064476,66.32500012715657,39.74861045678457,9.18750003958121,18.959608088517157,10.241587101086312,-7.4015703837076785,-1.245017751057901,1031.65140625,4.044605294863383,231.79935123336813,683.3334980010986,7.536004638671898,1.8581787109375227,4.695771789550804,67.57499996821086,34.63009280959765,20.34722203016281,20.104150944462383,11.002954101964633,-7.50340627034501,-1.0401189168293854,1031.648095703125,4.042349298795064,225.87601744973412,728.1733605066935
2021-04-15,9.441552734375023,2.6182189941406477,5.645529683431012,71.12268400192261,68.2449079354604,45.67361104488373,17.92038126317744,13.41414082883882,-6.484224700927712,0.487208302815759,1030.6476334635418,-4.3793842395146685,238.86803881513575,730.3428421020508,9.572808837890648,1.1733947753906477,5.331664021809918,67.50046237309773,44.19027729829153,33.472222685813904,21.144826972452947,14.41235497509762,-6.879747772216774,-0.7848520914713504,1030.60013671875,-3.7927027146021524,255.51503734414777,836.1166083017985,9.399713134765648,2.6593261718750227,5.742939249674502,68.48657369613647,66.99398050705592,31.14583331346512,16.909681911413085,13.880536711022101,-6.5600723266601335,-0.03711039225260038,1030.7517513020832,-5.2555332978566485,247.72607440377274,822.756046295166,9.582727050781273,0.9417663574218977,5.205346679687523,66.8499984741211,33.83379598458608,32.645833134651184,20.931809526471458,14.40930152784758,-6.9465838114420535,-0.9965067545572879,1030.7699348958333,-1.221809446811676,240.14823945052922,794.5153557459513,9.201196289062523,2.0365234375000227,5.541645304362002,68.6106481552124,62.12083329757055,18.14583334326744,16.86508180143352,13.189822076820311,-6.610749308268225,-0.19681523640946352,1030.8707747395833,-5.247814516226451,252.08036609614888,785.3223985036215,9.516656494140648,1.8394714355468977,5.666163380940778,67.74166615804036,58.61296315987905,34.19444465637207,19.4571854025855,15.492993737601145,-6.864884440104163,-0.310697937011696,1030.7475618489582,-3.3028779911498227,228.56820260174572,870.1663595835367,9.461114501953148,1.7734008789062727,5.426203664143903,69.18935124079387,61.236573696136475,12.319444408640265,16.23807987793859,12.661174428760994,-6.611288452148415,-0.20881245930985415,1030.9855045572917,-5.3689150015513105,250.02435709163547,745.9615389506022,9.352990722656273,2.0061279296875227,5.579638417561871,71.07916593551636,68.64259203275044,47.750000298023224,18.868905585177107,13.422412002079406,-6.580063883463538,0.364283498128259,1031.07923828125,-4.695420583089192,226.6398526839912,743.4823551177979
2021-04-16,10.704278564453148,2.1061950683593977,6.240979766845726,66.106019337972,29.91759216785431,10.159722059965134,21.50572080608948,14.898433308245053,-5.187433624267555,0.06515655517580399,1029.7968196614584,-6.087596337000529,259.42782677772146,698.1873334248861,10.673242187500023,2.4828125000000227,6.408338165283226,66.64999993642171,40.650462329387665,57.833335876464844,21.434035274376903,15.561764487347345,-4.771531168619788,0.3143122355143646,1029.7268489583332,-6.441810607910156,252.78451728944978,694.6500275929769,10.674401855468773,2.0251708984375227,6.174247996012393,66.03611056009929,30.2893519004186,4.236111164093018,21.480463242200855,14.745122385373023,-5.2434282938639285,-0.0013984680175553876,1029.8423404947916,-5.979675849278768,255.9933553636074,696.2153075536093,10.745965576171898,2.5689941406250227,6.408353424072288,66.31620422999065,36.386573910713196,35.25,20.971425532347265,15.440534050910864,-4.983019256591774,0.250581359863304,1029.654140625,-6.26775598526001,257.86617508965236,704.6349131266276,10.540826416015648,1.9203430175781477,6.111287689209007,64.04629627863567,33.194906850655876,1.9166666865348816,20.778549803288566,14.195818082394391,-5.328904215494788,-0.46698608398435226,1029.8866048177083,-5.92314346631368,258.7742410165568,685.4783407847086,10.608148193359398,2.1283813476562727,6.233062998453799,66.8550926844279,36.632871409257255,22.31944441795349,20.91505025619063,15.48076029514317,-5.205109659830725,0.21852773030599337,1029.5604069010417,-5.8981408675511675,254.47209432783225,727.682290395101,10.556451416015648,1.9967590332031477,6.115405019124371,63.66712888081869,30.775000711282093,0.0,21.10617220283159,14.357895984849103,-5.379882558186807,-0.5533228556315066,1029.61328125,-5.810448567072551,258.0419656106581,683.2790978749593,10.616693115234398,2.0610900878906477,6.1961227416992415,66.31064748764038,34.21296342213949,16.49305558204651,21.50647267351246,15.0840090587499,-5.293248240152991,0.05620600382491148,1029.6456119791667,-5.9296168486277265,258.49916804395616,715.5087000528971
2021-04-17,11.310662841796898,2.9245544433593977,6.883936818440778,68.91250133514404,10.365741011997065,0.0,20.000011379737117,14.638714156832739,-3.0401125590006473,1.241646067301474,1027.1046354166667,-7.282129446665446,264.2685366136332,617.131072362264,11.364190673828148,3.1195312500000227,7.053497568766299,69.86203829447429,5.6518518428007765,10.333333253860474,19.475989515152666,14.0794210323622,-2.828356170654274,1.477045949300134,1027.131796875,-7.744206825892131,265.5769825341801,584.3482456207275,11.138879394531273,2.8061767578125227,6.757316843668643,69.34490855534871,24.288426121075947,0.1666666679084301,19.76727494049338,14.547568304071744,-3.3458885192870866,1.2302846272786496,1027.194658203125,-6.8010469277699785,261.04762928932905,628.9226633707682,11.103509521484398,3.0883422851562727,6.972422536214215,70.1972222328186,9.320370266834894,4.5,18.657471252927458,14.179918904793533,-2.8696261088053348,1.5199867248535384,1026.9814973958332,-7.565154155095418,264.388834618032,597.5881589253744,11.106225585937523,2.9379821777343977,6.768745676676455,68.64583365122478,16.27083330353101,0.0,19.810028019577892,14.914362208871905,-3.2431421915690066,1.0768473307292084,1027.0770084635417,-6.488239844640096,263.83038643250865,624.0935300191244,11.111596679687523,2.9762512207031477,7.048613484700543,69.35740804672241,17.48564813286066,2.0000000596046448,19.95721046388571,14.504295423996245,-2.7788452148437273,1.4942438761393646,1027.0362467447917,-8.947946627934774,262.177153835694,620.2725429534912,11.073144531250023,2.9539123535156477,6.745727793375674,67.15879615147908,21.388889148831367,0.0,20.092510157576985,14.854537880494698,-3.1480189005533816,0.7694793701172102,1026.833271484375,-6.137914498647054,263.6839946831266,631.1741542816162,11.106225585937523,2.8545471191406477,6.824592844645205,69.55046288172404,35.80925993124644,0.1597222234122455,20.014085052756272,14.459480376563965,-3.3191970825195085,1.3114448547363509,1026.7878971354166,-6.882476647694905,255.20452512552342,622.0048418045044
2021-04-18,12.712091064453148,3.9108825683593977,8.114518737792991,75.84629583358765,66.19120407104492,0.2986111156642437,13.951476565332538,8.568674235179923,-0.5808408101399323,3.8332700093587277,1023.2876692708332,-14.612232128779093,226.05120265980563,392.78264967600506,10.244897460937523,6.049127197265648,7.820244089762393,79.3652795155843,94.17870378494263,1.3888889010995626,9.867330129504623,8.135976402218423,-0.9970306396484148,4.433919525146507,1023.8662825520832,0.2758254408836365,61.13277751145264,293.6473795572917,12.998925781250023,4.095727539062523,7.973591105143252,79.07916641235352,69.4842586517334,1.9791666129603982,14.806503988267123,9.532905960927268,-0.4472450256347429,4.389834340413415,1023.0773502604167,-11.069007635116577,174.3124472896258,346.3887882232666,11.722650146484398,4.725610351562523,7.9291447957356995,79.47453721364339,96.50648053487141,2.2638888945803046,11.623162648627348,8.42084455339073,-1.372764333089151,4.497237141927087,1023.678642578125,-7.928006748358409,131.06629141916832,373.48178164164227,13.077447509765648,4.128350830078148,8.182742055257185,75.3277777036031,63.083333571751915,0.4930555741302669,14.888567817908704,9.033322131703786,-0.16665623982743227,3.856665547688806,1023.2943131510417,-15.6922816435496,225.10251540193954,371.41194581985474,11.435510253906273,3.9474121093750227,7.322254435221377,78.46203629175822,88.72175900141399,0.5208333563059568,10.670185822805442,7.533212326841178,-1.0473210652668854,3.7082865397135834,1023.5929296875,-0.8038901487986246,100.50953710948427,280.31446170806885,13.155633544921898,4.209039306640648,8.35859069824221,75.08148209253947,52.62500027815501,0.8055555569007993,14.841919609958714,9.307483010901786,-0.06433715820310226,3.9280436197917084,1023.2508040364582,-15.979194482167562,235.2499063362678,378.04454676310223,12.593286132812523,3.6847473144531477,8.157304382324241,75.37407477696736,66.29305489857991,1.3958333367481828,13.218569325395974,8.329831030633741,-0.5857541402180573,3.7488952636718977,1022.7548209635418,-12.538887898127237,222.5921843672792,412.43345133463544
2021-04-19,12.944757080078148,5.588220214843773,9.015781656901064,82.03286965688069,52.62963066498438,16.750000149011612,9.732460816823336,8.349073963798297,0.3098261515299896,5.98147862752279,1020.4599348958333,-3.0372695922851562,130.27455686032772,302.5629415512085,10.138909912109398,5.871392822265648,8.359610493977888,88.18981329600017,81.96388880411784,11.90277773141861,10.240579097060525,7.767940933278186,0.2588656107585052,6.480921681722009,1020.4215071614583,-1.4017818768819172,93.50481723000605,222.22866853078207,12.703149414062523,5.503259277343773,9.042323048909529,82.27453740437825,49.86435103416443,36.36805643886328,9.979400932966728,8.288975278620201,0.3145970662434934,6.071768697102868,1020.4989420572917,-1.771587649981181,160.10453882316747,313.64114777247113,12.296990966796898,6.227441406250023,8.943022664388044,84.59814802805583,81.50601935386658,20.59722226858139,10.297190765671688,6.808972398793312,0.025671895345055873,6.401846822102868,1020.1426529947917,-9.229766607284546,131.91112691909075,257.652237256368,12.899743652343773,5.481652832031273,9.241015370686872,79.7027800877889,42.01990739504496,25.52777804993093,10.27464820023876,8.982585265894523,0.4145968119303802,5.778002675374353,1020.6624544270833,-5.88739275932312,196.54894305268922,359.04569323857623,11.033013916015648,5.781701660156273,8.300944264729841,86.26388994852702,65.13981509208679,16.298610992729664,14.152840797798232,9.208269943474443,-0.0561724344889285,6.1074450174967865,1019.9760774739583,0.4866240819295247,88.70487193390727,293.345417658488,13.370568847656273,5.406152343750023,9.487992858886741,77.24768384297688,44.1472225189209,12.118055503815413,10.315757368492013,8.76426716186188,0.4546613057454465,5.5175033569336165,1020.7349967447917,-6.812756379445394,183.88644508024058,368.38714663187665,11.840509033203148,5.730523681640648,8.767335510253929,82.11620394388835,51.73148043950399,16.659721978008747,14.662266006924733,9.392258160085037,0.25561803181966525,5.7974716186523665,1020.307587890625,1.9299684564272563,115.17738937338193,335.7428020636241
2021-04-20,14.755151367187523,6.251367187500023,10.377038574218773,73.2120377222697,30.755556027094524,30.805556058883667,12.808950218490901,7.252364910394337,0.9410364786784271,5.463728841145837,1018.417880859375,-14.286098639170328,209.63077922910452,352.62472709019977,14.318475341796898,6.758691406250023,10.374695078531923,76.94536987940471,47.102314591407776,47.8402783870697,13.489841533355177,7.3790384703602525,0.5915936787923215,6.2403973897298215,1018.02669921875,-12.811175107955933,186.95292718460163,348.1148121356964,14.649987792968773,6.444512939453148,10.404921468098982,74.53286933898926,26.05324073632558,36.63194537162781,12.930072549454078,6.489426443480927,0.9838666280110715,5.753806050618493,1018.3006510416667,-17.35405135154724,234.16060835619768,351.48647658030194,14.652368164062523,6.523126220703148,10.507643636067732,74.76018397013347,37.69953747590383,104.22222423553467,12.896768729773843,7.9373741062496785,0.6426394144694427,5.870870208740257,1018.4480794270833,-17.146016756693523,224.20538977036873,381.14134256045025,14.564691162109398,6.727807617187523,10.248086547851585,74.61064799626668,47.002315084139504,36.4930557012558,13.493302217828129,8.157732561221595,0.8568283081054915,5.6887985229492415,1018.2050260416668,-13.304992278416952,195.35018356889486,325.24305216471356,14.702661132812523,6.163659667968773,10.375541941324892,75.98981428146362,29.31574108203252,79.40972256660461,13.504472408983261,7.39610714664406,0.8522633870442746,5.994199371337913,1018.4362337239583,-16.932164033253986,227.63276048998037,376.49547537167865,14.539544677734398,6.452966308593773,10.512247975667341,73.28842576344807,42.575462420781456,0.9791666669771075,13.089520070278947,6.878632630949443,0.6458005269368527,5.616292572021507,1018.0846516927082,-13.461304624875387,187.00540383905172,350.2837127844493,14.891259765625023,6.478814697265648,10.601586914062523,73.91111183166504,38.541666413346924,40.1111114025116,11.777696708958775,7.17911476849978,0.9778470357259152,5.818573252360068,1018.8945572916667,-15.24192718664805,210.71527568250895,352.27099355061847
2021-04-21,10.861810302734398,4.824090576171898,9.005942281087263,64.42638842264812,76.73796431223552,4.645833238959312,25.270090854131873,16.242658044961313,-0.3234720865885379,2.5426612854004134,1019.65666015625,1.6576534708340962,212.7349427913626,620.6133591334025,10.807000732421898,4.660760498046898,8.59513880411786,65.36157417297363,56.98796306053797,33.00694441795349,23.98904753987781,16.976805816862722,-0.961949412027991,2.2041005452473996,1019.9625748697918,4.0938689311345415,258.31992424031097,704.0030186971029,10.560266113281273,4.817376708984398,8.812085723876976,65.82592566808064,81.57268476486206,2.423611097037792,23.954375242428885,15.893865577777111,-0.2936335245768191,2.6797958374023665,1019.394169921875,3.6372198512156806,176.85499817381302,604.0385948816935,10.555017089843773,4.638909912109398,8.430703735351585,65.48009332021077,60.86342569192251,38.83333396911621,24.309596131500154,17.244411766026165,-1.1497647603352448,2.102911885579431,1019.8521126302082,5.419368505477905,252.05277436474958,722.9560842514038,10.959466552734398,4.990747070312523,8.808255767822288,64.04398091634114,79.29259284337361,1.0277777817100286,23.626884944422503,15.92152332881299,-0.5127281188964616,2.2970316569010834,1019.54712890625,4.390066643555959,194.91180138289928,612.4769236246744,10.489373779296898,4.473535156250023,8.638748423258486,64.92962869008382,79.15833417574565,47.62499988079071,24.422337183865967,15.99889781399951,-0.6209790547688385,2.287105814615927,1019.3988802083333,4.319742898146312,196.30316807267567,630.4974994659424,11.386193847656273,5.051232910156273,8.878823852539085,64.55277760823567,75.25185298919678,0.5902777835726738,23.867528730678035,16.191402860504393,-0.4860544840494754,2.4741874694824446,1019.3005208333333,3.151947498321533,218.53010996431112,612.6175400416056,10.805566406250023,4.694116210937523,8.926657613118513,63.04259316126505,81.0907408396403,2.8194444477558136,25.3956623290825,16.269506457762798,-0.6718544006347429,2.165790812174521,1019.5163151041667,3.4122568112798035,200.50781264342368,647.6091346740723
2021-04-22,10.449975585937523,3.5084472656250227,6.8665735880534085,65.34537013371785,52.35740725199381,1.0000000298023224,19.516145192095102,14.49641218470712,-1.5842219034830691,0.591395314534509,1026.3777018229166,4.974120378494263,275.2340560803811,746.7736307779948,10.416009521484398,3.6209655761718977,6.751059468587262,64.03888988494873,52.56990756591161,5.368055611848831,20.39889422696565,14.820928510915385,-3.2339742024739166,0.21923853556319273,1026.0299446614583,5.607513030370076,241.34051630894342,841.4474830627441,10.522698974609398,3.3501220703125227,6.79123967488609,65.45926014582317,38.168518940607704,0.3333333358168602,19.481655095725507,14.388510581625999,-1.2197174072265398,0.5258588155110715,1026.4639388020832,5.253771225611369,276.28529583414394,701.2821998596191,10.279138183593773,3.5837951660156477,6.665057118733746,65.651389280955,57.517591754595436,2.6180555522441864,21.023622240553983,15.144013410213534,-3.030411783854163,0.5089317321777571,1025.639208984375,4.823480765024821,234.3010352899631,830.7734578450521,10.476708984375023,3.0962158203125227,6.584053293863955,65.31944386164348,41.061111768086754,0.0,19.129393168752642,13.732769122682,-0.9972086588541629,0.28654759724935275,1026.5701009114582,6.310997287432353,274.43492757280666,668.7014541625977,10.317346191406273,3.4133544921875227,6.704143778483096,64.09907388687134,45.33564786116282,1.6736111044883728,19.447947478902165,14.625273857264082,-2.4216064453124773,0.18546193440755587,1026.3584895833333,5.135098059972127,269.3508117149274,797.3758112589518,10.354211425781273,2.9571472167968977,6.474301910400413,64.88147942225139,52.9458327293396,0.0,19.190544670728144,13.640285688388284,-0.9737063090006473,0.08133087158205399,1026.5651725260418,6.9492036898930865,273.7312916169564,671.053923924764,10.410913085937523,3.4882141113281477,6.805042521158877,65.25972255071004,45.14120352268219,1.5138889364898205,19.868975886821456,14.734098402098263,-1.9838864644368073,0.5265925089518646,1026.314697265625,5.1070311069488525,273.09444741904736,773.1994387308756
2021-04-23,11.885919189453148,2.9682861328125227,7.205311075846377,67.39027786254883,28.180092334747314,0.0,15.513686157067285,10.560114848769873,0.5475644429524777,0.9972638448079465,1029.4151822916667,-3.445211092631022,284.0166586339474,519.2906640370687,11.733636474609398,3.9192138671875227,7.585482533772809,71.03981479008992,31.7083336909612,1.0000000298023224,16.65155546455688,11.052387021803417,-0.2042335510253679,2.2253458658854584,1029.8648697916667,-4.481539885203044,282.49210269749165,556.9819615681967,11.950982666015648,2.8793884277343977,7.205823516845726,67.09166653951009,14.047222475210825,0.0,15.4871117071545,10.272496350124255,0.47478129069014585,0.883943176269554,1029.4613216145833,-3.302030324935913,287.2664877921343,510.86495145161945,11.846063232421898,3.6751342773437727,7.537609354654971,69.7027777036031,36.24583286046982,0.3333333358168602,16.19556265967838,10.68092655654531,0.03810145060225523,1.8645060221354584,1029.6588509114583,-4.411679029464722,283.5651802420616,535.8435382843018,11.806268310546898,2.6406494140625227,7.053914642334007,66.19953807195027,11.929629445075989,0.0,14.804238405557404,9.786480235606144,-0.015158081054664763,0.631800587972009,1029.462880859375,-2.947472095489502,285.7709026137988,496.0905081431071,12.048425292968773,3.2529541015625227,7.384277598063174,67.52916622161865,29.244444464643795,0.0,15.708414246338563,10.218729384516182,0.5118855794270871,1.1609601338704465,1029.5344921875,-4.225143671035767,285.4819439152877,503.9751672744751,11.768762207031273,2.7029052734375227,7.063050842285179,66.29027922948201,11.456944326559702,0.0,14.849795977964398,9.855215260358447,-0.04586385091141665,0.6937309265136946,1029.2140071614583,-2.9107085863749185,284.7318863471349,507.11674944559735,11.906976318359398,3.0529724121093977,7.240616099039737,67.22592608133952,30.99351865053177,0.0,15.168773379487765,10.072789516865052,0.3518577575683821,0.954279836018884,1029.48611328125,-3.866476138432821,285.29679100215435,505.3496290842692
2021-04-24,11.304040527343773,3.7918029785156477,7.158530171712262,70.49722210566203,84.52592595418294,0.0,21.429276250462152,14.056712997648445,-0.18453954060868227,1.888008371988974,1028.5260709635418,0.783953070640564,235.02182316283384,573.052149772644,11.083337402343773,3.4279113769531477,7.2074244181315335,71.75138839085896,76.97916730244954,0.0,20.00517534466948,13.64804336721736,0.6108896891276459,2.1798123677571652,1028.4764908854168,0.7831384738286337,223.98586875200272,551.0781946182251,11.218560791015648,3.8519836425781477,7.159632619222028,71.01527802149455,84.28842584292094,0.0,20.6312805321645,13.773161728649619,-0.3074529012043854,1.9993263244629134,1028.68533203125,1.3763269980748494,224.37329498430094,568.0983606974283,11.122827148437523,3.4892211914062727,7.0896570841471585,73.20694462458293,87.45972216129303,0.0,20.2472459801491,13.56722888317406,0.46791483561202085,2.328785196940146,1028.4748502604168,1.3417281707127888,221.55207603176436,548.3137372334799,11.105615234375023,3.9277587890625227,7.1600916544596585,70.88796377182007,87.46249985694885,0.0,20.658450476498565,13.595242947927403,-0.27119674682614914,1.9934605916341184,1028.727138671875,1.4166365067164104,216.18183374404907,583.5018278757731,11.124200439453148,3.6277709960937727,7.036879475911481,70.35000101725261,88.23379643758138,0.0,20.67833448595509,13.97618968203185,-0.20906931559244413,1.7363118489583371,1028.5966927083332,1.3780200481414795,231.74868302047253,566.2672932942709,11.077844238281273,3.9772583007812727,7.219350433349632,69.02453676859538,86.35463007291158,0.0,20.899462524822805,13.62657120953336,-0.2428789774576785,1.6378913879394759,1028.681123046875,1.2994377215703328,216.79253613452116,588.3886054356893,11.276788330078148,3.7107788085937727,7.123770650227887,70.77499993642171,82.8995373249054,0.0,21.246775903171603,14.053016197982155,0.0643427530924896,1.8957750956217865,1028.4671419270833,0.7605475584665934,239.27068078021207,574.6916297276815
2021-04-25,10.458551025390648,2.7576843261718977,6.5871037801106995,68.22638861338298,37.756018290917076,0.0,19.82894647584532,15.271997464768413,0.32269058227541336,0.7731847127278684,1028.0493391927082,1.4979102214177449,266.8874673396349,694.2261206309,10.931054687500023,2.4074951171875227,6.452080027262393,68.3087968826294,32.19351798295975,0.0,20.24260146049629,15.437753529664542,0.9797963460286496,0.6441538492838959,1028.0296256510417,1.5497975746790569,278.9904977728923,646.6171277364095,10.607324218750023,2.9887329101562727,6.575336710612002,68.5916657447815,32.047684729099274,0.0,20.29912672670276,15.189515042270232,0.174623107910179,0.8338841756184934,1028.1540787760416,0.6596352259318033,276.70794914166135,701.1673024495443,10.731744384765648,2.4368225097656477,6.391355133056663,68.31064796447754,29.663888921340305,0.0,19.83160234371127,15.072733083200484,0.5660949707031477,0.6012868245442746,1028.0804654947917,1.8487351735432942,277.80594335496426,668.0448036193848,10.316857910156273,2.7264953613281477,6.353423055013043,67.67222277323405,27.807870825131733,0.0,20.78370454931354,15.480917763144449,-0.38456319173172915,0.4482411702473996,1028.200087890625,2.4806476831436157,276.79312971731025,745.2480951944987,10.332727050781273,2.5728698730468977,6.370787556966168,67.63703727722168,30.78935120503108,0.0,20.459400399219923,15.234838773663304,0.14491933186849337,0.4639640808105696,1028.14009765625,2.486750364303589,269.93385397891205,702.0264530181885,10.419000244140648,3.0162292480468977,6.605250295003278,67.36481555302937,21.721296509106953,0.0,20.398114766499823,15.770820803313592,-0.5191711425781023,0.6090726216634152,1027.9035970052082,1.2109281619389851,284.38588693737984,766.7441139221191,10.411004638671898,2.7905517578125227,6.5483057657877835,68.10740598042806,37.756018579006195,0.0,19.8052650050939,15.0426724802158,0.11324971516927462,0.7151034037272552,1028.211845703125,1.6258374452590942,269.4925195922454,705.8470757802328
2021-04-26,11.961145019531273,2.1806274414062727,7.117892201741559,63.44351784388224,39.209722270568214,0.0,17.082326538129617,13.48928023446229,-1.1275301615397098,0.070734914143884,1022.2709407552082,-4.528785626093547,279.8499212364356,567.3326422373453,11.449243164062523,2.2979675292968977,6.882555898030621,64.58611122767131,51.86574099461237,0.0,17.979330683716242,14.751938669399786,-0.5641146341959598,0.14514821370443087,1022.309873046875,-2.4913896322250366,261.47535101572674,592.3408088684082,11.978204345703148,2.1977783203125227,7.15375162760419,61.922223250071205,32.68472177783648,0.0,17.74804406901661,14.294281237232113,-1.3642829895019304,-0.2448626200358035,1022.4882975260417,-4.387624939282735,288.3798729280631,593.3431383768717,11.292382812500023,2.2028442382812727,6.7289291381836165,66.43888886769612,45.9152777393659,0.0,17.841547550872512,14.887591113388078,-0.3335047403971316,0.436775461832724,1022.0207552083333,-1.5635980765024822,267.5815841456254,617.1160252888998,11.841149902343773,1.9919677734375227,6.9212305704752835,64.31342665354411,28.449536979198456,0.0,17.34391373349819,13.282148052208768,-1.1918650309244754,0.0533106486003021,1022.312275390625,-4.476186235745748,286.64408625165623,584.312920888265,11.597406005859398,2.0993286132812727,6.7360905965169495,69.2300934791565,31.38611103097598,0.0,18.56898209311456,14.391526530420952,-0.6514457702636491,1.0176826477051009,1022.4551595052083,-2.953372359275818,277.68941376606625,616.288283030192,11.516290283203148,1.9061523437500227,6.691152191162132,64.11666711171468,27.890740623076756,0.0,17.89706715082014,14.070633711061113,-1.2107999165852448,-0.1978655497233035,1022.0428841145833,-3.0685651699701944,286.7508863906066,604.1968803405762,11.881066894531273,2.1335693359375227,6.983153279622418,66.17361148198445,29.657870773846906,0.0,17.324516818560365,13.522837513899963,-1.007725779215491,0.522608693440759,1022.28240234375,-3.729211131731669,280.94741084178287,578.9245758056641
2021-04-27,13.545800781250023,2.8114562988281477,8.341821289062523,62.30370330810547,56.9611128171285,0.0,13.368479686580814,10.40978233823673,-0.8548772176106354,0.9932787577311615,1012.5013899739583,-9.86156670252482,267.1697121858597,599.9778353373209,12.846154785156273,3.5280395507812727,8.273295338948591,69.77685165405273,79.4643516143163,0.5000000009313226,19.16660885106703,13.66026532939996,-0.9519218444823991,2.658588663737021,1011.3068782552083,-6.918787916501363,230.7729854285717,606.6633707682291,13.699792480468773,2.7181030273437727,8.347741699218773,61.847222646077476,65.54305535554886,0.0,13.875209171300366,11.18317595582385,-0.7305269877115848,0.9281415303548215,1012.1048111979167,-10.33407704035441,268.54630332191783,626.3250986735026,13.590936279296898,3.3214965820312727,8.537786102294945,65.94259182612102,71.72268617153168,0.020833333488553762,16.520522797281497,11.980514106503344,-0.8381141662597429,1.9769480387370209,1011.4862923177083,-9.968625823656717,266.96690831581753,611.7870356241862,13.753198242187523,2.5166564941406477,8.223271942138695,61.40601921081543,51.19768579800924,0.0,15.359814038090896,11.806239110931687,-0.812016550699866,0.6643653869629134,1012.1355826822917,-9.967206637064615,281.20518243312836,629.2731272379557,13.715447998046898,3.2154785156250227,8.65836105346682,61.9981476465861,81.19629732767741,0.0,14.511814620386906,10.798697769388335,-0.823515319824196,1.2188023885091184,1011.336416015625,-10.485292315483093,267.0874794324239,616.1864248911539,13.790307617187523,2.5647216796875227,8.326184844970726,60.241203943888344,54.89583285649618,0.0,15.082778977371444,12.345496111932633,-0.6481129964192291,0.5063568115234602,1011.9191666666667,-10.33560562133789,284.25033581256866,628.0595935185751,13.591394042968773,2.7938476562500227,8.380680338541689,60.58750136693319,72.68842649459839,0.0,14.303931600606546,11.340233632495446,-1.0304168701171648,0.6331942240397552,1012.266044921875,-10.103848854700724,272.4023494422436,611.9799550374349
2021-04-28,14.736169433593773,4.370660400390648,9.45890579223635,60.91111135482788,46.90601817766825,0.0,24.030783338772316,17.2991867270788,1.229896799723349,1.9903795878092865,1006.23880859375,-8.299796342849731,258.16255695621174,582.680819829305,14.400964355468773,4.074212646484398,9.264079030354841,60.37638839085897,38.55879559119543,1.2916666567325592,21.51939305904475,15.792089002697125,0.7748110453288177,1.6586407979329465,1006.725595703125,-7.484480102856954,254.02428406476974,562.2070744832357,14.838891601562523,4.252954101562523,9.414609527587913,62.101852099100746,52.02685157457987,0.0,23.210463907555376,16.562041462710354,1.4087145487467865,2.2171328226725677,1006.197978515625,-8.584195574124655,255.26270467042923,543.7199935913086,14.435235595703148,4.314080810546898,9.198743438720726,61.62824106216431,65.55972321828206,3.1458333069458604,19.78525776775679,15.460831608144652,0.4463732401530365,1.8812754313151459,1006.6675065104167,-7.965252081553142,255.9510896205902,571.6598059336344,14.206964111328148,4.094567871093773,9.186770375569685,62.08981466293335,42.09675911565622,0.02777777798473835,24.174439533114576,17.160905070270307,1.393891906738304,2.010860697428427,1005.9879947916667,-6.430351177851359,237.5953889787197,545.6206137339274,14.260461425781273,4.013360595703148,9.183965301513695,60.92638794581095,49.47314791878065,0.6805555690079927,22.640711184121766,16.90299847546621,0.7740582784016965,1.7350936889648665,1006.195947265625,-7.608477036158244,241.43263153235117,580.0860404968262,14.071282958984398,4.086541748046898,9.179118092854841,62.1962955792745,44.40509326631824,0.25000000558793545,23.75731087434532,17.023741770860394,1.220100657145224,2.014460500081384,1005.7871940104167,-6.126563787460327,227.16809488336244,551.4453671773275,14.751580810546898,4.064416503906273,9.347954050699892,61.54861116409302,58.44675905505816,0.43055555038154125,22.308383368803177,16.639802597526714,1.202430979410849,2.0108505249023665,1005.7840266927083,-8.914677063624064,242.12894128759703,579.4739983876547
2021-04-29,9.414239501953148,6.812677001953148,7.894827779134137,90.48842589060466,94.1597220102946,347.5069477558136,31.915250308471624,16.737388782932936,-0.4585034688313385,6.410231526692712,1003.5734049479167,11.465333853460228,72.18590681503217,615.6207529703776,9.582116699218773,6.880151367187523,8.115092213948591,87.36805470784505,91.28518565495808,227.88194252550602,24.9656739551825,14.294494345431273,-0.5343752543131473,6.091448720296228,1003.98876953125,9.950177875657877,87.30155599986513,554.1807956695557,8.663110351562523,7.261102294921898,7.901497141520205,90.09490776062012,97.94814650217693,278.81944620609283,34.72002088822114,17.332388329654545,-0.24053675333658475,6.349678293863974,1002.820830078125,11.653907782087723,65.27314849446218,611.5727233886719,9.783349609375023,7.657250976562523,8.33682785034182,85.47592544555664,98.88333288828532,120.10416613938287,23.194281737773075,13.228907180076382,-0.47033411661783475,5.994106547037802,1003.447529296875,5.747171621148785,88.22761300951242,535.7818587621053,8.050042724609398,7.028436279296898,7.509180959065778,92.46250025431316,99.90740776062012,500.548610329628,33.282173042804835,20.734015417863393,-0.7142356872558366,6.345876312255882,1003.4972005208333,13.58523009220759,22.21712984951834,691.4225667317709,9.505151367187523,6.517205810546898,7.975442504882835,86.8226842880249,89.85370413462321,128.47222293913364,35.60938716250656,17.04501975832737,-0.7990325927734148,5.880610402425134,1003.5773600260417,10.074287633101145,90.31187179932992,650.9971478780111,8.449975585937523,5.826440429687523,7.297812398274762,86.37777646382649,94.19490734736125,384.2152780741453,29.704680207147216,22.94321611941197,-1.3910786946614166,5.108093516031943,1005.0609733072918,14.344295660654703,70.93548251191775,764.8155708312988,8.403833007812523,5.494409179687523,7.392720794677757,90.95185216267903,89.74398231506348,271.7916697859764,33.366900187654615,19.273222638175607,-0.9762456258137604,5.992458597819052,1004.3696484375,13.453965532282988,50.63494435635706,637.8542569478353
2021-04-30,10.542138671875023,6.624414062500023,8.350171661376976,77.08287143707275,95.01111094156902,380.8888864517212,13.239147814930668,10.230631230619133,-2.4579592386881473,4.4069992065429915,1013.3578873697917,-5.1133294105529785,168.73825991153717,514.2636159261068,9.859918212890648,5.804956054687523,7.961663818359398,76.55648024876912,89.23935222625732,508.7847213745117,13.58901119809593,9.434679844328308,-3.1091890970865848,3.949660237630212,1013.6681184895833,-1.2972667614618938,167.7764618396759,453.91239643096924,10.946069335937523,5.371057128906273,8.101255035400413,73.6027782758077,78.52036960919698,154.06944274902344,13.74688389089342,10.274061387545713,-2.6923978169758698,3.3818959554036496,1013.22154296875,-5.091826915740967,209.26122065385184,543.3164501190186,11.105554199218773,5.902947998046898,8.320808664957704,75.33472267786662,84.86342589060466,395.1527805328369,15.803995288350311,10.926695403239611,-2.4154927571614166,3.9545684814453352,1013.0897037760417,-5.527048826217651,197.95361656943956,565.9662157694498,10.705529785156273,4.659936523437523,7.685061391194684,71.28611087799072,61.78657305240631,26.777778148651123,13.26919754159176,10.024037320432823,-2.9895512898762604,2.4495457967122434,1013.360673828125,-3.348008394241333,223.9506278038025,594.7278079986572,10.700921630859398,5.811273193359398,8.074961598714216,76.33101908365886,87.85092560450236,795.8958282470703,12.64832875742033,9.552544437178682,-2.7455225626627566,3.941359456380212,1013.7890885416667,-4.779073476791382,195.6117623547713,498.24402618408203,10.540673828125023,4.772851562500023,7.710565185546898,72.89583365122478,63.99907428026199,7.152777709066868,13.872083925223818,10.29696526626549,-2.972733561197913,2.853115336100302,1013.3001790364583,-2.853867292404175,213.8716275393963,565.6224098205566,10.534936523437523,5.321557617187523,7.72046305338544,75.8245358467102,64.58888912200928,637.1736125946045,12.549953183312265,10.392672311378227,-2.9440127054850223,3.493281300862634,1013.7078385416667,-2.4068806966145835,189.0906082292398,505.5093701680501
2021-05-01,11.633081054687523,4.535607910156273,7.917509969075543,67.44305594762166,14.766666643321514,34.87499976158142,17.364781070120245,11.85086125770261,-2.784977976481116,1.7872011820475677,1014.8560384114583,-4.963644742965698,299.4823751648267,673.3184947967529,11.689904785156273,4.828729248046898,8.21335372924807,68.19907474517822,21.00138859450817,394.3124942779541,16.138785928059946,9.729815417723254,-2.1590179443359148,2.2261278788249115,1014.5903450520833,-5.165801843007405,297.1920588314533,575.2222401301066,11.249993896484398,4.772241210937523,7.8040939331054915,70.92453606923421,11.843055814504623,51.180556654930115,17.043687482131414,11.899316707389005,-3.010136667887366,2.465804036458337,1014.8464095052083,-5.609592914581299,295.3082514703274,699.9861888885498,11.795709228515648,4.524530029296898,8.031542714436872,68.60046259562175,17.01296275978287,162.08333206176758,16.59768189310126,10.264902869510443,-2.413108571370401,2.1971603393554915,1014.8094140625,-4.505237817764282,286.56629953781766,629.5970592498779,11.438897705078148,4.749993896484398,7.909506734212262,70.30416631698608,20.80185251434644,19.9027778506279,17.087800770902593,11.888914277495672,-2.9745366414387604,2.3942860921223996,1014.5463216145832,-6.606941143671672,298.12401522199315,687.8596947987875,11.699731445312523,4.201440429687523,7.797714487711612,65.62777884801228,10.133333432332924,28.61805510520935,16.077950413515186,10.331622998188273,-2.6865384419758698,1.3331593831380246,1015.2206673177083,-4.195120175679524,295.6795907517274,653.4832061131796,10.560113525390648,4.637872314453148,7.562905883789085,72.4226845105489,24.57361102104187,7.347222279757261,17.40269320631605,12.639088473571897,-3.2554649353027116,2.6034268697102902,1014.5888216145833,-4.057045380274455,282.0534838438034,683.2941691080729,11.685754394531273,4.216638183593773,7.781458791097028,66.2879638671875,7.7972220860732095,12.958333134651184,18.361635665471596,11.306769753659,-2.713067118326819,1.4410542805989621,1015.05060546875,-4.344522635142009,299.8879646261533,664.7936973571777
2021-05-02,9.905541992187523,3.9695373535156477,7.002024586995465,68.03842639923096,19.051851669947307,10.6597221493721,19.82206404045015,13.373111556241854,-4.102092488606729,1.179560597737634,1018.5413997395833,2.4039949576059976,287.3967680533727,811.844076792399,10.217675781250023,3.8819824218750227,7.042176818847679,70.00509230295818,22.560648103555042,40.923611640930176,18.16956181354422,12.481367594675612,-3.8248606363932254,1.5848581949870209,1018.5612109375,2.1304941177368164,285.24177579085034,748.8455231984457,9.779809570312523,3.8777709960937727,6.886425272623721,68.34444538752238,20.19490744670232,13.868055522441864,20.7788197423815,13.734271151819135,-4.040797932942667,1.136909739176474,1018.317060546875,2.2769107023874917,291.6352901260058,817.5263436635336,9.969995117187523,3.5551696777343977,6.803308105468773,68.86713027954102,17.605555662264425,57.54861235618591,18.145352051760625,11.483692239306285,-4.098162078857399,1.1255966186523665,1018.88248046875,2.752599557240804,278.9490379492442,751.9192797342936,9.573846435546898,3.8093505859375227,6.772974904378278,68.49398231506348,24.70324061314265,10.979166716337204,20.919804496304025,14.310061731675049,-4.2520037333170535,1.0564933776855696,1018.4183170572917,2.1766041119893393,287.42000083128613,853.3089593251547,9.861108398437523,3.7240844726562727,6.8847213745117415,68.1305570602417,21.401851385831833,24.138888835906982,18.149137893177986,12.503715393413481,-4.143487040201819,1.083216603597009,1018.8693001302083,3.498976230621338,269.94883034626645,801.1284535725912,9.577203369140648,3.8051391601562727,6.689792887369815,68.45879570643108,30.50277767578761,5.055555507540703,21.1206054849747,14.845178893565247,-4.438668314615882,0.9847516377766965,1018.2678287760417,2.7282309532165527,286.14120811223984,877.5486609141032,9.931756591796898,3.8297668457031477,6.877062733968121,68.15092531840007,20.988889416058857,18.81944489479065,19.711064811982926,12.51459637160625,-4.168473307291663,1.1016085306803802,1018.836865234375,2.4142110347747803,285.0917948683103,782.71630859375
2021-05-03,10.952996826171898,4.312310791015648,8.032627360026064,72.01527706782024,89.38888835906982,21.305555790662766,24.702040230645363,18.489050289745034,-2.1698911031086823,3.148634847005212,1016.11052734375,-3.9009405374526978,187.38255388538042,778.2038606007894,11.778771972656273,4.370080566406273,8.307181294759138,68.60138781865437,85.68518491586049,28.798610985279083,26.217933925134684,19.417709865264907,-1.8685122172037723,2.747932688395224,1015.181845703125,-6.060386975606282,230.68027926484743,823.2965307235718,10.909783935546898,4.392297363281273,7.989656066894554,72.35601917902629,91.0782409509023,20.23611119389534,24.622294176427857,18.337732453726016,-2.1763061523437273,3.1689455668131927,1016.3414908854168,-3.7486130396525064,180.91881813605627,761.9466063181559,11.538903808593773,4.567315673828148,8.45355122884117,67.32407410939534,91.03888909022014,30.527777791023254,28.608793663336343,20.68799235036988,-2.0950162251789948,2.6095748901367415,1014.9320475260417,-7.227692107359569,229.63587955633798,934.2435290018717,10.927758789062523,4.404107666015648,8.06668879191083,72.92638842264812,92.17037034034729,19.3888890594244,24.968161171842553,18.661823446118884,-2.1959289550781023,3.384572601318382,1016.2021126302083,-4.28837662935257,187.27531823515892,765.3747603098551,11.250543212890648,4.477441406250023,8.360915120442732,68.235648949941,91.0564820766449,27.56250011920929,25.705899005196887,20.216292934061666,-2.190386199951149,2.6887934366862396,1015.9799381510417,-6.641673396031062,208.7150177359581,905.0951048533121,11.080377197265648,4.601708984375023,8.142399088541689,72.18240801493327,92.0162034034729,16.86805556062609,26.375941295953186,18.925570084113392,-2.2514925638834598,3.337159729003929,1016.105634765625,-5.155974447727203,196.14894618590674,768.7908515930176,11.367089843750023,4.245294189453148,8.102530415852888,70.93287102381389,89.82592598597209,24.94444438815117,25.378158217206362,19.01588500094849,-2.329564158121741,2.9709348042806027,1016.17986328125,-4.762360453605652,206.1902143061161,825.8291136423746
2021-05-04,10.230737304687523,6.873193359375023,8.382344818115257,79.80833180745442,89.48657417297363,179.39583253860474,47.9781396993776,40.899272104777914,-1.5632601420084598,5.0538866678874115,996.1262955729167,2.8235123256842294,154.0594698538383,1591.0817642211914,9.172235107421898,6.335260009765648,7.800972239176455,82.65138943990071,87.62314852078755,190.35416626930237,46.40769541106121,39.279191851473435,-1.6739143371581804,5.007602945963583,996.70345703125,5.228529983510573,99.38370413209002,1473.9085108439128,10.436486816406273,6.517907714843773,8.0884465535482,81.24490737915039,89.45509258906047,177.99999868869781,46.386859605382064,41.0279375653719,-1.704490407307901,5.025294240315759,996.0084244791667,5.97233830889066,127.88996324688196,1545.7038803100586,9.094049072265648,6.483331298828148,7.854082997639996,83.39073880513509,95.21666653951009,215.28472256660461,46.22925942893879,39.13143364155055,-1.643424733479776,5.192371622721396,996.979853515625,5.523657850921154,93.43218496441841,1474.5110117594402,10.658044433593773,6.643151855468773,8.175838724772158,81.04351902008057,87.47870349884033,151.46527832746506,46.91928168967845,40.68941709559163,-1.6662849426269304,5.078411356608115,996.2566927083333,4.975947952868107,134.1033314963182,1555.0862477620442,9.820977783203148,6.555413818359398,8.15393981933596,81.48009204864502,88.36944532394409,189.0833339691162,44.72532239065385,38.95855049631786,-1.4894851684570085,5.146155293782556,996.7745963541668,3.59769394248724,133.16668660069504,1486.1086349487305,10.706689453125023,6.856805419921898,8.373949940999372,80.8847230275472,84.4722228050232,146.64583480358124,47.55991541654249,40.58180362961712,-1.5828079223632585,5.242300923665368,996.1318912760418,3.1594622433185577,173.73155684272447,1569.6632843017578,10.150323486328148,6.708276367187523,8.140938059488954,80.79490947723389,91.35786994298299,180.12500071525574,46.29620424207888,40.278901371160394,-1.6115567525227448,5.004786427815759,996.0515299479167,4.343085929751396,126.84853894015153,1558.7121760050456
2021-05-05,9.038507080078148,4.671807861328148,7.069482421875023,68.24814860026042,71.00555634498596,181.68055820465088,34.545729159262606,26.444023095338608,-4.52696584065751,1.426271057128929,1004.2273665364582,2.1583932836850486,288.9208728174369,1236.9581483205159,9.502862548828148,5.072229003906273,7.26318766276044,64.21805620193481,71.37546288967133,241.21527767181396,27.318719302798574,21.78830043854198,-4.553767903645792,0.7780128479004134,1004.8608365885417,0.6499218940734863,264.0156799356143,1183.425682067871,9.127008056640648,4.871820068359398,7.1306320190429915,68.90046278635661,72.20231509208679,120.875,35.97772182903715,27.500709308529082,-4.395243072509743,1.609651184082054,1003.8262076822917,2.2283196647961936,278.8130562702815,1245.1199544270833,9.449975585937523,5.016656494140648,7.205428059895856,63.4152774810791,77.14166561762492,238.05555725097656,27.698415499151352,21.831891953677786,-4.567118072509743,0.561701711018884,1004.73037109375,-0.9693869352340698,269.6222779552142,1206.9498977661133,9.143792724609398,4.827813720703148,7.028029378255231,71.85138893127441,65.54305537541707,90.14583265781403,36.27512696846792,28.52184151330175,-4.1771377563476335,2.1631408691406477,1003.7337076822918,3.508197615544001,254.0263763666153,1208.310733795166,9.494042968750023,4.883325195312523,7.1870793660481995,65.35370397567749,80.62962992986043,216.72222328186035,29.92399205197459,22.248353174005615,-4.485843404134073,0.9149668375651459,1004.55685546875,0.14629151423772177,282.2052595416705,1171.959654490153,9.143395996093773,4.942010498046898,7.0914677937825745,70.79953606923421,64.83888832728069,39.87500062584877,36.548207673656314,27.84008930082818,-4.19204177856443,2.0270782470703352,1003.8501953125,2.8781443225840726,260.9043081005414,1188.5670439402263,9.312554931640648,4.894464111328148,7.1528284708659085,66.84814755121867,74.36805593967438,232.49305629730225,30.76884866715196,23.932798056886018,-4.5633377075195085,1.2077473958333371,1004.5443326822917,1.9174421230951946,287.7121674021085,1217.584882100423
2021-05-06,9.905541992187523,3.1147399902343977,6.87561442057294,70.28888781865437,81.99814780553181,86.01388967037201,16.76997854664234,9.65576458117522,-4.093318684895792,1.5189580281575559,1006.5685807291667,-0.14461716016133627,234.89755515257517,724.1191425323486,8.955072021484398,3.7407775878906477,6.433683013916038,65.37175909678142,58.60185225804647,213.4027795791626,23.34248175330045,15.048834246523972,-4.374150339762366,-0.024745686848916648,1006.7307486979167,2.0783706506093345,285.1140980521838,797.2448081970215,10.135552978515648,3.7417846679687727,7.2566289265950745,69.26018492380778,86.39351812998454,59.270833015441895,13.7901495379251,10.46765928490038,-3.7708686828613054,1.686219787597679,1005.903759765625,-1.5513506333033245,233.80849730968475,715.593630472819,8.976464843750023,4.399957275390648,6.634215291341168,72.81064891815186,84.61759233474731,173.88194465637207,18.09462111377892,12.7136439895349,-4.150443776448526,1.8592061360677121,1006.0011946614583,2.291887879371643,228.8527191877365,749.7899208068848,9.546746826171898,4.108056640625023,6.686587270100934,73.31527868906657,83.42870434125264,38.56250002980232,14.533030100647862,10.674749438867495,-4.02922414143876,2.0094607035319427,1005.8232486979167,2.6841348012288413,217.05700401465097,681.0977713267008,10.027795410156273,4.203302001953148,6.817439015706403,71.97638765970866,89.2939821879069,139.33333206176758,17.413351831246967,11.003756428949442,-3.8301592508951785,1.891962941487634,1006.0624739583333,-0.09872607390085857,227.02835286657015,729.9699846903483,9.919580078125023,3.4147277832031477,6.860823567708356,69.02222283681233,82.15092579523723,15.388888985849917,13.220516836591093,9.254765040780768,-4.045970662434854,1.256935373942099,1005.9409407552083,-0.029979348182678223,234.32164708773294,700.6976470947266,9.191918945312523,3.3810363769531477,6.403412119547549,74.08101892471313,83.64907439549764,116.38194441795349,17.526606299707947,10.02707139630757,-4.107537333170569,1.8996266682942746,1006.4477604166667,1.9020901322364807,219.43631142377853,693.0426514943441
2021-05-07,10.213403320312523,3.9166503906250227,7.048894500732445,68.35323890050252,29.81759222348531,43.06249988079071,21.781792284512335,13.909098669721821,-4.079415384928382,1.181855773925804,1012.7562858072918,-1.5697668393452961,314.8415338595708,760.2830448150635,10.275140380859398,3.2951293945312727,7.01142272949221,68.53148221969604,37.21203685800234,111.78471994400024,21.843932069315027,14.758307765673393,-3.9392367045084598,1.2137046813965071,1011.571376953125,-1.2039775053660076,299.363376001517,771.3153241475424,9.945123291015648,4.005639648437523,7.064839935302757,69.8851842880249,33.85648183027903,38.13888895511627,24.137940484551198,14.919194575606236,-4.247325642903604,1.6414301554362396,1012.8661458333332,-0.929888923962911,310.8449631134669,821.9430421193441,9.817681884765648,3.4643798828125227,6.767485555013043,71.41296323140462,40.85833388566971,88.81249904632568,21.393724138165762,13.386315786698939,-3.855131530761696,1.7053975423177121,1011.3939225260417,0.8612701892852783,270.0093894203504,696.3663590749105,9.914331054687523,3.5721984863281477,6.744406636556012,69.67916790644328,35.84675906101862,31.124999910593033,24.548202257374754,13.928301625937435,-4.2639055887858035,1.262629445393884,1013.113779296875,0.5512825846672058,312.29620534181595,755.9091307322184,10.253533935546898,3.4499755859375227,7.041552480061871,69.71481450398763,32.98287069797516,64.88888883590698,22.966646408012352,14.967144448196295,-4.052301788330055,1.5748153686523665,1012.3345768229167,-2.3806291421254477,306.3594420949618,815.6884708404541,10.179315185546898,3.4055725097656477,6.7462224324544495,69.48194281260173,29.993517975012463,37.21527889743447,22.246813250944477,13.37149719330011,-4.12254943847654,1.1675722757975677,1013.2449739583333,-0.26549919446309406,314.04248413443565,742.0306453704834,10.251977539062523,3.3388916015625227,7.071179962158226,70.39074039459229,34.62453703085581,41.87500035762787,24.08373655731564,15.562275520315202,-4.009373728434241,1.756373341878259,1012.8106217447917,-2.4184086322784424,307.1187781492869,825.487408320109
2021-05-08,12.461114501953148,4.186059570312523,8.45957209269208,79.60509316126506,89.44861054420471,86.93055546283722,29.627043135093434,19.991024895822203,1.5459940592448334,5.006917572021507,1011.6675227864583,-1.3399540257329743,73.227499127388,525.6023381551107,13.368646240234398,3.5052734375000227,8.426726277669294,77.9277777671814,84.30138845245044,98.27777755260468,30.373895453365197,19.751281406575288,0.871156311035179,4.551121012369833,1012.2196223958333,-1.9684406121571858,101.63383302589257,586.5786533355713,13.405603027343773,4.267938232421898,8.801761881510439,77.90463209152222,88.91805521647136,24.4722224380821,29.66773474023458,20.08092291934192,1.6204391479492415,5.058927154541038,1011.61693359375,-3.604335511724154,78.91865144173305,536.5650119781494,12.302575683593773,3.8364501953125227,8.26252390543622,79.80046192804973,89.91296366850536,92.62499928474426,29.392367226957507,20.281266044406586,1.1323549906413177,4.802189127604208,1012.0331510416668,-0.06864859784642856,90.1928877433141,571.1943403879801,13.457238769531273,4.272241210937523,8.541922505696638,79.23842684427898,89.05370330810547,31.04166651610285,29.108594719644305,19.532424079510378,1.6318209330241302,5.0498583475749115,1011.8396647135418,-3.1564268370469413,68.37888940175374,509.04359849294025,12.061090087890648,4.025354003906273,8.27824427286786,79.62685060501099,87.22453796863556,86.54860973358154,29.585832112796005,19.328569048729946,1.1835634867350677,4.814335123697958,1012.2007259114583,-0.6835589011510214,76.44188727935155,513.3690617879232,13.616204833984398,4.244073486328148,8.339222208658876,80.0287036895752,89.05231475830078,35.57638870086521,29.58569941501331,19.012821011461245,1.4866767883301009,4.9993390401204465,1011.8561197916667,-2.2282995929320655,64.53133247296016,495.0733648935954,12.666314697265648,4.065148925781273,8.469252522786482,80.2342586517334,88.90555556615193,104.10416841506958,29.407164539882636,19.819415755325785,1.3996699015299896,5.128210957845056,1011.8715787760417,-1.808737004796664,79.03864651918411,536.5482139587402
2021-05-09,21.307977294921898,10.811975097656273,15.380717213948591,86.06574217478435,90.85925960540771,139.58333444595337,24.79116239866602,18.256916094912302,9.797472890218103,12.867669677734398,1002.0613736979167,-43.52109223604202,209.38187251488367,521.4241822560629,21.384240722656273,11.048364257812523,15.734084065755232,84.08426094055176,79.4476850827535,226.43750286102295,25.930406688809654,18.809513060802523,10.0013417561849,12.840116119384788,1001.8406640625,-45.68890178203583,224.32619005441666,565.7138627370199,20.549340820312523,10.994439697265648,15.220794932047548,86.93379783630371,95.62824090321858,145.80555486679077,24.91296242523462,17.30485235024437,9.598472849528036,12.88278477986654,1001.9355436197917,-41.65652845303217,180.89505265156427,512.8737506866455,21.909417724609398,11.105218505859398,15.979580179850283,81.78935194015503,89.16435114542644,88.80555629730225,24.026420578886754,19.409983379041368,10.16157175699874,12.63938929239913,1001.652958984375,-44.72003928820292,226.84014743566513,578.3321895599365,21.177850341796898,10.853387451171898,15.262926991780622,87.56250095367432,89.66157341003418,101.31250023841858,23.388344482814265,17.308919489655754,9.680533345540368,13.023620859781943,1002.0446419270833,-42.575004716714226,188.40185528993607,533.0386498769125,21.935937500000023,10.957177734375023,15.843895212809267,83.31527694066365,89.11944389343262,110.36111068725586,24.914875177651545,18.37098545455174,10.147688802083337,12.771148935953818,1002.1698209635417,-45.65982415278753,223.85420101881027,541.2207120259603,21.394494628906273,10.526727294921898,15.339535013834658,86.06759262084961,86.87222131093343,43.29166713356972,22.682186437913938,17.277954319803804,9.804090118408226,12.813835398356161,1001.9828743489583,-44.41890521844228,225.73801863193512,518.8696114222208,22.027124023437523,10.796716308593773,15.789261118570986,83.62453571955363,86.14675855636597,119.40277695655823,24.682706543881345,18.316172296414056,10.134974416097009,12.759708658854208,1001.8931119791667,-45.75426443417867,229.46903520822525,537.4066295623779
2021-05-10,16.010064697265648,11.336724853515648,13.839856719970726,83.76481437683105,92.5833330154419,403.9722204208374,24.229610401465923,14.884034293695985,5.577633158365927,10.883037821451865,1003.4995377604167,-9.595372327913841,177.4810573955377,615.0496877829233,15.767541503906273,11.202935791015648,13.66788508097333,82.67453654607137,92.05324061711629,343.6736116409302,26.787144300536376,16.431703619799876,5.5775314331054915,10.54535573323568,1003.4066048177083,-6.015648461257418,163.43709163367748,608.4055841763815,15.376367187500023,11.427789306640648,13.682021077473982,85.89212862650554,95.06990718841553,335.38889026641846,23.5906901322086,14.782940598919517,5.480847930908226,11.204920705159509,1003.409453125,-7.40823302573214,150.78576293587685,575.7695929209391,15.551293945312523,11.014062500000023,13.711970265706404,83.28657499949138,87.79953622817993,380.15971851348877,26.400060247389412,16.741455252859776,5.509596761067712,10.709643300374353,1003.124521484375,-7.773224932452043,172.74955425659815,632.777354558309,15.500695800781273,11.059014892578148,13.64204050699872,85.61064879099528,96.41111119588216,284.7916646003723,21.137592355671785,15.448921568036283,5.584966278076195,11.128597513834677,1003.6672037760417,-6.273370958166197,143.65249854326248,584.1442765394846,15.664392089843773,10.168054199218773,13.644748942057314,84.32222350438435,88.72314802805583,379.86805629730225,30.25181626303352,17.153006822776902,5.42527796427413,10.8475166320801,1003.529169921875,-8.546067260826627,163.12063223620257,639.1609547138214,15.799340820312523,11.226800537109398,13.729032135009788,85.72916730244954,94.21805540720622,184.23611068725586,23.57044716599204,14.828409450636501,5.717825826009118,11.215315755208337,1003.2718098958333,-7.288544889578286,154.70613287885985,562.4547723929087,15.752221679687523,11.282159423828148,13.647354380289736,84.81759325663249,87.89675839742024,403.9513874053955,25.917277376288105,14.874843411137,5.479255930582724,10.913500722249353,1003.4546061197917,-8.020741576018432,174.3057607213656,554.8225100835165
2021-05-11,16.123773193359398,10.226159667968773,13.00184275309247,80.52500089009602,99.74953746795654,119.78472232818604,13.613192051117327,8.337000709147704,3.6458234151204465,9.632207489013695,1009.4994075520833,-6.246905128161113,214.58712788960352,323.095059076945,16.795709228515648,9.792138671875023,13.259623463948591,80.36944484710693,98.00370184580485,546.8055572509766,12.167163656666675,5.867471572172135,4.032965596516931,9.790883636474632,1009.1011360677082,-10.21803061167399,257.5517376665375,342.0889271895091,15.314599609375023,10.505548095703148,12.685984547932966,83.59722232818604,99.76064809163411,81.14583313465118,12.914019386100676,8.303964725234787,3.723689015706384,9.92598368326827,1009.070234375,-4.130202392737071,178.22168199758744,230.4480586051941,15.854943847656273,10.068658447265648,12.957507069905622,80.9986120859782,99.98842557271321,453.1041736602783,13.427884539399898,7.763436652264623,3.7063346862793196,9.679458872477255,1009.0988411458333,-7.416121045748393,220.95752132610264,317.87228631973267,16.616021728515648,10.402612304687523,13.032409922281923,79.94722191492717,99.1444444656372,55.791666597127914,9.385363765174437,5.2645268313706834,3.8401784261067746,9.522242482503259,1009.3921354166667,-7.4055155118306475,216.18311548770484,255.83272902170816,16.241754150390648,10.339837646484398,12.75772883097333,81.60185146331787,99.28009255727132,387.41666412353516,16.651522034238027,8.380589094050721,3.6289357503255246,9.572610473632835,1009.3922916666667,-7.376537601153056,226.86837098995844,308.81555807590485,16.818627929687523,9.953973388671898,13.21119333902997,79.19629573822021,99.16851838429768,30.284722104202956,6.8576747909708144,4.318955084271204,4.09410120646163,9.519073740641318,1009.063134765625,-8.709358970324198,214.12275777797913,266.5414157311122,17.047845458984398,10.253198242187523,13.373156483968122,79.1824083328247,99.14398193359375,271.25694465637207,11.872707074956084,6.212835247305762,3.9382657368977902,9.68157857259115,1009.0907421875,-11.100695530573526,261.60823651154834,348.33007677396137
2021-05-12,13.972039794921898,8.735711669921898,11.570301310221376,75.9333324432373,76.99675917625427,107.68055486679077,15.662008705090939,11.832647435111738,2.0830169677734602,7.185970560709677,1011.6941080729167,-3.4375212987264,274.6769605096585,567.7950965563456,13.781762695312523,9.195245361328148,11.579470570882185,79.2916652361552,89.25092458724976,333.3541622161865,17.07906191824286,10.405793717503556,2.2588592529297102,7.821722920735681,1011.6876399739583,-3.0288271804650626,273.4430407484372,504.66845893859863,14.072045898437523,9.009973144531273,11.645892079671247,76.11527840296428,65.51388915379842,104.46527528762817,17.269329303743643,12.199391258644775,2.1146700541178802,7.2723378499349,1011.0025390625,-3.8662450710932412,283.07714831076254,587.5483853022257,13.856500244140648,9.212457275390648,11.670440928141298,78.9981468518575,76.9004626472791,231.52083253860474,18.123101683481902,10.84647916488836,2.0706954956054915,7.846335347493493,1011.2492578125,-5.014462222655614,281.9019657075405,519.9158701101939,14.183007812500023,8.913842773437523,11.505047098795595,76.0745358467102,61.370833237965904,77.59027671813965,18.472309107136525,12.143366574224025,2.060718790690146,7.116803741455101,1010.9142350260418,-3.1424365441004434,287.29892335121986,583.3459990819296,13.927819824218773,9.124200439453148,11.584757741292341,78.36527808507283,73.7634261449178,187.9722194671631,15.592366120404106,10.118264273520017,2.018172200520837,7.67192103068038,1012.2175260416667,-1.9734986225763957,263.4160782297452,496.46514892578125,14.098901367187523,8.572229003906273,11.430289204915388,76.29074128468831,57.971295515696205,5.895833387970924,17.10490545628581,11.207784265410526,2.118994649251306,7.08183314005538,1011.00328125,-2.744844635327657,281.7250747261957,533.5079568227133,13.981591796875023,9.292077636718773,11.79447708129885,77.46203676859538,65.34027783075969,130.2916660308838,15.743822544815666,10.875397755562773,1.9603413899739621,7.691069539388025,1011.7282063802082,-2.319023917118708,268.2624101203789,544.0342636108398
2021-05-13,15.065362548828148,7.872979736328148,11.35193786621096,81.59953625996907,81.39722220102946,67.81250016391277,14.782688205194592,10.98221173479338,2.555866495768271,8.134303029378259,1008.170634765625,-2.6280301809310913,271.59296408862184,400.02308654785156,14.919702148437523,7.404748535156273,10.933624521891298,79.98842509587605,83.78055532773335,124.89583492279053,15.202257708176969,10.3987502123582,2.1259386698405365,7.365204111735068,1009.1735026041667,-0.4392767349878947,197.53371976098666,371.6155506769816,15.819238281250023,7.975244140625023,11.512268320719423,81.8731484413147,83.17963027954102,53.972222417593,11.730394549443123,9.59995976825276,2.5741579691569427,8.269212341308616,1008.05103515625,-3.7810515761375427,249.43057591910474,437.7578716278076,14.722009277343773,7.849633789062523,11.28657175699872,79.03888861338298,95.08796278635661,129.42361116409302,14.869831305234701,11.554259970997128,2.2693420410156477,7.599257405598962,1008.9015755208333,-1.625442663828532,214.44635508737215,404.21814314524335,15.678369140625023,7.792993164062523,11.380228932698591,79.7976845105489,79.3981483777364,48.0972218811512,14.628617163606647,10.366180294475804,2.475446319580101,7.745950317382835,1008.191103515625,-4.2711893518765764,265.79342358877574,451.3758325576782,15.469842529296898,8.293237304687523,11.596438344319685,81.89166577657063,91.54953606923421,127.43055534362793,14.750326923468755,10.992762450909767,2.4548927307129134,8.408808644612634,1008.6598893229167,-4.129566669464111,244.6978337035204,429.9523328145345,15.910424804687523,7.570977783203148,11.572476959228538,80.55416663487752,66.85786962509155,42.0277777351439,12.16350739228863,9.49117304337041,2.562952931722009,8.07706985473635,1008.236513671875,-5.648919661839803,285.1846805768243,430.8052695592244,14.990747070312523,7.747583007812523,11.378991699218773,83.26481405893962,85.00046253204346,83.5763891339302,13.334376321782932,11.10141828113719,2.5246330261230696,8.483693695068382,1008.3986848958333,-2.6438043117523193,264.00795857220265,380.0763216018677
2021-05-14,14.161889648437523,8.701440429687523,11.208296712239607,83.47222232818604,86.90926059087117,120.34027814865112,10.924550266096476,6.262791799394212,2.415272013346396,8.28427403767904,1007.3732682291667,-3.399442672729492,224.8366168930661,430.30735778808594,13.453088378906273,7.432794189453148,10.654681142171247,78.14120356241862,91.30185254414876,139.63888931274414,14.360236220229496,9.264280137347141,1.7053708394368527,6.753297424316429,1006.9619108072917,-1.7746758460998535,231.3223699502026,449.2983668645223,14.431909179687523,8.254968261718773,11.248217519124372,82.28425947825114,84.29675912857056,138.2569441795349,11.45182131862703,6.736754328554433,2.1450617472331146,8.097013092041038,1007.30341796875,-3.6649020860592523,217.9970595325964,423.42152214050293,13.024438476562523,7.947930908203148,10.639844512939476,86.06249936421712,98.00370438893636,187.86805391311646,13.598835734751294,8.090255310272617,1.9863766988118527,8.317512766520224,1006.8788509114582,0.9085824141899744,174.2945767636411,332.2611834208171,14.307977294921898,8.291345214843773,11.039628601074241,83.12731552124023,86.64259211222331,131.3402783870697,12.062621851362218,8.040223068750473,2.173212941487634,8.087359364827478,1007.4117447916667,-2.4285112569729486,212.3906490727483,411.46620114644367,13.905053710937523,7.747735595703148,10.246330515543642,79.12083387374878,88.3351845741272,109.56249976158142,13.4356564570093,8.099516828407603,2.1786526997884152,6.590435282389365,1007.551728515625,-0.4196653167406718,215.5283363617491,362.5207681655884,13.883325195312523,8.276177978515648,11.00819040934247,84.54722277323405,86.0537036259969,100.45138907432556,12.183650451848083,8.22187946299153,2.069075520833337,8.323955790201865,1007.4698567708333,-1.777432531118393,211.53481437964365,399.2176726659139,14.203027343750023,8.079095458984398,10.798698679606142,81.17916584014893,94.72175947825114,162.35416793823242,10.720689981758982,7.462193151997016,2.656148529052757,7.549679056803427,1007.4686946614582,-1.0998343229293823,192.9897927957742,378.6835711797078
2021-05-15,11.869897460937523,6.723657226562523,9.155472056070986,89.83888880411784,80.18194421132405,67.50694406032562,11.893358801473681,7.266642580720695,1.2600646972656477,7.517083740234398,1003.7440299479167,8.335823317368826,130.39303796412423,335.36736488342285,12.185083007812523,6.756066894531273,9.25796788533531,90.77731482187907,76.6342587073644,212.76388835906982,11.165471963577613,7.038240470441309,1.4189455668131927,7.782879130045615,1004.498076171875,7.561337073644002,147.10855544917285,314.72846508026123,11.637261962890648,6.625329589843773,8.896166737874372,90.89953676859538,79.92592581113179,55.57638877630234,9.890911833060144,6.264607317155215,1.258278147379599,7.448726908365927,1003.73814453125,8.355802081525326,110.7005030674239,288.76269880930585,11.912713623046898,6.891564941406273,9.117651875813825,90.60324064890544,79.83055528004964,201.70833349227905,13.803084337703222,8.663133174629158,1.2377449035644759,7.620993550618493,1004.474599609375,8.641146133343378,149.31953458301723,345.7329740524292,11.677239990234398,6.294183349609398,8.956675465901716,87.71064853668213,76.2527783314387,34.12500014901161,11.077544577414242,6.4835939786307195,1.1212160746256927,6.945485687255882,1004.1374348958333,7.9778805275758105,113.66452303466697,358.44888226191205,11.993432617187523,7.124902343750023,9.162595367431663,90.16944535573323,80.38518540064494,205.0625,15.63647748784426,9.628282418702794,1.1959370930989621,7.599944051106775,1004.2162369791668,9.524691298604012,128.206053485473,372.35071118672687,12.021630859375023,6.262872314453148,8.987457529703798,87.3935194015503,70.83657284577687,34.77777824178338,10.78697462726112,6.6134873472351385,0.9317184448242415,6.9047650655110715,1004.3392805989583,6.586970334251721,161.47249661199749,383.4711208343506,11.692163085937523,6.605645751953148,9.029289499918642,90.62222067515056,80.91805537541707,172.72222137451172,15.186351445476387,8.19667724159738,1.2585960388183821,7.530452982584677,1003.6793880208332,9.554041306177774,130.15598178220293,359.42974217732746
2021-05-16,13.517938232421898,8.655419921875023,10.562495168050154,83.22963094711304,77.6523159344991,176.84028005599976,23.040547753149344,18.030884343432113,1.1597203572591184,7.62192306518557,999.942919921875,-7.117388503315548,248.7528289203377,730.0874064763387,13.241754150390648,8.450006103515648,10.240960693359398,86.63194529215495,94.95277722676595,197.5069441795349,21.153527561690016,15.839362258188165,0.9783747355143646,7.979095713297568,1000.8384342447918,-4.395097345113754,203.56883874007812,635.6645666758219,13.532495117187523,8.691156005859398,10.491530354817732,83.64953740437825,73.43425917625427,151.86805486679077,20.808879753876532,16.216663943025047,1.2512120564778684,7.645803070068382,999.9063248697917,-6.344580033173163,231.54942561437687,653.7822259267172,13.329705810546898,8.488214111328148,10.48563156127932,84.61018466949463,94.38749980926514,166.27777814865112,23.83624868272201,16.822815979329224,0.968300120035849,7.797638193766318,1000.401943359375,-6.612814635038376,230.95573686715215,696.1403471628824,13.394494628906273,8.761376953125023,10.570362345377626,83.23472309112549,86.03749942779541,153.9444456100464,21.12778897155037,15.757593043631418,1.1289599100749115,7.624204254150413,1000.0691243489583,-5.520978152751923,230.91999535324672,628.3566989898682,13.340173339843773,8.295678710937523,10.560025787353538,83.74722290039062,80.94305642445882,145.87500023841858,23.83118672616089,18.287511633109915,1.2063626607259152,7.745351409912132,1000.3901497395833,-7.2538913289705915,257.87855168432,734.3584976196289,13.209100341796898,8.722375488281273,10.529288228352888,83.47222232818604,90.38240655263265,62.19444406032562,20.866671152653463,14.959650105373447,1.2450157165527571,7.659759775797568,999.9696744791668,-5.32235453526179,230.75011053029448,584.1056187947592,13.230218505859398,8.032952880859398,10.415855662028017,84.3106476465861,74.65231450398763,160.88194465637207,22.93996983957799,16.812835181997126,1.1691769917806027,7.6998280843099,1000.3455436197917,-6.172790696223577,236.37596333244196,679.0777727762858
2021-05-17,13.154077148437523,8.503289794921898,10.570456441243513,87.07962989807129,82.71759235858917,153.52083253860474,18.832380593577575,13.39941204971202,1.9893941243489621,8.425330098470056,1002.3131705729168,-3.066350976626078,206.7384660099633,506.9408067067464,13.112695312500023,8.119165039062523,10.727366383870466,85.71759128570557,74.23101830482483,376.6597204208374,17.64851203598009,11.988452738534301,1.7393432617187727,8.333804066975915,1001.7323274739583,-4.262367149194081,246.73664420594773,546.2590176264445,13.211846923828148,8.372247314453148,10.443812306722029,86.22962888081868,72.96064968903859,130.22916674613953,18.309175646382663,13.136459075627164,1.9757807413737396,8.138672129313193,1002.5642740885418,-3.138340175151825,206.54131056182086,486.6697416305542,13.067224121093773,8.394433593750023,10.552660878499372,88.31481615702312,77.31666672229767,295.7430543899536,18.94790843447869,12.256089524300677,1.8907015482585052,8.646017964680993,1001.1185872395832,-3.2327909097075462,208.81444362302622,473.9555133183797,13.186273193359398,7.673547363281273,10.192675526936872,87.92777824401855,69.23796276251475,59.29861122369766,19.98838379703558,12.619335996637675,1.9300170898437727,8.207515970865927,1002.4713671875,-0.8265668352444967,186.19847957324237,458.02940877278644,13.227563476562523,8.725030517578148,10.774611409505232,86.51481501261394,91.57129621505737,300.6805534362793,18.530521043917002,13.482822905247458,1.8496198018391965,8.539348856608115,1002.139580078125,-3.578058679277698,199.46857280656695,542.6490713755289,12.894433593750023,8.078485107421898,10.244337972005232,88.20972474416097,83.4888874689738,49.88888925081119,19.111495470953635,12.424080838128239,1.9579508463542084,8.310144042968773,1002.4140592447917,-0.23498886823654175,170.45479586130628,467.1811917622884,13.550012207031273,8.634027099609398,10.837016042073591,85.28425947825114,87.57638915379842,167.83333206176758,18.71671665064885,13.838485984734044,2.0310607910156477,8.372596995035849,1002.5305240885417,-4.971056938171387,206.76931242877617,542.9121143023173
2021-05-18,12.857598876953148,8.409112548828148,10.37133687337242,81.83009306589763,84.96712827682495,153.43055629730225,22.624355813911784,12.344705253563854,0.6940132141113509,7.271174367268884,1011.1033854166667,-1.429179350535075,212.79583431826904,511.72810792922974,12.571038818359398,8.312615966796898,9.905631001790388,85.13148085276286,82.38055570920308,306.54166746139526,19.301654107195223,10.115693369944408,0.6532697041829465,7.420851643880212,1011.059208984375,0.8784881557027499,181.24262709139535,401.99395211537677,13.004571533203148,8.264764404296898,10.410452779134138,81.7865743637085,81.53287108739217,99.5486102104187,20.56218023862437,11.722650685238662,0.7468556722005246,7.279842631022177,1011.1154850260417,-2.6149275302886963,227.82627878524363,524.4606736501058,12.516656494140648,8.364373779296898,9.806122080485048,85.44675985972087,80.64861138661702,274.45833253860474,18.216160599918314,10.600131363873551,0.7239674886067746,7.38648630777999,1010.503994140625,0.09577418863773346,174.38172077775621,437.37500921885174,12.905511474609398,8.306970214843773,10.412103271484398,81.43657334645589,87.03518390655518,43.0763885974884,18.820942309359918,10.310993746851146,0.7031163533528684,7.212823486328148,1011.4833951822917,-3.4653830925623574,210.74986942764372,495.7385409673055,12.468225097656273,8.002618408203148,9.662497456868513,87.58518505096436,77.95648193359375,200.0694456100464,18.683002679581183,10.234763120465823,0.8996330261230696,7.608547465006552,1010.601513671875,1.1803631704921524,168.6235730452463,373.9057900110881,13.254174804687523,8.014672851562523,10.363928731282575,81.2574068705241,78.4620377222697,30.201388996094465,18.401793010065386,9.810634213518174,0.690590159098349,7.118880208333337,1011.5972819010417,-4.690854032834371,244.1227963352576,488.88910643259686,13.088281250000023,8.174005126953148,10.246399180094423,82.6472225189209,77.46666590372722,147.72222185134888,20.721897267968455,11.090519263510762,0.9076032002766965,7.253961181640648,1010.8393033854168,-3.4877678652604422,239.5516811273992,457.10823996861774
2021-05-19,13.248101806640648,8.072076416015648,10.462227121988954,83.89537080128987,70.08564869562785,75.81250071525574,16.518063299994555,13.335460016632991,0.8196032206217865,7.741646067301474,1015.49078125,-3.0020121733347573,250.96342723071575,472.06274032592773,13.094659423828148,8.162072753906273,10.535357411702497,82.6064821879069,61.363889157772064,218.43749856948853,17.207966069094184,13.693792352648456,0.7769765218098996,7.564514414469443,1016.6027180989582,-3.155845801035563,263.849398167183,500.1576582590739,12.869470214843773,8.319543457031273,10.648983256022158,84.48611068725586,85.60370445251465,62.49305576086044,19.304553705373447,13.953977211092399,1.1129356384277571,8.040091451009118,1015.32625,-3.035741647084554,252.71947782983383,501.608962059021,13.064050292968773,7.608239746093773,9.8200139363607,87.33564694722493,54.376388470331825,205.36111116409302,17.27095083380894,12.25089562031413,0.771699523925804,7.706104532877646,1015.941748046875,0.27747805913289386,191.65389244630933,412.5788550376892,12.613916015625023,8.112817382812523,10.499175008138044,83.74861113230388,89.25277709960938,41.71527705900371,19.26673990732609,14.323290843551964,0.9664169311523665,7.776208496093773,1015.4783561197917,-2.0379855632781982,241.8391677675148,485.9252077738444,12.799676513671898,7.286920166015648,10.283755238850935,83.22638765970866,61.53009197115898,91.01388907432556,17.870444507207804,13.165703927453118,0.8084566752116302,7.448958333333337,1016.0756673177083,-2.140459497769674,263.1411234922707,483.945592880249,12.659265136718773,7.613519287109398,10.233089701334658,85.26481596628825,88.21157375971477,44.95138906687498,17.70145715642707,12.799908599070621,0.9017005920410384,7.793642934163415,1015.486123046875,0.5570530692736307,212.9066088621815,409.91991837819415,13.283319091796898,7.404321289062523,10.417399342854841,82.85555585225423,62.80138981342316,81.39583241939545,19.706265822749867,13.820802241997802,0.9318405151367415,7.473162587483728,1015.8850260416667,-3.0624335606892905,265.73442563911277,499.3248116175334
2021-05-20,14.417962646484398,7.310235595703148,11.053947703043642,76.907408396403,49.114814547278606,102.91666650772095,23.13706405838478,14.230709413859458,0.781343078613304,6.916163380940759,1018.1922298177083,-5.98021415869395,240.5131575924655,673.0142917633057,14.355065917968773,7.341119384765648,11.060262298584007,76.72685130437215,42.49444448451201,131.92361211776733,22.421165470669358,13.77613518762098,0.7033503214518646,6.831316884358728,1019.2251236979167,-8.161653200785318,283.18819321567815,671.6452811559042,14.335900878906273,7.389398193359398,11.130427296956404,76.27638943990071,51.35046307354545,101.0972204208374,25.16126133522528,14.583480689862498,0.7842142740885834,6.89252624511721,1017.8129231770832,-6.152462402979533,231.4641229249537,684.907190322876,14.572106933593773,7.569879150390648,11.108211771647158,77.25787051518758,47.32731511319677,108.0902795791626,22.662453031496156,14.145390967056636,0.779450988769554,6.943579610188806,1018.737265625,-6.695112307866414,277.67892056082684,678.20525709788,14.502862548828148,7.464135742187523,11.279341634114607,76.4527775446574,51.54675983265042,35.10416615009308,28.240630539321952,15.295007585828836,0.9392117818196652,7.0434191385905365,1017.342900390625,-5.958984732627869,217.85935349638262,740.5705788930258,14.599511718750023,7.525506591796898,11.201866404215517,76.54722166061401,49.49444458757838,83.93055438995361,25.01271750362878,14.513575530158576,0.8242609659831146,6.965671793619833,1018.3918587239583,-7.565484245618184,260.30288648605347,707.7548243204752,14.584252929687523,7.474114990234398,11.39157892862958,75.65092484156291,56.57453664454321,7.722222179174423,28.12408123930568,15.30034592155601,0.9572349548340071,7.00894699096682,1017.4283626302083,-6.854348421096802,219.75299623981118,742.0048316319784,14.392083740234398,7.294335937500023,10.970263417561872,77.52870305379231,44.588888804117836,97.49305534362793,21.640248130980794,13.811515529920209,0.8280273437500227,6.978557840983115,1018.5990950520833,-6.241590142250061,251.91886738315225,649.9800273577372
2021-05-21,14.560601806640648,9.816369628906273,11.847010548909529,75.3699083328247,58.342129151026406,67.40277767181396,44.83275230151097,37.98135694840681,1.1050023396809934,7.524079895019554,1001.0811328125,-5.858025968074799,251.33933260415992,1588.3902791341145,14.463128662109398,10.678155517578148,12.296164449056013,72.5092601776123,57.011573791503906,174.83333206176758,39.5182015020291,34.221970268982545,1.3372856140136946,7.366782124837243,1003.0046061197917,-9.148441721995672,320.1608368270099,1481.98863474528,14.550317382812523,9.777978515625023,11.860917663574241,74.61250098546346,56.05972240368525,70.54166615009308,44.2308467002395,37.75951423032499,1.0937133789062727,7.361431376139365,1000.816650390625,-5.401260996858279,246.89381282528242,1593.095682779948,14.573846435546898,10.637536621093773,12.33145675659182,71.3250002861023,48.44768500328064,164.3194441795349,39.596107188200946,33.66689218113015,1.3339871724446652,7.120664215087913,1003.1252115885417,-9.801377912362417,318.22910574326914,1501.1506754557292,14.415399169921898,9.587579345703148,11.755310312906923,74.00833225250244,53.693054835001625,71.11805522441864,42.50392251213045,37.175068009501764,0.922669982910179,7.112990315755212,1001.1180403645833,-5.605408278604348,257.4357194341719,1583.2698186238606,14.480249023437523,9.973657226562523,12.000193532307966,73.88194513320923,44.087962766488396,96.38194441795349,42.39650223108661,36.96011915452808,1.122230784098349,7.341879781087243,1002.0232877604167,-6.405473917722702,276.3943378292024,1574.1259002685547,14.383966064453148,9.660241699218773,11.726753489176454,74.56527821222942,48.3041664759318,66.59027701616287,41.92697820700601,35.90605992599644,1.0895629882812727,7.155515289306663,1001.22275390625,-5.6626599393785,254.30733289817968,1530.3576227823894,14.580773925781273,10.128625488281273,12.166430409749372,72.71157503128052,49.529166201750435,63.54861092567444,41.53914682756827,36.810113672894715,1.1327580769856809,7.301358795166038,1001.5056282552083,-7.7160747448603315,288.31264533971745,1589.999720255534
2021-05-22,10.391870117187523,7.365075683593773,9.564532216389997,87.78425852457683,93.4148154258728,259.1319463253021,42.49962199327626,28.875559588358403,0.4583704630534271,7.579726155598962,999.92697265625,10.192824975897869,49.372110478269555,1116.0693683624268,10.894464111328148,7.607476806640648,9.660966491699241,87.37268511454265,95.83055686950684,226.15277767181396,41.317309478366504,29.44747470127635,0.17488759358724337,7.633505757649743,1001.054541015625,6.670530691742897,148.35096152064702,1097.6188278198242,10.333886718750023,8.382562255859398,9.720557149251325,87.9351847966512,90.91203689575195,273.4097228050232,41.68261367907621,28.593039445379066,0.5773623148600677,7.762839253743493,999.6005924479167,8.946405217051506,78.58905571481834,1088.3411776224773,10.585900878906273,7.865411376953148,9.672737375895204,88.95046361287434,93.66481510798137,249.9722237586975,40.192781919128265,27.375980735636393,0.4038660685221771,7.912923431396507,1000.7864095052083,8.280519627034664,111.37394375074655,1060.5990918477376,10.899926757812523,8.600152587890648,9.89127120971682,86.68889013926189,96.4092591603597,188.50000113248825,42.48651317320542,27.807446142896136,0.6419782002766965,7.713305409749353,1000.03376953125,6.805928501610954,120.49114382856835,1055.998270670573,10.213769531250023,8.430688476562523,9.537664031982445,89.93842633565266,98.65277862548828,319.5069456100464,41.07484936110871,27.31991645661324,0.380518849690759,7.943397776285849,1000.2689192708333,10.07357437411944,62.33226052702715,1086.3724352518718,11.127770996093773,8.059136962890648,10.103657023112001,85.43888918558757,90.9467584292094,103.00000065565109,41.75186756457925,28.635540772112545,0.7623776753743527,7.707747395833337,1000.2706575520833,5.735098684827487,127.71396157424897,1047.2626260121663,10.298425292968773,8.725122070312523,9.623601531982445,88.68657493591309,97.48425833384196,310.1597228050232,41.39997575035983,27.84722643876737,0.3850087483723996,7.803169504801474,999.6166438802082,9.369378513346115,66.5817046101826,1086.3759727478027
2021-05-23,13.083367919921898,7.074121093750023,10.069393412272158,77.72129662831624,90.84120273590088,226.81250095367432,23.973576578007513,15.432352971899457,-0.3503313700358035,6.078677113850915,1010.5091569010417,-2.2920008239646754,197.4209114909172,728.415688196818,12.723535156250023,6.994866943359398,10.383270517985048,75.5009256998698,86.64166720708211,400.03472805023193,28.158012822613674,18.927592903334013,-0.22818222045896164,5.994228617350302,1010.7721419270833,-6.417988628149033,216.9918145214518,903.0088946024576,13.333673095703148,7.373010253906273,10.363154347737654,76.95972267786662,91.05740674336751,155.4861102104187,26.60724599157561,15.676802731272312,-0.3491831461588504,6.204400634765648,1010.1869173177083,-2.562664004663626,210.49792938431105,727.2505321502686,12.698236083984398,8.038873291015648,10.670468902587913,76.06527821222942,85.87685251235962,421.50694465637207,28.883360614590572,19.662077505005534,-0.268729909261026,6.3813580830891965,1010.2021809895833,-6.311389803886414,249.19294308125973,973.6818288167318,12.912713623046898,8.459985351562523,10.383053080240908,77.99953667322795,95.56250031789143,83.54861032962799,25.890270965630545,14.958311069916903,-0.3831364949543854,6.461284891764365,1010.2499967447917,-3.6846123387416205,204.26025920609632,702.3837575912476,12.953668212890648,8.220483398437523,10.687226867675804,76.06388854980469,87.17638858159383,311.97222232818604,27.80889478028363,17.631485940417928,-0.2496475219726335,6.339145914713583,1010.582744140625,-6.907042250037193,274.66235731262714,867.6782728830973,12.901574707031273,8.342675781250023,10.381410217285179,77.62546316782634,96.90787124633789,59.99305593967438,25.75252369982897,15.389735321752035,-0.27062072753903976,6.39551696777346,1010.4527376302083,-3.9342990616957345,202.34364376341304,721.9434951146444,13.027825927734398,8.388360595703148,10.524985249837263,77.23564863204956,96.87824090321858,214.73611116409302,26.670084205898156,16.536189184108988,-0.2854993184407135,6.3997296651204465,1010.1524153645832,-4.851940410832564,191.94299690425396,821.9436111450195
2021-05-24,12.329492187500023,8.444940185546898,10.314351654052757,85.40509255727132,98.46111138661702,143.0486125946045,29.194138667649266,19.43950658237402,0.9334833780924896,7.909449513753259,1007.434208984375,4.2274206938842935,62.75235387682915,756.7441685994467,13.123803710937523,8.743432617187523,10.887020365397158,83.3083340326945,99.89305559794109,308.00694370269775,29.037167339459884,20.816328456864895,1.4275604248047102,8.111609395345056,1007.4115006510417,-0.47760642785578966,116.2180763669312,785.9360682169596,12.629663085937523,8.344293212890648,10.16470870971682,87.38286781311035,99.18333371480306,139.05555427074432,29.942076137480942,19.97447616181528,0.8153905232747434,8.105004882812523,1007.058017578125,4.218049257993698,90.17766605938475,773.6055672963461,13.638909912109398,7.881616210937523,10.37903493245445,87.2675937016805,97.70462958017985,285.66666412353516,27.94719853022271,20.549083843848965,1.1078035990397552,8.293899790446005,1006.7959895833333,0.4605465233325958,142.6926304269582,813.1340560913086,11.949914550781273,7.980706787109398,10.266398366292341,86.85972213745117,99.24259217580159,113.58333221077919,31.342354106226896,19.694525629589663,0.956971740722679,8.124360656738304,1006.7130208333333,3.523466924826304,80.27120417666931,754.5542233784994,12.923150634765648,7.159417724609398,10.236848449707054,87.42638937632243,99.98425896962483,206.21527767181396,29.60796842380695,21.36663512962897,0.9609250386556027,8.190437571207724,1007.1732682291668,1.2364964485168457,138.93731446005404,825.9346822102865,12.372216796875023,8.339135742187523,10.419142659505232,87.79074160257976,99.32361094156902,106.3749994635582,29.31897163489455,19.57124434651695,1.166017150878929,8.445185597737634,1006.7833333333333,2.299322952826818,85.00574161484838,740.7404740651449,12.116693115234398,8.674920654296898,10.228049214681013,88.56435108184814,99.85324064890544,188.06944465637207,28.808916770491486,18.9186779916774,0.9574307759602902,8.381370798746786,1007.819169921875,4.351703401654959,48.65942532879611,702.209950129191
2021-05-25,11.982690429687523,6.470117187500023,9.450296020507835,83.89953581492107,80.78333282470703,248.03472328186035,28.962748568404407,19.219160688510627,-0.435917917887366,6.76956710815432,1010.29037109375,2.1107037961483,198.64040729403496,757.139020284017,12.359765625000023,6.856500244140648,9.586942291259788,82.91944376627605,65.41342602173488,273.8541660308838,24.70305098867161,16.504915401110242,-0.16958211263016665,6.648394521077478,1009.8392805989583,-1.3596022327740986,268.5304044733445,674.80561765035,11.793359375000023,6.742883300781273,9.309706624348982,86.24027665456136,91.5009256998698,203.88194370269775,30.368435748488732,19.363922953413095,-0.2323097229003679,7.05808029174807,1009.53734375,4.337560271223386,170.22612480570874,722.2150745391846,12.962792968750023,7.150903320312523,9.983491516113304,83.3995377222697,80.24537102381389,297.2013921737671,22.655027337186702,16.79359827584862,0.15739212036135086,7.1645434061686615,1009.7187109375,-3.602868139743805,273.79269905450445,706.8858381907145,11.077233886718773,7.215661621093773,9.386783854166689,86.61296272277832,83.07222294807434,164.13888883590698,29.23325024999954,20.123275934636492,-0.06388575236002225,7.226758575439476,1009.1959440104167,3.0799700816472373,200.4802571622034,736.2542813618978,12.588861083984398,6.465509033203148,9.483396148681663,84.11713027954102,79.25925938288371,266.34722232818604,27.936196829937035,18.614562956875336,-0.378538513183571,6.773730214436853,1009.9136751302083,-1.9506633281707764,263.8150236271322,737.4769744873047,12.406060791015648,6.994500732421898,9.77652257283531,82.2611125310262,85.1291667620341,36.993055522441864,28.375697358849923,18.5495213274272,-0.28008626302079165,6.769617970784509,1010.0513671875,-0.77547820409139,240.29929837460318,750.6599769592285,11.976434326171898,6.587762451171898,9.383154805501325,85.43981424967448,87.80462940533955,267.8194456100464,28.71714692601003,19.360000247086454,-0.32105611165360415,6.978208160400413,1010.063037109375,4.120767275492351,166.04861659556627,732.2921981811523
2021-05-26,12.758508300781273,7.863092041015648,10.517304992675804,79.44815031687419,76.78796354929607,87.70138931274414,26.80815098249404,19.095465499902904,0.1246136983235715,6.951664225260458,1010.912392578125,-6.001579264799754,279.6796429728468,816.8415896097819,12.511254882812523,8.222558593750023,10.439683532714866,80.76203695933025,84.57962958017985,354.8819456100464,23.860938769884264,18.74903796720888,0.157533264160179,7.158166503906273,1011.0903287760417,-7.2579049070676165,272.6035375644763,799.8306948343912,12.824487304687523,7.848931884765648,10.404443359375023,80.98055521647136,57.161574363708496,71.89583325386047,26.16203715796748,18.978581405987246,0.35827916463216525,7.082691446940146,1010.517744140625,-4.721561948458354,288.19523563981056,770.7099450429281,12.876214599609398,8.091546630859398,10.493333435058616,81.27777703603108,75.69027853012085,308.52777767181396,24.453010756032693,18.22749607981994,0.2545028686523665,7.2781972249349,1011.705107421875,-8.20305989185969,286.4902992571394,783.4553108215332,12.661096191406273,7.993249511718773,10.151221211751325,82.39259163538615,74.0634258588155,59.54166626930237,23.997780539617064,17.08615390328833,0.16580861409505587,7.115005747477255,1010.2702311197917,-4.838267922401428,282.2846339692672,740.6277020772299,12.493432617187523,7.529168701171898,10.02182795206708,83.68564732869466,61.15601913134257,235.52083206176758,32.7618143123876,20.14644763482701,0.30247268676760086,7.24810689290365,1010.9387858072918,-3.4970350861549377,233.87353251626095,739.5624179840088,12.694238281250023,8.004479980468773,10.10373458862307,83.66944408416748,53.73009316126505,23.506944246590137,33.75925255471406,20.55637742834629,0.2253687540690521,7.298026021321618,1010.4424967447917,-3.4673531651496887,269.1591054573655,777.9315433502197,13.197839355468773,7.705560302734398,10.630728658040388,80.60648123423259,70.26898113886516,117.43749976158142,25.117075436531643,19.210663556750866,0.1529899597168196,7.262821451822958,1011.1171614583333,-6.590631624062856,293.50757658233243,832.2111180623373
2021-05-27,13.329980468750023,8.695214843750023,10.611749267578148,87.28842576344807,81.9583335518837,177.2430543899536,25.084709870340873,21.199923284389147,0.6608100891113509,8.495154317220056,1017.13296875,-4.6696471174558,201.83531709449986,772.6191266377767,14.435266113281273,9.066186523437523,11.69062194824221,80.31620407104492,64.70185164610545,119.13194417953491,20.339898024101295,16.30051801329832,1.7132494608561615,8.25690612792971,1018.3846223958333,-9.633324603239695,266.65381658201414,640.0225273768107,13.601129150390648,9.107263183593773,11.139639790852888,84.56527709960938,77.51435112953186,131.4166669845581,25.953662615028662,20.517964247544022,0.8801386515299896,8.491797383626306,1017.7841178385418,-8.36222137014071,230.6536070589597,779.1747833887736,12.602105712890648,9.338891601562523,10.877160644531273,80.517591158549,90.13240655263265,96.9652771949768,22.54874095022519,18.922695523711138,1.8871576944987396,7.595647430419945,1018.3041438802082,-4.999985297520955,164.19181676457325,697.1787707010905,14.005639648437523,9.202600097656273,11.351618703206404,83.38009293874104,71.05509320894878,116.7916671037674,26.455317656890237,20.510685658724473,1.0162864685058821,8.471618906656943,1017.5109049479167,-10.035051067670187,266.49532987332594,815.2168849309286,13.216455078125023,8.708093261718773,10.8372627258301,84.1037031809489,78.744908452034,111.52083444595337,24.191990634898325,19.54522016396612,1.0939066569010834,8.163083648681663,1018.0333203125,-6.178399210174878,206.38769921287894,689.9380633036295,13.729425048828148,9.006829833984398,11.143350219726585,84.11481507619222,72.63657295703888,76.29166734218597,25.725087063514348,20.86132790709256,1.0986521402995209,8.41004333496096,1017.583798828125,-8.552750130494436,226.98590866227946,797.4577859242758,13.321099853515648,8.741113281250023,10.725095367431663,84.33564726511638,74.36111134290695,89.50000023841858,24.187840692841842,20.275367300060257,0.7687062581380246,8.073545074462913,1017.9148177083333,-6.75456056992213,228.45587179685631,740.6385453542074
2021-05-28,16.792535400390648,7.245416259765648,12.134572601318382,73.05555486679077,48.31759305795034,64.03472399711609,11.552376635645638,5.767238677039739,2.555945332845056,6.9857282002766965,1024.543818359375,-16.042769571145374,322.36106660962105,491.9907155036926,16.795800781250023,7.336846923828148,12.077244059244814,72.64074023564656,2.4296296145766973,230.2013874053955,16.462930603411667,10.680169726144458,2.4335444132487396,6.812879180908226,1025.8725748697916,-15.377959966659546,337.64982220033806,563.3432985941569,16.646783447265648,7.800988769531273,12.28415196736656,73.55092700322469,47.86481446027756,16.99999964237213,12.360483023073773,6.028413195627493,2.4978792826335052,7.260390218098962,1024.25478515625,-15.516331136226654,310.2462103938063,480.9641116460164,16.853479003906273,7.769677734375023,12.27475255330406,73.24074014027913,41.61527709166209,161.42361307144165,13.132497923520333,6.790410635538854,2.4622665405273665,7.14017003377279,1024.965986328125,-15.908860802650452,324.94757861892384,505.3693256378174,16.345422363281273,7.589532470703148,12.063439941406273,74.1740738550822,42.83796342213949,3.5347223430871964,12.312541725185476,6.740672434264122,2.2966540018717865,7.192183430989587,1024.326474609375,-14.788566331068674,311.23510300119716,487.49731651941937,16.124475097656273,7.988031005859398,12.210677083333357,75.22823921839397,72.32361050446828,145.1388874053955,10.953143312295044,5.711592920042026,2.231122589111351,7.61882044474288,1024.314716796875,-11.024141013622284,250.49338897566,434.4154729048411,16.489923095703148,7.267663574218773,11.970496114095075,73.74444421132405,42.31990792353948,0.465277795214206,13.134843680565538,6.567155271275548,2.3968114217122434,7.000115966796898,1024.3088704427082,-14.943573911984762,314.6236325278878,500.07238666216534,16.748071289062523,7.781030273437523,12.274140930175804,72.46666701634724,70.88981405893962,97.22222328186035,11.32305167482962,6.2879057567653485,2.4411801656087277,6.969991302490257,1024.6053548177083,-15.226075987021128,310.7034800151984,505.21910730997723
2021-05-29,17.188226318359398,8.194482421875023,12.714079793294294,73.85786978403728,5.407870506867766,1.1666666865348816,18.24113567557866,11.77536348100652,3.104578908284509,7.772683715820335,1027.0747135416668,-10.61556057135264,341.1353883941968,573.5114831924438,18.107354736328148,8.465081787109398,13.253996785481794,72.26759211222331,36.92870291074117,64.27777862548828,17.812672056868873,10.873859662921802,3.5224217732747434,7.989294942220056,1027.3177864583333,-13.381884535153707,337.42044140895206,552.391723950704,16.988977050781273,7.965081787109398,12.5305000305176,74.3282413482666,4.485185166200002,0.8125000167638063,17.684454219914414,11.717646910596883,2.9707008361816634,7.708521779378259,1026.852568359375,-10.095666805903116,340.25919940074283,565.2043905258179,16.980706787109398,8.488977050781273,12.905239359537783,74.18749936421712,7.6569443965951605,18.423611223697662,17.76650570536688,11.072838188961521,3.4417460123698334,8.061153666178427,1027.0265299479167,-9.899810592333475,322.87467616796494,558.0610213279724,17.142694091796898,7.862573242187523,12.56040217081708,74.59768486022949,7.109722190846999,0.7638889085501432,17.871747052599083,11.574672620148128,2.841390228271507,7.78358103434249,1027.0334928385416,-10.357301195462545,337.04394240677357,584.6597202618917,17.311730957031273,8.246087646484398,12.879604593912783,73.79398028055827,9.190740618854761,4.868055582046509,17.233992118132722,10.919717617309644,3.0542541503906477,7.9355636596679915,1026.9856966145833,-11.82037603855133,332.8150181174278,584.0985054969788,16.687066650390648,8.007043457031273,12.460806783040388,76.6736110051473,11.506944447755814,0.7638889122754335,17.421747992373575,11.72932092689961,2.8424100240071652,8.124456024169945,1026.770361328125,-9.126176834106445,324.98647699256736,571.0115658442179,17.130120849609398,8.332971191406273,12.782153065999372,73.89166752497356,4.21620361879468,2.055555574595928,17.11314544520987,10.866650745251905,3.2585184733073334,7.860870615641318,1027.3744694010418,-11.392040689786276,339.1204605102539,555.8403326670328
2021-05-30,18.889245605468773,7.917962646484398,13.535966491699241,72.4449070294698,3.705092524488767,0.6666666716337204,14.53891618639333,9.746309574284991,6.055806732177757,8.102568562825525,1028.182529296875,-14.249889840682348,342.5012921243906,442.98970317840576,19.181695556640648,8.183099365234398,13.750618235270204,71.74027792612712,2.109259217667083,1.1666666865348816,16.437651976972827,12.010901047364205,6.30685704549154,8.322445170084677,1028.39990234375,-14.170924589037895,342.2172232270241,459.14691225687665,18.879724121093773,7.630639648437523,13.380428568522158,71.9250005086263,3.230555482208729,0.8333333730697632,14.321533496665008,9.491012015797152,5.915279642740927,7.819549814860068,1028.1914420572916,-14.223554948965708,343.2308356364568,451.02672958374023,19.189202880859398,7.961053466796898,13.603252665201845,71.05879799524944,2.80416661221534,1.0000000298023224,14.50587648491464,10.058427673478421,5.961657460530603,7.8976849873860715,1028.5801627604167,-14.030953258275986,343.1966649442911,448.0869935353597,18.973626708984398,7.240991210937523,13.163791910807314,72.18287054697673,6.749537209669749,0.0,13.890667154591787,9.477497547091804,6.058340962727868,7.716388956705771,1028.0847102864582,-13.763431976238886,343.2686500946681,450.79236062367755,19.302880859375023,7.969262695312523,13.625244394938173,72.5685183207194,3.948148101568222,1.1666666865348816,14.18873033886995,10.89002072498964,5.956117248535179,8.27049280802413,1028.2068977864583,-13.217576733479897,342.2992276748021,469.9781376520793,19.200311279296898,7.256311035156273,13.241115824381533,72.69999885559082,6.891666625936826,0.0,14.110972494628268,10.449233323645306,6.136671956380212,7.914064025878929,1027.7994791666667,-13.507255213956038,343.1400520304839,463.48264567057294,18.980371093750023,7.883325195312523,13.477459208170595,72.51851971944173,3.187962899605433,1.6666667461395264,13.99492365380372,9.873799997438033,6.036944325764978,8.112074788411462,1027.850654296875,-13.98210366566976,342.63747507333755,449.7896629969279
2021-05-31,21.254205322265648,10.238397216796898,15.77637888590497,71.82222207387288,0.13842592543611923,0.0,15.479708739576186,11.229638101010885,6.947975413004599,10.277575429280603,1023.6115494791667,-19.966414842754602,340.5722466558218,562.9208154678345,20.675805664062523,10.983361816406273,15.81900558471682,73.15833346048991,0.4277777816557015,1.3333333674818277,17.21738893111687,12.250583718764128,6.781577046712243,10.449369049072288,1024.059326171875,-18.313384463389713,339.85612625877064,565.6791423161825,21.197656250000023,10.060449218750023,15.703363037109398,71.24722162882487,0.09861111547797918,0.0,16.24630401668387,11.58115646101721,7.072592671712243,10.06912765502932,1023.5479264322917,-19.73546147191276,340.9503506273031,574.8009351094564,20.568780517578148,11.131738281250023,15.81370569864911,73.06388934453328,0.7402777572472891,1.2291667200624943,15.350316445836555,11.48753519780061,6.365626271565759,10.458030954996786,1024.0704850260418,-18.468853135903675,339.1228536814451,566.9613024393717,20.951684570312523,9.743524169921898,15.457877095540388,71.23888905843098,0.06435185081015031,0.0,16.18134662235053,11.894311706360336,6.9875592549641965,9.81568298339846,1023.6183138020833,-19.00529791911443,342.1604826251666,572.9706773757935,20.666406250000023,10.764520263671898,15.711029307047548,74.07962942123413,11.176389316717783,0.5555555638857186,13.066930538132022,10.59328779616254,6.118269856770837,10.715679423014365,1024.2255305989584,-18.02659446001053,299.5581679244836,543.636310895284,21.135308837890648,9.592309570312523,15.560258483886741,69.70925919214885,0.07546296467383702,0.0,15.725328234451807,11.88499103853458,7.332498168945335,9.62503585815432,1023.1069954427082,-19.652127583821613,342.396702354153,559.4098434448242,21.184991455078148,10.532617187500023,15.860589599609398,73.11342668533325,1.2296296407779057,0.07638888945803046,15.100623713848679,11.403421556652061,6.484012858072958,10.594089762369833,1023.8439713541667,-20.40083592136701,338.0754827807347,579.716983795166
2021-06-01,22.066522216796898,10.866265869140648,16.637055969238304,64.26759322484334,4.859259158372879,0.0,18.12472537394891,14.62077827567662,8.443119303385458,9.377346293131552,1018.08767578125,-16.94540313879649,345.12581260005635,549.9077746073405,22.136499023437523,10.747613525390648,16.733391062418644,65.3032398223877,2.447222162038088,0.0,16.336519275766047,13.146156499269855,8.309940592447958,9.633022562662802,1019.11833984375,-17.142420053482056,346.4926356275876,520.2651039759318,22.260461425781273,11.085748291015648,16.89595692952476,64.49675957361858,1.5638888537262876,0.0,18.452049685432314,14.634673583284632,8.405530548095726,9.634754435221396,1018.1216145833333,-18.23664167523384,345.6006274521351,559.6747601826986,22.039514160156273,10.895440673828148,16.7227607727051,65.28981447219849,0.005092592599491279,0.0,16.647517416559133,13.827366258808288,8.752725219726585,9.61337814331057,1019.0954947916667,-17.171842257181805,346.7195714910825,516.8112443288168,22.286218261718773,11.114739990234398,16.924324289957706,64.12175909678142,4.078703819463651,0.0,18.032680084155462,14.231002173531763,8.420594787597679,9.553261057535849,1018.1859016927083,-18.485482464234035,346.0271730770667,551.3232593536377,21.889672851562523,10.701409912109398,16.516102091471378,64.33055480321248,1.5361111192032695,0.0,17.473834116660477,14.414322205218719,8.45378138224288,9.23817850748702,1018.9291829427083,-16.846293846766155,347.19375945130986,530.6174221038818,22.569329833984398,11.409204101562523,17.219204203287784,64.66759252548218,2.240740740361313,0.0,17.43213447761059,13.91914619819029,8.463018035888695,9.942507680257165,1017.9152115885418,-19.709902038176853,345.5170560181141,554.3421866099039,22.064172363281273,10.780389404296898,16.682510630289737,64.4555565516154,3.4611111556490264,0.0,17.144744736294484,14.206114689078612,8.331689453125023,9.41577809651693,1018.21888671875,-17.344143350919087,345.6128290096919,543.0285027821859
2021-06-02,23.468560791015648,12.892449951171898,18.39241180419924,69.98796288172404,34.44351867834727,0.0,15.247502799165575,12.391721229319794,9.918592071533226,12.313050842285179,1016.0224348958333,-20.322209924459457,332.2020240376393,523.9392306009928,23.688531494140648,12.025354003906273,18.17269668579104,66.50462865829468,51.55740718046824,0.0,15.555224126036302,13.355407671588944,9.824617004394554,11.247336324055993,1014.9596484375,-20.198920431236427,324.0886490295331,510.31046263376874,23.242150878906273,12.727777099609398,18.1767402648926,70.3995377222697,53.28888765970866,0.0,14.913110359600745,12.692699602770924,9.78904749552413,12.23648605346682,1016.084345703125,-19.447283518811066,328.74394149084884,517.497257232666,23.738885498046898,12.477441406250023,18.392952219645206,66.51805686950684,67.298610885938,0.0,16.507315615104172,13.832848608406685,9.826367950439476,11.426136271158896,1014.784296875,-20.58570462744683,326.37208091219264,534.4608112970988,23.529412841796898,12.759393310546898,18.492344156901066,70.17268466949463,37.76481473445892,0.04861111147329211,15.585857607209968,12.328399085815633,9.933245595296228,12.481673177083337,1015.7313802083332,-21.139565060536068,333.8506502509117,534.5477253595988,23.277642822265648,12.386315917968773,18.14967498779299,68.43009265263875,44.983333756526314,0.0,15.570737907595595,12.553785350391395,9.578794097900413,11.70596847534182,1015.525517578125,-20.2355105727911,329.9269920935233,544.0241045951843,23.920434570312523,12.972192382812523,18.70889053344729,68.95463005701701,47.7402777671814,0.06250000046566129,15.30910342313371,11.773220197517054,10.305022176106775,12.408831532796228,1014.9576041666667,-22.407428463300068,334.23029307027656,539.5102144877116,23.561303710937523,12.913873291015648,18.439197794596378,69.95046329498291,32.01064934333166,0.0,14.954540430995259,12.250807811055067,9.710972086588583,12.264641062418661,1015.9101595052083,-20.86794986327489,334.3090902318557,531.0710999170939
2021-06-03,22.853051757812523,15.772210693359398,18.927676137288433,77.48703734079997,75.42361227671306,14.86111118644476,13.418339051331843,10.071009593872628,11.192558542887411,14.657379404703818,1017.820498046875,-17.023019591967266,297.5911512672901,375.64622529347736,24.094262695312523,14.692956542968773,19.336587524414085,72.72083314259847,38.27592613299688,3.6180555196478963,10.93618251280635,7.363973798921253,11.121533966064476,13.917265828450525,1018.7732845052083,-22.63002411524455,316.44162853062153,390.78233313560486,22.064263916015648,15.604455566406273,18.794628397623722,79.78888924916585,84.74166711171468,34.88194477185607,15.03889628249713,10.376669729082355,11.345053609212243,15.042372639973962,1017.7927506510417,-14.952261726061503,285.2510170638561,348.96123361587524,24.395471191406273,14.445947265625023,19.293262736002628,74.13935041427612,37.6203707853953,1.0972222294658422,11.507624775582126,7.521615357960958,10.87113978068038,14.142847951253259,1018.632958984375,-22.993516703446705,324.82685207327205,426.72777048746747,22.269311523437523,15.198907470703148,18.681106821695987,78.9768517812093,79.59953784942627,17.75694447848946,15.950569121842607,11.358613019581815,11.476899719238304,14.735693868001306,1017.512578125,-14.84344232082367,303.4635228216648,379.0694664319356,22.697290039062523,15.357537841796898,18.804917907714866,76.62361145019531,80.3134256998698,8.826388902962208,13.660383977578274,8.74644595931384,11.198731994628929,14.398328399658226,1018.5304459635418,-18.107248067855835,291.6472996920347,328.9570190111796,21.177423095703148,15.257897949218773,18.426290130615257,79.6458330154419,81.61944484710693,21.854167092591524,16.312999605859435,11.892121619921213,11.601834869384788,14.678369140625023,1017.2489290364583,-13.44131843249003,289.96725344161194,363.5652352968852,22.213647460937523,15.741265869140648,18.821705118815128,75.23148091634114,78.43518702189128,9.354166781529784,13.187477326389402,10.069012050122081,11.210098520914755,14.110086059570335,1018.483701171875,-17.486905415852863,309.60049463311833,367.36945096651715
2021-06-04,21.903833007812523,13.838891601562523,17.475353495279972,79.05324188868205,81.91527795791626,31.083332300186157,15.278963348201168,8.994489937191346,10.577128346761071,13.498893992106161,1020.5101041666667,-11.998645941416422,285.66309481362504,385.4288589954376,21.855920410156273,14.447076416015648,17.936062113444034,78.30925957361858,94.19861157735188,36.659722447395325,15.056257662719494,7.80490287713346,10.54901784261068,13.812666829427087,1021.532763671875,-12.149873415629068,283.4700536926587,363.0229906638463,20.808190917968773,13.814294433593773,17.097088114420597,79.95324166615804,91.15370273590088,7.548611134290695,16.728435670269718,10.385573162656486,10.543698883056663,13.337646738688193,1020.9704850260417,-9.868899583816528,283.5783907622099,395.3136833508809,21.906274414062523,13.908258056640648,17.620753224690777,80.59583473205566,78.2597230275472,89.02083373069763,16.074768774659837,8.266856015008576,10.89119364420577,13.90228169759115,1021.1400260416667,-13.914826234181723,295.1432597736518,377.73480383555096,20.695611572265648,13.769281005859398,17.055528259277366,80.14861011505127,92.15370305379231,0.6805555745959282,15.7286228722413,10.928664917213105,10.366476949055993,13.33405456542971,1021.22123046875,-9.316771427790323,289.27546597023803,401.4539593060811,21.661859130859398,13.705529785156273,17.263052876790386,79.61481475830078,65.29490756988525,39.35416650772095,17.032928454426585,8.815457927191899,11.100696818033896,13.40424753824874,1020.9280045572917,-11.426144997278849,296.0799072583516,375.8490278323491,21.243188476562523,13.456964111328148,17.344859059651714,78.89768552780151,83.13564809163411,0.2152777798473835,14.956320565981418,9.59846350036561,10.711836751302087,13.328570302327478,1021.0164876302083,-11.44690994421641,294.45324303706485,389.81186087926227,21.373223876953148,13.893243408203148,17.343447621663433,78.90046405792236,80.33749898274739,43.4652783870697,17.07871550015216,10.064697090025389,10.718768056233728,13.345796203613304,1020.8043196614583,-11.755253394444784,295.3111876944701,372.5417393843333
2021-06-05,16.794427490234398,12.851251220703148,14.51200637817385,90.32268555959065,94.26481501261394,39.24305561184883,18.520410859404066,13.076356360837678,9.389712270100915,12.886113739013695,1021.1033333333332,7.498691568771998,109.19961138690512,294.523198445638,16.716668701171898,11.762261962890648,13.934157307942732,80.89953645070393,74.99259220560391,100.53472006320953,18.00833095821812,13.627249275293812,7.989194488525413,10.55524851481124,1023.6957845052083,9.040022492408752,165.12604256346822,384.9180482228597,18.011499023437523,13.343438720703148,15.190555826822939,88.69305419921875,94.51203759511311,104.14583444595337,20.745886083061567,14.453530354950479,9.050959523518884,13.223266855875693,1021.100458984375,3.9970599313577018,213.3379674317936,378.4055372873942,17.180780029296898,11.955987548828148,14.50312449137372,74.47824033101399,74.47546299298604,12.472222566604614,18.203922601041665,13.950975970486795,8.149443562825525,9.88449630737307,1023.899833984375,4.991187511322399,173.72868535667658,389.2136147816976,16.597222900390648,12.661126708984398,14.543252563476585,90.72916762034099,94.30694437026978,199.4791657924652,20.683143691921142,15.357705516919296,8.58747253417971,12.989375050862634,1021.4112076822917,8.834522426128387,147.63410808146,386.18336296081543,17.310113525390648,12.298455810546898,14.892680104573591,72.95648193359375,82.34814900159836,1.062500026077032,18.456477852365694,14.34936959786095,8.91200663248702,9.958919779459677,1023.178671875,5.169760882854462,151.10750251015028,367.07567405700684,17.368310546875023,12.690545654296898,14.881796773274763,88.99722290039062,94.52361170450847,73.45138907432556,21.804183640472264,15.423364731908288,8.969476318359398,13.003828938802087,1021.4580924479167,6.435849964618683,187.5075167864561,403.2476666768392,17.621942138671898,13.130822753906273,14.987017567952497,87.71342658996582,92.56342649459839,1.2847222648561,19.720843015078856,14.200056427689745,9.76295878092452,12.869610087076865,1021.6317447916667,3.032115707794825,156.5365766560038,364.435604095459
2021-06-06,19.152795410156273,11.533654785156273,15.317624664306663,75.15463034311931,14.038888738801083,107.83332824707031,16.38648048774679,12.721277700552081,7.644490814209007,10.512475585937523,1023.9032259114583,-11.723046143849691,341.7822994540135,510.5987796783447,18.305535888671898,12.152978515625023,15.11414744059247,83.00555642445882,44.7384259502093,59.06250023841858,18.12644044579435,15.140716710220111,7.62558263142904,12.033518727620446,1024.166748046875,-9.191788911819458,289.9029544442892,542.6160977681478,18.837518310546898,12.123559570312523,15.476005808512392,77.22731447219849,32.03009217977524,9.1527778506279,16.998166231486923,13.424342870504391,7.362048085530603,11.1600166320801,1023.7139908854167,-11.128301302591959,324.5171051522096,525.3417917887369,18.842462158203148,11.847467041015648,15.219009653727236,76.31435187657674,24.47824018324415,113.61805534362793,18.953515598508368,15.143943344119913,7.288565572102868,10.709560648600302,1024.5244596354166,-7.551973025004069,336.95717873672646,563.4589265187582,18.820642089843773,11.605554199218773,15.160125986735048,72.71342595418294,16.30509297984342,1.3333333432674408,16.603936706248323,12.88864463436276,7.423903401692712,9.779013570149743,1023.794833984375,-10.267194588979086,341.9413519004981,493.3198649088542,18.928765869140648,11.238885498046898,15.074149068196638,76.74907382329305,14.86944391950965,218.40972709655762,18.260916576453425,14.755290255516854,7.460131581624353,10.66934738159182,1024.27302734375,-10.000148137410482,342.79903528590995,568.2210330963135,19.016656494140648,11.576959228515648,15.254795328776064,72.46713018417358,17.845370573612552,0.24305555736646056,16.19254309626708,12.477451267749856,7.196267700195335,9.827835337321005,1023.899052734375,-11.029635190963745,337.1579838047425,484.296893119812,18.934777832031273,10.989465332031273,14.94052403767906,69.29305458068848,5.204166916509469,76.5,16.707738683036386,13.064049075832038,7.309966023763025,8.672933197021507,1024.3605013020833,-7.262474934260051,346.02191215753555,514.9650341669718
2021-06-07,20.527307128906273,10.748071289062523,15.699371592203798,67.50786972045898,6.5356481571992235,0.0,12.26029798768791,8.86635826806358,8.152733103434286,9.149308776855491,1023.9085709635417,-11.446190118789673,343.5537919253111,456.0387849807739,19.512658691406273,11.122308349609398,15.389730072021507,75.78749879201253,48.693518524368606,108.10416507720947,11.96759076285721,7.369697036694068,7.488196309407556,10.737256622314476,1023.2611328125,-9.724116524060568,309.96670535206795,424.13785847028095,20.519067382812523,10.362054443359398,15.618950144449892,65.40925979614258,5.969907532135646,0.0,11.970557875623566,8.956665861641838,8.059449768066429,8.652455902099632,1024.0671451822918,-10.48259166876475,343.98080772161484,459.01454464594525,18.851892089843773,11.255517578125023,15.297761535644554,76.25231377283733,50.23333322039495,9.680555641651154,12.870822855209886,9.038279793672272,7.5575424194336165,10.88642527262374,1022.92259765625,-7.476546049118042,275.44918681681156,425.0933992067973,20.425347900390648,10.498223876953148,15.628349558512392,65.7041670481364,8.15879633029302,0.0,12.580364674294245,8.692057184050014,7.640470123291038,8.807976023356161,1024.16919921875,-11.004879613717398,343.38531321287155,481.75366401672363,19.938500976562523,10.446740722656273,15.363230641682966,62.91712888081869,35.8912047346433,1.3333333432674408,11.585159338283098,7.48232665940336,7.806705729166708,7.814665730794275,1023.6449544270832,-9.709715247154236,341.5656074484189,404.46824193000793,20.402276611328148,10.596307373046898,15.692379252115908,64.66111119588216,8.345370443537831,0.0,11.965424440004183,8.059032321773536,7.40899556477865,8.682742055257165,1024.2209016927084,-11.743802885214487,342.7846618543069,481.12848885854083,20.237725830078148,10.665002441406273,15.479852294921898,67.1949094136556,19.395833830038708,0.3333333358168602,12.43297569504603,7.860244728329626,7.965655263264978,8.871650950113974,1023.757685546875,-10.849051674207052,342.35723936061066,435.96754280726117
2021-06-08,21.472222900390648,11.725854492187523,16.616897837320987,67.57222191492717,38.51296287278334,0.0,12.035105410822869,6.621446495364613,8.127717590332054,10.101953125000023,1023.3255989583333,-14.832665959993998,336.3668744464715,419.25650628407794,21.137719726562523,12.467248535156273,16.580931599934917,73.69629653294881,44.810185650984444,0.50694445008412,13.426236449234045,7.482199591194555,8.237476603190146,11.465222930908226,1023.4311100260417,-11.734817345937094,292.4789606382449,377.3360755443573,21.551538085937523,11.727716064453148,16.70673014322919,69.0083343187968,39.65138909469048,0.0,11.744216259670054,6.721241071037933,8.215796407063806,10.466728464762411,1023.4225227864583,-15.498302857081095,328.424610833327,420.7408725420634,21.436273193359398,11.643762207031273,16.50052668253583,67.65046278635661,46.33981487403313,0.0,12.488914694551434,7.141068271712505,8.18518727620443,10.06275583902999,1023.4625162760417,-13.400749802589417,314.756182094415,402.3423077265422,21.391168212890648,11.735803222656273,16.690793609619163,69.64999945958455,20.89305566251278,0.0,11.473579881525087,6.839838997035588,8.1242665608724,10.582107798258505,1023.5040657552083,-15.776772538820902,334.36988856891793,437.1540722846985,21.127923583984398,11.716912841796898,16.521754201253277,68.15463018417358,42.33518495659033,0.0,12.20745065125847,6.7809352695162275,7.984607950846396,10.142383829752646,1023.3404231770833,-13.989132086435953,326.1026563098033,422.7259804407756,21.686853027343773,11.881890869140648,16.847695922851585,70.33148177464803,24.03657407561938,0.0,11.039437917885541,7.050354892046944,8.182569122314476,10.882922108968103,1023.5303548177083,-16.356636504332226,335.39628396431607,447.656103293101,21.304956054687523,12.055017089843773,16.58720677693687,70.07962942123413,29.064814507961273,0.0555555559694767,12.993816989329872,7.213206945971965,7.900398508707724,10.707054392496786,1023.27607421875,-13.651899059613546,317.4718309541543,407.1271951198578
2021-06-09,21.567590332031273,13.702569580078148,17.53885676066083,69.13148085276286,40.17916617790858,0.0,13.805413069839977,7.342732136230325,8.857472991943382,11.276937103271507,1021.8635514322917,-12.039551059405008,330.9071073681116,423.8805639743805,20.701226806640648,12.637750244140648,16.761315917968773,68.31805515289307,60.378239353497825,0.0,14.855214930099105,6.9731676684098005,8.282712554931663,10.582089996337913,1022.0256282552083,-8.76520280043284,325.3838075051705,411.1152426401774,21.450372314453148,13.754876708984398,17.456989542643253,70.22824064890544,44.47499974568685,0.0,13.697983540787362,7.32344892397996,8.998529052734398,11.401873524983728,1021.91203125,-12.194124341011047,332.44150670369464,418.24466176827747,20.783319091796898,13.070062255859398,17.062680816650413,69.01481453577678,70.66111042102177,0.0,13.399100867345831,7.199850729185599,8.469307200113974,10.969801839192712,1022.2494986979167,-10.479402383168539,318.6564472615719,403.63661400477093,21.212701416015648,13.650018310546898,17.28321736653648,70.04768578211467,60.317130168279014,0.0,14.280148892205416,7.617403532231677,9.229828135172568,11.35816345214846,1021.9600813802083,-10.498204827308655,319.3053490618865,397.43154033025104,21.035913085937523,13.094476318359398,17.104336039225284,69.41064739227295,43.347684701283775,0.0,12.758816671451024,7.248072309178045,8.473616536458337,10.959700520833337,1022.4483821614583,-10.891059199968973,329.7747477243344,425.60440893967944,21.343194580078148,13.726525878906273,17.36974614461265,68.16111278533936,60.441203554471336,0.0,15.094123669200963,7.703083987150155,9.508451080322288,10.910227711995446,1021.8890592447917,-10.469654003779093,315.55107985436916,388.26049367586774,21.243432617187523,13.481988525390648,17.340914662679058,71.24444437026978,50.846296509106956,0.0,13.3715746555767,7.120842285481302,8.5540596008301,11.577821350097679,1022.3465625,-11.458731889724731,318.21771007279557,411.24018319447833
2021-06-10,21.518212890625023,12.757409667968773,17.25891265869143,72.15231641133626,40.05740761756897,0.41666667303070426,13.591727170381708,9.740700027239752,9.894962565104208,11.963707224528036,1020.5058040364582,-10.715098897616068,297.89707669615746,394.80908521016437,21.730218505859398,12.636010742187523,17.420870717366558,69.26481469472249,29.57129641373952,0.0,11.396960493255595,8.398470325182428,9.519912974039755,11.413856760660849,1021.1752018229167,-11.62551099061966,318.3457823147376,409.10171743233997,21.393243408203148,12.618615722656273,17.17836151123049,71.91250069936116,22.21157379945119,0.6874999948777258,13.088503514675217,9.891019576934122,9.763393656412802,11.858389790852868,1020.3813053385417,-11.233206162850061,307.50047684709233,396.93885413805646,21.761071777343773,12.441796875000023,17.400354003906273,69.75509293874104,36.49814740816752,0.0,11.296269301154998,7.930018672991882,9.500586446126306,11.48548278808596,1021.0474641927083,-11.69550907611847,311.6467223068078,405.1712016264598,21.688134765625023,12.780816650390648,17.2877873738607,71.71111075083415,23.756018380324047,0.2152777803130448,13.940592362574028,10.268707191014277,9.94779993693038,11.88657150268557,1020.3253125,-11.411854763825735,316.9810519019763,402.048766374588,21.694726562500023,12.827111816406273,17.344101206461612,73.63564777374268,29.990277310212452,0.2152777793817222,12.51626689783209,9.23091361605558,9.675689951578818,12.286452229817712,1020.9195930989583,-11.951134334007898,308.9757420818011,406.6157654921214,21.881127929687523,12.906823730468773,17.425352986653667,70.42638985315959,28.91388925909996,0.07638888945803046,13.619172538394038,10.148801786373605,9.835527038574241,11.723392740885458,1020.3353059895833,-12.134066561857859,322.65287073453266,404.05797179539996,21.450524902343773,12.822473144531273,17.276165262858097,72.723610719045,29.00185203552246,0.3402777863666415,13.395756348153355,9.574177132025463,9.706239318847679,12.07121302286788,1020.7591373697917,-10.95078656077385,300.6357117295265,401.7842957178752
2021-06-11,21.319604492187523,14.268945312500023,17.87671559651695,80.30185190836589,54.99583355585734,0.2291666716337204,19.435859164972623,14.267345334528736,10.466287231445335,14.177540079752646,1018.556923828125,-11.30918518702189,309.377707456549,454.4422876040141,21.805505371093773,14.477075195312523,18.14363886515302,79.43425846099854,41.87407406171163,1.8541666753590107,17.56786271750003,12.712153173135604,10.139897918701195,14.239675140380882,1018.9909798177083,-14.212861816088358,316.8875178396702,453.8835317293803,21.354882812500023,14.322229003906273,17.90851236979169,80.8763879140218,51.853240331014,0.21527778403833508,20.159245576553086,14.291469634249886,10.408457692464196,14.305581665039085,1018.6784602864583,-11.809913357098898,316.3791655600071,443.273507754008,21.379663085937523,14.297967529296898,17.861957804362003,79.89074103037517,45.307406981786094,2.4374999552965164,19.452819365131607,13.627234989252685,9.937102254231775,14.075112915039085,1018.4070475260418,-12.924093325932821,313.60964820782345,452.85916630427045,21.270227050781273,14.216668701171898,17.723606363932316,81.88888931274414,62.53750022252401,0.40277778916060925,19.356286214688424,13.74317332222025,10.46442311604818,14.34577077229818,1018.9019401041667,-11.35416022936503,299.4042789588372,431.5706238746643,21.292810058593773,14.405541992187523,17.807954406738304,80.66388861338298,65.41620349884033,1.3055555559694767,19.099945883610744,13.078480983247337,10.06381759643557,14.186859385172568,1018.4849739583333,-12.312623143196106,309.4292769432068,439.8951416015625,21.290155029296898,14.078851318359398,17.830024973551456,80.97176106770833,60.13472227255503,0.3194444580003619,18.4597284887347,13.272982395042865,10.4935292561849,14.259183502197288,1019.0439583333333,-11.631989041964212,301.94676087299985,431.8294253349304,21.418054199218773,14.413049316406273,17.985044097900413,79.66759173075359,60.370832761128746,0.7500000083819032,18.215958632866155,13.115843233812742,10.157914733886741,14.146012878417991,1018.435419921875,-12.249655385812124,308.2849995295207,440.67781114578247
2021-06-12,17.625024414062523,11.344567871093773,15.418547566731794,75.36990737915039,85.90046294530232,4.145833315327764,23.227231968123565,15.931574962090053,7.810768381754599,10.78055089314779,1021.0187662760417,3.9276905258496604,302.0726060792804,593.8535633087158,18.025567626953148,11.659265136718773,15.923279062906923,71.89583444595337,83.453704059124,3.7916666101664305,20.510342310214092,15.066375905224485,8.14874165852865,10.5616279602051,1021.1522884114582,0.6663026412328085,313.55372860531014,559.3702932993571,17.796838378906273,11.522363281250023,15.660868581136091,74.50694529215495,86.31851847966512,2.9027776923030615,23.119606432672647,16.211231089688116,7.623372650146507,10.84650573730471,1020.90708984375,2.3417908747990928,303.4331888419886,594.2168064117432,18.056481933593773,11.650659179687523,15.932152048746767,72.78240807851155,88.41111040115356,4.534722186625004,19.814657198917974,14.70268241438618,8.095711008707724,10.781458791097009,1021.0782682291667,0.555473784605662,312.66411287089187,575.8551279703776,17.673608398437523,11.516656494140648,15.677433268229189,73.5453708966573,82.74722218513489,2.4791666716337204,23.13560368099835,16.30479571297555,7.69810511271163,10.669099426269554,1020.928916015625,1.8580821752548218,312.07948193947476,607.7744859059652,17.593133544921898,11.475701904296898,15.47763595581057,73.71574036280315,82.42777793606122,4.236111037433147,22.768271899902476,15.933162840927418,7.7008160909016965,10.527356719970726,1020.8173893229167,2.53821208079656,300.8973524570465,598.4292694727579,17.770501708984398,11.520715332031273,15.674256896972679,73.43796428044637,85.30972278118134,0.9375000167638063,22.60214785800619,16.109636965331774,7.785530344645224,10.620074208577478,1020.9367838541667,1.6663931012153625,303.19520613054436,580.4425462086996,17.772241210937523,11.571313476562523,15.53897374471031,74.15277751286824,83.63194465637207,4.944444391876459,22.9728072953554,15.50926479732612,7.761861419677757,10.62440897623702,1021.015361328125,2.5613840619723,302.9873679280281,581.7064990997314
2021-06-13,19.834588623046898,10.711328125000023,15.489892578125023,67.8527774810791,4.47731484969457,2.6666666865348816,13.722765445909317,8.452284422247647,8.92475026448568,9.185508982340536,1026.7892154947917,-8.591106017430624,346.6340438971917,436.00010108947754,19.789605712890648,10.382684326171898,15.286180114746116,68.03611103693645,5.95000001306956,5.166666626930237,12.771284204963864,8.161808328914702,8.90487950642904,8.991770680745446,1027.2493131510416,-8.57217425107956,347.0322066247463,458.51799901326496,19.843164062500023,10.519433593750023,15.396956380208357,67.5462965965271,1.9662036672234535,0.0,13.194728130044071,8.163592726906531,8.996935780843103,8.999194081624353,1027.079736328125,-8.33924307425817,347.88066772123176,450.11652064323425,19.716668701171898,10.572778320312523,15.319999949137392,68.22037013371785,6.331018408760428,3.4999998807907104,13.167274894428024,8.72815733803706,8.821201578776083,9.084984079996786,1027.021787109375,-8.225362360477448,347.68551907936734,452.1618661880493,19.939447021484398,10.379052734375023,15.38380076090497,65.75185171763103,2.7402777389312782,0.0,12.129285460929836,7.55519075485455,9.286499277750693,8.572658793131552,1026.98408203125,-8.430664857228598,347.9114023496707,458.06256437301636,19.827752685546898,10.817315673828148,15.518501536051454,67.91481415430705,2.9550926221224167,3.0,12.973720525256963,8.728965756996992,8.989096577962243,9.227443949381552,1026.8538020833332,-9.197262247403463,346.8459985156854,447.0363032023112,20.279046630859398,10.103540039062523,15.398194885253929,64.8106476465861,3.5842591676240168,0.0,10.078665052379245,6.647624904850857,9.642594909667991,8.302554066975915,1026.9161881510418,-9.33050169547399,348.34744424124557,454.9500850836436,19.873742675781273,10.741693115234398,15.56211878458661,67.44398132960002,2.963888860307634,1.1666666865348816,13.977866305813583,8.466145954997522,9.10528462727865,9.146567281087243,1026.6288020833333,-9.044580022493998,346.94950471818447,437.9579813480377
2021-06-14,22.616662597656273,13.230706787109398,17.961446380615257,67.04583326975505,21.540277636998024,0.0,15.591555331086981,11.705781508213633,11.762228902180993,11.161882019042991,1021.6562662760417,-15.039268414179483,341.1086656798919,414.8608112335205,22.882714843750023,12.891046142578148,18.011548614501976,70.78703625996907,27.919907251993816,2.6666666865348816,13.975153110947414,10.30133283768252,11.52427698771163,12.122975921630882,1022.152041015625,-17.71942989031474,339.29966531693935,416.57346709569293,22.594445800781273,13.154351806640648,17.837024943033878,67.02083253860474,23.292592592537403,0.0069444444961845875,16.212354502804722,11.934101276620652,11.647290802001976,11.063900248209677,1021.413740234375,-14.713411887486776,338.79915017386276,414.39206918080646,22.715509033203148,12.894433593750023,17.889473215738956,69.4250005086263,21.081944564978283,0.0,14.588177198278336,10.538094018618883,11.439747111002646,11.664216613769554,1022.2993033854167,-17.150648494561512,341.40129575133324,407.7065275510152,22.678063964843773,12.984918212890648,17.78319829305015,65.89861122767131,29.23842609828959,0.0,16.38434992009474,11.78186171603218,12.01825612386068,10.6961494445801,1021.2747786458333,-14.300312002499899,342.0092339267333,404.9364107449849,22.661126708984398,13.061090087890648,17.889281209309917,69.47314691543579,23.530555427074432,0.0,14.611014387381159,10.845497470988398,11.312310791015648,11.70267257690432,1022.2474967447918,-16.46638051668803,338.0624192555745,411.71677056948346,23.038598632812523,12.932153320312523,17.91657918294273,66.36342525482178,21.45925949017207,0.0,16.34503826912922,11.487644131366842,12.480251566569052,10.903254445393884,1021.1617220052083,-15.065927306811014,344.89548941950005,394.07885535558063,22.650903320312523,13.196893310546898,17.932514444987003,68.13564761479695,29.88333373144269,0.0,14.743110425317532,11.260860921206637,11.370364125569665,11.429007466634118,1022.066240234375,-16.016635020573933,338.8595745762189,413.11869462331134
2021-06-15,19.794091796875023,14.194299316406273,16.57246297200523,67.24444468816121,96.53009192148845,0.5486111361533403,9.902094664828637,7.862450059399577,8.541501617431663,10.210233306884788,1020.62521484375,-3.0148153646538653,224.65144032488266,419.5222743352254,21.161767578125023,14.719262695312523,17.49648183186851,66.74166504542033,93.13842519124348,0.7291666870005429,11.170960764219977,9.259892091833047,8.506562805175804,10.800856526692712,1020.831845703125,-10.276110529899597,311.46835728486377,546.5373821258545,20.674218750000023,14.236596679687523,17.164786275227886,63.79259157180786,95.86898199717204,0.0,11.550518704136117,9.628636391775858,8.137963867187523,9.888527170817099,1020.6152376302083,-7.093789830182989,297.2264219025771,555.4670314788818,20.425408935546898,14.262445068359398,17.109827931722027,65.90092579523723,96.72962856292725,0.40972223319113255,11.480013760706173,9.331682430834652,8.184195454915368,10.253778076171898,1020.768388671875,-7.56211918592453,298.70997937520343,561.3371620178223,20.630944824218773,14.633538818359398,17.18334604899091,66.39305623372395,97.98287137349446,0.20833333488553762,11.683032465787967,9.678774287017044,8.594773864746116,10.499865468343103,1020.380849609375,-6.471116940180461,275.55553350349265,531.2313931783041,20.466973876953148,14.313500976562523,17.258115386962913,66.54027652740479,91.44027678171794,0.0,10.177068083609308,8.380490354712828,8.26803868611654,10.615393575032556,1020.5937955729167,-8.82013726234436,294.3736642152071,521.3043511708578,19.909448242187523,14.734826660156273,16.674204762776714,64.99444341659546,98.62824090321858,0.09027777845039964,12.493126473767587,9.225982772118451,9.346893564860068,9.802103932698571,1020.5826009114583,-2.9067613184452057,209.31508991867304,399.5966790517171,20.086389160156273,14.706201171875023,17.006241099039737,66.67407290140788,97.16851774851482,0.0,9.881097249851024,7.830244663752175,8.691481526692712,10.417799886067712,1020.4498307291667,-5.94850667566061,255.80955689648786,461.92854340871173
2021-06-16,25.327478027343773,13.183801269531273,19.611692047119163,68.28657325108846,20.565740205347538,0.0,11.070541798928616,7.607895480789582,11.256968434651696,13.116194661458337,1014.5625423177083,-23.666551581273477,342.1408317883809,514.6071478525797,24.522546386718773,12.853051757812523,19.062858835856144,69.76111046473186,35.14351851120591,0.8333333730697632,10.537956963039184,6.935135754933665,10.764738972981775,12.860382334391318,1015.1354296875,-22.587496906518936,342.6709773341815,493.9597085316976,25.964440917968773,13.193261718750023,19.84848047892255,66.31157445907593,27.259258180856705,0.0,10.967130464503803,7.513687961410465,11.484824117024743,12.8090810139974,1014.4052018229168,-22.74893034622073,343.4536976615588,530.7542454401652,24.668115234375023,13.290490722656273,19.37336120605471,69.09907547632854,53.03981379667918,0.0,8.925272759709305,6.632654875323067,10.69449132283529,13.122622426350915,1014.5916536458333,-20.716611032684643,333.9281708399455,515.3322067260742,26.301629638671898,13.196191406250023,19.992412821451847,65.1759254137675,28.850463239165645,0.0,10.550829671410186,7.878518562883411,11.635536448160849,12.709456380208337,1014.4297721354167,-23.407754585146904,343.4868561228116,531.4660080273947,24.446466064453148,13.509881591796898,19.145253753662132,70.36666711171468,56.806944171587624,0.3333333358168602,10.469249655762114,7.547732858736435,10.64438400268557,13.132399495442712,1014.9645279947918,-19.977325956026714,339.41299529373646,503.8765525817871,26.243768310546898,12.965264892578148,19.835876719156925,65.73703638712566,34.55231391980002,0.0,10.255520303946424,7.892009795512986,11.800066884358728,12.689430491129599,1014.4665625,-22.837373318771522,343.67113324503106,522.6229437192281,25.779199218750023,13.448236083984398,19.864703114827496,68.38749980926514,55.91527771949768,0.29166667303070426,11.422628448385685,8.080304398956796,11.281397755940759,13.423916117350302,1014.4581282552083,-24.79899910589059,327.3725942224264,504.7280216217041
2021-06-17,24.621118164062523,17.875268554687523,21.231343841552757,76.77870305379231,65.26527877648671,21.645833320450038,22.294128567477955,13.294737233498836,13.896522776285849,16.756594594319665,1010.2906022135417,-15.035605053106943,279.47179334859055,474.75345373153687,27.486779785156273,16.027032470703148,21.362949625651066,78.3449076016744,49.14120351398984,27.13194413483143,20.56746597123445,13.81330933457303,14.647096252441429,17.13076553344729,1010.0987662760417,-13.995041300853094,265.33954216043156,423.6731522878011,24.395196533203148,18.054132080078148,21.188829040527366,75.0361115137736,49.41620389123758,13.097222290933132,20.205869143268345,12.089449890596748,14.02568079630538,16.33164494832357,1010.557392578125,-17.798739949862163,300.436721170942,420.7961139678955,27.700433349609398,15.295709228515648,21.173425292968773,76.41897996266682,75.98472251774122,9.909722237382084,23.296431676714896,14.201114310426208,14.42243347167971,16.546582794189476,1009.98447265625,-10.598727669023598,229.87142584721246,459.6965732574463,24.457727050781273,17.984613037109398,21.387932078043644,75.02175935109456,48.49444428086281,14.687499817460775,20.888897680884263,12.941576575487199,14.638756052653036,16.537165578206384,1010.585458984375,-17.409409632285435,290.0737431099017,397.12388038635254,23.858758544921898,16.678552246093773,20.961094156901066,78.8708324432373,60.8143518678844,33.86111080646515,22.370299055392525,14.019123322849694,14.076098378499353,16.927129364013695,1010.4089583333333,-14.78609965244929,283.1953689729174,461.80454126993817,24.728509521484398,18.265649414062523,21.5759101867676,74.69675970077515,51.49444431066513,16.437499922234565,18.347346066481066,11.911176067879033,14.794484710693382,16.62652740478518,1010.6500520833333,-18.216227839390438,290.4366853485505,400.1847680409749,24.325128173828148,18.261163330078148,21.13409067789716,76.20416593551636,61.55787034627671,19.8194447318092,20.125824385841305,13.313689549180978,14.014014180501306,16.5408760070801,1010.6258626302083,-16.861408958832424,284.2538188795249,433.6980439821879
2021-06-18,25.297601318359398,17.133630371093773,19.861001586914085,89.59768454233806,81.45231525103252,301.95833349227905,20.96296576531169,12.057409503027733,14.074707285563193,17.932220713297568,1011.0850065104167,-6.482379918297132,192.69336887945732,438.7875633239746,21.296289062500023,17.011437988281273,18.62809524536135,92.00185139973958,96.59953689575195,403.791669011116,15.276119801677545,10.296762067946997,13.139886474609398,17.23827260335287,1012.68876953125,-0.8818597619732221,147.9778287783265,282.47062063217163,26.967675781250023,17.544580078125023,21.19403228759768,82.26851749420166,79.88240814208984,184.11805415153503,28.19632063689299,11.92390270126171,14.00199915568038,17.69783172607424,1010.9990559895833,-9.891806380202373,199.48438913747668,585.7411886850992,21.255487060546898,16.144555664062523,18.034678395589214,89.9495366414388,92.18888870875041,148.43750023841858,16.865011362720374,11.809498286484024,13.467643992106161,16.250213877360068,1012.3396647135418,3.05555726091067,155.2985551431775,357.4978669484456,24.713586425781273,16.758660888671898,20.15442555745445,86.94953727722168,78.26481509208679,184.5069432258606,14.520596853480571,9.782542587424016,13.514516448974632,17.73592656453451,1012.3064713541667,-5.963126871734858,230.210613095512,325.0907704035441,25.464746093750023,16.963769531250023,20.184509531656925,88.40323956807454,80.11620442072551,216.37500059604645,12.500756859366714,7.499475331012381,14.061118062337243,18.038467661539755,1011.4677408854167,-7.12416007121404,226.24327261249223,367.3970203399658,24.953027343750023,16.461572265625023,20.111599222819034,85.86064783732097,81.7648154894511,114.18055552244186,15.088009659195945,10.589954833620634,13.381233469645224,17.51114679972335,1012.5581803385417,-5.772764819363753,230.54970144977173,297.5148286819458,24.672998046875023,17.045159912109398,19.945530192057316,87.30277633666992,77.26250080267589,169.49305474758148,21.749447477310387,8.677695628156393,14.112986501057946,17.57836049397787,1011.307607421875,-7.920171131690343,202.51130039989948,390.86455821990967
2021-06-19,19.385339355468773,13.409265136718773,16.933198547363304,80.3282397588094,58.54074150323868,225.6319456100464,28.95997530123256,19.205224341262152,11.736717478434286,13.379388427734398,1013.1118717447918,7.287144750356674,241.85405721267065,596.3688354492188,19.365197753906273,14.890191650390648,16.74170837402346,81.07870260874431,88.58148225148518,463.7291717529297,22.03816668759861,14.085512054704962,11.44430821736654,13.327848052978538,1014.6267252604167,4.601025942713022,201.15448030270636,623.128069559733,19.843286132812523,14.520562744140648,17.15998229980471,77.79861068725586,72.96527676284313,188.7569456100464,24.746788004856185,18.385080532082505,12.242594655354821,13.070078786214196,1013.5857063802083,3.6845851441224418,243.76745808000365,648.4989140828451,19.506066894531273,14.188989257812523,16.6526924133301,74.12222305933635,81.74999972184499,261.6111135482788,32.46220580967916,19.021169400418206,11.236475880940759,11.868693288167321,1014.5868489583332,5.546889074146748,248.66172725707293,756.7349904378256,19.516656494140648,14.585290527343773,17.08792648315432,81.04814751942952,78.7583334048589,139.2708306312561,23.273819137318018,16.555043328483478,12.175964609781943,13.656251525878929,1013.6198795572917,1.9321842342615128,207.708829395473,633.1590385437012,18.898065185546898,13.518182373046898,16.503654734293644,77.94814825057983,57.48703773816427,357.958327293396,34.44403249605622,21.329549584579514,11.822062428792321,12.459912872314476,1013.7090299479167,6.129213313261668,311.2705451870958,649.4366989135742,18.920739746093773,14.692468261718773,17.065599060058616,83.19814872741699,80.16342504819234,20.875000178813934,22.625556095186184,15.504323142407806,12.72703577677413,14.050528462727868,1013.2986295572917,4.590772924013436,193.4244243154923,581.7621234258016,19.486474609375023,13.879022216796898,16.903000132242862,80.35139036178589,76.93333292007446,262.72222328186035,28.73384798778548,19.21976548820165,12.133047993977868,13.320195770263695,1013.6534147135417,4.875299704571565,245.27092736338577,632.2017834981283
2021-06-20,20.866754150390648,13.902734375000023,16.802418009440128,82.54861052831014,93.43518543243408,193.90277659893036,17.65896880719477,13.197802062904017,10.628344472249353,13.521684265136741,1008.5881119791667,-5.045591036478679,264.3219630221526,510.6145826975505,22.569451904296898,12.928094482421898,16.548156992594425,83.12361065546672,73.05509389440219,471.90278244018555,26.661148661857226,18.96329314781715,12.323218282063806,13.40912780761721,1007.2449381510418,-3.497217079003652,234.19661519645402,553.9683990478516,20.310235595703148,14.304376220703148,16.619994099934917,85.27037175496419,94.79120413462321,223.94444584846497,19.91118714166045,12.04790491969782,10.385649617513025,13.972514088948571,1008.1520865885417,-2.383399518827597,214.41064944552878,496.42023340861004,21.389978027343773,13.652520751953148,17.47269465128583,81.31157398223877,77.2828704516093,446.80556535720825,28.38011104115274,20.237273751010147,12.035349782307946,13.954732513427757,1007.06107421875,-5.941865603129069,286.09091169511277,596.3276138305664,19.441613769531273,14.759820556640648,16.9545354207357,84.9638900756836,95.85370254516602,120.07638847827911,22.210551568487944,12.83418154035328,10.647902425130212,14.215542093912802,1007.9259993489583,-1.8540017505486805,206.31698502227664,538.9759750366211,20.620874023437523,13.731195068359398,16.80501454671226,85.06481488545735,91.04074160257976,354.0694456100464,26.905898045458308,20.00864919386873,12.325794474283896,14.119140879313193,1007.1309244791668,-1.0221397876739502,251.97398174492022,570.1496518452963,19.631341552734398,14.049157714843773,16.505914306640648,83.69444561004639,91.33703645070393,251.72222328186035,22.338551869454406,13.50645373443067,9.998648579915368,13.564534759521507,1008.3408430989583,-2.6367468436559043,246.42144491771856,508.1844367980957,18.416680908203148,13.197930908203148,16.290535227457706,85.5782413482666,85.00879541039467,213.8194456100464,23.72920516395566,17.72813821829512,11.231398518880212,13.728281911214196,1007.6678971354168,-0.6121958096822103,223.5534871170918,525.206215540568
2021-06-21,14.337731933593773,12.175866699218773,12.813081359863304,90.97685273488362,97.23425960540771,666.7499966621399,28.043577401752152,24.34998514036127,7.480049387613974,11.348233795166038,1009.3628157552083,23.78090699513753,24.90299957121412,681.8458124796549,18.011499023437523,12.533715820312523,14.691467539469423,82.69259134928386,90.48703670501709,233.54861068725586,18.47974892563988,16.01339424325817,9.327532704671228,11.660190836588583,1010.0573274739583,11.032878388961157,140.4350009659926,518.554817199707,14.270898437500023,12.366265869140648,13.001461283365908,89.18472194671631,93.31759325663249,282.1527774631977,22.521175860243254,20.020732951249382,7.906666056315146,11.22119801839193,1010.442294921875,22.009064123034477,39.06718563536803,621.602419535319,14.549920654296898,11.980157470703148,13.342279052734398,89.7180544535319,99.69027773539226,510.22221660614014,27.713233531230664,22.375300449251696,8.048443094889365,11.654119110107445,1009.186826171875,20.868451476097107,21.206833453228075,630.3675486246744,14.321557617187523,12.233728027343773,13.063272094726585,86.7865743637085,97.42268498738606,87.5486107468605,21.103724302885283,18.149831952714365,8.207907613118493,10.875994618733728,1011.230234375,20.057731240987778,52.221203193068504,580.3527132670084,14.171563720703148,11.978112792968773,12.886218007405622,91.09398142496745,98.53148142496745,277.3402762413025,22.22093423558167,19.743388342392695,7.388978576660179,11.453230794270837,1010.2633951822917,22.445828596750896,20.153888914734125,588.3807093302408,14.159783935546898,11.940850830078148,13.085535939534529,87.8226842880249,97.52175871531169,164.14583529531956,22.131151948149594,19.299720777591034,7.96940638224288,11.065981801350915,1011.1761360677083,19.046324597050745,70.53183356424172,616.9837938944498,14.199670410156273,12.872491455078148,13.566289520263695,87.50879732767741,98.1782414118449,400.0208339691162,20.852931487632738,18.368192286175226,8.11905186971029,11.51078821818038,1011.5723665364583,15.808671375115713,72.16772192716599,564.2110837300619
2021-06-22,17.551354980468773,10.593072509765648,14.14307301839195,72.07314729690552,83.87731552124023,244.97916507720947,20.821736540859582,16.25030013294229,5.015449778238974,8.878806050618493,1018.069990234375,-5.915356675783793,290.46989118556183,789.4506657918295,16.282128906250023,11.466912841796898,13.81629333496096,72.27129586537679,80.22268545627594,978.4305534362793,20.044955841937334,16.894478965088823,4.03992614746096,8.732756551106775,1017.4308626302083,-2.8400455315907798,234.5745898683866,860.1500371297201,17.222589111328148,10.831994628906273,14.108515675862654,71.81111081441243,90.26712814966838,117.9652771949768,21.475023847143348,16.071403843879693,4.954254404703818,8.804549153645837,1017.8831901041667,-3.790267070134481,276.2505999306838,771.9342199961344,17.018212890625023,11.607873535156273,14.316299692789736,73.47777795791626,95.56296221415202,434.4305534362793,21.915840593274073,18.224711455976543,6.765631612141931,9.481835937500023,1017.035244140625,-4.293233911196391,224.3825561950604,785.4919942220052,17.388574218750023,11.124536132812523,14.234344736735048,69.68472162882487,85.78426027297974,8.604166746139526,20.680453713312584,16.030767566691775,5.103498077392601,8.466271972656273,1017.93083984375,-4.694135944048564,308.2553081711133,820.5199356079102,17.555688476562523,11.464318847656273,14.256093597412132,74.39073991775513,96.84444491068523,142.84027576446533,22.763620555724252,19.19454272862561,7.242153422037802,9.57869364420577,1017.0515104166667,-3.9135942856470742,224.72357614835104,759.8843854268392,17.106835937500023,11.768945312500023,14.276038106282575,69.86481475830078,92.37314701080322,2.583333338610828,20.63660077485835,15.955891668079786,4.7895612080891965,8.615775044759118,1017.7507161458333,-3.5766010681788125,273.1816095511119,825.0932184855143,17.680108642578148,11.057519531250023,14.276841735839866,71.34999879201253,83.87499984105428,269.88194274902344,22.73880247244377,17.75780478272743,6.4806139628092865,8.900788879394554,1018.0238444010417,-5.336138526598613,291.3785724043846,809.2514584859213
2021-06-23,18.718255615234398,12.384301757812523,14.895029958089216,68.21944506963094,60.70555443324459,13.138888776302338,17.451844115110976,13.532497232022083,6.726069386800134,8.827419535319052,1021.6097135416667,-5.700025613109271,269.75694592669606,687.0114402770996,18.871118164062523,11.814721679687523,15.195881144205751,68.64213101069133,94.2712968190511,245.8333282470703,17.696383971795264,15.256952672366856,7.859132385253929,9.18869298299154,1021.3260026041667,-7.390594005584717,277.7769767095645,640.6133524576823,17.215447998046898,12.264276123046898,14.383952077229841,71.85555442174275,79.25416628519694,3.618055423721671,16.648818791085223,13.68481287729457,6.387432352701865,9.256265258789085,1021.573056640625,-1.3026369015375774,188.28924141265452,680.6331284840902,19.576409912109398,11.975732421875023,15.41196212768557,65.7986110051473,70.45601948102315,118.83333206176758,19.007154813657625,15.28796213657593,7.970210011800134,8.68735020955404,1021.7651139322917,-9.79261843363444,328.37123972177505,684.274984995524,18.115380859375023,12.239129638671898,14.752381896972679,68.3324073155721,66.9685189028581,3.9722223430871964,16.94509750840195,13.582642433476728,6.5280255635579465,8.795725758870446,1021.3202669270833,-5.7469242811203,268.389697962751,708.4123013814291,19.542687988281273,12.128198242187523,15.311686452229841,66.04536978403728,50.73379600668947,9.333333492279053,18.319288839563885,13.705963230875746,7.342375691731775,8.70289255777999,1021.9966341145832,-8.672328869501749,313.5544642706712,682.4997291564941,16.938775634765648,11.875177001953148,14.059126790364607,71.3662052154541,88.61527824401855,4.048611218575388,14.533075085391372,11.647547474222437,5.719182586669945,8.841794586181663,1021.7169075520833,-0.6350758758684,179.70947951202592,625.6222152709961,18.991784667968773,12.243737792968773,15.193613942464216,65.55092604955037,55.56481423974037,5.666666507720947,17.327766488917337,13.675466582411694,6.7706225077311615,8.513884480794275,1021.6956803385417,-7.896983643372853,299.85994763424,719.3093109130859
2021-06-24,18.899316406250023,10.314721679687523,14.571316019694033,66.85833358764648,10.27824087937673,19.000000476837158,14.649246975597475,9.830745753819377,6.357703145345056,8.01481399536135,1021.333642578125,-9.382672270139059,345.15666777888936,538.7384853363037,20.151635742187523,10.878717041015648,15.498166656494163,68.67222261428833,45.7662038046013,13.166666507720947,16.41065231186319,12.643523277647226,8.23148117065432,9.356223042805993,1021.1742936197917,-8.795723597208658,335.80889130632085,545.0241915384928,19.116693115234398,10.612329101562523,14.867251332600935,66.96712938944499,20.28240778048833,1.1666666865348816,14.603104593006172,10.115065116891612,6.183534240722679,8.339514668782556,1021.3045475260417,-10.811933994293213,336.2933496236801,547.4152924219767,19.472283935546898,11.169641113281273,15.457428232828798,73.28611024220784,42.41111113627752,4.222222089767456,14.857957686319049,11.550969860322333,7.51834386189779,10.420412953694665,1021.0483430989583,-9.508450090885162,291.827073464791,517.6920522054037,18.619439697265648,10.086450195312523,14.375573730468773,64.19675890604655,14.307407399018606,0.0,14.34563279085393,9.722867927736841,5.872396087646507,7.184491729736351,1021.3877799479167,-7.913697719573975,350.25166538357735,549.3098338445028,19.848962402343773,11.043756103515648,15.387760416666689,69.69444576899211,33.108333230018616,4.0000001192092896,15.964625736443242,12.001670722553774,7.5076766967773665,9.511600748697958,1021.0529524739583,-8.538742383321127,327.1035198420286,530.2627506256104,18.560174560546898,10.981408691406273,14.651873524983747,63.732407887776695,27.037963181734085,0.0,14.55023240485096,9.452058449348932,5.507602945963583,7.474369303385458,1021.2085221354167,-9.011901100476583,337.94330218434334,565.5416831970215,19.119897460937523,10.552941894531273,14.856113688151064,68.10185114542644,42.15787025292715,4.833333492279053,13.966245629364844,9.762231795762197,6.3664655049641965,8.63460184733077,1021.188408203125,-8.755830883979797,305.9876963198185,502.6080109278361
2021-06-25,17.241601562500023,10.262750244140648,14.382522837320986,76.66527684529622,71.32592608282964,1.576388903427869,17.225973860266986,11.220950672830789,7.007727559407556,10.269975280761741,1018.0734733072917,2.48601034283638,95.02553590138753,370.82202498118085,15.899346923828148,10.530114746093773,13.651409403483095,81.34629599253337,67.34861113643274,30.701389133930206,16.44177146256663,11.191159840087598,7.233169809977255,10.370357767740927,1018.12509765625,6.3038726610442,83.63529696067174,294.7703677813212,17.935296630859398,10.885003662109398,14.474502817789736,80.10694471995036,91.87222226460774,13.645833240821958,14.855915411730077,11.359889225154499,7.348073577880882,10.970176951090536,1017.4357649739583,0.8369050721327463,110.57018445804715,348.9474353790283,19.681817626953148,10.384454345703148,15.384745534261091,69.46064774195354,54.72314824350178,5.951388888061047,15.260839430834858,9.1510337218801,6.89279454549154,9.574152882893884,1018.8358658854168,-5.245037450144689,268.8632209052642,420.7352020740509,16.970635986328148,11.073876953125023,14.304607645670595,81.00694402058919,91.10138909022014,6.736111093778163,18.20969575223248,12.154262932247855,7.25739440917971,11.007292683919275,1017.2519694010417,2.8469164135555425,90.48131546502312,365.6283795038859,16.895043945312523,11.118280029296898,13.960819498697939,78.24629751841228,92.95601892471313,5.499999971129,17.3184517146901,12.184936614441591,7.238019561767601,10.094506835937523,1017.9699381510417,5.598318067689736,72.20916809141636,364.5323537190755,17.427636718750023,10.938928222656273,14.539605712890648,78.64768505096436,86.51203652222951,5.284722208976746,17.99261924608415,11.93463820702317,7.501635487874353,10.825667317708337,1017.4048274739583,-0.3173612356185913,104.67390871917208,365.4856793085734,17.808892822265648,10.918328857421898,14.155924733479841,79.85092624028523,90.2416672706604,17.041666582226753,16.72242153566876,12.714291031193822,7.349858856201195,10.543753560384118,1017.2455533854168,4.826885566115379,88.39466707656781,379.8089590072632
2021-06-26,18.023583984375023,14.023919677734398,15.990519460042341,90.2958345413208,92.09768565495808,66.34027755260468,13.373869158089065,7.922070366810087,7.991409556071005,14.364087677001976,1018.598740234375,-7.3252687354882555,128.08246456086636,237.07995669047037,20.851525878906273,14.152124023437523,17.341072336832706,83.50277678171794,98.19722143809001,27.569444313645363,8.385195438479059,6.1541048455885,8.270948028564476,14.301812744140648,1018.29298828125,-15.327413216854135,183.07952079176903,360.5036555926005,19.095269775390648,14.101037597656273,16.641308085123722,85.6787036259969,92.7449065844218,40.034722328186035,11.697243495527163,7.741036403413674,8.143547312418661,14.15836105346682,1018.638447265625,-11.784432843327522,171.44097808500132,315.6451587677002,19.881402587890648,14.227136230468773,16.589252726237003,88.87360986073811,99.05555566151936,73.79166686534882,10.190846290585942,6.319996589887601,8.3077382405599,14.625273640950525,1018.1457259114583,-13.007586379845938,156.50429502129555,276.2380663553874,19.872186279296898,14.109094238281273,17.157244618733746,84.40601921081543,89.69861054420471,52.388888627290726,12.1434075884334,7.6512494675871565,8.366382853190146,14.398683166503929,1018.6103125,-16.38572485744953,247.5944841603438,389.36110814412433,19.129602050781273,14.143090820312523,15.780201212565126,89.13240750630696,99.31388918558757,27.43750011920929,10.576283628054693,5.960762705693026,7.653777058919275,13.9114814758301,1018.4942610677083,-8.65992611212035,94.43844306717317,249.88477039337158,20.238916015625023,14.543420410156273,17.46298751831057,83.88240655263265,92.07036956151326,39.17361152591184,14.420427915174203,7.576630684035603,8.515194193522177,14.590935007731161,1018.70337890625,-17.32480705777804,255.45502010484537,378.39820098876953,19.347680664062523,14.420861816406273,16.72181854248049,87.87500063578288,96.56018511454265,66.11805471777916,10.446304720385466,6.1123376209300675,8.265171305338583,14.629834747314476,1018.59521484375,-13.54210623105367,185.75683576365313,264.258372147878
2021-06-27,24.489587402343773,15.028009033203148,19.273601786295597,81.21064710617065,92.80972226460774,125.04861116409302,14.71592508378588,11.489944206205564,10.737152353922568,15.543213144938193,1016.1632682291668,-18.29505983988444,283.7597802033027,450.93116664886475,24.201013183593773,14.665643310546898,19.03255360921226,81.5305552482605,92.26481437683105,191.1805534362793,15.05280347227414,11.970083787230926,10.176997121175134,15.428684488932333,1016.033720703125,-21.484492242336273,273.4737034291029,463.24856328964233,24.586267089843773,14.951501464843773,19.193907674153667,81.4722228050232,82.47824064890544,126.31250047683716,15.61337364340648,11.411925186687702,10.582157389322958,15.541463470459007,1015.9694401041667,-18.23468319574992,287.743405431509,464.1237721443176,24.851770019531273,14.609796142578148,19.25299987792971,80.17777808507283,66.35416730244954,117.11111068725586,15.754442645194349,12.822980976804715,10.365220642089866,15.31776072184249,1016.1992578125,-21.909656484921772,295.40248052279156,511.3556079864502,24.513513183593773,14.855065917968773,19.15419667561851,81.10139004389445,72.92129564285278,118.9861114025116,14.134699827107152,11.594522437895941,10.331276194254599,15.425771331787132,1016.1979036458333,-18.517436385154724,283.45674295226735,447.65720017751056,24.937219238281273,14.902490234375023,19.277098592122417,80.71527767181396,73.41018501917522,180.17361068725586,15.539277258577556,12.142159462523887,10.323237355550134,15.4562812805176,1016.5315983072917,-19.147858421007793,286.5909376343091,490.2597104708354,24.516900634765648,14.832269287109398,18.830454762776714,82.79768546422322,77.35046354929607,88.43055534362793,16.65931339479579,12.685722561359148,10.39783884684249,15.46493810017904,1016.1488248697917,-16.937477866808575,281.2275387495756,467.45369752248126,24.418969726562523,15.178613281250023,19.365993754069034,80.47685241699219,84.53611119588216,151.91666793823242,15.723018531852183,12.547335966753906,10.467786407470726,15.479346211751306,1016.3164192708333,-17.468944489955902,291.9918557951848,495.08055845896405
2021-06-28,22.448999023437523,16.361352539062523,18.690122222900413,86.3351837793986,90.79305617014568,208.27082920074463,11.156093239777551,8.221271386000494,11.067432657877646,16.246029154459677,1014.9257845052083,-5.345329488317172,161.68873917063078,263.8808658917745,23.097619628906273,16.226922607421898,19.314599609375023,85.25277837117513,92.3671293258667,228.10416984558105,9.32768057094527,5.244954135841395,11.768416341145837,16.594907379150413,1014.7500065104167,-11.34610159198443,207.7247186601162,237.72941478093466,23.459924316406273,15.524560546875023,18.801216379801456,86.05046208699544,91.93009217580159,126.68750381469727,10.87077551768599,8.010906517780244,11.11649093627932,16.256735738118493,1014.8362825520833,-5.732299456993739,181.11063204705715,267.8654673894246,23.554284667968773,15.822991943359398,19.326160685221378,86.40694459279378,94.80416679382324,306.89582920074463,9.394287449915346,7.047502255346181,12.022063191731775,16.750268554687523,1014.059794921875,-11.281909535328547,209.69110692540804,296.7806719144185,22.315820312500023,15.401696777343773,18.206255849202496,88.07731596628825,87.98796351750691,174.95833349227905,11.737072984001536,7.369846457347773,11.145918782552087,16.070628102620446,1014.843701171875,-5.98842207590739,159.51266532639661,223.6972074508667,23.149438476562523,15.755914306640648,19.35496037801109,85.26388804117839,90.06250071525574,270.4305582046509,10.870846128322027,7.305318455127313,11.978072102864587,16.621228790283226,1014.9405729166667,-11.037517031033834,221.11152379214764,280.05160331726074,22.358178710937523,15.055078125000023,17.573332722981792,90.46110979715984,92.02777862548828,136.21527671813965,13.20734177075463,8.152873204186394,10.99518737792971,15.891243235270224,1014.4469791666667,-1.318561814725399,141.8008533169826,216.32329758008322,23.125024414062523,15.964532470703148,19.251790618896507,86.16064707438152,89.193519115448,201.64583492279053,11.193159128869631,7.96917615617595,11.634497578938806,16.707275644938193,1014.597890625,-12.366571394105753,239.74827784796557,287.38333384195965
2021-06-29,20.696435546875023,15.170800781250023,17.5838930765788,85.6486104329427,96.24860986073811,68.47916555404663,19.643694833941012,10.933198200096527,10.15882263183596,15.06426900227865,1013.1706673177083,-8.52390424410502,225.36852458119392,421.54393243789673,21.719079589843773,15.313378906250023,18.146905517578148,83.87222162882487,93.9148136774699,231.59027290344238,18.232963381858994,10.9556043717781,10.787536875406943,15.206079101562523,1013.8803385416667,-9.671921451886496,267.54770126442116,414.8913833300273,19.278710937500023,14.792718505859398,17.187200164794945,85.73842652638753,92.61805486679077,48.24999976158142,19.140032554861186,11.329632399200051,10.440914408365927,14.674668884277366,1012.95115234375,-5.498788475990295,184.61670637627444,414.9338674545288,21.508813476562523,15.110131835937523,17.49658864339195,87.41342576344807,96.96018568674724,184.92361068725586,16.81570846198356,10.710912357214125,10.970202382405603,15.26774622599288,1013.867421875,-2.5783402621746063,186.7529269605875,351.6300435066223,20.346124267578148,14.970941162109398,17.198873138427757,84.85972277323405,94.4296293258667,33.21527802944183,20.248915809869846,12.123752486438972,10.450074768066429,14.52119852701827,1012.657744140625,-4.594179670015971,215.02190386752287,454.1819208463033,21.664147949218773,15.347619628906273,17.981137847900413,85.8828706741333,95.38425922393799,216.55555534362793,19.309846736417587,9.61638727595472,10.528293863932333,15.43306376139327,1013.57630859375,-8.622886538505554,231.67294684052467,372.6909073193868,20.454980468750023,14.849969482421898,17.02832946777346,86.18333276112874,95.28286997477214,7.388888813555241,19.84293797842035,11.987770299650776,10.340910847981775,14.599610900878929,1012.41984375,-2.5441030263900757,184.04955324530602,453.19825490315753,20.861108398437523,14.622216796875023,17.324767049153667,83.37407366434734,93.00509325663249,162.49999904632568,19.339207545095345,11.558289771110408,9.965529378255212,14.340263621012411,1013.8521516927083,-7.830892880757649,223.43216879169145,433.48827266693115
2021-06-30,16.528222656250023,14.013452148437523,15.013750966389997,84.66527716318767,98.91342576344807,30.368055522441864,18.37526205222649,14.099129620761992,8.30678202311202,12.385160064697288,1013.6003352864583,6.511156198491032,123.79744105165203,570.1327514648438,17.725610351562523,13.606958007812523,15.306698099772158,81.13472175598145,99.22638893127441,107.89583158493042,17.300591415271718,13.811093057181603,8.397322591145837,12.01581980387374,1013.110966796875,4.652443636053552,149.14446046948433,583.7213096618652,16.336480712890648,13.336419677734398,14.7393254597982,84.3958330154419,99.98796272277832,29.840277791023254,18.350230969708967,14.975669527235338,7.800776418050134,12.08060226440432,1013.1526236979167,7.057408000032107,94.44307532161474,622.7279218037924,17.202325439453148,13.810845947265648,15.262072499593122,78.36805661519368,98.00000031789143,64.02777791023254,17.198093856793,13.730049908362815,8.177487945556663,11.466289774576865,1013.2403059895832,4.183342347542445,148.1866288955013,640.5046056111654,16.337182617187523,13.135095214843773,14.5563789367676,85.8412036895752,99.91018486022949,50.88888889551163,19.33819171533013,14.589326495079865,7.2962750752766965,12.155928548177087,1013.0299674479168,6.96699337164561,116.02044554209958,583.5344886779785,15.491571044921898,13.780053710937523,14.699768320719423,84.20277945200603,98.78055540720622,53.722222328186035,17.34935600567642,13.57962360422134,7.50589269002279,12.042034403483115,1012.7895345052083,10.474337105484059,66.65705438579123,526.6075871785482,17.028497314453148,13.438104248046898,14.881222025553408,85.35787041982015,97.40601984659831,184.79861110448837,19.675317383992375,15.226863902468915,6.673396046956384,12.347525533040368,1012.5483203125,6.178813606500626,155.59883747870722,647.501791636149,17.502679443359398,13.663964843750023,15.537321980794294,78.82268365224202,99.8027769724528,22.18750011920929,18.2063397130247,14.916649153287315,8.209110514322958,11.81656417846682,1013.3434244791667,1.3386511206626892,177.82227823634943,692.1176973978678
2021-07-01,19.275170898437523,13.131158447265648,15.884976959228538,85.12685171763103,81.09537069002788,294.7708339691162,18.100480830949365,16.046855895312678,8.527893320719443,13.319617207845056,1014.0470247395833,-11.192457430423625,194.49905356019735,542.8274688720703,19.572198486328148,13.325860595703148,16.514417266845726,79.83935101826985,67.07129669189453,43.73611080646515,17.38566772122737,15.08491456186878,9.223661041259788,12.880693054199241,1015.0797688802082,-11.81830104192098,290.68408871690434,598.7220815022787,18.474542236328148,13.328729248046898,15.904501851399763,84.20694573720296,86.74536975224812,51.91666781902313,18.933686336611615,15.926547807793268,8.894011433919275,13.165554300944052,1013.9730631510417,-11.136609375476837,230.8067713206013,569.5870526631674,19.095635986328148,13.347009277343773,16.21624399820966,80.18796253204346,88.04490693410237,41.74999976158142,16.48497494056944,14.910511037955631,9.014493560791038,12.674181874593103,1014.3974674479167,-10.039070924123129,232.18816843132177,622.207145690918,17.404565429687523,13.464379882812523,15.455036417643251,84.92500019073486,96.60555521647136,27.298610985279083,17.125874218892037,15.121465440023412,8.983467356363974,12.895340220133505,1014.2741015625,-6.3068214654922485,138.69955809041858,538.8991966247559,17.253472900390648,13.822595214843773,15.481439208984398,86.45092455546062,99.56388886769612,81.38194417953491,20.255392163834433,17.38144417185771,8.678200022379599,13.210268910725915,1014.92646484375,-2.999926875034968,95.9619639068842,566.0435307820638,17.155328369140648,13.131005859375023,15.059463755289736,85.72731431325276,96.520370165507,35.854166746139526,16.517162542564087,14.250775578226675,8.64360071818038,12.58924001057943,1014.7195930989583,-3.984911859035492,133.02640573804578,532.9371802012125,18.590905761718773,13.531152343750023,15.675505574544294,84.4652779897054,93.74537022908528,258.7986116409302,21.434248774763887,18.00379853488194,8.370292917887411,13.025820668538415,1014.6302962239583,-6.088296021024386,167.20222199459872,597.981517791748
2021-07-02,19.880273437500023,14.266992187500023,16.78692270914716,79.74583260218303,70.38333352406819,14.72222238779068,11.174242628658773,8.045394154203423,7.554013824462913,13.021034495035849,1016.771083984375,-14.779040691753229,254.8856436908245,492.4590671857198,19.494592285156273,12.989007568359398,16.26626358032229,75.51759243011475,42.70694420735041,299.01388931274414,14.244974870795984,9.41917067921534,7.6482343037923215,11.542759195963583,1015.2741015625,-8.687310218811035,305.26232166588306,478.65346415837604,19.765710449218773,13.687615966796898,16.762015279134136,78.29444297154744,58.05833379427592,15.833333432674408,13.60159563048431,8.94359645593236,7.591695404052757,12.657772318522177,1016.7134635416667,-14.987350642681122,297.5083532979091,508.63507318496704,19.837426757812523,13.427758789062523,16.552293395996116,75.16064818700154,59.59722283979257,69.26388835906982,13.865156742336776,9.743092333305727,7.0514630635579465,11.76655985514327,1015.0677376302083,-10.14383371671041,328.23971734941006,539.0863663355509,19.821618652343773,14.394067382812523,16.611842091878277,82.39351749420166,67.20925966898601,21.666666835546494,12.125569733251186,8.95667696276539,7.372182464599632,13.384543355305993,1016.5408723958333,-16.283513565858204,270.4333902498086,485.68918736775714,19.850732421875023,12.825494384765648,16.60810241699221,75.42129739125569,55.92777808507284,31.833333253860474,14.426924510227165,8.556969676671075,7.503968811035179,11.840577697753929,1015.9634798177083,-12.881703679760298,321.8729272733132,501.1636287371318,19.911035156250023,14.518182373046898,16.540111796061222,83.41296259562175,74.62268543243408,9.638888886198401,12.764375113247544,9.084514569433031,7.6947863260905365,13.502462005615257,1016.3612272135417,-15.845028833175698,251.41664490600428,443.8702301979065,20.051629638671898,14.033654785156273,16.95524113972984,77.37407223383586,66.80138834317525,55.38888907432556,11.984101864646542,7.929205127710588,7.537905629475915,12.577652231852255,1016.1685188802082,-16.265207320451736,315.5717026889324,520.935560464859
2021-07-03,23.468286132812523,13.111016845703148,17.62477900187177,78.38564904530843,85.84814691543579,63.50000083446503,10.003635938967308,7.071571003838908,9.334999338785849,13.504757181803427,1015.236923828125,-13.254769166310629,272.89542296528816,371.7360472679138,22.372735595703148,13.758142089843773,17.739825185139996,81.44120375315349,88.68333307902019,68.53472208976746,14.923271959010252,8.554937030205565,9.44096399943038,14.307008361816429,1015.3558821614583,-10.020215034484863,240.8277790248394,314.49820295969647,23.524499511718773,13.099877929687523,17.604168192545597,79.38286987940471,80.25601800282796,49.743055522441864,11.01424592450885,8.643592655348682,9.482788340250693,13.684617614746116,1014.5158984375,-10.710254669189453,234.27836620807648,360.06962807973224,23.238854980468773,13.362817382812523,17.445310211181663,80.08425919214885,82.78148078918457,53.548611640930176,11.47709391784744,7.5663122555442675,9.208109792073571,13.660274759928427,1015.3241927083333,-10.131401896476746,255.7880563835303,353.99278513590497,23.753564453125023,13.064569091796898,17.61903533935549,79.95138931274414,78.61342589060466,46.93055611848831,13.23712302864293,9.66816207328771,9.572217559814476,13.789446767171228,1014.606181640625,-11.676108598709106,254.99362728496394,384.4636875788371,21.606683349609398,13.554833984375023,17.639423624674503,82.08564885457356,90.85462888081868,83.50694489479065,10.92143690717305,7.440132948641825,9.376557922363304,14.407131449381552,1014.8668424479167,-10.663495500882467,235.3158877491951,282.0353280703227,21.930688476562523,13.380426025390648,17.118585205078148,82.1430557568868,89.76759258906047,41.493055602535605,13.397514386589815,8.767356181510479,9.51652297973635,13.856384531656943,1014.8047688802083,-5.148591955502828,165.62886595229307,256.50385936101276,23.016656494140648,13.288629150390648,17.71737696329755,80.09351778030396,92.41342480977376,41.88888865709305,10.382396883652088,6.578761572578823,9.343582407633505,13.99894739786788,1014.9731705729167,-12.227155129114786,243.89725749691328,311.33395942052204
2021-07-04,19.666162109375023,14.872338867187523,16.845736440022808,91.43101787567139,87.88101943333943,479.5763874053955,8.595255487112146,6.672311342643527,9.023882802327478,15.38136698404952,1010.1459537760417,-3.4731623654564223,176.16498403747877,244.84012985229492,20.058526611328148,15.428430175781273,17.79335683186851,88.44583288828532,96.65185165405273,365.5138883590698,8.472957955016128,4.2858381270919415,9.39118092854818,15.75440114339193,1010.1789290364583,-7.921351005633672,189.47520034760237,289.12518135706586,19.021691894531273,14.783380126953148,16.706168111165386,90.93703746795654,85.84768501917522,411.8958339691162,10.535141923409245,6.737467211994736,9.17029469807943,15.174005126953148,1010.11484375,-3.17150608698527,160.14096534003815,242.2535484234492,19.791864013671898,14.872216796875023,17.204831695556663,88.10277652740479,91.82962862650554,251.93749809265137,11.348727478374714,7.776323514399723,9.125737762451195,15.120573933919275,1009.7608138020832,-4.261137088139852,190.02148015797138,291.2514873345693,19.404595947265648,14.642144775390648,16.326270039876324,90.94490814208984,93.9236117998759,278.9930543899536,12.864673906532659,6.821686636325956,8.870799001057946,14.802498118082724,1009.9374479166668,0.5505931824445724,138.7467223679026,224.57955392201742,19.616265869140648,14.361199951171898,17.239433542887394,86.41574064890544,94.85648091634114,326.99305534362793,11.03972581287631,7.4297696873060906,8.854531860351585,14.825008646647177,1009.99552734375,-5.8768325845400495,228.05311023195586,330.80598640441895,20.570123291015648,14.666345214843773,16.811360931396507,87.44629669189453,94.65648047129314,91.26388800144196,13.204004944261483,7.096793541557989,8.793302154541038,14.610298411051474,1009.9036197916668,-3.048313687245051,187.333646034201,287.7975247701009,19.902947998046898,14.102288818359398,16.733260091145855,89.42083390553792,89.84675947825114,300.10416412353516,7.862130146265227,5.912920431327031,8.970454152425134,14.888153330485068,1010.017158203125,-3.311159918705622,182.49579183757305,251.52228077252707
2021-07-05,19.792871093750023,13.716638183593773,16.749375915527366,78.80740610758464,71.77129658063252,156.3680558204651,22.723703720181188,15.489275367394887,7.310052490234398,12.721004740397177,1008.051171875,-8.271128115554651,311.5682385886709,712.62016137441,19.675561523437523,13.991967773437523,16.663931783040386,80.83287000656128,80.5583332379659,633.1805553436279,24.987153691951956,15.761049800532449,7.40827585856124,13.076759592692099,1009.37953125,-5.4510953823725385,252.34479339172444,689.4146463076273,18.958551025390648,13.524713134765648,16.21054611206057,82.59351762135823,88.82870229085286,109.21527767181396,21.80825265398128,14.593672191122003,7.4767560323079465,13.031901295979821,1008.1925260416667,-1.9646990895271301,220.3218320955833,573.7251602808634,18.487756347656273,14.392480468750023,16.57384770711265,82.75972143809001,86.25000063578288,524.6875038146973,22.316767137061365,13.247409189461527,7.481801605224632,13.47188212076827,1008.9117057291667,-5.012777994076411,234.17360667387644,577.5893245538076,19.233331298828148,13.401635742187523,16.236553446451847,83.02638943990071,88.4416659673055,80.05555629730225,19.329240659725997,13.843068293573234,7.609043375651083,13.151869710286462,1008.0706380208333,-4.493092944224675,240.7424077143272,587.5339336395264,18.748803710937523,13.403436279296898,16.02242177327476,83.58194382985432,78.65463161468506,452.8680591583252,21.21917813815941,13.249835560434633,7.0771893819173215,13.086760457356775,1008.8308528645833,-3.0031450589497886,246.9451640844345,535.1277586619059,17.374017333984398,13.534295654296898,15.389663950602236,86.47499942779541,91.1379640897115,15.04861119389534,18.840064271738765,13.50945759831968,7.5181073506673215,13.05695495605471,1008.2807454427083,0.7842056552569071,156.10868851840496,474.6394987106323,19.657006835937523,13.619897460937523,16.501565551757835,78.61157449086507,68.1935183207194,221.5902795791626,22.72048321639638,14.505153010480221,7.016867574055993,12.445953623453818,1008.3386946614582,-5.622844258944194,284.85820479442674,643.0657887458801
2021-07-06,18.793115234375023,15.702813720703148,17.41739679972333,77.4703704516093,75.28981419901054,61.22222197055817,36.66399862763932,28.340662131658927,7.990553792317712,13.297378794352255,1004.3100846354167,-9.28489636319379,248.0489477875332,1114.210605621338,20.452935791015648,16.131066894531273,18.090374247233097,74.98564942677815,76.2393517990907,196.56944370269775,33.38917023941924,26.44388771042452,8.135268147786462,13.318767801920615,1004.6745572916667,-7.5654168625672655,233.68988745907942,1168.1315091451008,19.027764892578148,15.347833251953148,17.170434570312523,78.5416669845581,77.85879641771317,64.05555582046509,35.196340017735416,27.25201801504487,7.780141448974632,13.244004821777366,1004.5680989583333,-6.982117431238294,238.3120529986918,1086.6514930725098,19.416680908203148,15.762445068359398,17.725022888183616,77.60277938842773,77.1666669646899,167.11805772781372,33.33147526835721,28.225248853455316,8.251519775390648,13.585698699951195,1004.7083561197917,-8.534887632975975,240.39107045779625,1138.1793835957844,19.498010253906273,15.447442626953148,17.146774546305362,79.07777690887451,67.61759328842163,89.03472137451172,38.34886499532485,26.548646833131347,7.576043701171898,13.263748423258505,1004.3714029947918,-8.635097106297811,294.4040407811602,1070.6859181722004,18.791986083984398,15.372583007812523,17.116872406005882,80.11481348673503,75.61018540461858,146.9930543899536,38.036214371708766,28.917160076607228,7.86892979939779,13.517718251546228,1004.7756217447917,-4.3055130044619245,190.70846150939664,1100.3144493103027,19.038873291015648,15.527795410156273,17.023069000244163,79.64305480321248,68.76851848761241,51.6597218811512,37.56706799783193,26.807117851194203,7.392401631673181,13.275257364908896,1004.2895149739583,-7.116379181543986,284.646960131824,1061.6381429036458,19.547326660156273,15.225000000000023,17.442035929362003,78.04722197850545,74.12546307841937,52.92361080646515,36.514585912720285,27.99885903303534,7.9611920674641965,13.395833587646507,1004.926484375,-11.176874498526255,263.59917057305574,1105.5838584899902
2021-07-07,19.584039306640648,12.670922851562523,16.461399332682316,75.80138889948527,47.869444474577904,71.28472352027893,23.371584413393244,17.74760816313481,6.7532885233561615,12.058511352539085,1013.6577766927082,-4.683789203564326,245.38041277974844,740.8519563674927,19.799279785156273,13.254571533203148,16.868731435139996,75.22407404581706,37.93009271721045,84.88194441795349,23.57928638972857,15.748343752421668,7.011707560221396,12.2534004211426,1014.1778515625,-6.4144953191280365,259.3259090060989,709.5397742589315,19.370874023437523,12.596337890625023,16.530599212646507,74.77685197194417,52.02777772086362,30.791667103767395,24.274719798033395,17.288737604326922,6.812121327718103,11.925466156005882,1013.6988248697917,-4.734949221213658,240.2823536892732,713.4904901186625,19.485559082031273,13.634820556640648,16.78323898315432,75.48009379704793,45.17962980270386,94.34722232818604,22.64829595453817,16.96592337444319,6.682331339518271,12.22159347534182,1013.6195442708333,-6.467849334081014,256.89596820871037,743.9534118970236,19.403466796875023,13.317529296875023,16.382742818196636,73.44305531183879,63.53425818681717,16.173611223697662,23.04783087918835,16.48275995880388,6.4922716776530365,11.53590799967452,1013.3723079427083,-2.316903983553251,211.34733391801515,721.6266669432322,20.191552734375023,13.287591552734398,16.662460581461612,74.82268571853638,42.93472174803416,117.02083158493042,22.460427004296935,16.557252780843427,6.581957753499353,11.941314951578818,1013.6774837239583,-6.755235403776169,275.1648005247116,746.8510296344757,19.511254882812523,12.829797363281273,16.321792856852237,74.10972181955974,50.090741535027824,10.166666641831398,22.398028742921998,15.850295529315789,6.559747314453148,11.619755045572958,1013.3753287760417,-3.750560442606608,242.53007649381956,664.1084438959757,19.962579345703148,13.010125732421898,16.51072209676109,76.27361011505127,50.49490741888682,78.75,23.42353230460904,16.456824301827726,6.745971934000693,12.176800028483115,1013.56888671875,-5.619256258010864,226.7197374155124,714.3380904197693
2021-07-08,21.805566406250023,13.018640136718773,17.436452484130882,72.9861102104187,42.34120288491249,18.479166567325592,12.784843330424602,8.92282937721931,7.391302998860681,12.20972849527999,1019.5582552083333,-12.835695584615072,315.1800445045034,497.4990619023641,20.092401123046898,13.814569091796898,17.25556844075523,80.96157391866048,59.10046339035034,128.61805725097656,10.47527456800249,7.945516343401265,8.272437032063806,13.86613235473635,1019.4410774739583,-9.120668371518454,287.2464035352071,339.2204053401947,21.304711914062523,13.303582763671898,17.313770548502628,73.03796354929607,22.777315119902294,33.50694394111633,11.309905037783977,7.433412261147474,7.215725199381552,12.210195159912132,1019.6489192708333,-10.332360883553823,310.1911512191097,461.24694506327313,21.234979248046898,13.763452148437523,17.60040690104169,78.77453883488973,78.16064810752869,65.96527874469757,8.246896652310083,5.2651075884663285,8.215737915039085,13.709584808349632,1019.724375,-9.158999671538671,242.48616683731476,307.20498553911847,20.965844726562523,13.390161132812523,17.328637695312523,72.69120407104492,35.859259217977524,6.124999955296516,12.957393886357258,8.912762892048942,7.398258463541708,12.092149353027366,1019.654521484375,-10.83383047580719,303.9087937970956,491.37434418996173,21.831903076171898,13.068750000000023,17.599214172363304,71.67546367645264,52.817594051361084,23.513888955116272,9.837261578418728,8.630888623305275,7.605185445149743,12.101925150553427,1019.4408365885417,-12.979655047257742,299.0475006202857,468.5132291316986,20.990014648437523,13.290124511718773,17.26117095947268,72.08518505096436,35.468518575032554,0.9374999972060323,14.111328237002205,9.003841715749978,7.2642074584961165,11.907192484537802,1019.7190266927083,-10.828937113285065,314.7116685733199,481.8318498134613,21.485864257812523,13.298425292968773,17.460374450683616,72.31712992986043,40.32083328564962,22.06249976158142,10.576805749251603,7.32422514922241,7.395691172281943,12.133404032389365,1019.7058951822917,-10.549934347470602,285.6632776831587,456.3042480945587
2021-07-09,20.683343505859398,13.794427490234398,17.51589101155601,74.88333336512248,33.49212886889776,17.76388880610466,11.69853834416723,6.249320042652465,8.076184844970726,12.814797973632835,1020.8341471354167,-8.176511486371359,296.7417163550854,387.33767608801526,21.047509765625023,14.133752441406273,17.810984547932964,74.91203753153484,28.60138883193334,29.965278029441833,13.102439654394548,7.0016784107643515,8.398559824625693,13.082798258463583,1020.6634993489583,-9.015227446953455,297.5024131337802,424.8242652018865,21.350000000000023,13.759545898437523,17.552915191650413,75.5004612604777,21.571296364068985,2.7916666734963655,12.214351989744767,7.950326279037071,8.10113423665365,12.886291758219443,1020.6152018229167,-9.551215708255768,315.0348698794842,476.84422461191815,21.182824707031273,14.034631347656273,17.6633608500163,76.19861189524333,29.112963311374187,55.64583396911621,15.198855750958392,9.140825776404691,8.001976267496786,13.129449462890648,1020.7012630208333,-8.824460049470266,304.3617785796523,499.5019594033559,21.241754150390648,13.721124267578148,17.470004018147808,75.11064910888672,33.74768590927124,1.541666692122817,13.01074208015157,9.18357655359454,7.940040842692099,12.719397481282556,1021.0003385416667,-9.252072850863138,326.894129820168,486.8582413991292,21.288629150390648,13.764886474609398,17.592249806722027,75.18055597941081,23.220833381017048,14.729166686534882,14.176701672526391,9.23447488360206,8.091544087727868,12.847746785481775,1021.120830078125,-8.76454359292984,311.2904641330242,476.8384901682536,20.881219482421898,13.562982177734398,17.232719675699894,76.19675922393799,31.020832896232605,1.9236111240461469,13.186692197780602,8.98334633040435,7.6493761698405365,12.721770222981775,1021.11513671875,-7.457005500793457,314.7554043630759,483.5711161295573,20.596459960937523,13.705529785156273,17.36423263549807,75.92824045817058,18.77083372278139,14.979166738688946,13.929056435707842,7.6220066388925884,7.9578656514485715,12.905145263671898,1020.893515625,-7.886085460583369,301.60136873523396,413.49498351414996
2021-07-10,20.756738281250023,14.083306884765648,16.767577107747417,82.18935219446819,92.35740693410237,43.63888901472092,8.948729541858294,5.94556736790463,8.041616058349632,13.491985575358115,1016.4970475260417,-2.317823847134908,184.40633202095827,324.7349133491516,20.246728515625023,14.439874267578148,17.233819580078148,78.51250076293945,92.89768568674724,58.24305558204651,10.259324354219116,6.62771780114542,8.436377461751306,13.24594650268557,1016.663955078125,-4.673762838045756,194.4531653250257,350.0444576740265,21.100000000000023,14.124780273437523,16.69197235107424,81.837499777476,92.89212958017985,35.83333347737789,9.199054158291911,6.41353218439227,7.830707804362021,13.304797108968103,1016.255654296875,-4.122501571973165,215.15285432338715,377.5660282770793,20.073999023437523,14.205560302734398,16.90817794799807,79.83472156524658,91.41296243667603,21.618055522441864,10.344345572791386,6.462778580872038,8.358604685465536,13.158706919352255,1016.5515885416667,-2.118965665499369,175.26046911627054,330.54394515355426,20.978204345703148,13.741601562500023,16.50053685506187,82.8032415707906,89.30277784665425,28.77083356678486,8.393295961337707,5.756248575353486,7.685180918375693,13.346318817138695,1016.6851171875,-2.8984247843424478,212.08820416033268,338.5385132630666,20.088220214843773,14.060113525390648,16.42067743937177,83.27268473307292,91.12083331743877,47.201389476656914,9.668863908823925,6.200202453846454,7.979329681396507,13.37586364746096,1016.4496549479168,0.16110241413116455,184.45379762599865,307.68246936798096,20.788415527343773,13.524316406250023,16.57536595662437,82.04629564285278,88.00370452801387,16.47916672937572,6.396236866602519,3.9761360260643954,7.47923304239913,13.274741109212243,1016.962080078125,-3.3290443817774453,204.34652296453714,319.51482550303143,19.361108398437523,13.827783203125023,16.085582987467472,87.15879599253337,91.20462934176128,64.61805501580238,8.541159384967898,6.019391553387312,7.842212931315146,13.841472880045615,1016.41302734375,2.8148580519482493,140.35038934648037,225.59728844960532
2021-07-11,19.792474365234398,14.497369384765648,16.857432301839214,83.5680554707845,86.98611036936443,96.61805582046509,11.721335040656578,7.463656510115041,7.891440327962243,13.897203063964866,1015.3016796875,-3.284603933493296,203.66138499851027,395.5706976254781,18.705560302734398,14.289331054687523,16.396334584554058,83.81574090321858,91.58240699768066,250.9930543899536,16.377829190946997,11.466771321939357,7.687015787760458,13.505916849772177,1014.3696061197917,-2.392253577709198,222.88459630434713,527.1377941767374,19.783319091796898,14.961694335937523,17.06144994099937,84.45972188313802,84.89814885457356,93.98611068725586,12.851812290230935,6.916071704881312,8.040334320068382,14.28040466308596,1015.2863151041668,-4.5150062044461565,224.8337042083343,371.4736473162969,18.805322265625023,14.188226318359398,16.228362019856792,83.61111036936443,88.49953715006511,211.95833683013916,15.322685137532257,9.957701668918808,7.4374315897624115,13.290846761067712,1014.400283203125,-1.5899318257967632,213.8096264960865,473.56988525390625,19.915429687500023,15.362939453125023,16.925916290283226,87.60324033101399,94.27546215057373,82.98611211776733,9.319654899650658,4.869907764035022,8.223744964599632,14.76212844848635,1015.587236328125,-1.6865070946514606,153.16798495904854,269.84527047475177,19.187219238281273,14.594445800781273,16.381969706217472,85.47546354929607,90.37963008880615,179.4930543899536,15.850141740465835,9.824850218432369,7.79264856974288,13.7920967102051,1014.515263671875,-1.9224602232376735,184.29942508538565,415.568724155426,20.780389404296898,15.400292968750023,17.41859588623049,85.79120413462321,92.17268530527751,33.91666668653488,10.789711850949546,6.6087652872210105,8.566955820719443,14.944946543375693,1015.6848795572918,-4.0693434079488116,164.497514312466,267.0872025489807,19.621606445312523,14.195062255859398,16.851289367675804,81.8212963740031,83.65231450398763,76.93055558204651,14.549051626201434,7.7132708584338685,7.763661956787132,13.53201828002932,1015.1894954427083,-5.144608656565349,219.35285143057504,434.9352321624756
2021-07-12,21.323907470703148,15.134179687500023,18.01865412394208,83.58935165405273,99.64166641235352,155.51388883590698,7.571715039432441,4.880531702374388,9.344948069254599,15.06684519449874,1011.3352311197917,-7.210573236147563,215.8127002939582,271.13563056786853,21.039453125000023,13.973931884765648,17.39038238525393,83.19398180643718,92.94814729690552,148.7847237586975,10.97101425224739,6.221616311080546,9.061008707682333,14.410482025146507,1011.3980794270833,-5.054480751355489,185.3625035112103,279.57988874117535,21.538873291015648,15.158685302734398,18.22915420532229,82.23749923706055,99.59953721364339,128.09722113609314,10.833832049063874,6.73517595546783,9.60447718302413,15.059348042805993,1011.400537109375,-7.3431757390499115,199.6187603957951,246.3150726556778,22.001641845703148,14.683343505859398,17.87251434326174,82.58009465535481,99.16990661621094,159.3055558204651,10.178448514111425,7.394623090687474,9.326987202962243,14.724453226725302,1011.1954329427083,-8.990968386332193,208.08486947789788,297.056329369545,21.574731445312523,14.564721679687523,17.54321441650393,83.31203746795654,99.7763884862264,46.63194519281387,8.98488520092791,5.837512205887774,9.094012196858728,14.536372121175134,1011.7588639322917,-4.489613940318425,165.00517033413053,255.69866947333017,21.945550537109398,14.660638427734398,18.37052179972333,80.16805585225423,99.1694450378418,144.39583492279053,8.37447457652486,5.237409843805818,9.270382181803427,14.721710459391318,1011.5113802083333,-11.19993499914805,225.1330676128467,348.3679102261861,21.890100097656273,14.742456054687523,17.68678181966148,82.02360979715984,99.58935165405273,28.67361082136631,10.452108936228633,6.858586969060917,9.150857543945335,14.425584411621116,1011.7971451822917,-5.366398016611735,174.31055526435375,276.0699602762858,21.539025878906273,15.012445068359398,17.887287394205753,83.44583384195964,99.97916730244954,97.63889002799988,8.049422126977309,5.810581219595751,9.395410156250023,14.924222564697288,1011.632451171875,-6.745192130406697,163.96081803863248,263.4380005598068
2021-07-13,17.913262939453148,15.764459228515648,16.654543813069683,93.45509243011475,98.30416679382324,108.80555534362793,13.433710039167625,8.895973728507995,9.8171211242676,15.57615687052413,1011.4200846354167,1.8374798732499282,40.685204474721104,221.75423947970071,16.571557617187523,15.971307373046898,16.333629862467472,97.08286921183269,100.0,444.7916679382324,19.340201395346718,14.468164939251517,9.675046539306663,15.854973093668661,1011.3052604166667,5.194294683635235,15.612925636426857,377.1637191772461,19.550866699218773,15.801477050781273,17.326922353108746,91.54999891916911,99.93240769704182,96.90972185134888,12.842116859823983,10.124232205259062,10.187842305501306,15.868520355224632,1011.0307942708333,-0.8235336244106293,98.75094525391857,257.7192579905192,18.623345947265648,16.501245117187523,17.257343546549503,95.04351838429768,99.77361138661702,250.18750095367432,16.58665600611404,11.657778479221136,10.09390792846682,16.437062835693382,1011.0430924479167,0.04044094681739807,43.86307462025434,279.85349400838214,20.169396972656273,15.743554687500023,17.650340016682964,90.21250025431316,98.13055578867595,70.38889026641846,12.840149746135527,10.412615732080564,10.544028218587243,15.940010325113974,1010.7267740885417,-3.793320099512736,152.47421905770898,285.9583724339803,17.347985839843773,15.358483886718773,16.1691350301107,93.90046342213948,99.22222264607747,144.20138835906982,14.524726715195909,9.828997799364389,9.15991872151693,15.149137115478538,1011.910263671875,2.9398687885453305,56.69085323934754,314.6068304379781,20.772241210937523,15.371759033203148,17.514412180582706,89.65555636088054,95.11990737915039,11.534722298383713,17.61333486203575,13.035120231395767,10.461026763916038,15.700138346354208,1010.9985221354167,-2.879504838337501,145.33963074535131,342.8356704711914,18.743707275390648,15.650018310546898,16.497158304850284,93.33703517913818,97.54444376627605,129.98611116409302,15.703077141865718,12.17904454806532,10.072409566243493,15.389554595947288,1011.3996744791667,1.9115488529205322,64.99938734434545,316.5865783691406
2021-07-14,19.593469238281273,16.079858398437523,17.56493784586591,91.55000019073486,96.06388918558757,26.861111044883728,29.291462272695238,20.1068670281967,12.131262715657556,16.12510706583663,1010.6941243489583,-5.066742232690255,104.79086870575945,419.0166155497233,22.072198486328148,15.584710693359398,18.12026240030927,85.1574068069458,78.57175886631012,185.08333158493042,23.726529527894026,18.834927203033438,12.447995758056663,15.384271240234398,1013.133486328125,-14.371809992007911,232.98295020808777,496.97581481933594,21.170983886718773,16.164514160156273,18.402813212076847,87.60879675547282,97.6111110051473,40.840277910232544,26.65108890924147,21.35605005323083,11.796858723958337,16.190469360351585,1011.0242122395833,-8.953984399636587,224.23833535425365,524.7560679117838,22.440515136718773,16.090539550781273,18.31532440185549,88.88240877787273,92.73981523513794,188.33333206176758,27.961751572963333,16.153352397235498,11.83093922932943,16.286860402425134,1012.6743131510417,-11.986203104257584,178.30864654108882,425.65174865722656,20.558557128906273,16.390985107421898,18.14860305786135,87.4254633585612,98.95879522959392,15.625000178813934,24.204217088784084,20.412689548161552,11.32425206502279,15.944214121500693,1011.8603743489583,-7.52061794201533,181.36340797009566,540.3161176045736,21.032006835937523,16.125238037109398,18.092558797200542,88.70509243011475,99.23981507619222,102.7777771949768,27.67308347222192,18.884084229725797,11.399157460530603,16.070640818278036,1012.0638509114583,-9.542587995529175,208.70557242135206,525.3205903371176,20.904809570312523,16.038842773437523,18.08008728027346,87.4120381673177,98.60786978403728,0.513888893648982,24.613735772400002,20.30801726875416,11.51602452596029,15.861222839355491,1011.6995540364583,-8.03630898396174,192.56344573261836,515.1646893819174,21.644036865234398,15.857110595703148,18.495132700602237,87.38888867696126,90.1527779897054,24.048611283302307,29.368079964718028,20.18787125735458,12.09941126505538,16.217702484130882,1011.0872981770833,-12.399479945500692,227.12059977278113,482.13415400187176
2021-07-15,17.554986572265648,15.913964843750023,16.77991129557294,92.25972270965576,90.8328709602356,50.541666550561786,28.715706157702037,24.296781691416697,11.971255238850915,15.510319010416708,1015.0862532552082,4.997130307058494,51.341054400118686,576.6358744303385,22.452966308593773,16.958337402343773,18.893692270914737,86.80324204762776,84.29351870218913,106.33333420753479,28.414646776775623,21.453560814900655,12.244866943359398,16.458782450358115,1013.9546940104167,-13.834417502085367,200.34147648978978,631.3675855000814,18.353265380859398,16.571099853515648,17.438887532552105,89.7240743637085,98.67129611968994,62.312500052154064,28.64030144914849,23.509320679327853,12.199773406982445,15.716990407307946,1015.2462109375,-0.3555670455098152,57.322574832709506,574.6936798095703,22.219689941406273,16.625024414062523,18.534260050455753,87.26574007670085,84.56018543243408,63.38888919353485,29.264392738453616,24.563627934097468,12.338750457763695,16.273310597737634,1013.9041276041667,-7.211845587939024,160.82392205794653,621.1725489298502,20.734307861328148,16.312707519531273,18.4119697570801,83.175461769104,76.26018583774567,18.270833572372794,27.172782807041624,25.12480020248388,12.442952728271507,15.373330688476585,1015.7565234375,-7.322849293549855,194.91202017540732,636.7337773640951,19.400231933593773,16.285424804687523,17.358663177490257,87.79722213745117,71.25324042638142,35.47916650772095,29.439455646848185,24.329268094080216,11.774316406250023,15.265384928385458,1015.5597233072917,0.939862534403801,124.31223845109344,610.8462969462076,21.408868408203148,16.260736083984398,18.59519475301109,81.55601851145427,71.00000079472859,5.666666515171528,27.489255576583737,25.621542924732807,12.297461446126306,15.227215067545615,1015.900458984375,-9.275332709153494,231.66270069405437,675.0008544921875,18.173730468750023,15.842034912109398,17.21286544799807,88.28518740336101,77.40462811787923,18.604166753590107,26.44139820291333,23.534717376827867,11.894687906901083,15.230903879801474,1015.8397135416667,1.5212290758887927,84.34864757210016,558.580394744873
2021-07-16,21.049645996093773,13.705651855468773,17.66007512410484,73.50509309768677,32.50000017384688,7.416666626930237,25.095182440497858,20.4301203118336,12.49531199137374,12.50306345621749,1022.2554557291667,-4.559666196505229,328.30243170882267,755.4207928975424,20.237512207031273,14.517236328125023,17.298786417643253,77.11342652638753,84.77685308456421,102.04166650772095,25.500933387693852,21.427077081758778,13.200287119547568,13.006160990397177,1021.4036490885417,-9.764749447504679,302.3620189490418,745.8372141520182,20.973352050781273,13.737817382812523,17.623005167643253,73.60462856292725,22.46990737815698,7.201388746500015,25.437342229170376,20.703539289059773,12.664113616943382,12.490069325764978,1022.2219889322918,-4.289704998334249,332.25098701938987,758.6165364583334,20.241265869140648,14.200677490234398,17.34354171752932,76.09212986628215,74.00231583913167,93.5069432258606,25.722026771146332,20.960533471243753,13.16834665934249,12.851375834147177,1021.5581217447917,-7.720062851905823,291.6940858575205,749.2071050008138,21.005212402343773,13.705346679687523,17.63927866617841,72.90833234786987,34.56250003973643,3.9930556416511536,24.01115655653232,20.09621223230549,12.903359985351585,12.362588500976585,1022.4473111979167,-5.900519092877706,331.05841134985286,745.9717292785645,20.697320556640648,13.542352294921898,17.430691019694034,74.01296297709148,21.772222111932933,26.166666984558105,25.5856122386492,20.77872715177224,12.467226918538415,12.43646138509115,1022.22755859375,-3.974353472391764,330.29937446738285,757.6031010945638,21.097894287109398,13.826806640625023,17.663878377278667,72.97453594207764,40.52175912509362,1.2986111212521791,24.082651765615118,20.120444656629648,13.19715016682943,12.40806605021163,1022.5471158854167,-5.919761776924133,325.9060404052337,707.8280016581217,20.869897460937523,13.527612304687523,17.501167551676456,72.99768463770549,20.538888602207106,7.5,24.89190447774889,20.290833551502512,12.3560780843099,12.269935862223349,1022.3604296875,-3.5973011255264282,333.74786945804954,761.0348154703776
2021-07-17,22.998956298828148,14.664086914062523,18.776624298095726,76.23148075739543,0.8319444488734007,0.0,20.84532906081632,16.017433804089226,13.793861643473349,14.035184478759788,1025.6657779947918,-11.671591838200888,326.7893354538828,558.5075276692709,23.036676025390648,15.472497558593773,19.020473734537784,76.13379526138306,30.299537579218548,8.000000238418579,21.967441229520677,17.86476553931073,12.999684906005882,14.38972880045577,1025.193583984375,-11.983017802238464,311.0537932291627,668.8048102060953,22.986169433593773,14.603082275390648,18.713588968912784,75.70926014582317,0.567129632535701,0.0,20.875202865895336,16.17760437956501,13.822819010416708,13.848510996500693,1025.6586197916668,-11.559702336788177,328.4565676096827,562.7467803955078,23.122796630859398,14.995568847656273,18.998916880289737,76.26064761479695,15.135648300250372,7.659722298383713,20.637965356663862,16.904745228113928,13.240989939371786,14.317146555582724,1025.1085416666667,-12.75472112496694,326.4432899542153,634.8184693654379,23.083062744140648,14.475946044921898,18.662969207763695,75.80648199717204,1.228703719874223,0.0,19.911793496732205,15.467451066374217,13.693943277994833,13.758379872639978,1025.7444661458333,-12.054311394691467,329.6333950801442,554.4399735132853,23.035058593750023,14.646569824218773,18.782888031005882,76.79166666666667,7.383333501406014,4.333333253860474,19.94002422464626,16.035960068515255,13.464803314209007,14.142984008789085,1025.290595703125,-11.90203575293223,326.9938113677005,590.1723117828369,23.258813476562523,14.583947753906273,18.729297892252628,74.1092602411906,0.9138889039556185,0.0,19.592490233275345,15.306011316932489,14.063344573974632,13.439906056722009,1025.7843391927083,-12.360957344373068,330.48399516381323,532.623317082723,23.162774658203148,14.661370849609398,18.844405110677105,76.27546469370525,1.474537016513447,1.3333333432674408,20.693984686909463,16.097322781104594,13.654780324300134,14.116380310058616,1025.6253841145833,-12.17859423160553,326.65122521358234,559.141429901123
2021-07-18,22.653192138671898,15.193566894531273,18.656037902832054,78.15416558583577,3.3296296124656997,0.0,20.1931814455718,11.827402603610613,12.514536794026696,14.463709767659509,1023.4552734375,-8.14829432964325,322.8634668029845,417.3578543663025,22.489221191406273,15.003198242187523,18.660413360595726,78.65000136693318,5.2518518717649085,0.0,17.695276658756466,11.874528288641846,11.985447184244833,14.559608713785849,1023.5593522135417,-8.240825692812601,321.2938165503244,460.34804916381836,22.901605224609398,15.120782470703148,18.7866518656413,77.27175871531169,3.409722122053305,0.0,19.55420550005748,11.630665207362876,12.589156087239587,14.397442118326865,1023.7206998697917,-9.135970075925192,323.2083568411569,406.4247501691182,22.356713867187523,14.996972656250023,18.54923019409182,79.05416774749756,5.912499959308964,0.0,18.09470303640407,11.872175405747228,12.005119578043661,14.557154591878259,1023.489814453125,-7.822905699412028,321.7425612844527,461.30760701497394,23.085229492187523,15.197320556640648,18.927224731445335,76.40833314259847,2.1143518441046276,0.0,20.053698287021444,11.794946474151269,12.723620351155603,14.353751118977868,1023.9003385416668,-9.635341127713522,323.7157355782886,392.06553713480633,22.431085205078148,15.001275634765648,18.54212341308596,78.78703625996907,3.5263889024887853,0.0,18.584781632674026,11.697990954526551,12.1545234680176,14.501016235351585,1023.3638118489583,-7.988306919733684,321.8233673013747,437.2016185124715,23.157983398437523,15.289483642578148,19.072793579101585,75.92963027954102,1.7027777874221404,0.0,19.805582273577517,11.94647359466577,12.866203562418661,14.365249888102255,1023.9622200520832,-10.273740331331888,324.3127279517551,389.9163388411204,22.540521240234398,15.135675048828148,18.555135345459007,78.22314818700154,1.9370370339602232,0.0,19.74516935130857,11.714599103001177,12.355930582682333,14.37762349446615,1023.2158658854167,-7.764532089233398,322.8888117708266,416.01406240463257
2021-07-19,20.372247314453148,14.125634765625023,17.281568145751976,77.8527790705363,34.25138853800794,0.8194444309920073,15.788575999302003,10.808543103061103,9.012016550699911,13.111932373046898,1022.3660026041667,1.4690285523732503,230.29920264395574,529.8879909515381,18.664849853515648,13.326257324218773,16.2066474914551,72.62546284993489,28.355092803637188,0.11805555643513799,18.12316940280881,13.74045373113177,8.0583320617676,10.961686706542991,1022.2758528645833,3.897960444291433,264.54707291163504,775.4679311116537,20.835198974609398,14.201409912109398,17.523254648844425,76.88703854878743,37.25555573900541,0.7222222285345197,15.57339866923898,10.861423385948997,9.101291910807333,13.121422068278036,1022.1549088541667,0.2960325876871745,230.7250151609381,535.2237243652344,19.662316894531273,13.504937744140648,16.5273999532064,72.20509147644043,8.695370266834894,0.10416666744276881,18.416035614230207,13.646934938170583,8.103342946370446,11.095705922444665,1022.575869140625,2.13375331958135,319.6896709688008,746.8623561859131,21.393212890625023,14.215905761718773,17.900755818684917,77.39259099960327,40.917129864295326,2.8263889644294977,15.272947861642342,9.405709751828796,9.291809336344443,13.582817331949911,1022.10412109375,-2.7579421202341714,261.4617471328626,514.3791899681091,19.382440185546898,13.527795410156273,16.64172007242841,73.69722255071004,20.779166982819635,0.0,18.816434354631426,13.267326279856972,8.571433003743493,11.551805114746116,1022.836513671875,2.304526448249817,286.6286120445778,611.6260693868002,22.051202392578148,14.178002929687523,18.061949666341167,75.79907417297363,39.40509316325188,0.15277778217568994,15.44674086331617,9.58515038056593,9.670732116699241,13.329384104410849,1022.1812076822918,-3.4117045799891152,266.09508614614606,541.0728969573975,19.806756591796898,13.716088867187523,16.738210296630882,76.34259192148845,25.762499993046124,0.3263888997025788,18.214794049830466,12.1092258099816,8.566959635416708,12.285391743977868,1022.6388736979167,3.13323708375295,256.3365229399254,567.8856881459554
2021-07-20,22.322961425781273,12.858697509765648,17.678931172688824,71.10833279291789,28.319907394548256,0.1666666679084301,10.8893135566124,7.889519842760261,8.825030263264978,11.968806203206384,1021.3462760416667,-6.894670724868774,305.96956884519506,513.3357966740926,20.835839843750023,12.061090087890648,16.571392313639347,72.37731488545735,0.8569444286016127,2.236111104488373,14.866015251285502,10.050566445875514,8.115343983968103,11.199049886067712,1021.9271028645833,-3.185057441393534,325.6834723862509,606.2197392781576,22.764215087890648,12.644738769531273,17.776797231038433,70.53379583358765,19.781481503198545,0.0,11.538246234812984,7.5637801801493145,9.004603322347009,11.906290944417321,1021.3316829427083,-7.352558275063832,316.37754567681503,519.538330078125,20.907739257812523,12.006219482421898,16.554114278157574,71.67638858159383,0.24675925821065903,1.8333333134651184,14.897521215484652,9.997254960721609,8.106089528401696,10.998136138916038,1021.574130859375,-2.7214338779449463,327.58414533858496,598.5489311218262,22.535913085937523,12.255151367187523,17.547474161783878,69.60972213745117,7.397222138786067,0.0,10.415414216873556,7.2606474712063225,9.14276784261068,11.460131581624353,1021.58083984375,-7.003561437129974,322.415315579623,510.19185002644855,21.221459960937523,12.670617675781273,17.101209259033226,73.38101927439372,23.34259207698051,8.000000238418579,13.757850118312557,9.128128954492722,8.351514434814476,11.931513722737634,1021.4140201822917,-3.5235484838485718,302.3253553621471,543.600361029307,22.157983398437523,12.297692871093773,17.419959004720074,69.82314825057983,11.689814902842045,0.0,10.948284606623389,8.003792390717061,9.143045043945335,11.413374837239587,1021.691103515625,-5.908255795637767,322.25938541814685,538.4982919692993,21.633050537109398,12.825860595703148,17.548853810628277,72.49166631698608,23.921760042508442,0.541666679084301,9.973604707473854,7.465779127859296,8.482981618245446,12.202246602376306,1021.3532975260417,-4.928656041622162,274.5729004613434,507.90600363413495
2021-07-21,23.338769531250023,13.930200195312523,18.6956128438314,70.6398138999939,17.43055524180333,0.020833333488553762,13.097925125790205,7.59866097421164,9.616465504964196,12.875928497314476,1023.41865234375,-9.802069584528605,273.9339313991368,467.5208990573883,22.239831542968773,14.027795410156273,18.29841512044273,72.85046211878459,13.735647956064591,0.9375000209547579,14.036343134744643,7.908352468128889,8.785530344645224,13.006679789225302,1023.173974609375,-6.070670127868652,260.60198232407373,505.57470146814984,23.547570800781273,13.827752685546898,18.734909311930362,69.99999968210857,7.423610972240567,0.0,13.59630773953281,7.6488366869435795,9.951357777913415,12.781419372558616,1023.3261360677083,-10.902553717295328,301.38427830611664,461.87998247146606,22.416680908203148,14.370507812500023,18.553604380289737,73.39907296498616,15.95648211054504,0.9513888824731112,14.192230725807574,7.888117902168474,8.971150970459007,13.39307556152346,1023.11826171875,-6.819228132565816,251.50977413728833,486.66150029500324,23.793084716796898,13.796899414062523,18.795526123046898,69.38981485366821,3.7296296364317336,0.0,13.141786621347256,7.719926058212697,10.116729990641318,12.672513580322288,1023.2404915364583,-11.719413797060648,313.4562934326629,466.3655791282654,22.814233398437523,14.352441406250023,18.691283162434917,72.69027837117513,14.024537009497484,0.33333334047347307,13.852784791105199,7.684733065997354,9.386230723063193,13.360344187418661,1023.1927506510417,-8.350764870643616,270.6032019487272,472.21176385879517,23.584283447265648,13.672204589843773,18.633178965250675,69.78472137451172,2.5287037367622056,0.0,13.999190709296581,7.6301419061094995,10.148061370849632,12.575287119547568,1023.158037109375,-11.291198213895163,318.40692040200037,476.44877910614014,23.404351806640648,14.039300537109398,18.76258748372398,70.71064710617065,9.559722492160896,0.0,13.590627133864043,7.61990564723362,9.686846669514978,12.969490305582724,1023.2350358072918,-10.36142647266388,294.9904859152933,464.1386931737264
2021-07-22,22.376702880859398,14.134851074218773,18.031809743245464,71.0509254137675,0.710648147854954,0.0,16.422434194443802,11.274618149344798,10.590814208984398,11.977848307291708,1022.8670572916667,-4.133880813916524,323.2941615548916,540.3269529342651,22.547143554687523,13.849389648437523,18.077639516194683,73.05601771672566,6.279629742416243,0.1666666679084301,16.781674823677573,10.765250622849337,10.12665964762374,12.674378967285179,1022.9986881510417,-5.1090013186136884,319.3158329295305,543.4843562444051,22.182885742187523,14.204339599609398,18.0119453430176,70.7671292622884,3.2430555415727818,0.3333333358168602,16.22665026623077,11.19535395468913,10.592712656656943,11.893149312337243,1022.8848990885417,-4.187726179758708,322.1759552923031,539.6311524709066,22.638909912109398,14.382745361328148,18.28560663859052,73.5004636446635,0.3388888871607681,0.0,16.080111183259152,10.649384602223853,10.006482696533226,12.959116872151696,1022.9562239583333,-5.94413944085439,318.97033985129866,532.1266183853149,21.977563476562523,14.112145996093773,17.840194956461612,71.1893515586853,4.48287034034729,0.3333333358168602,16.1491345705377,10.888242359183357,10.433649953206384,11.89887390136721,1022.8468977864583,-3.6517539024353027,321.68650809597847,544.4008731842041,22.497338867187523,14.303765869140648,18.251579538981144,71.62222305933635,0.4712962917983532,0.0,16.727480640898364,11.192228794815456,10.39411570231124,12.40702845255538,1022.9103125,-5.042526364326477,321.99094338885817,522.3533252080282,22.110864257812523,14.183435058593773,17.940157826741558,71.32175922393799,4.045833368475239,0.0,16.389033147616168,10.96668588688514,10.39204813639327,12.033959960937523,1022.7335319010417,-3.9488250414530435,323.2571393616187,538.9799445470175,22.241296386718773,14.082757568359398,18.039397176106792,71.69953791300456,0.5657407424102227,0.0,16.641661538551975,11.178194837064382,10.438382720947288,12.20441843668624,1022.8759440104167,-4.446096817652385,323.4228497313646,528.1439536412557
2021-07-23,22.602258300781273,13.243951416015648,17.78599065144859,74.04398028055827,17.329166240990162,0.0,14.614449608091352,10.73505034117535,12.04093958536788,12.699043528238974,1018.2664095052082,-5.542942643165588,299.864664551802,526.9436845779419,23.061029052734398,13.425408935546898,18.15688349405927,72.35185098648071,18.99537062086165,0.0,15.774248385153374,10.461073148350096,11.664959208170615,12.613347625732445,1018.2148763020833,-6.964593132336934,318.87144726794213,549.1835247675577,22.321191406250023,13.163049316406273,17.5341138203939,73.00277868906657,29.815278506216902,0.2222222238779068,14.993808117324239,11.41113908077047,12.253142293294275,12.244596099853538,1018.3796809895833,-4.399347384770711,277.85681740551564,555.724822362264,22.845147705078148,13.394067382812523,18.076304372151714,73.24259217580159,7.030555601542194,0.3333333358168602,16.013499314642768,11.26243822238037,11.960514322916708,12.74350509643557,1018.3055110677083,-6.426700909932454,317.8127287852888,547.0001204808553,22.401666259765648,13.325402832031273,17.641943868001324,72.70555607477824,32.2763889481624,0.2152777793817222,15.81370968153414,11.239441066973152,11.988393402099632,12.311378733317099,1018.5863444010417,-4.9321484963099165,289.75070372254896,565.1831789016724,23.246789550781273,13.224816894531273,18.13238169352216,73.24305645624797,9.8092593451341,0.4375000102445483,15.165063946209168,10.575688227195448,12.113660430908226,12.786492919921898,1018.2514029947918,-7.589643677075704,317.8179694044714,518.8496208190918,22.171258544921898,13.629174804687523,17.631958262125675,72.59861008326213,34.66111157337824,0.36805556574836373,15.456686325232859,11.508771704536377,12.204921976725302,12.309503173828148,1018.5056282552083,-4.390249689420064,272.8921376063954,583.2146333058676,22.945977783203148,13.741784667968773,18.121231333414737,72.48842509587605,23.306018417080242,0.12500000093132257,15.31911799404879,10.67857942172576,11.851846313476585,12.619789377848349,1018.03048828125,-6.707343022028605,296.3303184611723,568.630755106608
2021-07-24,23.974206542968773,14.133447265625023,18.270279184977237,80.10231669743855,89.20555543899536,17.687500106170774,18.16656199978846,13.72787170382631,12.640211995442712,14.557429250081384,1010.01310546875,-4.1599745353062945,163.7744044403856,375.0397615432739,21.313867187500023,14.930902099609398,17.565421040852886,87.90787061055501,90.13749965031941,105.61805476807058,18.37470359833394,12.208864607188652,12.852708435058616,15.413560485839866,1010.2683430989583,3.6124270067860684,88.39835274165186,246.8627077738444,23.583306884765648,14.238885498046898,18.688609059651714,78.57314745585124,91.95370356241862,30.06250044889748,17.578258304213183,12.461904654442549,13.169786071777366,14.64103724161788,1010.00349609375,-5.9042670130729675,161.75144108990207,362.4421606063843,23.286401367187523,14.613763427734398,18.443343098958355,82.54999828338623,86.77083381017049,54.451390255242586,17.487872896102274,12.739981632395171,13.188425954182946,15.26972605387374,1009.784462890625,-4.191618283589681,137.893109236223,331.3174759546916,22.311212158203148,14.106195068359398,17.63381093343101,80.5986099243164,89.21342484156291,14.437500076368451,17.04375700679493,10.673345890149333,12.491805013020837,14.061125691731775,1010.86427734375,-1.873836636543274,141.9330207501383,313.82086594899494,23.049096679687523,14.109948730468773,17.838047281901066,83.90740744272868,83.67962944507599,54.39583457168192,18.485136787135524,12.619178446564101,12.691251373291038,14.872146860758505,1010.25615234375,-0.07654708623886108,141.38016790097268,337.15464782714844,23.361108398437523,13.864068603515648,18.443791961669945,77.56435187657674,89.08287207285564,6.263888822868466,16.734103503086526,12.393839314764493,13.309758758544945,14.201722717285179,1010.5249609375,-4.670007705688477,158.50659579519802,377.8535183270772,23.312036132812523,13.945733642578148,18.089223480224632,81.8259261449178,85.73148171106975,27.965277943760157,18.10309854291032,12.789155017464049,12.763491566975915,14.711236572265648,1010.1105240885418,-2.2342123786608377,145.8674085677291,327.0604359308879
2021-07-25,21.553002929687523,16.190789794921898,18.642779286702496,86.2972224553426,94.8245366414388,176.9722204208374,12.578993569529922,7.472202202467578,10.388431803385458,16.209324137369833,1007.5984147135417,-4.336034814516704,215.6377222102989,300.65273388226825,21.539239501953148,15.316735839843773,18.372679646809917,85.24722226460774,65.45462965965271,130.32639122009277,15.410882469597839,10.173315458631608,10.164650217692099,15.695105489095056,1007.8563671875,-4.969058036804199,222.38877573232944,383.11153467496234,21.713281250000023,16.165582275390648,18.868590291341167,83.89490667978923,78.35324048995972,151.0555555820465,13.297419277281096,8.901904212467736,10.19669113159182,15.984253184000693,1007.5462825520833,-4.844541629155477,237.20233716190947,359.3174725373586,22.230737304687523,16.522332763671898,18.903628285725933,85.58935165405273,81.89768584569295,382.8402805328369,14.966043650215546,9.530241534411065,11.055043792724632,16.227456665039085,1007.51234375,-6.400732576847076,243.81286703090882,483.247919400533,21.777215576171898,16.937524414062523,19.054394022623722,84.67222181955974,80.51388994852702,182.625,12.464097455942396,8.032483992066727,10.41026331583663,16.292771911621116,1007.5382845052083,-6.880860010782878,252.11880870660147,337.2267421086629,21.863061523437523,14.433618164062523,18.239329274495464,80.93796332677205,71.76990747451782,77.15972137451172,8.812575979620934,4.756631452583625,10.250407155354821,14.659370676676474,1008.4476692708333,-5.299064487218857,193.33964868010176,319.0520297686259,22.266137695312523,16.880609130859398,19.12335611979169,83.48703734079997,74.3907397588094,122.49999952316284,13.848144631535877,7.9794312465964845,10.679668680826865,16.109316762288415,1007.726787109375,-7.618024369080861,265.4578749338786,357.93545269966125,22.335504150390648,15.905541992187523,19.05605850219729,80.07916450500488,89.05555550257365,106.70138883590698,15.624990987803379,7.910558810807168,10.474055226643884,15.245506540934286,1008.2169986979167,-7.250010043382645,218.90648318947447,406.58946919441223
2021-07-26,19.585565185546898,15.478936767578148,17.730860646565777,88.81990750630696,62.81250007947286,376.0833349227905,15.773238286158339,10.969357267213214,9.848128255208337,15.82868601481124,1009.0801432291668,1.7103784680366516,237.3135505769751,380.66681543986004,20.826501464843773,15.345452880859398,17.877194976806663,84.45000076293945,80.35509116450946,304.40277767181396,19.56193357255743,12.991657087928196,9.734676615397177,15.041050211588583,1009.1684635416667,-2.215105084081491,198.9426621053717,446.9531094233195,20.468865966796898,15.505578613281273,17.821349080403667,88.41990947723389,54.185646971066795,323.7847261428833,14.384111370687183,10.360366417018206,9.872922515869163,15.814246114095056,1008.8663639322917,2.3661831418673196,196.94774103702125,393.5463221867879,20.102319335937523,15.388330078125023,17.62554575602216,86.80833307902019,92.69629510243733,281.56250381469727,18.90712007432444,13.860544292981112,9.562223052978538,15.299448903401696,1009.2155989583333,-0.5857359461952001,186.12046148917094,465.89165290196735,20.596124267578148,15.701440429687523,18.122313435872417,87.16527811686198,60.81898138920466,250.38194274902344,13.629805378727113,9.203370149146762,10.0997304280599,15.87360788981124,1008.8291861979167,1.2618782917658489,215.62155408204612,374.77329715092975,19.386895751953148,15.184472656250023,17.16243133544924,88.3949089050293,79.73286994298299,358.43055725097656,17.91775679525009,12.790319423842602,9.551025644938193,15.164622243245446,1009.0770540364583,3.3249940428261957,155.8006306940418,420.85682010650635,20.604364013671898,15.521997070312523,17.967757161458355,87.56573994954427,61.6439821322759,98.9652771949768,13.026525895262465,9.007384708596387,10.00364710489913,15.809852854410849,1008.84041015625,1.8842385212580364,221.2358128283522,362.2820652325948,19.572229003906273,15.426934814453148,17.68727264404299,87.23379643758138,67.70278004805247,331.94444465637207,17.697434690627944,11.338659710588777,9.80197677612307,15.479407246907556,1009.2458268229167,0.48853174845377606,224.67664542338267,381.47984647750854
2021-07-27,20.767907714843773,15.106927490234398,17.65609512329104,83.68935171763103,78.8180558681488,249.32639026641846,18.399151326084777,12.32216469624242,9.393230692545615,14.693205769856775,1009.7494466145832,1.0058911641438801,163.76006990671158,387.748587290446,21.552697753906273,15.020806884765648,18.059840138753277,79.61018546422322,67.47824080785115,517.2847290039062,20.20266225479809,15.69316467744352,9.417663828531943,14.24771397908529,1010.3272330729167,-3.5571237802505493,204.9893138607343,559.5973784128824,21.603234863281273,14.917871093750023,18.210979715983097,80.07962830861409,72.73379611968994,278.1736145019531,20.010119962897118,13.063425732876665,9.494480387369833,14.469412740071618,1009.655693359375,-2.2666422526041665,208.48981751998267,475.19017028808594,21.896997070312523,15.345971679687523,18.16567764282229,81.344908396403,73.02500073115031,404.375,20.54560067377492,14.389170793811823,9.503142293294275,14.626069641113304,1010.18259765625,-4.463526944319407,195.39655907948813,513.7296543121338,22.353479003906273,14.949121093750023,18.221691385904972,80.23009300231934,74.38286972045898,162.14583444595337,17.431586632687395,13.804441301771297,9.393856302897177,14.39202779134115,1009.7658170572918,-4.820039550463359,247.4798333644867,535.673760732015,21.556817626953148,15.230767822265648,17.11373036702476,87.36573950449626,75.80138981342316,384.38194274902344,21.003977329735875,13.92984425872578,9.059803263346396,14.86879374186202,1010.4189453125,4.680962785457571,143.87757748365402,427.5845406850179,21.854608154296898,14.816674804687523,18.155080413818382,79.98564879099528,77.29861036936443,15.291666582226753,19.57133235700796,13.514290163939194,9.338254547119163,14.327813720703148,1010.00947265625,-3.933107336362203,232.24706534544626,512.3828477859497,22.723870849609398,14.907098388671898,18.09448649088544,82.78657531738281,86.47083330154419,237.32638931274414,19.549270230093377,13.943617975094876,9.485253906250023,14.83743565877279,1009.8147102864583,-6.020311454931895,240.16396815578142,494.4430096944173
2021-07-28,19.102655029296898,15.253259277343773,16.842383321126324,85.28333377838135,72.6523144642512,148.6041669845581,29.414273618078543,23.616742688801168,7.733215586344443,14.246148681640648,1008.265234375,4.090018883347511,203.86842520038286,880.2916984558105,20.015893554687523,15.121759033203148,17.152444458007835,81.93888759613037,53.95833398898443,326.52777767181396,29.436108749055837,22.64932311340375,7.973224894205771,13.878264363606775,1008.321806640625,-2.275419826308886,242.10412685076395,881.3994134267172,19.052728271484398,14.872277832031273,16.900347646077496,84.33472283681233,68.12916668256123,104.92361164093018,29.93260070200456,24.154043594588614,8.065643564860068,14.13340784708663,1008.231552734375,3.3042003718825677,200.20631369948387,864.8511327107748,19.795098876953148,15.222985839843773,17.149060821533226,82.0166670481364,63.243518352508545,339.34722423553467,29.68450554268336,23.459376770600088,7.95185496012374,13.911159769694052,1007.8524381510417,1.4894952451189358,217.79868570466837,906.9581108093262,18.890496826171898,14.740014648437523,16.826723988850933,82.72453498840332,65.4324076573054,61.402777314186096,30.712734500918685,25.195820039135185,7.819721476237021,13.762312825520837,1008.182607421875,1.5688863495985668,209.5503687163194,909.939084370931,19.919946289062523,15.287408447265648,17.037596638997417,81.93611081441243,72.73981486757596,250.77083587646484,28.860469335178355,23.862109750925313,7.617462412516318,13.768619791666708,1008.490498046875,2.481522517899672,210.49833345413208,959.9444465637207,19.094445800781273,14.811212158203148,16.879232025146507,82.67453638712566,57.987962086995445,40.111111253499985,31.910050984406816,24.858153207406687,7.832158660888695,13.779627736409509,1007.9907194010417,0.82503608862559,216.41414946317673,896.1504491170248,19.243310546875023,15.293145751953148,16.988411204020206,83.86203734079997,69.44768544038136,111.06250047683716,29.018882807408502,23.674678420900335,7.650198872884118,14.117288208007835,1008.392197265625,3.2248660077651343,222.86720908184847,918.0607744852701
2021-07-29,19.133996582031273,14.463311767578148,16.90185190836591,66.79907369613647,14.596296350161234,105.68055534362793,32.01764338238924,28.40719165578578,5.151794687906943,10.498423512776696,1009.3010384114583,-3.0985937118530273,308.64386409521103,1262.163007100423,19.172784423828148,14.350122070312523,16.860954538981144,68.90277767181396,33.49120314915975,228.6041669845581,34.304066087136746,30.986451488776925,5.426115926106775,10.988698577880882,1008.121357421875,-2.869110723336538,295.1670533021291,1314.3944295247395,18.987084960937523,14.291284179687523,16.753516133626324,67.43101914723714,21.575925926367443,112.1875011920929,32.664932919468974,28.021767230278652,5.0879010518391965,10.477892812093103,1009.1220703125,-2.059935708840688,308.83424679438275,1238.4241485595703,19.141625976562523,14.310845947265648,16.75111287434898,68.85462856292725,18.628703887263935,188.8819456100464,33.10101585305301,30.056018474292557,5.403708394368493,10.820535278320335,1008.161494140625,-1.1539742723107338,307.9681095282237,1289.6619160970051,19.006890869140648,14.330163574218773,16.772609965006534,67.52592547734578,19.414351890484493,78.56249952316284,32.22296161018671,27.99045785090458,5.102796173095726,10.524104054768884,1009.2613313802083,-2.1834286053975425,306.6742375095685,1232.7439880371094,18.867089843750023,14.356835937500023,16.54300715128583,69.99953746795654,18.137500047683716,168.13888835906982,32.55659641415168,28.908467554660888,5.34501673380538,10.835497792561853,1008.6437141927083,-0.37723060448964435,310.88742500543594,1200.132044474284,19.029077148437523,14.037011718750023,16.796297963460308,67.79490804672241,14.989814768234888,44.88888883590698,33.004330210081456,28.321005371798176,5.156619008382165,10.605332946777366,1009.088701171875,-2.4293934305508933,310.34936968485516,1227.0503234863281,18.903558349609398,14.250024414062523,16.564532216389996,70.15601793924968,29.828703820705414,145.20138931274414,32.23602099272876,28.40481153034982,5.34100240071615,10.91166458129885,1008.6017708333333,-0.6446654771765074,305.8735154867172,1202.777732849121
2021-07-30,22.504907226562523,14.131768798828148,17.30247014363609,72.82916816075642,69.1300927400589,37.25000023841858,26.27353324837281,16.835415824407715,8.034786478678427,12.233623758951865,1007.0659309895833,-4.09331688284874,166.519737581412,694.9585965474447,19.872216796875023,13.953271484375023,16.32625478108726,76.0476843516032,73.54351965586345,129.70138931274414,32.96227002853211,20.613348228351125,7.092333730061853,11.963933563232445,1007.0046321614583,3.667371153831482,143.57912598053613,843.6760075887045,19.855920410156273,14.076257324218773,16.932285563151066,73.13888851801555,70.68703715006511,14.326388835906982,32.98559854282591,19.80635877667392,7.764400736490927,12.0129219055176,1006.5700716145833,0.9365892012914022,123.63863146305084,810.4093653361002,20.363031005859398,13.537042236328148,15.956343587239607,77.28287013371785,67.64768532911937,136.48611116409302,37.259626372812825,22.034937897351437,7.207916514078818,11.86294835408529,1005.684541015625,2.2983767787615457,159.13353822628656,834.7227923075358,19.623010253906273,13.772363281250023,16.726687367757183,74.0208330154419,64.354629834493,12.55555558949709,33.411433166564514,19.870197671958927,7.562636311848962,12.000815327962243,1006.7817610677083,0.102546160419782,152.58911206324896,779.377566019694,21.688256835937523,13.849969482421898,17.04687016805015,72.63796250025432,74.40509303410848,94.29861044883728,36.89677726955563,19.965449524102254,7.6829696655273665,11.93226267496749,1006.2967545572917,0.11867584784825642,138.82919857899347,837.2645543416342,20.253839111328148,13.853021240234398,16.888026173909527,73.60879548390706,62.12731515367826,13.06944441050291,32.16559950995007,20.779371920405833,7.446987406412802,12.064466094970726,1006.576083984375,-0.3383718207478523,170.70425961414972,813.7526499430338,22.391961669921898,13.880242919921898,16.992798105875675,73.8791675567627,70.97777843475342,66.18055510520935,36.42853752174782,20.015209053590905,7.806756591796898,12.153063710530603,1006.1182747395833,0.5930367708206177,157.0919076303641,801.80206934611
2021-07-31,18.048028564453148,14.629418945312523,16.244090016682964,85.71805540720622,79.7675929069519,146.84722363948822,33.30150329099249,25.654129552752234,7.015584564209007,13.811831410725915,1005.468076171875,2.468808501958847,178.16609410444894,872.0971647898356,17.527124023437523,14.169641113281273,16.07291692097984,83.85601997375488,75.62083435058594,155.54861044883728,32.807786099387535,26.572761614081504,7.011233266194665,13.318235015869163,1005.278828125,5.155411591132482,190.5246326327324,903.6950035095215,18.049371337890648,14.722344970703148,16.27791620890302,85.6287031173706,75.63518412907918,141.61111092567444,35.291360032558245,26.097694994378184,7.053760782877646,13.8348378499349,1005.6236002604168,1.9333439519008,194.98294134934744,859.1348965962728,18.428460693359398,14.282678222656273,16.233187611897808,82.4699068069458,66.89861011505127,116.18750095367432,34.02976734279216,25.46233439136559,7.05642979939779,13.179200744628929,1006.10822265625,1.7346495389938354,172.56507601340613,893.5603370666504,19.189477539062523,15.005548095703148,16.680295562744163,80.33796374003093,60.60879643758138,101.09027791023254,34.6226186961139,26.03989722927408,7.110381062825525,13.182412719726585,1005.7366959635417,-3.919193180898825,232.54222362240156,911.8694998423258,18.215997314453148,15.150659179687523,16.283621724446636,83.76527849833171,78.30694468816121,123.27083396911621,33.63479852066292,25.295647345826506,7.114639536539755,13.495487467447958,1006.0073665364583,1.2463236923019092,194.44146127502123,889.14421971639,18.828424072265648,14.897058105468773,16.478496805826847,82.92453829447429,62.55000034968058,85.4166671037674,34.1012180356844,25.307848688479822,7.112847900390648,13.50129343668624,1005.87455078125,-1.7061058779557545,213.08712632457414,874.3519185384115,17.966912841796898,14.680017089843773,16.186138407389347,85.90277703603108,84.11805550257365,141.3333339691162,32.76664153614823,24.87705968818952,7.073567962646507,13.809233601888025,1006.085615234375,2.8083489748338857,183.2925153474013,848.540423075358
2021-08-01,19.273492431640648,13.460046386718773,16.140988922119163,83.93240801493327,64.19583225250244,199.60416507720947,16.386174523470732,9.264601624489673,7.469487762451195,13.326001739501976,1009.282548828125,-2.477073589960734,251.65900256236395,411.0914732615153,20.079156494140648,14.165277099609398,16.71523818969729,80.05879720052083,48.118055979410805,270.1805543899536,17.276151864740303,10.84474887486398,7.130597686767601,13.068049367268884,1009.4700944010417,-8.10577392578125,289.0938871701558,515.8787984848022,18.949975585937523,13.423638916015648,16.091728464762394,83.91759141286214,56.76759258906046,182.77083206176758,16.249760075507666,8.985227892484923,7.370081837972009,13.279623921712243,1009.3923046875,-2.4448671340942383,251.76033322016397,421.022554397583,20.357354736328148,13.458489990234398,16.622619883219425,80.14120356241862,39.96296262741089,255.3194456100464,18.26069244767802,11.71284140749951,7.301179504394554,12.97479146321615,1009.3109733072918,-7.270670851071675,291.44581443071365,515.8682095209757,19.529412841796898,13.802117919921898,16.388608551025413,80.54074223836263,41.152777552604675,97.46527826786041,17.545715162833687,10.288827023040023,7.13670374552413,12.87607345581057,1009.29546875,-5.460017840067546,278.21601398785907,500.7653268178304,19.583276367187523,13.692468261718773,16.486754353841167,82.71064853668213,49.67962924639384,193.4722237586975,16.261861133814268,9.991892629688921,7.46481857299807,13.430674489339196,1009.026533203125,-3.3404943148295083,279.1530028184255,432.71618525187176,20.216607666015648,13.675500488281273,16.50245056152346,78.60138845443726,45.49444456895193,46.71527810394764,18.20613730125964,11.583061694061863,7.013983662923181,12.545804595947288,1009.251572265625,-5.479663729667664,267.5325739781062,553.2294330596924,19.542108154296898,13.398400878906273,16.495347595214866,82.08101812998454,35.43101874987284,192.91666650772095,16.37840118180631,9.685678449672784,7.56318054199221,13.300748443603538,1008.9596614583332,-5.487418015797933,286.38497616847354,474.76795132954913
2021-08-02,18.664666748046898,12.714257812500023,15.526907857259138,68.41898155212402,35.60462972521782,97.86805438995361,13.509593492027967,10.253584097037708,4.650455729166708,9.505338287353538,1014.029921875,-0.007815082867940268,249.45074899991354,649.7588602701823,18.513421630859398,12.633691406250023,15.515223439534529,69.5583340326945,27.554166903098423,283.04860973358154,14.912168104489785,10.005776245483917,5.0563763936360715,9.69446461995443,1013.9468196614583,-0.6474576791127523,263.52701969941455,670.9613405863444,18.492425537109398,12.487603759765648,15.365839894612654,69.55879513422649,28.089352120955784,74.13194394111633,14.515168793249371,10.257081723874217,4.546606953938806,9.570928192138695,1013.96625,1.0830047527949016,244.74425745010376,639.5003452301025,18.472955322265648,12.979180908203148,15.702633158365908,68.4481471379598,51.69861048460007,272.73611068725586,14.788824705342648,9.87802724235057,5.283174133300804,9.672973887125693,1013.7737630208333,-0.16022745768229166,227.50764962037405,626.0310713450114,18.824670410156273,12.364282226562523,15.49811960856122,70.2203704516093,21.135648141304653,22.41666680574417,15.318985743181353,10.25738195905868,4.7732343037923215,9.826392110188806,1013.6874251302083,-1.387010971705119,274.3037935098012,654.3993682861328,19.194451904296898,12.818322753906273,15.808676656087263,66.89074023564656,47.04722233613332,161.06250286102295,14.420481750731566,9.903640787161907,5.441387430826865,9.405875142415368,1013.6448372395832,-1.8387223482131958,260.4131869177024,643.0347569783529,18.448266601562523,12.437585449218773,15.470777130126976,70.2430551846822,22.49027759830157,7.618055514525622,15.208946038551167,10.377251358068069,4.6554428100586165,9.816658274332724,1013.8825944010417,-0.5267589886983236,259.3432031472524,682.4873943328857,18.656182861328148,12.804559326171898,15.554274495442732,67.44398148854573,41.05694421132406,85.35416555404663,13.266241864433365,9.231709693913443,5.07681808471682,9.345231628417991,1013.5668294270832,0.2362520694732666,233.81572522719702,622.9263782501221
2021-08-03,19.183862304687523,11.701135253906273,15.4283271789551,73.88379700978597,59.917129119237266,26.201388955116272,11.855249363121262,6.920096279111999,5.060909525553427,10.5550526936849,1013.6342643229167,-1.2607021729151409,235.2059190173944,476.9278841018677,18.227777099609398,13.142358398437523,15.59271138509117,74.02036952972412,72.8680551846822,138.6666669845581,11.172222953994487,7.435719573402548,5.373539225260458,10.89762649536135,1013.5472265625,-0.49989906946818036,253.88107031583786,461.5910259882609,19.611444091796898,11.578149414062523,15.668440755208357,72.47870397567749,67.92870442072551,20.27777773141861,12.636365253192155,8.635576760477315,5.12766036987307,10.417237854003929,1013.1920963541667,-4.246226668357849,248.539385865132,551.661724726359,18.289331054687523,12.144036865234398,15.387761688232445,73.13935216267903,75.7430551846822,101.95138812065125,10.478633382489827,6.599009980724053,5.005654907226585,10.439115142822288,1013.9257194010418,0.12825942039489746,213.29124255975088,458.20981582005817,19.400231933593773,11.711663818359398,15.540010070800804,71.95555464426677,73.91620365778606,11.569444477558136,12.741534510222413,7.3893511492639945,4.966462707519554,10.202893829345726,1013.274033203125,-3.8662017583847046,251.8401427268982,577.4562136332194,18.541436767578148,12.625634765625023,15.257426198323591,74.42916599909465,78.15370297431946,29.76388907432556,10.826927046270626,8.793299223157327,5.34830245971682,10.545473988850915,1013.6207454427083,0.3473229209582011,173.76629515985647,468.45685450236004,18.631677246093773,11.496087646484398,15.287468210856142,71.32592535018921,69.98148155212402,4.062500039581209,10.97016315661847,6.122453042723386,4.7271527608235715,9.881126658121786,1013.648994140625,-1.2368391354878743,216.48139001925787,531.61190255483,19.101800537109398,12.349511718750023,15.352273559570335,74.29722293217976,66.35601909955342,22.26388907432556,11.971689254705334,7.5611092523125905,4.982972717285179,10.620634969075525,1013.663974609375,-1.2968991994857788,208.2025697429975,439.49030017852783
2021-08-04,20.365411376953148,12.221856689453148,16.551023101806663,74.20787143707275,37.895833134651184,23.22916689515114,11.042528761772552,9.751661139126659,6.617969767252646,11.69526062011721,1012.7963802083333,-5.867504954338074,275.26570025086403,490.4108301798503,20.033685302734398,13.172174072265648,16.288559214274112,74.82592598597209,89.50555515289307,61.034722685813904,9.802205113394558,7.996296938871617,6.323730723063193,11.6168037414551,1013.7142545572917,-5.343323131402333,234.64360942443213,442.3883234659831,20.761132812500023,11.980554199218773,16.40427678426109,73.55138858159383,16.039351801077526,15.25,10.305325819825857,8.812332902035893,6.373939768473349,11.34858093261721,1013.3763444010417,-5.958712379137675,276.8241999248664,510.5003932317098,18.886560058593773,14.094415283203148,15.824274953206404,79.91111278533936,96.66805521647136,47.48611104488373,10.844718424220629,8.258954900599326,6.650813039143884,12.270060475667321,1012.6350944010417,-1.141341984892885,126.29979538917542,335.52451578776044,20.600488281250023,11.925073242187523,16.31922047932945,72.70092678070068,17.20277728388707,10.541666522622108,11.058609376257726,8.31579495726673,6.060622151692712,11.071368153889978,1013.5206380208333,-7.190189878145854,262.15850180387497,505.04174995422363,20.077447509765648,12.516015625000023,16.477005259195987,73.76157395044963,71.07037083307902,36.4652778506279,9.643996988778515,8.591054450302218,6.386006927490257,11.4677558898926,1013.3661979166667,-5.5354756116867065,249.81651685635248,510.5987723668416,20.445764160156273,12.083337402343773,16.43316802978518,73.71759271621704,17.212962567806244,16.493055538274348,9.847309555808087,8.429532674983953,6.251526133219443,11.460101064046228,1013.7409309895833,-7.2101356983184814,283.67501282691956,520.9720287322998,20.545404052734398,13.998956298828148,16.75802383422854,73.09536965688069,54.092129389444985,21.375000178813934,10.887853870638756,9.436086069409699,6.525563812255882,11.69294128417971,1013.2028190104168,-7.8704707225163775,255.9968120853106,540.4039535522461
2021-08-05,20.378137207031273,14.445092773437523,17.245249684651714,80.1407413482666,80.70833253860474,142.06249976158142,12.191139831056798,8.685648966387138,8.102716064453148,13.581182098388695,1008.3698795572917,-5.211243445674579,243.17140918970108,406.8084427515666,20.580621337890648,13.734277343750023,17.113360341389996,78.29213031133015,76.5537052154541,94.86805534362793,14.825008387478626,7.659601511556133,8.031007385253929,13.146058654785179,1009.3657161458333,-6.00204610824585,260.3887009322643,394.1179636319478,20.997674560546898,13.600366210937523,17.34582672119143,76.95740747451782,56.731481870015465,49.31249964237213,10.096688471464983,7.841260317011439,8.367670949300134,13.033006286621116,1008.5359309895833,-5.772582809130351,218.8428512016932,377.8774987856547,20.528985595703148,13.133996582031273,16.96750411987307,78.20972220102946,50.745832761128746,68.33333325386047,10.547804336902772,7.954088968193164,8.009444173177087,12.972138977050804,1009.9733463541667,-5.165766716003418,256.3714707195759,385.11423603693646,21.174584960937523,13.302270507812523,17.408986663818382,76.25416692097981,55.54907512664795,29.034722328186035,10.916420736302634,7.891508222702245,8.147279357910179,12.892513529459677,1008.7472981770833,-6.220319588979085,221.84037255247435,414.91885058085126,21.635858154296898,13.071710205078148,17.055825805664085,78.27777767181396,54.73148123423258,50.04861044883728,9.773843680525633,7.3922389243046025,8.165369923909509,12.997303263346396,1009.4417578125,-5.730085213979085,254.3674030403296,379.84022275606793,22.305535888671898,13.014062500000023,17.64247283935549,73.80185127258301,38.41203622023264,18.555555552244186,11.7903814945493,7.198465626986277,8.100223795572958,12.495388285319052,1008.6725390625,-11.154390513896942,249.4878514011701,468.7640606562297,20.743920898437523,13.560815429687523,16.95142008463544,79.69074201583862,69.0777777036031,63.65972328186035,10.78905059811673,7.675148511873414,8.173880513509118,13.200158691406273,1008.9600390625,-4.264310836791992,186.1945926050345,345.488450050354
2021-08-06,19.540338134765648,15.798547363281273,17.30196914672854,83.74907461802165,70.89768465360005,137.06944406032562,32.651493374535306,24.720838171946884,8.55060984293624,14.43362706502279,1001.354892578125,0.5865213051438332,194.2686510582765,881.2362505594889,20.061090087890648,15.450006103515648,17.591736094156925,80.02175998687744,68.72268549601237,262.5625,31.94339949848971,23.811440688711283,8.758818562825525,13.99027786254885,1002.48732421875,-3.717919578154882,234.7247762158513,837.7826271057129,19.227777099609398,15.786035156250023,17.188672637939476,84.63611316680908,72.28888963721693,199.18750047683716,31.813120160565667,23.907731833992965,8.600302632649743,14.50506490071615,1001.3437890625,1.4807950978477795,174.35162798563638,848.5415255228678,19.744134521484398,15.626519775390648,17.409477488199894,82.65231482187907,63.7675923059384,173.53472113609314,31.642840635035704,23.31460712246643,8.73313929239913,14.327378845214866,1002.2742740885417,-1.658965944002072,214.02242708454528,831.8391052881876,19.736352539062523,15.683374023437523,17.41070200602216,82.86111195882161,66.20324155191581,146.0486102104187,30.968251750306983,23.096368417466852,8.66575647989913,14.379988606770837,1001.456845703125,-1.0474804590145748,207.55141067008176,848.3054358164469,19.722589111328148,15.730432128906273,17.527159627278667,81.061110496521,64.98842650651932,128.4236102104187,31.946968127840403,23.671812972212575,8.59673970540365,14.114241536458337,1002.0981087239583,-2.5892599001526833,220.19357620179653,872.4857559204102,19.657708740234398,15.824365234375023,17.56152750651044,82.76990699768066,69.95231461524963,124.45833335444331,30.42087196563875,22.50280684673805,8.826882934570335,14.52432785034182,1001.2388834635417,-1.1733110050360362,209.7903314754367,814.6670335133871,20.014428710937523,15.748559570312523,17.6045229593913,80.50648212432861,71.08796349292,114.68749976158142,32.0090035003912,24.01079816521609,8.557525889078818,14.091020202636741,1001.6873697916667,-0.39817167321840924,212.18581421673298,877.0415064493815
2021-08-07,21.294458007812523,14.005517578125023,17.275799051920597,74.07037051518758,51.11388897895813,232.47916889190674,22.304683864765135,19.818412236529603,7.578570302327478,12.385073598225915,1002.0493587239583,-4.998959342638652,256.87549345691997,903.4344965616862,21.791589355468773,13.726953125000023,17.54727961222333,70.98981507619222,49.74212981760502,252.62499904632568,24.336078233180785,17.659915320733607,7.77076110839846,11.951838429768884,1002.4752311197917,-8.835788170496622,259.55948037902516,852.3465131123861,21.525872802734398,13.962304687500023,17.21997222900393,74.2138884862264,53.00509214401245,189.6041660308838,22.169845897285207,20.62710145748256,7.538227335612021,12.355324045817099,1001.8730013020833,-5.097174346446991,246.84364764889082,924.0628306070963,21.542626953125023,13.751428222656273,17.447995758056663,72.70138883590698,46.64120457569758,305.2499990463257,22.22402297367519,16.514050359351515,7.795957183837913,12.264340972900413,1002.4888313802082,-8.419751127560934,268.7598807811737,789.8220202128092,20.908776855468773,13.828942871093773,16.897237396240257,76.70231453577678,57.38148260116577,142.21527814865112,22.52015333023456,20.059328952996953,7.4963177998860715,12.599884287516318,1001.5543815104168,-2.2482012112935386,235.40796354413033,851.8440704345703,21.134179687500023,14.105554199218773,17.651623026529972,70.49536911646526,50.30277816454569,248.0625,22.142893102198457,18.657123780754414,7.61747767130538,12.019397989908896,1002.295361328125,-7.382638076941173,268.2069121301174,916.5326309204102,21.137872314453148,13.732354736328148,16.820458984375023,76.09537140528361,54.1287035147349,64.62499961256981,22.20727778132263,19.643465144002437,7.3645492553711165,12.370595550537132,1001.300673828125,-3.17901482184728,239.46547717849413,848.3623695373535,21.005639648437523,13.961145019531273,17.237208302815777,73.75138918558757,39.04722277323405,248.39583206176758,21.49431146060247,18.493635651260366,7.546044921875023,12.293599700927757,1002.3416796875,-4.81074059009552,272.5880408684413,880.7326291402181
2021-08-08,18.167871093750023,14.660699462890648,16.204588826497417,83.59907372792561,93.51574103037517,368.0277795791626,34.29075578145469,30.23951555700801,6.534365590413415,13.363027191162132,1005.1794140625,1.4344833691914876,178.11844638486704,1121.0516001383464,18.638604736328148,14.467462158203148,16.39883956909182,80.95787080128987,82.26898165543874,456.1666669845581,32.03273581871212,26.770402025021024,6.628626759847009,12.98897196451827,1005.9019401041667,2.760171597910812,186.68293974300227,1044.068150838216,18.451898193359398,14.659448242187523,16.343738810221378,81.33657328287761,83.70416673024495,321.40972423553467,33.95573206915802,29.288729099434466,6.429227447509788,13.054902648925804,1005.2474674479167,0.8258821815252304,192.56404583652815,1121.1188049316406,18.273339843750023,14.743554687500023,16.455462392171246,79.83611138661702,84.1064805984497,370.2847204208374,32.88634824107411,27.76214702242446,6.448377227783226,12.887064870198571,1006.3868001302083,1.0409027834733326,188.10153406610092,1094.7730458577473,18.703912353515648,14.759729003906273,16.331274922688824,81.54305489857991,83.39583333333333,251.84027814865112,34.044199999839826,29.49026498259047,6.434754943847679,13.06510696411135,1005.315029296875,0.8571292559305826,196.56398359437785,1130.7608235677083,17.857446289062523,14.867547607421898,16.08771667480471,83.49120267232259,89.28286918004353,451.81250286102295,32.74980069635379,29.17989212781485,6.452711995442712,13.248531595865927,1005.7852278645832,3.651585966348648,161.7877955287695,1102.1168721516926,18.886621093750023,14.551812744140648,16.46381022135419,80.47592576344807,71.09120400746663,92.11111032962799,34.160069200659045,29.44076510010217,6.418141937255882,12.940696970621786,1005.25734375,0.25245492657025653,234.9117333292961,1127.1090774536133,18.674066162109398,14.727777099609398,16.276021575927757,82.60323905944824,87.1444444656372,365.0347213745117,35.199454143421804,30.625092611849027,6.4888168334961165,13.214378611246786,1005.2614680989583,1.079522459457318,189.02735256403685,1134.4973068237305
2021-08-09,18.133050537109398,13.879266357421898,15.848722076416038,82.12962913513184,80.04861084620158,193.78472232818604,28.10141199627557,22.526311004503906,6.460669453938806,12.738289133707724,1012.7681477864583,5.408433746856947,140.22459461291632,815.0167427062988,18.420404052734398,13.374810791015648,15.804013824462913,85.18564923604329,81.37685219446819,607.7638874053955,29.56508241317814,23.32660473939602,6.66065622965499,13.278376515706384,1012.5066471354168,0.6128517538309097,213.74246286352476,855.3531773885092,19.146203613281273,13.983331298828148,15.89475275675458,81.6999994913737,78.31157410144806,141.43750095367432,27.88669077597091,22.996090850474303,6.40371983846029,12.678853607177757,1012.8278059895833,6.645174324512482,140.9027600288391,835.8992385864258,17.301629638671898,13.473199462890648,15.44262593587242,84.949538230896,84.50833344459534,447.8680534362793,29.74824608629398,23.18614253502327,6.693835194905603,12.893020884196005,1012.7263313802083,6.627095873157184,119.59307354688644,796.7425944010416,17.876428222656273,14.495233154296898,15.625923411051454,81.66342608133952,89.70185120900472,109.2152783870697,28.79805303225048,23.06703398960255,6.362888590494833,12.454549407959007,1013.1638606770833,6.028688540061315,127.00562768181165,811.5103149414062,17.423120117187523,13.312341308593773,15.251190439860048,85.32685152689616,80.23657417297363,378.81250190734863,27.252829653714528,21.71163809144154,6.563881174723349,12.773304239908896,1012.5336686197917,7.0227338671684265,76.66348118583362,718.199811299642,17.692468261718773,14.822503662109398,16.038512166341167,79.71018441518147,82.86620330810547,69.81249976158142,28.950542731120596,23.363164442893723,6.455921427408896,12.498348490397177,1012.9954069010417,3.9733700354894004,133.17994120220342,851.7671241760254,17.336877441406273,13.298089599609398,15.268201446533226,85.7953691482544,89.58148113886516,218.31249952316284,26.661472070074367,21.44065510869531,6.52723337809249,12.856118774414085,1012.5696419270832,7.012653862436612,99.8659617404143,729.8777058919271
2021-08-10,19.889215087890648,13.941705322265648,16.768337504069034,77.84398158391316,50.07499965031942,193.86805534362793,24.01651426898482,18.408931809355064,7.183613077799521,12.68118820190432,1015.0300325520833,-9.11906611919403,278.0763118664424,697.2913551330566,19.575494384765648,13.869409179687523,16.586913045247417,79.29814767837524,41.73101886392882,318.5138883590698,25.45491805813141,19.363985010163592,7.086763000488304,12.837962086995446,1015.1904947916668,-7.722223997116089,270.07562960187596,762.8054396311442,19.901574707031273,14.480401611328148,16.91311416625979,76.9319445292155,54.7106480995814,136.49999976158142,24.065520128152617,18.477885135900934,7.193666076660179,12.664941406250023,1015.1084602864582,-8.719922304153442,276.25355608264607,722.3764419555664,19.561151123046898,13.854730224609398,16.688658650716167,78.77453581492107,51.40740633010864,282.4166669845581,25.11894022631604,19.1440460186529,7.073756154378259,12.820864613850915,1015.0231119791667,-8.47620721658071,271.44474406540394,737.5310796101888,19.834985351562523,14.077050781250023,16.800815836588566,77.03333377838135,49.71898102760315,112.13194370269775,23.11284764455744,17.568931180391704,7.133662160237634,12.572707112630212,1015.0435546875,-8.80933936436971,278.1241504450639,694.1299482981364,19.989739990234398,14.223657226562523,16.898222859700542,77.37129704157512,49.76712987820307,210.47221994400024,24.67608053009559,18.655133112630153,7.184533691406273,12.693111673990927,1014.9706184895833,-11.47589373588562,276.611958305041,752.8615506490072,20.083276367187523,13.674127197265648,16.806804911295597,77.37638854980469,42.57453769445419,55.041666358709335,22.29508556424629,16.84520118633429,7.117176310221396,12.638143157959007,1015.0212825520833,-9.095776637395224,281.5394275883834,685.8285506566366,19.930352783203148,14.216638183593773,16.886242167154972,77.16435194015503,41.23286967879782,193.22222089767456,24.660958985980827,18.86805034837795,7.220314280192099,12.656385040283226,1015.0632356770833,-9.924336194992065,278.14294187227887,721.2400468190511
2021-08-11,21.749291992187523,15.219720458984398,18.18904902140302,73.41435019175212,63.20787048339844,60.81944394111633,17.165366650850196,12.387061114027587,8.070078786214196,13.083657836914085,1018.39212890625,-11.05687153339386,248.4953348984321,528.8319892883301,22.212915039062523,14.561120605468773,18.206101989746116,74.2462968826294,60.71574128667513,230.97221851348877,12.874482530465304,9.451165609598661,7.9124745686849,13.209864552815759,1018.70865234375,-13.57643175125122,254.47011233866215,502.96953495343524,21.924707031250023,14.277825927734398,18.00853246053062,74.54398075739543,68.2097228517135,25.076388895511627,14.866184430004504,11.245213622297433,7.963254547119163,13.134877777099632,1018.5654036458333,-11.319567402203878,246.20474323133627,475.25841013590497,21.781518554687523,14.538537597656273,18.249667104085308,73.86759344736735,61.24814748764038,167.31249904632568,13.115802881455606,10.18429168583478,8.009303029378259,13.222250874837243,1018.8637467447917,-12.035192330678305,242.01355888446173,504.33655738830566,21.910424804687523,14.107202148437523,17.863292948404972,75.4902777671814,69.28981511915724,3.13194446451962,15.752146102235303,11.50625383692019,8.052578226725302,13.203394826253259,1018.514794921875,-10.598654190699259,248.21318303545317,457.880166053772,21.747491455078148,14.394433593750023,17.9346379597982,74.27453724543254,59.33194454511007,141.01388931274414,13.66215342830699,10.251931061833147,7.802766418457054,12.98242848714193,1018.7759147135417,-11.047494888305664,238.12841053307056,482.3591089248657,22.001672363281273,13.885003662109398,17.77388153076174,75.19907283782959,64.08240675926208,1.85416664974764,15.160172292146077,11.742416161051812,8.503230031331384,13.031262969970726,1018.5179329427083,-10.567201892534891,256.54288828372955,442.08188851674396,21.838891601562523,14.660760498046898,18.096267954508487,73.87083387374878,67.79444471870859,82.79166650772095,15.36616698251846,10.606360451474766,7.958398437500023,13.056634521484398,1018.3291341145833,-11.48400870958964,252.63450057804585,487.8411273956299
2021-08-12,23.273217773437523,14.850000000000023,18.94251403808596,69.4050923983256,62.54537002245585,2.6666666865348816,13.73230001911039,10.474011436046418,11.581896718343103,12.848076121012411,1019.2130110677083,-12.358500162760416,273.0939867595832,424.35297171274823,23.586816406250023,14.840539550781273,19.112044270833355,69.74768527348836,41.8393514531975,63.16666603088379,13.935075586227484,9.99087288961644,11.364133453369163,13.10486755371096,1019.521279296875,-13.722955783208212,277.87122097114724,428.32820892333984,23.328149414062523,14.991479492187523,18.94209187825523,68.45694478352864,58.29490711291631,1.8333333134651184,13.70461524778344,10.110374408894474,11.531218465169275,12.59308776855471,1019.2670279947918,-12.322930057843527,271.37789804736775,405.3288416862488,23.155847167968773,14.969628906250023,19.00807851155601,70.00787051518758,66.04953742027283,26.83333396911621,13.616365008160507,9.142312008109556,11.393619791666708,13.066889699300134,1019.704326171875,-12.637701392173767,263.08063411215943,381.3882152239482,22.744165039062523,15.170434570312523,18.751620229085308,71.46064742406209,82.71481513977051,0.0,13.764625917977114,10.107771070350596,11.59266306559249,13.154836273193382,1019.1390006510417,-11.163115620613098,259.6669648438692,397.6462553342183,23.186639404296898,14.784326171875023,18.86698684692385,70.9259254137675,75.85370429356892,5.5000001192092896,12.943214265345382,9.20685228377009,11.447746531168661,13.140421803792321,1019.5658756510417,-13.321006178855896,268.2253870566686,398.9901984532674,22.342492675781273,15.153253173828148,18.577363586425804,72.23749860127766,88.79907401402791,0.0,14.159194562062014,9.681034133224756,11.752959187825525,13.156423187255882,1018.9982486979167,-9.51065226395925,236.93051961561045,377.0924088160197,22.988610839843773,14.715173339843773,18.647354380289737,70.92129516601562,84.67777824401855,3.4999998807907104,13.448304882741494,10.30694093603723,11.527752176920615,12.948971048990927,1019.178115234375,-11.596745411554972,254.4626547296842,407.06816752751666
2021-08-13,20.620477294921898,16.089471435546898,18.58033905029299,74.00416533152263,73.53379583358765,0.32638889038935304,23.893906169147545,16.21705923338746,9.83402023315432,13.677903747558616,1019.9056412760417,-5.395857969919841,216.63422540823618,574.1862735748291,21.047875976562523,16.337548828125023,18.589983876546246,72.3972225189209,71.47870403528214,2.895833343267441,21.914412923779704,14.549610512843154,10.316424306233728,13.255910491943382,1020.5150032552083,-4.152054866154988,245.8076294461886,519.9505805969238,21.135888671875023,16.119470214843773,18.605174001057964,73.59166638056438,69.70416738589604,0.3194444514811039,22.73690530912412,15.658217534185644,10.02936960856124,13.562148030598962,1019.86712890625,-4.921446005503337,211.9758527080218,546.1066916783651,20.848413085937523,16.284265136718773,18.53151092529299,70.20648145675659,78.36805572112401,1.8333333134651184,19.373590367457304,13.59096676780299,10.986529286702478,12.735077158610068,1020.7590234375,-3.5941203435262046,222.829742560784,472.78246847788495,20.813989257812523,15.947534179687523,18.35258255004885,73.82638708750407,62.988888800144196,0.11111111240461469,22.554364434336215,15.814574967209841,10.000979359944665,13.308450317382835,1020.0121907552083,-4.373601913452148,214.13703674574694,555.6211382548014,20.932122802734398,16.116662597656273,18.516487375895206,74.3912034034729,76.42314707984526,0.5694444631226361,22.093850311757265,14.794118404577725,9.934313710530603,13.678291575113974,1020.2576725260417,-4.074988842010498,213.33499889075756,520.6989550590515,20.810052490234398,15.907159423828148,18.318819936116558,73.52638896306355,61.53703727324804,0.034722222946584225,23.610410019026634,16.227588252696112,10.128970082600915,13.189824676513695,1020.1370670572917,-4.391597270965576,220.93527123332024,560.4162527720133,20.857446289062523,15.929681396484398,18.3793401082357,74.91620270411174,71.54814857244492,0.5972222434356809,22.604572019802422,15.898699540704532,9.79412740071615,13.617297108968103,1019.87697265625,-4.407309452692668,219.52394750217596,557.2889142036438
2021-08-14,20.996484375000023,15.859155273437523,18.457423146565777,73.66573985417683,36.16898147265116,5.770833294838667,24.17687366970438,16.58081962258329,8.40146153767904,13.434191640218103,1019.9812174479167,-7.364684581756592,270.6115912348032,648.7432486216227,20.416711425781273,16.361077880859398,18.472553507487003,71.65694332122803,71.51111125946045,7.708333224058151,24.40839869416862,18.84064070471075,7.7867357889811615,13.084196980794275,1020.2008333333333,-6.447322646776835,256.5614219903946,788.1640561421713,21.005578613281273,15.726373291015648,18.429807281494163,74.64583253860474,45.803703705469765,5.666666567325592,24.428196546374256,16.729937100287383,8.694633738199911,13.604021962483728,1019.7601334635417,-7.584148645401001,268.81129773457843,627.5381615956625,20.358880615234398,16.394494628906273,18.526378885904972,71.98796272277832,75.74444500605266,7.347222149372101,24.27842267508978,18.153914767194397,7.7123339335124115,13.20402297973635,1020.3219986979167,-5.922957976659139,254.3922415971756,764.668025970459,21.020776367187523,15.627954101562523,18.372490183512394,75.22731447219849,48.27592627207438,5.236110980156809,24.184217732729653,16.86730307046495,8.531535085042321,13.673783874511741,1019.74244140625,-7.945571819941203,266.672145485878,638.5099671681722,21.012384033203148,16.125756835937523,18.550279235839866,73.14953788121541,60.50092585881551,5.430555649101734,23.271040025857854,17.369564334896683,8.1277900695801,13.409995015462243,1020.0984830729167,-8.684275507926941,261.24375840524834,682.3377005259196,20.976495361328148,15.336602783203148,18.130721028645855,76.51620388031006,40.92870354652405,5.7708334675990045,23.678451841168204,16.18365064156259,8.945760345459007,13.692009226481161,1019.7275455729167,-7.222182830174764,261.6088603635629,591.9620679219564,20.631463623046898,15.856713867187523,18.32960408528648,73.90925963719685,61.6175921758016,6.534722279757261,24.06951720273598,17.11800680368771,8.115040079752646,13.380073801676474,1019.8158756510417,-7.164082129796346,257.6975941558679,653.2185096740723
2021-08-15,22.435327148437523,16.459100341796898,19.238387044270855,73.64676014582317,49.32453632851442,6.64583346247673,23.36408602572714,17.53273084380361,9.926544443766318,14.154359436035179,1013.7419661458333,-10.705571492513021,267.7548003892104,623.2943375905355,22.625726318359398,16.616052246093773,19.36582463582359,74.60833199818929,57.81620345513026,13.125000059604645,22.555082388718674,16.724912571603255,9.926118469238304,14.477679189046228,1014.7525618489583,-10.665958166122437,252.44210952023664,602.4893767038981,22.371362304687523,16.156823730468773,19.137607828776066,75.00555515289307,48.546295745919146,5.458333358168602,25.06622302644723,17.716795739165605,10.03910598754885,14.34351247151693,1013.508134765625,-11.081331650416056,269.7160955518484,616.8989175160726,22.447229003906273,16.845727539062523,19.4276685078939,74.91342719395955,60.73888905843099,16.013888955116272,23.604477914480587,17.91023230921228,10.072304026285849,14.613215382893884,1014.211572265625,-11.633372704188028,252.10925970474878,608.7630132039388,22.323083496093773,16.027185058593773,18.977148946126324,73.21527751286824,59.08703667422136,0.7430555643513799,25.42372500628691,17.576627552263933,10.207315063476585,13.81782175699874,1013.520927734375,-10.099887410799662,259.2292038698991,592.745880762736,22.394433593750023,16.459771728515648,19.261586761474632,75.36990769704182,51.516666531562805,11.35416665673256,23.29159838404277,16.59375722196923,9.691128031412802,14.528848266601585,1014.1690983072917,-10.469069957733154,263.577953522404,618.2618427276611,22.254174804687523,15.971307373046898,18.887424723307316,71.50092681248982,63.76111102849245,0.493055556435138,23.448948194351683,17.934703892625866,10.35049972534182,13.39319763183596,1013.1883854166667,-9.128087560335794,247.70293671389422,591.1000124613444,22.540673828125023,16.416680908203148,19.22037277221682,74.38888883590698,50.03055530786514,10.256944417953491,22.599212509258138,16.956844629177095,9.987822469075525,14.282889302571618,1013.8170182291667,-11.273289879163107,268.6716700941324,616.8493715922037
2021-08-16,17.795251464843773,14.451531982421898,16.235576883951847,73.62638854980469,72.1870360399286,47.097222328186035,30.22842039672909,24.254096320808767,5.346551513671898,11.402791595459007,1011.07208984375,12.855656780302525,143.60109397023916,1042.7948532104492,18.342065429687523,14.590325927734398,16.622143046061222,77.04027716318767,81.02314861615498,51.78472179174423,29.180162700594067,20.898910786024253,6.142303721110068,12.496790822347009,1012.4183723958333,9.327986016869545,165.7087948123614,857.2838439941406,17.548272705078148,15.283349609375023,16.488504028320335,71.70277786254883,78.51944307486217,36.24999998509884,30.601057096175364,24.590528116822394,5.369317626953148,11.24382044474288,1010.9877408854168,10.792766512682041,145.8793147827188,1110.455975850423,17.830316162109398,14.097436523437523,16.346896107991558,71.0138889948527,69.81574149926503,39.29166650772095,28.514455305524876,23.59464334980862,5.4372548421224,11.003741200764978,1011.606953125,12.163543043037256,143.1752044260502,1044.6299514770508,17.474755859375023,15.038873291015648,16.400298055013042,72.270370165507,82.9949065844218,35.423610895872116,33.335416589497676,25.830291621795666,5.347427622477255,11.279612477620446,1010.9362239583332,9.814333188037077,146.7627072110772,1138.6391792297363,17.794549560546898,14.112145996093773,16.433365122477237,76.38981501261394,81.15555556615193,37.215277791023254,26.787776774261967,21.404487414892156,6.189352925618493,12.245804087321005,1011.1705696614583,12.012573165198168,113.76181684682767,870.2614618937174,17.578820800781273,14.997247314453148,16.255405680338566,73.87731583913167,85.33518425623576,48.909722328186035,33.46382913194059,25.52972663158917,5.33106638590499,11.47755076090499,1010.9540169270833,14.041740854581198,113.87749948352575,1086.910925547282,17.589868164062523,13.965722656250023,16.161436971028667,76.6907418568929,72.28564882775147,42.9027778506279,27.92697850931005,21.36844694017743,6.024835205078148,12.012968953450525,1011.1718326822917,12.83606133175393,122.38840512931347,859.7990036010742
2021-08-17,17.563653564453148,14.094628906250023,15.409272766113304,77.53472153345744,81.43240753809611,107.70138931274414,26.62002201148116,19.81827425900283,5.121753946940146,11.361376698811853,1015.85154296875,8.472133755683899,82.57772280772527,862.9458147684733,16.957086181640648,13.858392333984398,15.587267812093122,73.44722096125285,79.24536983172099,113.88194489479065,25.46529418633387,17.453453753316804,4.973681386311853,10.79559224446615,1015.7112858072917,2.915148695309957,149.69185307373604,798.8320007324219,16.890161132812523,14.109216308593773,15.255094146728538,79.22546307245891,73.58009195327759,94.82638931274414,25.932367763754023,19.072930662705634,5.3819137573242415,11.55734786987307,1015.6954296875,8.885598003864288,71.96346372365952,768.7447357177734,17.196557617187523,14.710168457031273,15.542769368489607,76.05509344736735,94.84444427490234,84.43750023841858,24.434732635892402,19.35349683157203,4.8813034057617415,11.234263356526696,1015.8294140625,5.766059706608455,81.03820364177227,862.0697352091471,16.565087890625023,13.873559570312523,15.22055333455406,78.9462947845459,72.51574070254962,36.84722243249416,25.197890893890584,18.100535085337174,5.257978057861351,11.48920593261721,1016.0007356770833,8.105423033237457,80.23666807015736,727.4762306213379,16.983300781250023,13.938775634765648,15.416926320393904,74.18472210566203,83.00879653294881,75.7916669845581,25.96411243810641,17.596655274484366,4.9309923807780365,10.732888793945335,1016.0085970052082,5.21096192408974,122.93189092725515,823.9928709665934,17.259606933593773,14.116662597656273,15.50458679199221,77.76990763346355,73.49814886848132,27.875000230968,23.855172843059094,18.79468728909168,5.315175628662132,11.544435119628929,1016.1355110677083,7.087862119078636,102.64181362092495,746.6447970072428,16.963403320312523,14.387170410156273,15.317447916666689,77.23888842264812,88.21944459279378,117.35416722297668,28.83266300964089,19.590522592091034,4.956562296549521,11.221528625488304,1015.9016861979167,7.120948235193889,70.99805572877328,861.0600280761719
2021-08-18,19.991967773437523,15.082055664062523,17.243670399983746,80.10879611968994,72.06898138672113,96.40277671813965,21.106794633163204,15.25715382385094,7.115018463134788,13.634308115641318,1014.275888671875,-9.095060586929321,176.95946339145303,618.8396034240723,19.572198486328148,15.325921630859398,16.942566172281925,81.20509147644043,77.28796283404033,210.89583539962769,20.23507869162504,15.335114301385358,7.18476257324221,13.57640101114913,1014.3058072916667,-9.123496303955713,170.07488557696342,614.6271731058756,19.823724365234398,14.342156982421898,16.999883270263695,79.28888893127441,68.35648053884506,142.43055534362793,21.27439430370973,15.224540825113431,6.8788988749186615,13.203276570638025,1014.1694140625,-8.76913825670878,171.4488526073595,617.3217938741049,19.774652099609398,15.415460205078148,17.029204305013042,80.65231418609619,68.14907350142796,219.52777767181396,22.047541547064927,16.35835017452739,7.31797815958663,13.525488789876306,1013.5039518229167,-10.70694120724996,196.85937093322477,647.3525161743164,19.534814453125023,14.725793457031273,17.018806711832706,80.82083225250244,81.66574001312256,101.74999928474426,21.469529784594695,15.495332143298377,6.933161671956384,13.571886952718103,1014.1450716145832,-10.30560427904129,166.21901853134236,602.9987436930338,19.971246337890648,15.083306884765648,17.033767954508487,80.89861106872559,68.58935183286667,107.46527671813965,21.482704197751723,15.010978365717227,7.493472035725915,13.553159332275413,1014.244228515625,-10.500992059707642,198.5437614520391,613.5480817159017,19.504602050781273,14.820336914062523,16.986219024658226,82.70555400848389,82.73333311080933,30.1875,21.037516939087492,15.711204069145262,7.006033833821618,13.915044403076195,1014.3854231770833,-10.923557122548422,179.69924038772783,621.6895955403646,20.120996093750023,15.022363281250023,17.031250254313175,80.83379713694255,67.44490804274876,95.68055582046509,21.789447475548776,15.422235112462438,7.2970202128092865,13.569429016113304,1014.3610677083333,-10.1694908340772,193.86729430158934,611.0545209248861
2021-08-19,18.215478515625023,15.918634033203148,17.070418294270855,83.05138810475667,99.98379611968994,56.63888907432556,19.51855999034394,15.680859950044763,7.586994425455771,14.138767496744833,1012.680810546875,-3.580215056737264,86.9202232422928,635.1816164652506,19.561547851562523,14.999505615234398,17.603863016764347,73.23703670501709,59.62500007947286,116.1875,21.44922885061798,16.681942911927592,7.159514363606775,12.603175099690759,1013.2359342447917,-5.97410308321317,228.35835163791975,771.8052279154459,18.624475097656273,16.282403564453148,17.514770762125675,79.90555636088054,96.17453702290852,25.61805546283722,20.964970541555026,15.458349515628148,7.821707661946618,13.968237813313806,1012.4648079427083,-4.907437269886334,104.4882362857461,619.1668745676676,19.519555664062523,15.549035644531273,17.60222142537437,74.81574042638142,77.38750155766805,161.10416793823242,22.092663638991763,16.53733234651681,6.906498209635458,12.946397399902366,1012.9493098958333,-6.465807557106018,198.07774106537303,770.0536022186279,18.090142822265648,16.037652587890648,17.10420888264976,81.94861094156902,94.55416647593181,13.51388880610466,19.31151476045068,14.833271546640125,7.915060933430993,13.970005289713583,1012.5021419270832,-2.8377841810385385,92.14827749505639,551.1119168599447,18.454797363281273,16.251702880859398,17.232119496663433,81.24444484710693,97.80324077606201,135.02777862548828,22.097472510630052,15.984216859259382,7.177374776204431,13.963252003987634,1012.981826171875,-3.2364832075933614,104.78216664989789,650.3613065083822,17.594445800781273,15.448937988281273,16.802013651529972,84.73564751942952,95.37222131093343,11.395833306014538,17.438580228838905,14.064022626703208,8.1171864827474,14.1905507405599,1012.694365234375,0.03163794676462809,65.76751899346709,534.3088308970133,18.132318115234398,16.029595947265648,16.9587226867676,84.01805559794109,99.90185197194417,82.29861068725586,19.667445876791607,15.213091941737856,7.397328948974632,14.203445688883505,1012.962783203125,-1.53357229133447,91.73381413581471,608.0170936584473
2021-08-20,20.915917968750023,14.957177734375023,17.711689249674503,81.1055555343628,49.48194392522176,59.51388883590698,18.23785594355544,12.219147222779464,8.549217478434286,14.223716990153036,1014.9726399739583,-11.856497089068094,232.87185306598744,473.7904151280721,21.301629638671898,15.617639160156273,17.90300267537437,79.37129783630371,64.38472220301628,92.27083373069763,15.157497729963088,8.512243524277777,8.142935689290368,14.10077819824221,1015.7664420572917,-10.30805108944575,210.3050358047088,424.06052764256793,20.850427246093773,14.838891601562523,17.63462346394859,81.87361145019531,48.87777761618296,77.61111199855804,16.564764616160534,11.585415696572987,8.664720153808616,14.318098958333337,1015.0022623697918,-12.129213054974874,235.73666183402142,480.67014837265015,21.366326904296898,15.335626220703148,17.848491923014347,79.97036997477214,63.28611068924268,65.00000083446503,16.16975032321066,10.8310581698834,8.375079091389978,14.166538492838583,1015.1395052083333,-9.54271220167478,219.44884840150675,451.99045912424725,21.012139892578148,14.835656738281273,17.67611465454104,81.20138867696126,46.881944020589195,56.70138907432556,17.072358309891907,11.24110445838827,8.35080490112307,14.20903040568038,1015.1756119791667,-13.200417121251425,233.17169889062643,461.66653029123944,21.548608398437523,14.676812744140648,17.890303548177105,79.35555569330852,38.64259319504102,58.729166865348816,15.384446716720614,9.60607450778709,8.215624745686853,14.007939910888695,1015.162470703125,-12.410001039505005,244.1730892881751,433.03724360466003,20.285333251953148,15.089196777343773,17.583225504557316,82.58194414774577,54.30277714505792,33.763889104127884,16.233652970527814,11.178410343732674,8.239647165934286,14.445695495605491,1015.2308333333333,-11.26649538675944,212.80242872983217,420.4093499183655,20.841516113281273,14.713403320312523,17.59498494466148,81.75694402058919,53.512500286102295,67.02083313465118,18.106143370265144,10.907209605549143,8.375945027669275,14.25421040852865,1015.062216796875,-11.581470370292664,233.0724559177955,439.2808639208476
2021-08-21,23.474450683593773,14.738214111328148,18.866139984130882,75.6671306292216,81.91944322735071,64.47916841506958,12.053943392340642,7.25745071966454,9.476556396484398,14.142607625325525,1016.2730729166667,-14.184750566879908,204.39823959146938,428.317475716273,24.169305419921898,14.701623535156273,19.06844355265302,74.60833247502644,75.51944474379222,77.06249833106995,14.695789650253728,8.896257737641776,10.687988535563193,14.116895294189476,1016.0017220052083,-14.774086435635885,217.6639612664779,369.9330445130666,23.445550537109398,14.574182128906273,18.844060516357445,73.97546195983887,85.89583277702332,34.826388001441956,13.185984666609652,6.241790784205797,9.320829010009788,13.73768005371096,1016.520615234375,-15.532000084718069,206.69040820002556,421.84303005536395,24.577539062500023,14.776147460937523,19.249598439534527,74.74999984105428,83.85972356796265,121.27083730697632,14.495694713498132,8.889281678923096,11.032120005289755,14.272213236490927,1015.505625,-14.87459627787272,223.68725127975145,394.3079427878062,22.629724121093773,14.700891113281273,18.716043090820335,74.38935248057048,85.09814844528834,6.368055462837219,11.9923313694627,6.267386828765844,9.03665440877279,13.76236241658529,1016.7590104166667,-13.429784913857779,189.33383506536484,413.41963330904645,24.355310058593773,14.844110107421898,19.365295664469425,74.30416663487752,81.9805559317271,81.7986114025116,14.30737935830681,8.054757549035115,10.297720845540368,14.345342254638695,1016.1423567708333,-16.90381088356177,217.32644791404405,431.6344625155131,22.354119873046898,14.663079833984398,18.573101298014347,75.24907541275024,84.58611109852791,2.076388891786337,11.598547489070691,6.078088292803521,8.757714843750023,13.80304870605471,1016.8396712239582,-11.964958334962526,174.87039300551018,378.4250013033549,23.764062500000023,14.687249755859398,18.96030705769859,75.26898082097371,86.72222299377124,67.21527814865112,15.547644491147292,7.9262996981484335,9.587420399983728,14.131968434651696,1016.2176139322917,-15.146019915739695,205.7831872565051,431.76169927914935
2021-08-22,19.580957031250023,15.826348876953148,17.385452524820987,90.50509198506673,88.15786997477214,339.2083320617676,19.61066492164468,14.660755904328871,8.863823191324911,15.753265635172568,1015.086923828125,2.7786296730240188,192.19242605070272,545.8657245635986,19.527795410156273,15.592065429687523,17.30098622639976,88.44722207387288,94.53425852457683,354.40972423553467,19.729162385643345,14.861880408065694,8.997551218668661,15.288432057698571,1014.3873795572918,5.287890667716662,165.5657052633663,552.4740702311198,20.780511474609398,15.852868652343773,17.803411102294945,87.3916670481364,85.64398209253947,219.56944370269775,19.98860408353643,14.172971473933885,9.16804148356124,15.558006540934286,1014.1548372395832,-1.0663411418596904,199.4506907289227,556.5740445454916,19.035302734375023,15.597894287109398,17.28302408854169,89.00370279947917,95.27314758300781,232.4027762413025,17.16887866259847,13.337883859009628,8.97479146321615,15.399530029296898,1015.0036783854167,4.845116376876831,164.1624267672499,496.3537810643514,19.662652587890648,16.165704345703148,17.72891006469729,88.50231488545735,87.9398152033488,192.16666507720947,17.92641300813913,13.234400456641024,9.521262105305993,15.713238016764365,1014.0997200520833,-1.5646796276172001,184.85064277797937,492.8229745229085,19.539086914062523,15.424371337890648,17.493259684244816,86.67453702290852,86.77222220102946,255.74999809265137,15.98205670971931,12.252962789282558,8.94040451049807,15.142845408121786,1015.68287109375,1.6740331947803497,190.31763107329607,502.3575665156047,19.563684082031273,16.223901367187523,17.630967712402366,90.1356471379598,85.018980662028,255.27777671813965,19.96857778020087,15.124266502527606,9.161560312906943,15.924194590250693,1013.94419921875,-0.5409420728683472,187.11388941605887,499.929500579834,18.963159179687523,15.621972656250023,17.48314183553062,89.28148015340169,96.18749968210857,317.0069441795349,20.431823460922015,13.087313912670604,9.20710398356124,15.626908874511741,1015.3177669270833,1.1459876894950867,159.43294586862126,501.9783109029134
2021-08-23,21.234429931640648,14.698846435546898,17.793486531575542,72.82361300786336,33.046295465901494,124.99999666213989,21.117548378403285,18.032238751973882,8.06293640136721,12.35077819824221,1023.7218912760417,-5.7775719165802,259.1057148625453,737.9157422383627,21.656518554687523,14.777795410156273,17.798738098144554,78.55463027954102,58.887499252955116,418.4513988494873,19.683397740871158,16.432234851933373,8.913238779703818,13.577615356445335,1023.0733756510417,-6.90809811403354,203.34947810818753,602.7836761474609,21.183160400390648,14.794580078125023,17.693601226806663,75.05138826370239,33.53240743124237,88.43749928474426,20.94272649481411,18.50680909367384,8.213121032714866,12.800984954834007,1023.5800358072917,-5.821658144394557,249.98348010331392,709.6730537414551,21.561090087890648,15.416650390625023,18.02398325602216,72.27037111918132,31.53009335199992,244.64583778381348,21.159981935812485,17.334334816056746,8.551178232828818,12.400122578938806,1023.06056640625,-6.550636649131775,257.0209436044097,668.7964471181234,21.089166259765648,14.966363525390648,17.545452372233097,75.44490782419841,36.96296326474597,81.04166555404663,23.91088986175602,19.240528799708688,8.101288096110068,12.764231618245446,1023.5589485677083,-5.82554046312968,250.40313502773643,705.8281885782877,21.282647705078148,14.972711181640648,17.790756479899112,73.0652772585551,32.43101898704966,233.93055534362793,21.688945525894948,17.632447888063002,8.252245839436853,12.33763147989913,1023.682626953125,-6.595819592475891,260.2047755246361,717.2475967407227,21.242791748046898,15.444879150390648,17.82456232706708,76.01296313603719,42.78842632969221,33.041667342185974,23.331652289903168,18.722766041532015,8.214332834879599,13.179287211100302,1023.5946875,-6.859071811040242,240.63968759961426,683.490166982015,21.222192382812523,14.895501708984398,17.693776702880882,73.27638880411784,36.91898090951145,305.1319417953491,21.312195066907144,18.13641935482548,8.068691507975302,12.360622660319052,1023.9376432291667,-6.250952462355296,259.87916141500074,749.8586031595866
2021-08-24,20.928002929687523,13.003198242187523,16.837627665201847,73.40185165405273,39.534722509483494,1.8333333134651184,18.214120429660017,14.546929266362937,6.353926595052087,11.697757975260458,1028.4281868489584,-0.9196771184603373,244.9280390329659,576.0109074910482,21.395410156250023,12.863122558593773,16.817583974202496,72.14259338378906,17.668981571992237,125.49999618530273,17.9646224935213,14.37727717557201,6.535161590576195,11.31549987792971,1027.5845735677083,-1.6904923617839813,256.28621586660546,582.8385740915934,20.867456054687523,13.013696289062523,16.815928395589214,73.55648136138916,38.92731515566508,0.0,18.372170795106918,14.827427245294393,6.248687998453818,11.7131172180176,1028.2960904947918,-1.000048279762268,245.87700080747405,579.8954690297445,21.135919189453148,12.770043945312523,16.688452657063824,73.08287000656128,22.158796060830355,88.66666603088379,18.07102847134732,14.71768248255286,6.341376241048181,11.490570322672568,1027.7699186197917,-0.7839073737462362,245.7877004829546,565.7119363149008,20.891778564453148,13.022546386718773,16.78418884277346,73.41342624028523,35.71620354056358,0.0,18.662100570253326,14.72703281804909,6.181295013427757,11.65132548014327,1028.3104915364584,-0.8149215579032898,247.0222167459627,576.8428726196289,20.911889648437523,12.619012451171898,16.600405629475933,72.79814831415813,19.888889128963154,81.37499856948853,18.520437853999262,14.6617159225458,6.299868520100915,11.349766031901083,1028.0377962239584,-0.9539824525515238,254.48279738426208,564.6339200337728,20.726190185546898,13.246759033203148,16.834282175699894,74.09536949793498,36.345832546552025,0.0,18.947639065314238,14.862150087307626,6.3520739237467865,11.846131896972679,1028.1179622395832,-0.5530762871106466,243.63686342909932,579.2287750244141,20.712304687500023,12.788507080078148,16.63651555379234,72.82916768391927,33.18009231984615,33.52083420753479,17.638641544479167,14.393335395351976,6.43218892415365,11.399878438313806,1028.2181640625,-0.5475572546323141,248.8782987445593,560.9705931345621
2021-08-25,19.300622558593773,12.929071044921898,15.914072926839216,81.32361094156902,70.212499777476,0.31944444961845875,20.634890277490108,14.654909611817354,9.7644032796224,12.467616017659509,1024.07572265625,1.4445804953575134,231.56509547432265,506.70126819610596,19.783776855468773,12.917626953125023,16.101461029052757,79.61851914723714,60.00555631021658,1.8888888731598854,21.565471183040284,14.713444798897088,10.016628519694052,12.316944376627646,1024.343896484375,0.606916069984436,242.1048385426402,474.86380132039386,19.082269287109398,12.915429687500023,15.747641499837263,82.06759198506673,70.49537181854248,0.5833333386108279,20.653789683943206,14.98746290103908,9.824283854166708,12.468712107340536,1023.9788671875,2.204006706674894,223.54960959156355,513.4160855611166,19.847833251953148,12.938226318359398,16.132418568929058,79.82546393076579,48.77777759730816,0.027777778450399637,20.679091612272362,14.531027887565562,9.88472391764327,12.334076182047568,1024.382529296875,0.04449997345606486,246.99492555608353,486.30724207560223,19.159204101562523,12.867272949218773,15.685202534993513,80.98379755020142,63.92361076672872,0.22916667023673654,20.82578659288687,14.588151437005523,9.67177225748702,12.191233571370446,1024.1133756510417,2.588259110848109,237.65035476287207,487.7752997080485,19.779534912109398,12.951318359375023,16.072712198893253,80.21620353062947,48.609722032522164,0.0069444444961845875,20.44536845065946,14.367908978676434,9.809243774414085,12.3885487874349,1024.4467805989582,0.23605634768803915,245.02377852300802,516.9803040822347,19.108361816406273,13.180657958984398,15.798272705078148,81.93749936421712,67.67268514633179,0.16666666930541396,21.357354708452334,14.40422691354622,9.703299458821618,12.476406351725302,1023.980927734375,2.3033666809399924,235.3875157944858,484.24181111653644,19.408654785156273,12.802453613281273,15.916902160644554,80.22407341003418,60.52083436648051,0.05555555736646056,20.6259633550391,14.621922968243162,9.89673512776693,12.273336029052757,1024.2502669270832,1.0809714198112488,237.4593547830979,531.3489958445231
2021-08-26,18.768273925781273,12.810571289062523,15.111347452799501,74.40092579523723,87.61805486679077,8.374999862164259,24.585892380022862,18.931420927925483,7.111328379313193,10.398657735188806,1017.563740234375,5.419139573971431,134.68946566960463,825.2222226460775,18.557702636718773,13.081262207031273,15.326928710937523,74.38657426834106,87.05416679382324,12.131944604218006,23.045033657010052,19.818205454986913,7.074367777506552,10.684486643473349,1018.0994759114583,4.351418698827426,136.34746325404072,814.0649897257487,18.690484619140648,12.893579101562523,15.000885264078798,75.48286898930867,81.75879605611165,8.99999999254942,24.08391461064869,18.958291455204947,6.965735371907556,10.557813262939476,1017.6418880208333,6.074971308310826,142.0380185265094,814.0620880126953,17.608941650390648,12.775109863281273,14.843513743082704,75.48796288172404,88.6805551846822,13.229166738688946,23.41721898837793,20.299135584422814,6.967069244384788,10.481590525309286,1017.35345703125,6.017871956030528,129.82412824888402,815.9254201253256,18.715722656250023,12.948327636718773,15.017994181315126,75.60138861338298,77.76249996821086,9.090277913957834,24.006733553077794,20.049515435342396,7.139778391520224,10.57380065917971,1017.372158203125,5.659666230281194,151.51622133639952,806.3753407796224,19.375177001953148,12.685083007812523,15.181863403320335,72.9847224553426,77.41666618982951,10.652777791023254,23.569070080557207,20.107256652011575,6.5687970479329465,10.188850657145224,1017.8158723958333,2.8063234140475593,173.11582989882058,850.5690930684408,18.457788085937523,13.032769775390648,15.001649475097679,75.18703810373943,79.38148194551468,9.972222089767456,23.92356259904642,20.217617782273074,7.419051106770837,10.487571970621786,1017.1856575520833,7.253258659193913,133.85605669037128,803.1006914774576,18.702142333984398,12.638146972656273,15.161866760253929,74.4037036895752,87.19074058532715,9.902777783572674,23.997495949942152,19.06141393022443,6.80561218261721,10.497869110107445,1017.566171875,5.40280266602834,127.43664871544267,841.7174924214681
2021-08-27,17.457238769531273,12.770532226562523,14.795855458577497,81.05324014027913,39.60601865251859,18.38194453716278,29.09309756548974,21.774931101421434,5.275561269124353,11.504043833414755,1019.1737239583333,2.623564581076304,189.14048022714755,765.1833330790201,17.574639892578148,12.443414306640648,14.982933298746767,81.52453804016113,57.654629826545715,28.194444239139557,27.320595930567315,21.491790223677597,5.3995592753092865,11.782937622070335,1018.8730631510417,4.946529179811478,169.3241476525242,767.5704345703125,17.180932617187523,12.578485107421898,14.493178304036482,82.63657188415527,38.403704722722374,11.340277880430222,28.9856235689967,21.538900026079336,5.278204854329431,11.502107238769554,1019.147392578125,2.048320988814036,191.65644513753554,724.4995371500651,17.153588867187523,12.938897705078148,15.110584513346376,79.83194287618001,71.32777762413025,26.680555820465088,28.258776637407912,23.096867510717924,5.373928324381552,11.622247314453148,1019.5626432291667,3.260619809230169,172.46349716372788,829.9294522603353,17.293237304687523,12.427758789062523,14.701402282714866,81.47129567464192,38.605092319349446,9.277777895331383,27.690899105724018,20.900820055400192,5.248620605468773,11.42243601481124,1019.3352473958333,2.618346909681956,217.4539955916504,734.890064239502,17.226586914062523,12.594659423828148,14.95806783040367,79.37916660308838,54.20138851801554,25.361111342906952,28.89785124909437,22.46088845657124,5.187280273437523,11.365625000000023,1019.332578125,3.7258820682764053,191.07633416370177,806.7055981953939,17.680200195312523,12.463739013671898,14.826018269856794,80.63194370269775,42.093055062073596,4.854166650213301,27.892712849561864,20.7811617779553,5.354573822021507,11.371396636962913,1019.088125,1.3645752867062886,219.80757066234946,725.904972076416,17.202325439453148,12.618066406250023,14.887385304768904,80.32962894439697,59.43333274126053,25.736110985279083,28.815671329460113,22.204984714587372,5.144720967610681,11.460151926676474,1019.4202864583333,3.422118360797564,183.46194201459488,799.95947265625
2021-08-28,18.621057128906273,13.551538085937523,15.735185241699241,82.71574052174886,77.61944484710693,21.7847221493721,24.683201732866245,20.320617157214254,6.332948303222679,12.670560455322288,1021.0056217447917,-3.2025694251060486,162.17168545195213,698.0124842325846,19.134301757812523,14.101556396484398,16.14695002237958,82.31805578867595,65.95000072320302,41.638888478279114,23.19935476157044,20.101412427931535,6.390887196858728,12.973510996500693,1020.6524251302083,-4.644995947678884,165.17305666627362,734.6909879048666,18.333367919921898,13.821252441406273,15.684304809570335,82.53287092844646,86.13194465637207,10.472222298383713,24.80308795634814,20.804008909045766,6.670303599039755,12.56852493286135,1020.9077278645833,-2.677694817384084,145.25298324786127,711.5749702453613,18.232171630859398,13.646997070312523,15.597566223144554,85.73564847310384,79.62638918558757,38.43055617809296,23.417088436594863,19.557457594818516,6.507119750976585,13.107418314615927,1020.7864192708333,-2.893843690554301,164.7760530387362,642.1463890075684,18.157861328125023,13.885095214843773,15.716583506266298,82.44814745585124,84.05092525482178,9.81249986588955,25.01893016298297,20.658782981201373,6.61540247599288,12.583860015869163,1020.9513997395833,-3.4272878766059875,151.22694888586798,714.6550165812174,18.746759033203148,14.168695068359398,16.132263437906925,80.51620388031006,74.42314847310384,30.49305558204651,24.31876490656713,20.14365309990082,6.6983746846516965,12.633297220865927,1021.1435481770833,-5.068727890650432,178.31048155824342,742.1261520385742,18.415704345703148,13.922052001953148,15.627988433837913,80.94351863861084,83.50833288828532,1.5902777714654803,24.224365800782614,20.473861116251342,6.336050923665368,12.189023590087913,1021.1596061197918,-3.0907326141993203,163.6097618366281,714.1766738891602,18.853906250000023,13.877618408203148,16.093218739827496,81.0120366414388,81.4453690846761,21.673611164093018,24.323928135489087,20.38896089522933,6.447077687581384,12.679907735188806,1021.1093131510418,-5.612889409065247,171.08955236151814,747.5969403584799
2021-08-29,16.893365478515648,12.668145751953148,14.539577738444033,86.64490795135498,72.60786974430084,5.569444447755814,22.087697936287803,18.57783920811782,6.976167297363304,12.285728708903036,1020.4978938802083,3.5645864385878667,93.27110644693796,493.2093785603841,16.149987792968773,12.948022460937523,14.66382751464846,87.7120377222697,83.3231471379598,44.49999964237213,22.653769433691817,20.159564826813533,7.139155324300134,12.621362304687523,1019.4905696614583,3.742892579485973,71.70244389244665,574.9839070638021,17.343469238281273,12.395410156250023,14.773151652018251,85.67638715108235,65.03749881188075,5.888888940215111,22.853656667525968,18.63377039114507,7.193027750651083,12.32770945231124,1020.6729622395833,2.9335080360372863,100.06594308714072,516.5925051371256,17.055230712890648,12.727777099609398,14.849206542968773,85.92453702290852,89.2162036895752,18.513889133930206,22.57708259206209,19.074902039535417,7.39966990152999,12.465141550699911,1020.3180240885417,2.7181022465229034,94.74131631959851,531.7316004435221,16.365045166015648,12.180505371093773,14.133481597900413,86.39537048339844,68.76713013648987,3.8749999701976776,22.179119601123777,18.306082980573233,7.098142242431663,11.84644470214846,1021.0482747395832,8.527500019719204,68.99350094376132,467.4951362609863,16.585961914062523,12.718804931640648,14.54972610473635,88.01713021596272,78.59583377838135,19.229166388511658,21.518243905842915,18.948927120415288,7.25294138590499,12.562956746419275,1020.2966731770833,4.9109407546930015,66.51227574143559,505.7297248840332,16.553033447265648,12.262353515625023,14.276577250162783,87.81481488545735,67.1574072043101,8.013888984918594,21.20061768613647,18.11856926949506,7.134299214680993,12.243545786539755,1020.7613118489583,8.338263986011347,64.10279509238899,467.1274579366048,17.022851562500023,12.438256835937523,14.486192321777366,85.60277811686198,74.82453608512878,6.756944432854652,21.84000155963804,18.992068227773856,7.183460489908896,12.061805979410849,1020.1007291666667,3.454274855554104,91.61896227067336,521.2577807108561
2021-08-30,20.140527343750023,13.096063232421898,16.076890563964866,82.50000031789143,40.28611105680466,3.8819445073604584,22.289654002226577,17.003689445270677,9.37146657307943,12.808816528320335,1020.91083984375,-11.555138488610586,232.25527835233757,461.1983871459961,20.027764892578148,13.762750244140648,16.281302388509136,83.74861240386963,65.44861014684041,9.666666626930237,23.854959650698337,17.72231199519912,8.180289204915368,13.264307912190759,1020.2052115885417,-9.5419842004776,194.83596243600672,535.2122611999512,20.315545654296898,13.155664062500023,16.07171274820966,83.1759262084961,44.449074447155,1.8819444924592972,22.331265964495554,16.852702718713733,9.459958648681663,12.920964813232445,1021.0884342447918,-10.215641736984253,228.42594183748588,464.7693576812744,20.042291259765648,13.852868652343773,16.610513305664085,82.36805566151936,58.78055497010549,9.152777910232544,23.214296874960038,17.694785873946316,8.279002126057946,13.331646219889365,1020.6408268229167,-10.868700792392096,219.26259326119907,544.8971004486084,20.090112304687523,12.708917236328148,15.70023880004885,83.23888874053955,38.93749910593033,5.9722219705581665,23.369761774907353,16.704009609922153,9.556239064534509,12.540906524658226,1021.217255859375,-9.112129211425781,231.6456661283349,462.8091055552165,19.893304443359398,13.693292236328148,16.370290374755882,82.7671292622884,65.61249886453152,6.756944447755814,22.418999924267364,17.215526177508345,8.156294759114587,13.191864267985068,1021.19427734375,-9.828578611214956,174.6677553934666,508.07345898946124,20.004663085937523,12.874627685546898,15.880254364013695,82.6370366414388,44.56157352526983,0.5555555601604283,23.10584916794616,16.713369816253124,9.822185770670615,12.604849751790368,1021.4159212239583,-9.385397851467133,230.7762590677788,478.6628303527832,19.984948730468773,13.584802246093773,16.308513895670597,82.52129777272542,40.61342631280422,15.361111521720886,21.54556292886581,16.736336350073447,8.83109817504885,13.061605072021507,1021.15765625,-12.257589330275854,229.22807307355106,470.49020830790204
2021-08-31,18.852746582031273,11.944757080078148,14.799109395345075,80.67499987284343,12.368518377343813,1.3819444626569748,20.14928879999535,15.366115897811284,8.73378397623702,11.21732101440432,1024.9808723958333,2.071737622221311,228.85188747313805,422.8180796305339,19.484765625000023,11.602990722656273,14.88568013509117,80.31435171763103,7.870370267579953,4.013888984918594,21.154550023142836,14.740060550008598,8.487634277343773,11.190760548909509,1024.480078125,1.5852150917053223,235.41750265525965,412.39348316192627,18.786035156250023,12.060205078125023,14.943686421712263,80.77314742406209,11.599536468274891,1.375000011175871,19.990005287721605,15.81259621180771,8.7650136311849,11.402837371826195,1025.2849934895833,1.4189793467521667,234.2920045243421,459.68341064453125,18.900933837890648,11.792596435546898,14.601349131266298,82.07592519124348,19.702777445316315,2.5555555298924446,20.752645781411353,15.345706832284614,8.884629821777366,11.280558522542321,1024.504873046875,3.551020383834839,225.0055188171876,428.44590123494464,18.155908203125023,11.644616699218773,14.366975402832054,83.0041659673055,27.294907396038372,0.5347222429700196,19.88273611056353,16.679688229758597,8.72471644083663,11.282027180989587,1025.6760286458332,4.753235558668773,215.11677276420718,446.4977372487386,18.778100585937523,11.413385009765648,14.3768135070801,81.88888931274414,18.20555551846822,7.270833224058151,20.95225196901814,15.498355074108822,8.63446706136068,11.016477203369163,1024.8517903645834,3.265066092212995,226.2318532151791,423.45179684956867,18.374169921875023,11.967919921875023,14.560069020589216,84.15231450398763,27.320832749207813,0.8055555634200573,20.49934992930215,16.523579523907262,8.681956227620446,11.69568786621096,1025.6906380208334,4.181217715144157,206.7982204738073,434.883586247762,18.497674560546898,11.610589599609398,14.478519694010439,81.22963078816731,12.981481525115669,0.8888889104127884,20.274521250695482,15.454830777945228,8.804369862874353,11.022153472900413,1025.0691080729166,3.3035064954310656,227.99905692405687,416.07640171051025
2021-09-01,17.494470214843773,12.241815185546898,14.924920654296898,76.2412036259969,73.6925934155782,4.590277671813965,15.341922434407987,12.135492005941158,11.625685628255212,10.647209421793661,1027.7257682291668,0.9036755176881949,139.09199831386408,546.334482828776,19.006951904296898,11.654565429687523,14.820561981201195,77.48333501815796,40.79583345741654,2.527777776122093,13.431481873205438,10.762380153629652,11.002690887451195,10.635516103108728,1027.0567545572917,-2.0546790957450867,218.3013539177288,399.60490862528485,17.356622314453148,11.754571533203148,14.618311818440779,75.3787031173706,71.09259189044435,4.652777694165707,15.20516094895956,12.292006320736457,11.595513916015648,10.170744832356775,1027.8812760416668,1.5183110286792119,152.7320670237144,557.3638089497884,18.792382812500023,12.692193603515648,15.343197123209658,75.8106476465861,63.974536341925464,3.4097222462296486,14.318267185499948,12.331814202656572,11.545041656494163,10.866489664713583,1027.1594303385418,-2.800850860774517,191.4412408992648,511.87979952494305,17.376000976562523,11.927087402343773,14.602246856689476,73.69629605611165,72.72129670778911,2.8472221940755844,16.390048772552024,13.115161297082658,11.741058603922568,9.8522773742676,1028.2735807291667,2.1451910560329757,155.66274352371693,622.4329147338867,17.079156494140648,11.930780029296898,14.208917236328148,76.11111164093018,72.24907382329305,3.229166615754366,16.54817554309057,12.051842357845482,11.864528910319052,9.916703796386741,1027.6575944010417,3.146295259396235,137.43652016172805,559.5438613891602,16.930535888671898,11.678613281250023,14.43326339721682,74.50833352406819,77.52824064095815,2.229166656732559,16.512469935665084,13.007649798241777,11.681306457519554,9.848144785563193,1028.170537109375,3.5526977429787316,144.3905006373922,615.8867778778076,16.841821289062523,11.852410888671898,14.31174240112307,75.95046393076579,73.90833393732707,3.6111111119389534,15.056888321214664,11.81850607935913,11.63162765502932,9.998801167805993,1027.8362337239582,3.4728234509627023,130.44934963186583,562.6155678431193
2021-09-02,19.123803710937523,10.601831054687523,14.164538319905622,79.58611186345418,15.297684917847315,2.6944443807005882,11.336890511058863,8.172454342313936,12.42894007364913,10.347154235839866,1026.2209309895834,-3.784991423288981,224.67126035441956,296.56410121917725,19.873284912109398,11.091790771484398,14.699775950113954,80.02129729588826,20.20972224076589,5.666666507720947,14.408449506336993,9.645002451538824,12.06497726440432,10.928673044840536,1026.6218131510418,-2.919773578643799,229.079518849651,295.71675395965576,19.436273193359398,10.414819335937523,14.329077657063825,78.21713034311931,7.8708333770434065,0.9513889215886593,12.676635887587588,8.279672623681344,12.16571706136068,10.245801544189476,1026.427158203125,-3.2805525263150535,230.33436866104603,303.5216197172801,19.111749267578148,10.686303710937523,14.179593658447288,79.88564666112264,3.040277736261487,5.666666507720947,14.065182585187737,9.917751290759044,12.161256408691429,10.4230946858724,1026.528671875,-1.0191118518511455,234.49100044866404,306.50634002685547,19.167077636718773,10.714044189453148,14.456452941894554,78.13657363255818,7.2162034672995405,0.6666666716337204,12.169091302002299,8.911025796057016,12.192375437418661,10.36326624552413,1026.7209830729166,-3.2067975600560508,234.11214131861925,315.18297243118286,18.455224609375023,10.826593017578148,13.99217249552411,79.91064739227295,24.122222144467134,3.9722221195697784,12.02215427972864,9.688855840636945,12.563648478190146,10.248125966389978,1026.4646842447917,0.3256954892228047,221.1170964514216,329.7336498896281,19.368280029296898,12.013665771484398,15.659927622477236,73.62916707992554,32.07546356444558,0.6041666734963655,12.341973918247842,9.27906705796177,12.20395431518557,10.695102945963583,1026.7782194010417,-7.5073182086149854,232.96167771394053,355.0606673558553,18.827752685546898,10.350213623046898,14.005139923095726,80.65138785044353,11.591666748126348,3.1597222983837128,11.855277452485602,8.872432823799402,12.53738683064779,10.39356129964193,1026.1326595052083,-2.2502066592375436,233.26622686783472,303.2124991416931
2021-09-03,20.247125244140648,11.392358398437523,14.994493103027366,78.80601755777995,1.3393518080314,0.5000000149011612,18.35794001085505,12.873403158483933,11.988577779134118,10.953345235188806,1022.340029296875,0.9526457078754902,232.92896795024475,341.1710402170817,20.553979492187523,10.910150146484398,14.969239807128929,78.09490887324016,0.7111111202975735,2.8333332538604736,17.896713236047667,12.44895120652592,12.061303710937523,10.772400156656943,1021.9947623697917,-3.065252015988032,233.31702803820372,322.4446538289388,20.533013916015648,11.449975585937523,15.157266235351585,78.15000041325887,0.37407407055919367,0.1666666679084301,18.64953865255476,13.020691942967964,11.761045074462913,10.956997172037802,1022.124130859375,0.053900192181269325,232.43250269194445,346.8249610265096,21.009515380859398,10.916284179687523,15.184376017252626,76.12777805328369,0.05648148184021314,1.0000000298023224,17.674693623461,11.692989652934125,12.075044250488304,10.55481618245443,1021.8874674479167,-3.796686887741089,233.59294948726892,316.55512348810834,20.662988281250023,11.537103271484398,15.225794728597029,78.64629713694255,0.6333333419946333,0.0,18.40330317244402,12.766157983932287,11.750834401448571,11.139658864339196,1022.1881380208333,-0.6087049165119728,231.64833507935205,349.1452802022298,20.108880615234398,11.060571289062523,14.73203048706057,79.00231504440308,3.132870369590819,0.6666666716337204,18.81255797353668,12.88629954643608,11.992215728759788,10.703357950846396,1022.2759928385417,-1.2437919676303864,233.69422825674215,331.68806807200116,20.566796875000023,11.565454101562523,15.204399363199892,79.21203804016113,1.158796316633622,0.0,18.58809898103626,12.666382026405932,12.061778004964196,11.233412679036462,1022.2034342447918,-0.45998264104127884,231.32640746980906,352.1010103225708,19.959039306640648,11.149926757812523,14.740101114908876,78.96111122767131,1.6490740890925129,0.6666666716337204,18.224366380310727,12.770758338223393,12.004880523681663,10.720894114176474,1022.1867057291668,0.8141830042004585,233.68233587841192,338.12242460250854
2021-09-04,20.423913574218773,10.552026367187523,14.772393798828148,77.51805639266968,4.362036921083927,0.0,15.37608112248301,13.35855798636298,11.213920847574911,10.371260579427087,1019.628525390625,1.5659459034601848,231.31229449808598,384.3564910888672,20.255151367187523,10.085900878906273,14.52005538940432,77.43101803461711,17.706481608251732,0.5000000149011612,15.641020479224006,12.598298757407505,11.241237894694052,10.08851013183596,1020.0538671875,1.2314722339312236,231.8142390412589,381.2190341949463,20.477410888671898,10.620874023437523,14.795210774739607,77.43703587849934,4.053703677219649,0.0,15.76990437074908,13.922638102667802,11.023646291097009,10.433431243896507,1019.4577376302083,1.697244534889857,230.78598160048327,390.3542029062907,19.817407226562523,10.072259521484398,14.31425501505536,77.85833152135213,16.353703521192074,0.1666666679084301,15.571984301281104,12.914084297898228,11.077691650390648,10.007135009765648,1019.9186295572918,2.677448113759359,230.9687610665957,382.58900515238446,20.624749755859398,10.794396972656273,15.008611297607445,77.48009173075359,3.2736111022531986,0.0,15.600638095449211,13.96138969838936,10.993744150797568,10.668200429280603,1019.382021484375,0.8448314468065897,230.21616810684404,402.82020568847656,20.060327148437523,10.091729736328148,14.35772603352867,77.33286984761556,6.3212964460253716,0.0,15.73580970687043,13.308162505778872,11.134136454264365,9.928617095947288,1019.808037109375,2.6350377798080444,232.0491659194231,380.4184335072835,20.615930175781273,10.834283447265648,15.061140950520857,77.84953578313191,3.071296237409115,0.0,16.09811436206119,13.872568503188864,11.057543690999353,10.798357899983728,1019.297841796875,0.7059727311134338,229.67115319147706,401.6206645965576,20.216668701171898,10.127832031250023,14.454838053385439,77.13888947168986,8.944444435338179,0.0,15.064367155710292,13.150874296156465,11.297939554850302,9.989462788899743,1019.6027311197918,2.0472367803255715,231.76776526371637,377.36012204488117
2021-09-05,21.956994628906273,11.423822021484398,16.146550750732445,72.81111081441243,65.15509144465129,0.0,13.12307235606981,9.345967354349384,11.228698984781943,10.716172790527366,1020.5737923177082,-5.421737805008888,216.65122800941268,303.81674400965375,21.634057617187523,10.495141601562523,15.455804443359398,72.06435187657674,43.687963366508484,0.0,12.73071732932089,9.473666272026788,11.69685007731124,9.758610026041708,1021.0887109375,-3.562324970960617,226.38085525110364,296.93327109018963,22.170007324218773,11.276147460937523,16.201584116617862,72.87870375315349,20.344907502333324,0.0,13.226823932608596,9.81282499658307,11.222303009033226,10.780159250895224,1020.49662109375,-6.394874751567841,226.6308098398149,318.31183258692425,21.312677001953148,10.436730957031273,15.332756296793642,72.66990772883098,19.759722645084064,0.0,12.908924042143138,10.082838562946883,11.44064865112307,9.780076599121116,1020.9326692708332,-2.8485645055770874,231.83642495175204,309.14790932337445,22.309381103515648,11.152703857421898,16.201968129475933,71.53981494903564,23.547221958637238,0.0,12.314719950494156,10.441740968035695,11.443964894612634,10.424859619140648,1020.71224609375,-6.003467986981074,228.79976020380855,314.5682382583618,21.653955078125023,10.694421386718773,15.624698893229189,72.25972143809001,23.356481730937958,0.0,13.315762189107037,10.004776529525444,11.334835306803427,10.00309524536135,1020.7651302083333,-3.8388986388842263,230.37651481106877,311.1048069000244,22.113458251953148,10.983087158203148,16.063021596272808,71.2023154894511,17.39675925175349,0.0,12.583107568929163,10.378229625997895,11.35696690877279,10.18851242065432,1020.9160286458333,-4.960721790790558,229.64505534991622,312.2777581214905,21.696679687500023,10.969415283203148,15.786860402425154,72.60648171106975,26.362963219483692,0.0,13.045584361860678,9.58417013707823,11.093413289388025,10.281526184082054,1020.62712890625,-5.005001038312912,227.60690973202387,310.9845512708028
2021-09-06,21.341485595703148,12.628686523437523,16.794363911946636,69.39814774195354,61.3999991218249,0.0,8.057536818060028,6.029031734351766,11.39860305786135,10.78739700317385,1023.5574967447917,-3.7319483757019043,145.67696173116565,204.43344112237295,22.183953857421898,13.183526611328148,17.069688415527366,68.27037175496419,65.93749956289928,0.0,9.961278468108716,5.870101759360975,11.810473378499353,10.713230387369833,1023.3042740885417,-7.979589025179545,199.25818769385418,230.0136433839798,21.950067138671898,12.676416015625023,17.078459676106792,67.27036984761556,69.07407490412395,0.0,9.064005144772354,6.499728451253316,11.424392954508505,10.514889017740927,1023.4993131510417,-6.479041079680125,166.93692695908248,233.2415816783905,21.261407470703148,13.232690429687523,16.694641367594425,71.17500082651775,76.96944536765416,0.0,12.223250733991389,7.862652926135911,11.359820302327478,11.074866231282556,1023.5472591145833,-4.156271358331044,168.20311091840267,237.8866196076075,22.675805664062523,12.502252197265648,17.101553853352886,65.98611084620158,58.1759263475736,0.0,9.094449023799154,6.592828828731812,11.603719329834007,10.198672231038415,1023.3399283854167,-7.330195943514506,171.04827632196248,209.200493256251,21.453637695312523,12.768914794921898,16.7875432332357,67.53657452265422,66.76666657129924,0.0,9.00419673789869,6.514326750941688,11.48140360514327,10.341558074951195,1023.49837890625,-4.6931881705919904,161.69194049139819,226.5666093826294,22.776116943359398,12.299584960937523,16.942671712239605,66.58749914169312,67.73888878027599,0.0,8.789983613295792,6.502931844202948,11.74625167846682,10.136612192789755,1023.2516796875,-7.793132563432057,178.42379913541177,207.41034452120462,20.359643554687523,12.691156005859398,16.372471110026066,70.87546380360921,68.0305556456248,0.0,7.793909023527503,5.621548255948504,11.348907725016318,10.787470753987634,1023.5925911458332,-0.5668606758117676,116.37484542652965,167.36920968691507
2021-09-07,24.179803466796898,14.349542236328148,18.84142710367841,65.00000015894572,68.1828711827596,0.0,10.373889525455517,7.281913108956025,12.127141571044945,11.739668782552087,1022.4467154947918,-13.722264409065247,201.19944527372718,284.7040893236796,23.626855468750023,13.631738281250023,18.309150950113956,67.2865735689799,74.61342589060466,0.0,10.812171222474072,7.530654760934695,12.160237884521507,11.735471343994163,1022.82505859375,-12.525862018267313,214.094471041734,294.5723710854848,23.846643066406273,14.544885253906273,18.83212814331057,65.63888883590698,79.06574034690857,0.0,10.001198074884252,6.675230285373611,11.69781392415365,11.903821563720726,1022.4202864583333,-13.149179458618164,197.3274104433755,288.2438072363536,23.739831542968773,13.646264648437523,18.23417434692385,68.98287026087444,71.5430555343628,0.0,12.208205762038052,8.348892980289255,11.86487986246749,12.048799133300804,1022.84458984375,-10.029723902543386,202.5157044356068,298.9611171086629,24.029718017578148,14.532464599609398,18.983635203043644,63.04814783732096,70.51388907432556,0.0,10.10087420527077,6.509183801876755,11.904477691650413,11.420237477620446,1022.602490234375,-14.066105842590332,207.39313002862036,284.98295489947003,24.046166992187523,14.183038330078148,18.67970428466799,65.44074122111003,63.56898168722788,0.0,10.866673089923879,7.734654995322013,12.10487009684249,11.745032246907556,1022.569833984375,-12.483780980110168,205.93048171388605,290.23461886247,23.920892333984398,14.961755371093773,19.16950887044273,63.28564850489298,77.14074162642162,0.0,9.749647164062871,6.302487677162588,12.34854405721029,11.68830515543624,1022.5667154947918,-13.6372256676356,193.65953412652016,265.13256593545276,23.653802490234398,14.285760498046898,18.562332407633487,64.59583187103271,73.41805489857991,0.0,10.71963735988553,7.351247473090872,12.525759633382165,11.450259145100915,1022.3139518229167,-11.574687321980795,188.38651179522276,255.74143437544504
2021-09-08,25.694909667968773,15.491815185546898,20.240795389811222,64.48379564285278,19.492129524548847,0.0,14.296819133612223,11.26218593813232,13.214173889160179,12.948112742106161,1016.6405501302083,-11.697861025730768,214.4950003447011,350.57219250996906,25.816674804687523,15.119805908203148,20.11703516642255,64.97453737258911,25.155556082725525,0.0,13.900940774223798,11.62539254745523,12.975136057535849,12.836708323160849,1016.14830078125,-12.944718539714813,214.40975299105048,374.437650680542,25.294488525390648,15.125177001953148,19.8911694844564,65.75138870875041,29.467593202988308,0.0,14.29293932970907,11.493208856761347,13.014614359537802,12.93698399861654,1016.4563346354167,-10.808379446466764,214.4444994299362,341.75188366572064,25.557183837890648,14.944360351562523,19.97048721313479,65.03286918004353,29.725000222524006,0.0,14.329434142577188,11.714740905124659,12.538337961832724,12.72052663167318,1016.353994140625,-12.081489592790604,211.20270213702074,363.498397509257,25.105554199218773,14.870263671875023,19.71077626546226,63.85787057876587,21.56851863861084,0.0,14.976585981330436,11.578165145843139,13.145171101888025,12.345662689209007,1016.5682552083333,-10.004368347115815,212.05350092208633,327.7826910018921,25.694451904296898,15.146966552734398,20.073626454671246,64.49490690231323,16.985648294289906,0.0,14.752403888726176,11.365337336301346,12.839448547363304,12.73965988159182,1016.6280436197917,-11.92979716261228,214.83518243208528,364.58840640385944,25.135034179687523,14.693139648437523,19.636975860595726,64.20092662175496,24.758333325386047,0.0,14.555146258186447,11.666984323863105,13.169746653238974,12.36172765096029,1016.3694921875,-10.098262580732504,213.73453765424588,329.9085013071696,25.565606689453148,15.299462890625023,20.12019500732424,65.2305555343628,14.555092453956604,0.0,13.716804545877173,11.168576440193378,13.08333231608077,13.000503794352255,1016.45400390625,-12.403920779625574,214.43371910167238,359.7892484664917
2021-09-09,22.095086669921898,15.421716308593773,18.73584899902346,71.15185276667277,29.684722304344177,0.24305556155741215,17.780743712825302,11.25106181791781,12.862952168782556,13.201100921630882,1009.8029036458333,-3.5444047663671276,194.46029804134741,291.2796392440796,23.776483154296898,15.812188720703148,19.220199839274112,69.15046151479085,30.90879648923874,0.6388888941146433,17.77815071979835,12.259308718085686,13.631469980875693,13.184196726481161,1010.92482421875,-4.648131062587102,202.05213227604204,302.0604928334554,22.987298583984398,15.510369873046898,18.818840281168644,72.78842576344807,40.235184659560524,0.6944444356486201,15.382983930389567,11.272414941153562,12.736287689209007,13.592281595865927,1009.7699348958333,-3.9628031918158135,189.05437019265568,308.52970997492474,22.634454345703148,15.625512695312523,18.97876383463544,71.10972309112549,31.116666935384274,0.7847222317941487,17.559870130179938,11.806796960154662,13.073856608072958,13.44230677286788,1010.251142578125,-4.954324791828792,192.3830555677414,306.000057220459,22.634881591796898,15.388238525390648,18.740842437744163,72.85416714350383,60.605554630359016,0.4305555638857186,16.723449138987604,11.057262432923812,12.893713887532556,13.55751444498702,1010.02806640625,-3.39739561577638,178.83442705714455,292.1256284713745,21.796899414062523,15.274285888671898,18.449876403808616,71.10416618982951,25.56851797302564,0.4097222317941487,17.03883469343228,11.081207248921707,12.971070861816429,12.911719258626306,1010.482412109375,-3.796323910355568,192.22313059680164,272.7130897839864,22.904351806640648,15.616204833984398,18.771539306640648,73.84768565495808,56.49212991197904,0.8958333330228925,17.00360155723422,10.765830833897184,12.903410847981775,13.794004058837913,1009.9440071614583,-3.4597767243782678,178.44531469846456,273.17162291208905,21.972192382812523,15.157281494140648,18.62472559611005,71.93703699111938,37.95925903817018,0.2500000074505806,17.190463067769073,11.06245040905713,12.826997375488304,13.265466308593773,1009.9534798177083,-4.542387242739399,193.02437092208615,294.58861525853473
2021-09-10,21.734307861328148,16.561914062500023,18.37591196695966,81.53240807851155,95.40092627207439,21.42361131310463,15.955877295745577,10.326845492711598,11.068449910481775,15.003054555257165,1011.0431966145833,-2.528853714466095,156.3256505119498,305.52644952138263,20.973199462890648,15.883264160156273,18.08792648315432,81.78935114542644,90.79259173075359,11.840277813374996,17.579961245839826,11.60258107204281,10.573587036132835,14.795816040039085,1010.684267578125,1.1316959261894226,104.48427998041734,373.4865815639496,22.112573242187523,15.471490478515648,18.038376108805362,86.31018606821696,85.95046226183574,82.23611211776733,15.501316711576623,9.826122773828514,11.30118077596029,15.523413594563806,1010.8305989583333,-0.01881645123163859,159.12950317945797,291.4596281051636,20.640893554687523,15.779046630859398,17.565684254964214,86.03194522857666,78.1361111799876,19.79166668653488,17.489088050153132,11.859558962575548,10.631799316406273,15.086990610758505,1010.8799446614582,5.089453294873238,93.08533176248118,348.7104787826538,21.779504394531273,15.512231445312523,17.828127797444683,87.40879758199056,89.14444510142009,65.07638967037201,14.647622398713253,9.487538022483662,11.25956751505538,15.542826588948571,1011.1506575520833,1.801180253426234,139.66079402336618,261.6347393989563,20.370507812500023,15.501245117187523,17.835202789306663,86.2435172398885,87.15555556615193,22.416666597127914,15.523286343799558,9.809290402321688,11.075149790446005,15.41482823689779,1011.0161751302082,3.3276434068878493,90.92211350400855,254.19392657279968,20.741967773437523,15.511468505859398,17.7118596394857,87.91620222727458,95.51527690887451,58.09722185134888,12.720083317907038,9.17950577410642,11.19843190511068,15.536028798421228,1011.3010970052082,2.994469898442427,92.16594320423125,235.0637907187144,20.910089111328148,14.878991699218773,17.28024063110354,88.65092754364014,91.47824144363403,42.500000298023224,14.790538538873918,9.619421101645445,11.16658426920577,15.284705098470056,1010.9917610677082,6.018648227055867,89.25342860736419,230.16859483718872
2021-09-11,16.610314941406273,13.563439941406273,14.877009328206404,90.43935076395671,68.47175956765811,110.375,17.468264227074094,15.138840471711967,9.17262674967452,13.282557423909509,1014.4370670572918,12.751904420554638,56.3127761866975,347.27546246846515,18.331781005859398,13.328698730468773,15.784327443440779,78.57037099202473,59.15138874451319,41.99999988079071,22.076864691730343,16.024052781950164,8.278891499837243,11.872744496663415,1014.8988834635417,10.621484634156028,127.23820236032286,437.9650224049886,16.427758789062523,13.540765380859398,14.844136810302757,90.88379700978597,70.07685196399689,86.62499904632568,18.663056394655456,15.724661647228254,9.409913635253929,13.337559000651083,1014.3489583333333,12.746529027819633,47.997832008831516,354.1859359741211,18.249047851562523,13.501641845703148,15.648459370931013,82.2097225189209,44.553703382611275,113.74305629730225,22.440847394039558,15.9620630599099,8.938623046875023,12.450700378417991,1014.702216796875,8.992518723631898,134.97648053154504,433.4479522705078,16.730493164062523,13.489068603515648,14.855354563395204,89.76481533050537,73.33611106872559,53.416666984558105,19.3892777410142,15.588747272229272,9.052142079671228,13.131026204427087,1014.7753255208332,12.401727696259817,50.184147646359634,365.7906659444173,17.734643554687523,13.627770996093773,15.454408264160179,84.76296329498291,65.57638863722484,101.46527767181396,22.208316640268645,16.71125807889195,8.917681630452478,12.741911824544275,1014.5269075520832,7.732741390665372,116.29194271428666,422.25887362162274,17.427758789062523,13.785668945312523,15.084555562337263,90.19953632354736,79.67407361666362,4.638888940215111,18.242344252586136,15.714318975679788,9.4730049133301,13.419627126057946,1014.9347493489582,11.053623159726461,64.8889439581156,387.47403271993,16.328424072265648,13.356713867187523,15.004233296712263,88.1569430033366,73.18009322881699,97.53472089767456,19.630118690957904,15.199655700208742,9.067642466227255,12.990480041503929,1014.518193359375,11.59465124209722,55.77240671498779,343.84374554951984
2021-09-12,17.661096191406273,10.812097167968773,14.18681360880536,81.27083428700765,89.6129633585612,10.555555582046509,14.93791293560734,11.640429441945608,7.893328603108728,10.82306569417318,1017.4406673177083,6.383495956659317,164.90466353297234,330.0558678309123,17.938226318359398,12.062463378906273,14.523904418945335,74.97592687606812,90.82175954182942,112.66667175292969,12.370692813891015,9.702426731045888,7.5282697041829465,9.834218597412132,1017.021865234375,2.6122509837150574,173.07394729057947,293.5099946657817,17.667016601562523,11.734338378906273,14.481687164306663,79.8958330154419,94.09814643859863,26.83333396911621,15.599792579488097,12.190770170630373,7.744114176432333,10.849053955078148,1017.4286165364583,6.622982740402222,176.783702035745,349.04662291208905,17.492944335937523,11.981530761718773,14.436662292480491,80.48749860127766,96.00879605611165,88.48611116409302,13.489944508631526,10.02354473420638,7.579924519856775,10.81525573730471,1017.132939453125,2.2117949525515237,186.61203833421072,305.2336462338765,17.772210693359398,11.591821289062523,14.604698435465517,80.24259408315022,97.1134262084961,17.791667222976685,15.1454631773898,12.303172746103428,7.564651743571005,10.998890177408896,1017.5388313802083,7.853516419728597,157.53103617827097,338.31272252400714,17.654595947265648,11.447595214843773,14.35169372558596,79.15879535675049,94.58749993642171,54.49999809265137,13.671883113404592,10.722266400627698,7.809639231363974,10.504858907063806,1017.5434895833333,3.0054169297218323,172.09327679872513,303.3306140899658,17.960717773437523,12.097528076171898,14.775857543945335,80.17083390553792,97.96018568674724,2.236111104488373,14.89053187012755,12.338653877066148,7.119079844156943,11.126688893636071,1017.5706184895832,7.24057628462712,163.39114797115326,348.02459653218585,17.422570800781273,10.968316650390648,14.186449940999372,81.56342760721843,94.49907493591309,6.999999761581421,13.55443255142446,11.422817102139648,8.111202494303427,10.870669301350915,1017.497763671875,5.439049422740936,160.53900148471197,311.1465924580892
2021-09-13,17.769281005859398,11.044122314453148,13.884948984781923,78.18240737915039,83.15786949793498,2.0000000596046448,12.562841934507064,8.044366024300208,8.404321289062523,9.865556335449241,1018.4951302083333,6.103003765145938,189.68247880538306,351.06421788533527,17.323510742187523,9.550012207031273,12.809245045979841,75.99444516499837,94.9449068705241,10.833333492279053,11.053472057343795,7.858762565596064,8.126148478190146,8.36458231608077,1018.4648763020833,7.8454165657361346,171.14516786734262,302.4108308156331,17.889062500000023,11.504876708984398,14.003067270914736,79.4611120223999,92.89675903320312,1.9305555820465088,12.52639899684025,7.859057988745396,8.894288635253929,10.198201751709007,1018.4871744791667,5.114977131287257,169.01945739984512,365.34241851170856,17.133630371093773,10.031121826171898,13.077500915527366,77.19120375315349,96.0171308517456,26.83333396911621,11.479039332550167,8.532731372051371,7.66093470255538,8.869808451334677,1018.6578678385417,8.327730804681778,164.03826129436493,328.2166452407837,17.767633056640648,11.230035400390648,13.866590118408226,78.83287048339844,92.71064758300781,0.0,12.406775219140904,8.334452774339672,8.85682322184249,9.969551340738974,1018.7703255208332,5.880090246597926,171.73560960094133,357.24614238739014,16.970574951171898,10.575189208984398,13.250947570800804,79.49212964375813,90.24074109395345,17.83333396911621,11.061015729337322,7.49416038440713,7.950383758544945,9.496475474039755,1018.856962890625,6.572381387154262,172.81268541018167,330.631877263387,17.418084716796898,11.713403320312523,14.137064870198591,79.0143518447876,98.22638924916585,0.0,12.093988389383986,8.534448588093484,8.845798746744833,10.339016215006552,1018.7603059895832,5.643532335758209,146.8862206141154,365.64986356099445,17.120568847656273,10.844781494140648,13.457519785563173,78.17222197850545,93.10787105560303,2.763888858258724,11.763882173403838,8.155347111936647,7.935141499837243,9.502863820393884,1018.6647102864583,6.075780948003133,176.5091116031011,385.00015195210773
2021-09-14,22.733514404296898,11.353173828125023,16.0939282735189,81.46342706680298,77.82175795237224,9.493055582046509,16.18686027057417,12.629431580904987,10.952931976318382,12.58287073771163,1013.7625227864582,-5.879998326301575,163.124645113945,349.20412000020343,13.611352539062523,11.002648925781273,12.031255340576195,92.07314904530843,84.96666606267293,143.38888879865408,15.701122686486505,12.072727123533786,8.32319030761721,10.7486562093099,1014.53310546875,19.190688746205222,22.627962797880173,224.10555744171143,23.192193603515648,11.645776367187523,16.22289683024091,81.39398209253947,93.51481628417969,8.874999910593033,16.01830173110552,11.517146792086061,10.568643188476585,12.642429606119833,1014.001337890625,-7.301885704199473,164.03357042868933,343.2552556991577,17.150354003906273,11.259545898437523,14.085646565755232,90.09814771016438,95.58888912200928,108.72222304344177,15.123708769440615,9.086441687581688,9.980249023437523,12.41900533040365,1013.7803971354167,8.143640726804733,49.698536982138954,160.193239291509,21.984979248046898,11.962182617187523,16.043801879882835,83.15555540720622,97.65509223937988,6.930555627215654,15.809098128442363,10.622886459589553,10.4658027648926,12.902945454915368,1014.00103515625,-4.026792844136556,115.72827745477359,249.17704073588052,21.357843017578148,10.845941162109398,15.288899993896507,83.31666549046834,84.4291656812032,6.68055547773838,15.877392687713318,11.568984850819435,10.580478922526083,12.246046956380212,1013.90845703125,-0.837348868449529,110.63151638706525,250.13211822509766,22.239434814453148,11.927789306640648,16.246261850992862,82.53796513875325,94.81296284993489,10.194444408640265,15.72180948543803,10.72633233641283,10.535278574625693,12.953080749511741,1013.8072721354167,-5.5249574681123095,138.53131633003554,281.4702215194702,21.629907226562523,10.892602539062523,15.545711771647158,81.4986122449239,93.43935171763103,6.625000024214387,15.531382760121295,10.91109696870601,10.522246297200525,12.10457255045577,1014.0882649739583,-3.3186862667401633,137.28301752607027,275.93949127197266
2021-09-15,17.147180175781273,12.004266357421898,14.924612935384138,89.68101819356282,82.88611125946045,100.38194561004639,18.004507525086506,11.452556856255342,10.325714365641318,13.120376841227255,1012.1509830729167,5.0648754090070724,136.58674248556295,313.19385083516437,17.316003417968773,13.323846435546898,15.528273518880232,88.34814707438152,88.86527824401855,66.70138907432556,18.541745032265755,14.802404506981716,10.626729583740257,13.493318176269554,1011.3446907552083,2.4928868611653647,124.48603753745556,450.8219337463379,16.933160400390648,11.731103515625023,15.279847717285179,91.8069445292155,90.60324033101399,119.21527576446533,17.641699213781727,10.617572183246839,10.80857874552413,13.89190572102865,1011.5900618489583,6.627576222022374,91.29585313796997,258.3244055906932,16.390283203125023,13.563104248046898,15.553830718994163,91.98981602986653,96.71157391866048,82.39583337306976,20.141279493075952,14.95911971683752,10.014231618245446,14.203137969970726,1011.3663151041667,6.083736076951027,67.01744436224301,397.7871011098226,16.863092041015648,11.345422363281273,14.697881317138695,91.33148288726807,82.23611145714919,57.791667222976685,19.751871011668776,12.884558121046846,10.526575978597009,13.25551249186202,1011.6702604166667,11.042987555265427,82.81453726689021,293.92870537439984,16.161767578125023,13.231195068359398,14.678777313232445,90.73842684427898,89.25648212432861,72.07638907432556,18.523166816705075,12.571011107488195,9.823306020100915,13.104357655843103,1012.31853515625,8.359457145134607,77.80875833332539,353.7805078824361,16.832421875000023,11.303552246093773,14.498986816406273,91.15324052174886,77.45787024001281,24.166666388511658,19.185486803878963,13.29800927468409,10.486678059895837,13.009562428792321,1011.4313997395833,12.05951852351427,85.79244591792424,303.99221928914386,16.321984863281273,12.923181152343773,14.68964792887372,88.83055528004964,98.6263879140218,120.58333444595337,21.350024764151495,15.573844745486596,9.576403554280603,12.772683715820335,1011.7322395833332,9.6316694393754,76.72964869812131,462.7095721562703
2021-09-16,17.499444580078148,11.633050537109398,13.957769012451195,81.31203556060791,44.68842545648416,23.666666507720947,16.172055829524087,13.143190530906233,7.158369954427087,10.60101979573568,1016.4644661458333,3.314617651204268,192.3868320286274,397.7173614501953,17.566156005859398,10.835656738281273,13.909567769368513,78.79120190938313,46.05833320816358,101.66666793823242,15.166288479578304,11.731925736458969,6.683302815755212,10.044382985432946,1017.2047981770833,4.0424777666727705,189.70677708586058,396.8914410273234,17.101434326171898,12.561151123046898,14.35784810384117,80.19490718841553,60.8268515865008,7.083333268761635,16.450442011133095,13.109951495252394,7.253069814046228,10.796234385172568,1016.4901985677083,2.7939052283763885,191.25298608839512,408.844256401062,17.385766601562523,11.079400634765648,13.785239156087263,81.76342519124348,46.02129618326823,124.33332824707031,15.162315509505435,12.047963053705251,7.225476837158226,10.477478281656943,1016.9221061197917,5.047483007113139,188.6193141937256,366.1292765935262,17.313439941406273,11.544763183593773,13.782643890380882,82.19953568776448,36.05833399295807,1.0347222406417131,16.00031049292527,12.598987786262926,6.959741210937523,10.558875020345056,1016.6087955729167,4.53755060210824,192.83914665381113,356.3724824587504,17.557183837890648,10.859826660156273,13.692740376790388,83.57129542032878,49.80601870765289,59.395835638046265,15.69477512500003,12.516165649184478,7.0645614624023665,10.765171305338583,1016.528798828125,3.464232474565506,167.57638980944952,349.80452013015747,17.459130859375023,11.976831054687523,14.103068288167341,81.8115743001302,25.406018515427906,0.11805555643513799,16.53074991997399,13.010028830371462,6.765995279947958,10.796407318115257,1016.503388671875,4.060633197426796,191.76918736100197,376.9197605450948,17.947381591796898,11.214074707031273,13.970955149332704,81.37777837117513,29.321759001662333,25.125000715255737,16.682282978146013,13.15812717719956,7.003954823811853,10.610386149088583,1016.409970703125,0.9464684625466665,193.08754233519235,394.25620889663696
2021-09-17,18.901574707031273,12.872186279296898,15.302964782714866,79.97962824503581,86.81712927420934,13.10416653752327,8.360919492905044,5.909917629858789,7.211245473225915,11.687113698323571,1015.845859375,-4.649955451488495,134.14848040044308,247.8507338364919,18.892724609375023,12.304376220703148,14.913048044840517,79.87453667322795,87.55046232541402,24.097222089767456,9.431703940167635,5.453023424093272,6.899077351888025,11.30278040568038,1016.0306640625,-3.177714598675569,114.11362732450168,218.44124150276184,18.780206298828148,12.596459960937523,15.050359344482445,80.4074068069458,81.23472185929616,0.29861111333593726,8.679738831695522,4.800624705203403,7.329348500569665,11.546610768636071,1016.177958984375,-0.5587301688889662,102.19849805037181,196.64429338773093,18.766076660156273,12.027185058593773,14.601973470052107,80.3231479326884,75.20925895373027,7.986110955476761,9.12505970658466,5.99617616094519,6.93824157714846,11.063136037190759,1016.21765625,-1.2019487420717876,112.69475977619489,200.34759457906088,18.957757568359398,12.608148193359398,15.216756439209007,80.49074125289917,86.43101803461711,0.7152777928858995,8.840424394620433,5.287628206060207,7.105598704020224,11.712383524576865,1016.2549055989583,-2.8333412085970244,118.74720455581944,221.46777908007303,18.533776855468773,12.394464111328148,15.067032114664736,79.16574271519978,89.81527777512868,1.562500026077032,9.542179216194938,5.364886030565504,6.895192718505882,11.332556660970056,1016.3626822916667,-4.6795282165209455,113.81238703926404,232.80239140987396,18.425347900390648,12.801141357421898,15.108215586344423,81.38148069381714,84.06759182612102,1.3819444440305233,8.817484868377637,6.824537980082717,7.151956176757835,11.726214345296228,1016.2630826822917,-0.7714660142858824,120.16200327252348,229.59551119804382,18.110650634765648,12.269769287109398,14.595059967041038,82.8759256998698,83.67731516559918,0.8055555773898959,8.749920682717827,5.145970927873424,7.0013532002766965,11.592988586425804,1016.2763932291667,-1.0948224415381749,108.72748233626287,203.54653684298196
2021-09-18,19.828790283203148,12.518853759765648,15.54926706949872,76.80509185791016,78.2050937016805,24.465277552604675,13.17919501847074,9.667058421999359,7.22098058064779,11.309924062093103,1015.9684993489583,-1.1632573852936428,131.0341072678566,275.570672194163,20.123895263671898,12.351464843750023,15.551810201009138,79.29259141286214,67.3875006698072,16.687500178813934,11.549104182952844,9.626383293154342,7.396399434407556,11.681475575764978,1015.5244108072917,-1.2354806462923686,174.34564534326395,314.98554452260333,19.081536865234398,12.279779052734398,15.00821711222333,77.39027833938599,94.12731456756592,22.055555403232574,11.460467758808935,8.549770029359065,7.003602600097679,10.954494730631552,1016.19267578125,1.7239316155513127,98.2610004718105,201.02533809343973,19.849938964843773,12.248803710937523,15.59729919433596,79.65833409627278,91.21203740437825,1.9861110839992762,11.911058594767496,9.132548446079287,7.678006744384788,11.868446604410849,1016.1137174479168,-1.8820610443751018,123.86990936597188,269.9589826265971,19.229760742187523,12.864038085937523,15.325874582926454,76.44814840952556,97.79351647694905,0.03472222248092294,11.427909556454319,8.135117262283982,6.980813598632835,11.078713989257835,1016.3696419270833,0.9956521385659775,104.71481630206108,222.89391628901163,18.804956054687523,13.616052246093773,15.408158874511741,80.67453829447429,91.13703727722168,2.520833358168602,10.320863828359013,9.148936727589254,7.340992228190146,11.97693786621096,1016.4692740885417,0.3249639421701431,81.7104458262523,206.9857562383016,20.440209960937523,13.159356689453148,15.989214833577497,73.712961991628,91.30648072560628,0.1319444472901523,12.627639376334908,8.723025135452655,6.833125050862634,11.06454747517904,1016.1326334635418,-3.953859860698382,126.84557689974706,309.22742168108624,18.964379882812523,12.992669677734398,14.92347361246747,81.48425928751628,79.04768554369609,3.2152778804302216,10.980482586121742,9.616353619466006,6.869696553548181,11.597236887613974,1016.2915397135417,3.0824787070353827,90.19781457881133,211.8393700917562
2021-09-19,19.527795410156273,12.864526367187523,15.752725219726585,72.07546281814575,80.39722283681233,2.125000052154064,17.233018755223075,14.500411648999767,6.423450724283896,10.469222005208337,1015.4114778645833,0.7206606765588125,148.36839201549688,450.2917830149333,19.816583251953148,11.439477539062523,15.080216979980491,76.16573921839397,32.09027739365896,27.569443345069885,19.45388422879047,16.020960241543296,7.025425211588583,10.614595031738304,1014.115927734375,2.093894054492315,171.2591148018837,453.42836507161456,19.974450683593773,12.363732910156273,15.73923263549807,74.61481459935506,50.274999817212425,7.333333253860474,15.457604614207183,12.975846320667964,7.291120147705101,10.979734039306663,1015.0082747395833,0.08736310402552287,168.8090724448363,393.94035085042316,19.205590820312523,11.531213378906273,14.953783925374372,74.42823934555054,48.633333126703896,22.208333373069763,19.42409533750241,15.899839276830045,6.721498107910179,10.121905263264978,1014.5562890625,-0.30910726885000867,161.1530553996563,453.47412490844727,19.766656494140648,12.308862304687523,15.829455312093122,74.13379573822021,87.7444445292155,7.208333194255829,15.946256601642682,13.162070583270369,6.937575276692712,10.99966710408529,1015.3972330729167,0.28985637923081714,146.41527705887952,405.6397590637207,20.072259521484398,11.897424316406273,15.513908640543642,73.31157350540161,68.46944371859233,0.20833333488553762,18.052877325047657,15.036088227271954,6.682940419514978,10.412690734863304,1014.8737109375,-2.373465051253637,164.76947948833308,461.455286026001,19.572229003906273,11.999017333984398,15.48410313924156,75.2791674931844,82.94953759511311,1.3541666753590107,14.945571605116921,12.505509228516578,7.078535970052087,10.905175781250023,1015.3410091145832,2.2019494796792665,142.94038797914982,384.6538095474243,20.112145996093773,12.450036621093773,15.934533691406273,72.21851809819539,95.74722290039062,1.1180555783212185,15.417710698721894,13.171755047151217,7.1203603108724,10.650045013427757,1015.3615494791667,-2.064885358015696,144.96394346654415,425.3705991109212
2021-09-20,17.508264160156273,10.247125244140648,13.727774556477888,66.86157353719075,51.12083252271017,0.3333333358168602,15.723057141167889,13.155656371994548,6.1113512674967865,7.459511057535849,1020.827177734375,8.214860359827677,187.59366147220135,405.23271624247235,17.832299804687523,10.641168212890648,14.004435475667341,65.20231469472249,63.10185173153877,2.333333373069763,15.791228195800784,13.70409335148338,5.977480824788415,7.339124298095726,1020.5108919270833,6.487691164016724,182.7124627729257,419.9590377807617,17.187860107421898,10.743676757812523,14.141984558105491,63.237036069234215,50.84583274523417,0.8333333730697632,17.74279478937666,14.217387825033285,4.94717941284182,7.1158309936523665,1020.7400813802083,7.438964920739333,186.59059447050095,510.559357325236,18.134057617187523,11.210900878906273,14.13297042846682,68.3120379447937,68.71851961314678,15.548611223697662,16.70943097725251,13.399414512124245,6.337302144368493,8.138789113362634,1018.4825390625,7.505797425905864,163.34633514036736,371.3610537846883,17.154534912109398,10.774926757812523,13.934939320882185,64.44999933242798,70.1935192545255,1.1666666865348816,16.534273959876554,14.082942978399652,5.555652872721396,7.180617268880212,1020.891787109375,8.909640637536844,179.2654798279206,498.89660326639813,17.910058593750023,10.674798583984398,14.052424367268904,67.03009430567424,60.83935170869032,8.000000238418579,15.102235625651769,12.745306927201575,6.215285237630212,7.7991933186849,1021.0918391927083,6.812306811412175,185.68655443688235,382.0583086013794,16.981561279296898,10.984063720703148,13.792535400390648,65.44583257039388,82.85416674613953,0.13888888992369175,16.1451307556979,13.866132050088572,5.306574757893884,7.268436686197958,1020.8480436197917,9.0710997680823,172.41082021594048,497.69285774230957,17.198968505859398,10.198968505859398,13.500291442871116,67.17500193913777,59.19398072361946,2.166666626930237,16.694906615603138,14.164515605434275,6.096943155924521,7.300323740641318,1021.0069889322917,9.236291706562042,186.8649075279633,418.3579966227214
2021-09-21,16.716973876953148,9.016656494140648,12.296403503417991,66.89120372136433,70.89027760426204,0.6666666716337204,8.849673685527598,5.3316664850584745,5.2543439229329465,6.023480987548851,1028.8529622395833,8.34629961848259,173.3630189349254,281.0760371685028,16.157067871093773,8.741387939453148,12.08695246378583,69.0583324432373,82.36620342731476,0.3333333358168602,9.896555853269327,5.746724576439227,6.086871083577478,6.304620361328148,1028.2715397135416,10.096394896507263,144.45023818314075,255.1513372262319,16.620751953125023,9.021173095703148,12.256925201416038,69.10833342870076,70.43703722953796,0.0,10.876639985880718,6.1636604913125845,4.986047363281273,6.468745168050134,1029.3414290364583,8.318042031178871,168.6029656032721,265.77294667561847,15.916894531250023,8.781549072265648,11.903771972656273,68.13333352406819,84.4518522421519,0.8333333730697632,9.411071243093053,6.30779778886486,5.240213012695335,5.958135223388695,1028.7132682291667,11.54533193508784,144.12922759354115,278.90607531865436,16.812158203125023,9.090325927734398,12.317536926269554,68.85277652740479,64.58425835768382,0.0,10.870872837495835,5.322085717641609,5.101370747884118,6.530339813232445,1029.1048893229167,7.527734811107318,165.51043117543063,254.60567990938821,16.186059570312523,8.898126220703148,12.170405324300154,68.43611113230388,69.73425951600075,1.1666666865348816,10.028285239166305,6.756643152160226,5.675380961100302,6.236563618977868,1029.0040104166667,9.740944097439447,155.86577981710434,304.6449552377065,16.370843505859398,9.327783203125023,12.356760915120466,68.83518536885579,76.1569431622823,0.0,10.87636984749136,5.619088861818786,4.612577056884788,6.5914779663086165,1029.0159407552082,8.693003306786219,151.46314638853073,253.9558930794398,16.377709960937523,8.665643310546898,12.107207234700544,67.06249872843425,71.41018609205882,0.1666666679084301,9.128048506703804,6.590930654700618,5.337515767415368,5.85429407755538,1029.3420865885416,8.772389084100723,175.5065345466137,312.32294424374896
2021-09-22,17.851495361328148,10.304895019531273,13.486281331380232,68.50601689020793,55.88888923327128,0.0,16.500585544118024,11.768824446521448,10.571740722656273,7.528731282552087,1027.0730208333332,0.83028244972229,182.70805201431116,264.84676392873126,18.082147216796898,9.693841552734398,13.302456156412783,66.60833438237508,43.79907386004925,0.6666666716337204,12.113377418619972,8.627882509103062,10.141510264078818,6.91400044759115,1026.4908235677083,1.3150763312975566,186.0335218111674,238.553657134374,18.145684814453148,10.697320556640648,13.820532735188825,71.22453832626343,61.33472160498301,0.0,16.03547470507935,11.164757752151582,10.384550984700525,8.37672068277999,1027.184501953125,0.34773842493693036,173.59249802430472,256.40877803166705,17.589105224609398,9.887719726562523,13.170845286051454,68.63287003835042,62.03981402516365,0.0,15.653344720072006,10.826206604719749,10.25384419759115,7.215929921468103,1027.569921875,2.054137110710144,181.1243760486444,242.10268032550812,17.933404541015648,10.875726318359398,13.797892506917341,74.15601778030396,78.48287065823872,0.0,16.91906395359594,11.5463223355379,10.688882446289085,8.928914642334007,1027.4355794270832,1.0867698788642883,166.31400163968405,262.9493987560272,17.927758789062523,10.164025878906273,13.380106862386091,67.11666679382324,59.061112056175865,0.0,15.0139204901116,10.672077641792596,10.613557434082054,7.11246007283529,1027.5138639322918,1.2975696325302124,179.49322655300298,248.32918071746826,17.936730957031273,11.053399658203148,13.888756052653017,74.65046310424805,78.30925826231639,0.0,16.515839913621445,11.029681159762982,10.616408284505212,9.095985666910849,1027.1902213541666,0.8850394984086355,171.85837604105473,261.5312198003133,17.549371337890648,10.152917480468773,13.234782155354841,70.01342487335205,58.72963006980717,0.0,17.559990124526667,12.2733935098058,10.531830088297568,7.615048980712913,1026.7622591145832,1.433724711338679,178.1071806450685,262.94613059361774
2021-09-23,16.872216796875023,11.885461425781273,13.913921610514345,77.53287156422932,54.79120436310768,0.0,25.395784903197324,18.65779185408844,9.477251942952478,9.900735473632835,1018.5505240885417,3.607967714468638,140.91826368371645,380.95413907368976,16.254632568359398,11.234979248046898,13.608818308512392,81.18749936421712,75.57870336373647,0.0,25.339554336813652,18.38344835746325,9.104356384277366,10.333327229817712,1017.93263671875,3.2444937229156494,125.04635196427505,347.74068514506024,16.260583496093773,11.519555664062523,13.42167689005536,79.55786959330241,51.14305647214254,0.0,24.988048545726773,17.72196679738956,9.515069580078148,9.84574661254885,1018.9475911458333,5.851562211910884,142.34420668085417,374.28052775065106,16.532067871093773,11.404931640625023,13.748317972819033,78.7708330154419,64.04444468021393,0.0,25.889927789163828,18.017450223614905,8.9808339436849,10.006912485758505,1017.61759765625,3.2904088894526162,139.35201824208102,378.39651616414386,15.681604003906273,11.466973876953148,13.242662048339866,79.99861113230388,66.18101898829143,0.0069444444961845875,25.339198982058605,17.89103130906389,9.187229410807333,9.769170379638695,1019.0003743489583,6.790217253069083,136.88503791888556,402.25824038187665,16.338891601562523,11.672204589843773,13.831160481770857,75.73055680592854,61.06574054559072,0.0069444444961845875,28.01255575904877,19.687495237290992,8.981697336832724,9.51436258951827,1017.690830078125,2.222411831219991,148.00144403179488,477.32097180684406,15.809838867187523,11.556817626953148,13.327545420328798,81.63240718841553,67.13564904530843,0.0069444444961845875,25.15503103350197,17.492840758630194,9.32535069783529,10.150032297770224,1019.0496223958332,8.075067102909088,124.6236090908448,388.12754249572754,16.463464355468773,11.485162353515648,13.660553232828798,76.48564751942952,63.55416691303253,0.0,28.01480332482321,19.648314968576145,9.101792907714866,9.4786366780599,1017.4992415364583,2.9024688998858132,154.53081504503885,453.3470859527588
2021-09-24,17.640191650390648,11.546258544921898,13.856230672200544,77.53379726409912,37.400925834973656,0.5208333423361182,22.67989019504097,14.115897446255387,9.199610646565759,9.81216964721682,1016.2575553385417,-0.9695426026980082,168.306666230162,331.1674556732178,18.161798095703148,11.184594726562523,14.157322184244814,78.34166717529297,10.217592767595002,0.0,23.25106039748859,14.316730360963362,9.886926269531273,10.13474044799807,1015.48134765625,-1.5422735412915547,173.02851697802544,333.6004087130229,17.472650146484398,11.705285644531273,13.885984039306663,79.09212907155354,37.6458334227403,0.34722223225980997,22.465641027668937,13.847609314019246,9.444206492106161,10.14399108886721,1015.9450716145833,-1.0311100085576375,166.697554046909,321.80621306101483,17.640710449218773,11.182031250000023,13.770951843261741,77.715278784434,28.767593224843342,0.1666666679084301,23.098393160169422,14.109108164587076,9.521633402506552,9.72254079182943,1016.152841796875,-1.1771037975947063,171.58733228345713,319.4676221211751,17.127770996093773,11.980554199218773,14.078398640950544,80.03981399536133,46.933796207110085,1.7500000186264515,23.92902305621668,14.237845988866814,9.455467478434286,10.556078847249353,1015.714443359375,0.15821963548660278,161.0096644734343,320.16983350118,17.542138671875023,11.081872558593773,13.79969431559247,75.89444398880005,35.69953702778245,0.6666666716337204,23.683242021647203,14.651209536998017,8.971423085530603,9.412660217285179,1016.1940494791667,-2.0559940338134766,169.29500060280165,337.08973121643066,17.391168212890648,12.861230468750023,14.800186411539736,82.10740566253662,57.53379584848881,1.1458333670161664,23.951081046619915,14.465132718469691,9.51133753458663,11.655601755778036,1015.4292122395833,-2.0073827604452767,145.27690691749254,323.2952136993408,17.460168457031273,11.053247070312523,13.620488739013695,77.18749936421712,35.79166637857755,0.6527777826413512,23.227489817743237,14.350713935965112,9.090297953287802,9.503725941975915,1016.126875,-1.0283189912637074,168.7952937061588,320.48809973398846
2021-09-25,18.827539062500023,13.127770996093773,15.447321828206404,81.07222207387288,86.2560183207194,2.8333333246409893,13.457348406533368,7.416943533790246,9.32057596842452,12.125318145751976,1015.5083040364583,-7.545360555251439,90.19226044354339,208.97050110499063,18.635888671875023,11.685906982421898,14.586628214518251,79.6680539449056,70.30370390415192,1.0555555745959282,14.160459371169402,8.141915744214456,10.159363047281943,10.972133890787802,1015.1258528645833,-4.147357076406479,107.28079459567864,212.7350117365519,18.905541992187523,13.372857666015648,15.611309305826845,80.62037022908528,87.75509198506673,2.7638889364898205,12.45624929392821,7.077067298911936,9.839307403564476,12.180885569254599,1015.4316178385417,-7.229201525449753,82.59816509671509,226.76454202334085,18.289819335937523,11.370477294921898,14.298951721191429,82.35740661621094,66.69861116011937,1.576388891786337,14.267368151120898,8.094768849720062,9.742805735270224,11.209106699625693,1015.0663997395833,-3.302696074048678,100.5146650839597,213.5952704747518,18.830346679687523,13.290521240234398,15.35255076090497,82.51990795135498,87.50509103139241,3.7708333544433117,14.632218389677055,8.394830587193264,9.492632802327478,12.276685333251976,1015.3268815104167,-5.484309308230877,87.25862780710061,229.6225447654724,17.972192382812523,11.457147216796898,14.454675292968773,82.45046393076579,78.82916716734569,3.0763889253139496,13.87209131624759,7.414436786255744,9.129734293619833,11.418940480550134,1015.3206315104167,-3.4625969529151917,79.99188930913806,194.48774536450705,19.278039550781273,13.594506835937523,15.572820281982445,82.55324045817058,82.58796342213948,4.36111107096076,16.29900494562077,9.530477603832646,10.03259938557943,12.472639973958337,1015.081201171875,-6.995904525121053,107.51344357679288,256.9643436272939,18.523187255859398,12.412683105468773,15.084790802001976,81.8842585881551,84.99120420217514,3.6597222834825516,13.85572689708376,7.687879127067788,9.222254689534509,11.933770751953148,1015.2451009114583,-5.4598349531491595,80.96870679967105,207.3046456972758
2021-09-26,22.328790283203148,13.989892578125023,17.241832987467472,77.12870375315349,66.00046265125275,9.187500149011612,15.89613259392078,10.809867662851445,10.830625152587913,12.88101476033529,1013.4388899739583,-10.349225560824076,156.19955429434776,348.7926553090413,22.111596679687523,12.770867919921898,16.52396926879885,79.81296221415202,63.58796143531799,11.263888791203499,13.045716598452033,9.943510414341253,10.68594640096029,12.746197001139365,1013.6494108072917,-7.663012206554413,148.98590510338545,264.61155398686725,22.206689453125023,14.542749023437523,17.25488688151044,76.63286972045898,74.54074017206828,21.666666090488434,13.963534712072416,10.658396847050216,10.332842763264978,12.823013559977255,1013.6726725260418,-8.402428459376097,156.84681679556766,358.8583900133769,23.068902587890648,12.894433593750023,16.90103683471682,77.4717591603597,50.41620326042175,3.7152776569128036,15.329926043948024,11.446840277042932,10.7609853108724,12.503480529785179,1013.2371744791667,-9.755782961845398,159.36951879660288,372.77215417226154,21.429772949218773,14.312554931640648,16.787605539957706,79.77268552780151,73.0907408396403,22.902777642011642,13.793481134228635,9.551088314748602,10.165040588378929,12.971409098307333,1013.7078092447917,-5.6674961149692535,156.05940744156638,298.67116292317706,22.304895019531273,13.141687011718773,16.850292460123722,78.10648314158122,66.72453737258911,12.881944745779037,14.980419043079655,11.397894681240842,10.409974670410179,12.702925618489587,1013.4850553385418,-8.425775185227394,152.81827849522233,361.6037967999776,21.107141113281273,13.723687744140648,16.836685434977237,79.74351803461711,77.8564813931783,5.055555567145348,15.525396824596616,9.617784117567105,10.210987345377646,13.002594248453818,1013.4612467447918,-7.1076048612594604,137.51248198995987,305.39953056971234,22.300500488281273,13.836480712890648,17.160352325439476,76.77129554748535,78.74074077606201,12.333333373069763,16.274032128554413,10.974352374573252,10.548599497477255,12.722805277506552,1013.398046875,-10.487589488426844,149.9311659745872,372.99920686086017
2021-09-27,18.645410156250023,9.435601806640648,13.81407190958661,87.06712945302327,64.70740740994613,28.979166567325592,26.089486731509258,15.737706500339096,7.710017140706384,11.596645609537802,1013.8473404947918,13.987021992603937,58.485073571403824,394.0612099965413,18.270257568359398,10.083337402343773,14.201453145345075,84.72546291351318,75.18148215611775,38.7430562376976,20.46408061238388,14.373196145219792,7.5954694112141965,11.567901865641318,1015.6198860677083,15.861755162477493,48.848315651218094,354.0280590057373,18.525170898437523,9.995629882812523,13.842360432942732,88.78009351094563,63.77962971013039,61.166666984558105,27.833953122892876,15.920233230852991,7.815122222900413,11.938625590006552,1013.700302734375,15.357923595855633,50.049833646665014,368.24469566345215,18.007562255859398,9.929467773437523,13.917131042480491,87.94629732767741,62.23148169616858,59.43749976158142,28.09068069366128,15.437810823559031,7.435615793863974,11.876724497477255,1015.147919921875,18.051347235838573,35.71840728322665,374.2943064371745,18.351983642578148,9.894433593750023,13.72595876057945,89.63981342315674,69.46435222774744,51.0347221493721,28.546979509561282,16.224796852318292,7.7462567647298215,11.962636566162132,1013.4643294270833,17.436234350005787,41.94431618352731,383.05485916137695,18.077233886718773,10.035729980468773,14.051347351074241,87.03564643859863,70.71574128667514,72.29166722297668,24.211809226465892,15.169699990607953,7.425040181477868,11.840568796793661,1015.1276692708333,16.677819907665253,42.08260992666086,395.4197057088216,17.834954833984398,10.179040527343773,14.104189809163435,91.46898142496745,79.78379645943642,67.01388901472092,26.866086236423385,16.725631016711933,7.7564191182454465,12.68180872599288,1013.4909798177083,17.01277091105779,35.70548209051291,438.52653821309406,18.426690673828148,9.661126708984398,13.827083841959658,87.99722131093343,77.73055507987738,36.444444596767426,24.802275303342146,15.209398442373393,7.42563145955404,11.793302154541038,1014.1264322916667,15.712273011604944,44.66894457489252,383.0838801066081
2021-09-28,15.338403320312523,8.816674804687523,11.900381978352888,77.88472255071004,67.03657337029775,147.83333587646484,16.12121582424439,12.97814554963279,3.4505236307780365,7.856715138753259,1021.653310546875,13.032127241293589,112.65636789550383,379.89590708414715,15.771722412109398,8.013787841796898,11.468399302164736,77.30046304066975,31.373611476272345,65.8402783870697,15.248271518130307,11.609985195715808,2.8778053283691634,7.185835774739587,1022.0778645833333,9.689035842816034,157.18518286943436,374.38386726379395,15.718957519531273,8.953393554687523,12.114153798421247,77.5467586517334,67.87129628658295,103.83333206176758,16.175958696131442,12.906192818359193,3.8807960510254134,7.995322163899743,1021.3147884114583,10.615654915571213,117.60198208565514,388.39738909403485,15.771752929687523,8.488122558593773,11.922139739990257,76.75092697143555,34.40416578653579,144.0,16.18512162226049,12.280403638389947,2.865809377034509,7.565771993001306,1022.0089908854167,8.404318938652674,159.29864785447717,398.92976355552673,16.102166748046898,9.121514892578148,12.313141123453798,77.31296269098918,57.69351887702942,86.50000190734863,15.887715646168926,13.347008299320693,3.796852366129599,8.143711344401083,1020.8094986979168,10.662757645050684,124.28120546415448,408.56260108947754,15.651605224609398,8.219537353515648,11.625174458821638,77.3810183207194,34.53703679020206,136.5,15.441810435284788,12.858634017230337,3.0613100687663177,7.405810292561853,1021.7736588541667,10.7156110930567,149.68944578741988,407.6570358276367,16.465570068359398,9.638909912109398,12.768179829915388,77.12731409072876,54.53425947825114,0.0069444444961845875,16.939456351059643,13.982172134986309,3.818243916829431,8.546867624918661,1020.3677701822917,8.986471578478813,128.82681462044516,439.5027395884196,15.488671875000023,8.383325195312523,11.713533020019554,77.1972222328186,51.046759535868965,151.5,15.908387610165247,12.88459551082414,3.2866633097331146,7.533755238850915,1021.6847037760417,12.022708664337793,120.38944782192509,374.2095073064168
2021-09-29,13.363061523437523,9.978112792968773,11.55985285441083,78.19074122111003,75.95925966898601,94.86805634945631,37.580239044754464,24.19833680707274,1.7523170471191634,7.827729797363304,1015.9523600260417,17.769145892312128,114.01702221886565,830.740072886149,12.379937744140648,9.888177490234398,11.517188008626325,70.76759195327759,78.05370338757832,185.82638788223267,33.198823524161014,26.858184393327395,1.3036437988281477,6.283108011881552,1017.9779134114583,15.971471360574165,90.70544519508258,943.8870798746744,13.977075195312523,9.749993896484398,11.503527577718122,80.00370375315349,85.86574051777522,124.84722190536559,31.969427604717247,23.192132695942547,1.860348002115927,8.084999338785849,1015.2742415364582,20.560434540112812,69.68344322871417,807.3100026448568,12.574609375000023,9.659173583984398,11.094330088297548,76.21898047129314,91.46527671813965,157.4166669845581,45.55362577692368,31.93014238205474,1.1448506673177121,6.994410451253259,1014.7941796875,17.616789415478706,79.23222094091277,1123.3696098327637,13.292077636718773,10.140649414062523,11.559529876709007,79.62870343526204,94.66851902008057,110.25000034272671,34.01572117534208,24.73551646030376,1.8799657185872434,8.102655029296898,1014.9443684895833,20.367153644561768,68.26499961533894,877.686408996582,12.855310058593773,9.485925292968773,11.035091654459658,80.53842480977376,81.7870364189148,146.59027862548828,35.88003734680698,24.515180774813786,1.8402737935384152,7.77021179199221,1015.8792252604167,19.21899215380351,62.35974013122419,777.538506825765,12.946649169921898,10.136010742187523,11.335266367594423,82.50231393178304,96.82777690887451,136.70138788223267,35.29429676704114,25.41456087292073,2.0481442769368527,8.41004333496096,1014.3869270833333,22.41585612297058,41.88494480960071,875.4133809407552,13.079949951171898,9.616693115234398,11.232076263427757,80.53425852457683,81.24444500605266,90.26388896768913,37.54528205745785,25.009588392822234,1.7483828226725677,7.947231547037802,1015.7830338541667,20.313108205795288,74.44725827003519,834.6206982930502
2021-09-30,13.614678955078148,8.901849365234398,11.430571492513044,69.47499990463257,61.79583247502645,328.31249237060547,29.45374035297493,23.928558094269036,1.2492665608723996,5.762469228108728,1022.7130013020833,5.803937841206789,113.18361168851455,851.3663533528646,13.032769775390648,8.541314697265648,10.967387135823591,66.78055572509766,66.54212923844655,177.76389122009277,29.85403011680015,24.350280936502845,0.9862724304199446,4.762656148274743,1023.3758463541667,9.19055520494779,74.46261027703683,859.9962005615234,14.057885742187523,8.915856933593773,11.621278381347679,69.37500143051147,60.7606483399868,270.09722328186035,30.021499576722235,23.678032194542386,1.4167177836100677,5.9222821553548215,1022.3463736979168,5.102404568344355,113.32266536230843,848.3210016886393,12.849847412109398,8.784844970703148,11.097542063395204,69.74907445907593,52.938425809144974,246.75000667572021,30.385141749791416,24.841319937943215,0.9726781209309934,5.564396158854208,1023.0849739583333,8.385165225714445,80.6294268021981,907.0715929667155,13.843499755859398,9.076715087890648,11.572536722819033,69.88286972045898,58.857407768567406,59.4652795791626,28.819376153285294,22.886006513407597,1.3966893513997434,5.98069788614913,1022.4447526041668,5.574971130738656,100.53442366297047,832.0471420288086,13.486901855468773,8.914880371093773,11.444401041666689,68.19027853012085,63.399999459584556,210.8541612625122,29.856510178902834,25.23241388801995,0.745539601643884,5.552498118082724,1022.581494140625,4.8719047493456555,98.69222405925393,931.0665613810221,13.861108398437523,9.395440673828148,11.67863489786786,71.06898053487141,63.45740673939387,8.048611029982567,28.950884500950146,23.562115976412958,1.6460599263509152,6.379300689697288,1022.3201106770833,6.1707901532451315,82.89211226006348,840.7443580627441,13.267633056640648,8.661126708984398,11.361722564697288,68.09629599253337,62.00833306709925,270.33333683013916,28.282725946220673,23.294672272997868,0.9842964172363509,5.39256312052413,1022.844609375,5.780277704199155,95.7283876563112,844.4514122009277
2021-10-01,14.418634033203148,11.877069091796898,12.930923716227236,72.70648177464803,100.0,48.43055568635464,28.08552276958831,25.17999801178478,5.979913330078148,7.805518086751306,1013.623466796875,3.6594403106719255,22.97009250894189,669.1444040934244,13.616143798828148,11.135552978515648,12.3174504597982,68.4518518447876,99.94675922393799,378.93749809265137,28.527666138178386,26.004569324152857,5.8999560038249115,6.260316467285179,1014.3130305989583,5.020323757082224,33.28438853907088,688.138298034668,14.445397949218773,11.868920898437523,12.937393442789736,74.05231428146362,99.98333326975505,89.36805540323257,28.760987979409407,25.306438733623946,6.2282272338867415,8.065577443440759,1013.63244140625,4.519807477792104,25.653777887113392,682.440045674642,14.941857910156273,11.706079101562523,12.916959381103538,70.48842604955037,99.99444421132405,323.1458339691162,29.725570500927155,25.931239084643778,6.211024220784509,7.292995707194052,1013.9983365885417,1.509402085095644,38.18398238594333,699.4597778320312,13.956536865234398,12.133721923828148,12.962826029459658,74.18749952316284,99.98888842264812,87.97222146391869,29.477660681818247,24.93759779741306,6.1872116088867415,8.146370188395224,1013.9044401041667,5.219141151756048,20.995889379953343,682.2333691914877,14.216668701171898,11.276239013671898,12.61356124877932,71.40972153345744,100.0,115.68055319786072,29.311955639892652,26.450055694019966,6.0020741780599,7.128537750244163,1013.290126953125,7.240253932774067,29.921536661994953,683.0605672200521,13.736077880859398,11.674279785156273,12.7480293273926,75.91898250579834,100.0,102.50694507360458,30.34902465984378,25.534633968750835,6.319907124837243,8.286434427897177,1013.5355501302083,6.006049220760663,18.374518592065822,680.0612970987955,14.561090087890648,11.297631835937523,12.816650644938173,71.9050931930542,99.9712963104248,91.5208330154419,29.44287074379296,27.015352918546473,6.20736974080404,7.479906972249353,1013.0025846354167,6.469591856002808,29.352258666108053,706.6573740641276
2021-10-02,15.202508544921898,9.489862060546898,12.358291880289736,87.19814840952556,86.79861132303874,359.5833377838135,40.50960177707802,17.130345342426036,4.146610514322958,10.195975240071618,1007.233046875,2.1816130156318345,82.43927822137873,561.0127906799316,14.688439941406273,9.192407226562523,12.211242930094423,88.67962869008382,92.48703638712566,205.41666507720947,38.32807140160448,18.18460544680194,3.885352071126306,10.339654541015648,1007.50232421875,4.080823418994744,67.25349898884694,590.1458775202433,15.090692138671898,9.862298583984398,12.750727589925154,88.52407455444336,94.88981469472249,451.22222900390625,39.024051979532715,17.37152417887591,4.371260579427087,10.845578765869163,1006.6792708333332,1.5501308360447486,73.15363054350019,572.5655988057455,14.629724121093773,9.043298339843773,12.076448059082054,88.8060188293457,87.88333328564961,347.54166889190674,36.89961749723159,18.461238394239352,4.007452901204431,10.221004740397177,1007.3007421875,5.57572843072315,63.832797146091856,564.8640011151632,15.064233398437523,9.708123779296898,12.609437561035179,86.17777824401855,82.742129723231,311.02777576446533,38.56399549545125,17.67167138752487,4.164648946126306,10.284355417887411,1006.990322265625,3.9384290178616843,70.13777933145563,580.6340812047323,14.727807617187523,9.524468994140648,12.360720570882185,89.33703676859538,91.16203657786052,328.1180591583252,36.844437227503775,16.954259444216326,4.20346603393557,10.587345377604208,1007.3034114583332,3.3790388802687326,68.17018475631873,570.249320824941,15.186914062500023,10.083337402343773,12.726796722412132,87.34583314259847,87.38518460591634,70.12500035762787,38.225468550922265,18.279535751455036,4.464638010660849,10.629604593912802,1006.3416861979167,3.7226393533249698,74.23137032644202,576.1216093699137,15.146661376953148,10.181420898437523,12.444879150390648,89.39675966898601,95.2837963104248,348.29166316986084,37.21922492519556,16.245973541805068,4.198560333251976,10.684013621012411,1006.4025162760418,1.5820556531349819,66.63501756886642,542.0955228805542
2021-10-03,16.297937011718773,11.160028076171898,12.772903696695986,90.68611017862956,100.0,628.5555515289307,42.89570680216852,21.051846990513592,5.709967549641931,11.252374267578148,999.5095735677082,7.877354790767034,20.333555931846302,704.1745681762695,15.454400634765648,10.220056152343773,11.892846679687523,91.06527678171794,100.0,885.9860992431641,41.27645043404413,18.992038965790027,5.702642059326195,10.451245880126976,999.0099967447917,13.76920480032762,13.729889333248138,679.8927033742269,16.153527832031273,11.146936035156273,12.800920104980491,89.92499987284343,99.96157423655193,565.9652662277222,41.31098029828583,21.142967708947968,5.690591430664085,11.151584879557333,999.0719954427083,7.333441737418373,25.078406631946564,692.2539939880371,15.341546630859398,9.868127441406273,11.88013865152997,92.29537041982015,99.22731494903564,995.2847118377686,39.093499121838555,19.43045569093187,4.837932840983115,10.650444285074911,999.255361328125,14.132671386003494,8.85468523701032,617.3454151153564,16.220147705078148,11.049249267578148,12.574516550699892,90.64907328287761,100.0,626.8541688919067,41.5006243673013,20.779379205887363,5.73334910074874,11.061016337076865,998.927021484375,9.328849131862322,17.11361065506935,680.4533767700195,15.838891601562523,10.014428710937523,12.212551371256533,92.73148187001546,99.99953715006511,901.2013835906982,42.89569267574616,18.75277271087208,5.9568954467773665,11.047285970052087,998.88380859375,11.258349388837814,7.437685509522756,615.2289295196533,16.271234130859398,11.082147216796898,12.659199015299501,90.73981444040935,100.0,464.4652795791626,42.89983809002047,20.89345873400477,5.689593251546228,11.160821533203148,998.68876953125,10.21695547302564,14.629888713359833,681.3455657958984,16.050012207031273,10.865045166015648,12.948178863525413,90.39722220102946,100.0,633.4166669845581,43.681022956941106,21.758184266203514,6.018682098388695,11.38190867106124,998.8523893229167,7.589865227540334,19.83833306034406,753.6764882405599
2021-10-04,16.211480712890648,10.303552246093773,12.931911722819033,77.5898159344991,60.697222332159676,381.0138883590698,26.378660824062706,21.367842083441058,3.969906107584677,9.011436716715536,1012.71130859375,-1.2031276226043701,145.9215188260811,714.458438873291,16.646051025390648,10.590539550781273,13.182405090332054,74.45324039459229,76.13194445768993,760.7430553436279,24.604788627902554,19.97503156779486,3.984339650472009,8.646534220377646,1013.8095540364583,-3.7665788928667703,134.11211175083494,658.0061041514078,16.151239013671898,10.545404052734398,12.977124786376976,78.05277744928996,56.44166751702627,166.67361307144165,26.911380925232272,21.2972543024287,4.019680277506552,9.153638458251976,1012.39294921875,-1.1041402518749237,145.7054216088727,716.1137135823568,16.491174316406273,10.980065917968773,13.470218912760439,72.95092566808064,74.63796329498291,680.6666564941406,25.995293416205516,21.60535815212866,3.979444122314476,8.664322153727255,1013.370439453125,-4.589505851268768,131.64759015726545,743.6374931335449,16.588555908203148,10.659783935546898,13.116816457112654,76.83842468261719,63.880555748939514,31.201388716697693,27.494600786068347,22.088616041399046,4.070492045084677,9.038632965087913,1012.2188541666667,-1.816224214931329,141.2763322109046,741.1043599446615,16.644097900390648,10.435601806640648,13.221028900146507,75.59166669845581,68.37314834197362,781.798641204834,25.265095064478107,21.014980817623915,4.033190663655603,8.897818501790368,1013.5221712239583,-4.757540712753932,145.59004276820147,697.8653081258138,16.512750244140648,10.663140869140648,13.058745320638044,77.33009227116902,70.45092582702637,4.645833346992731,28.426634752974728,22.604651303640775,4.009034729003929,9.083327229817712,1012.0662434895833,-1.3002580801645915,140.59334928387156,744.7804336547852,16.361108398437523,10.736260986328148,13.116143798828148,76.48888794581096,61.31759341557821,585.1875057220459,25.814141998591737,20.790571342178907,4.006030019124353,8.976220703125023,1012.9032942708333,-3.4063879251480103,142.97642845722535,707.0518074035645
2021-10-05,16.388726806640648,11.133813476562523,12.686963653564476,79.22129694620769,52.00601867834727,72.10416609048843,30.297196423050345,23.56427352255109,4.702013905843103,9.106001790364587,1005.77259765625,10.848642785296155,63.511980317688234,746.8697891235352,16.289575195312523,10.809106445312523,12.861997222900413,80.55601851145427,64.64675839742024,445.81249046325684,25.139237063639264,18.97226368972984,4.85196202596029,9.485575612386071,1007.829013671875,7.058474033372477,75.34446295211092,569.1085071563721,16.798699951171898,11.318627929687523,13.117518361409529,77.6731465657552,59.45092582702637,84.50694492459297,31.31928885067676,23.850841953931564,4.809573109944665,9.212817128499353,1005.2851595052083,10.560308039188385,61.0151279886098,766.7711181640625,15.416650390625023,10.266961669921898,12.630887603759788,79.4523156483968,73.58009235560894,225.1319441795349,28.688134633789826,21.541717555557415,4.488123830159509,9.074806467692099,1006.9735091145833,9.863292713960012,55.37977829063311,658.2279917399088,16.714074707031273,11.353387451171898,12.965477244059267,78.01666641235352,57.64814853668213,72.00000023841858,31.135191808057858,25.039949913484808,4.601220703125023,9.149716949462913,1005.0043001302083,9.429903517166773,60.13420534785837,827.1701405843099,13.850396728515648,11.044549560546898,12.304844156901064,79.07638867696126,80.97175900141399,95.27083277702332,32.6607753106303,26.30376279197354,4.332137044270837,8.715286509196005,1005.1666536458333,8.964709977308909,60.1891663299563,847.5243479410807,16.497460937500023,11.483300781250023,12.983323669433616,77.51620356241862,55.28518569469452,51.96527672605589,31.5920578549614,25.460856174793523,4.572202301025413,9.083153025309286,1004.934921875,9.994082371393839,65.25272208933409,826.8697789510092,15.706201171875023,10.887597656250023,12.17410812377932,81.94444529215495,66.6476861635844,64.7847221493721,32.57660259415132,24.745425858767856,4.500543212890648,9.121035512288415,1005.632900390625,13.128168379267057,51.0578523647661,737.5476366678873
2021-10-06,14.578302001953148,10.741357421875023,12.266423797607445,86.9518502553304,79.72129519780476,262.8888883590698,35.81784320758208,28.180613982696844,2.768209075927757,10.13910573323568,1010.386416015625,4.239470402399699,109.86183470650576,965.537607828776,14.798059082031273,10.974755859375023,12.588667805989607,85.69583384195964,62.06018469731013,314.2222237586975,27.77738995095792,21.21380605624917,3.045008595784509,10.216858164469443,1010.2570670572917,2.5554957588513694,126.72775834422403,772.6831970214844,14.478051757812523,10.677575683593773,12.431170399983747,86.25648244222005,71.11157433191936,311.5625014305115,32.913977327103495,26.47178148028298,2.663453674316429,10.172783152262411,1009.96158203125,5.054356207450231,121.3940169918739,933.0831985473633,14.506616210937523,10.662866210937523,12.50119552612307,87.74259249369304,58.76203761498133,369.8055543899536,30.16151621309844,23.77034992780929,3.0677111307780365,10.490533447265648,1009.951005859375,4.131143679221471,132.60085320472717,807.4249394734701,14.353051757812523,10.671136474609398,12.260118103027366,85.83657423655193,57.17407433191935,227.1805543899536,31.657992134858688,24.613598314556764,2.544666544596396,9.932593282063806,1010.3149837239583,6.506450712680817,119.06905580104406,874.3830375671387,14.317742919921898,10.591180419921898,12.214644368489607,87.85138861338298,68.59027783075969,306.45833110809326,37.602760184343985,29.78708655813435,2.676460520426474,10.24384714762374,1009.834814453125,6.478874295949936,118.27599860848083,992.8482182820638,14.502404785156273,10.425805664062523,12.267330423990908,85.50277678171794,48.7416676680247,163.79860997200012,29.96885674508013,23.702287667883954,2.645833587646507,9.875048573811853,1010.5208430989583,6.750252082943916,128.29870414733887,846.8823839823405,14.400933837890648,10.335656738281273,12.21472829182945,87.30972290039062,72.22037136554718,255.92361068725586,36.01871929602204,29.606083390768134,2.563776906331384,10.148364003499353,1010.3862662760417,6.814221292734146,115.05557244639688,992.2662836710612
2021-10-07,15.147119140625023,11.723687744140648,13.382619476318382,84.14259274800618,65.69398244222005,234.88194274902344,12.43737777121777,7.139755785749439,6.097495015462243,10.642182922363304,1025.4889778645834,-3.2982444564501443,72.99294409772847,259.22669410705566,12.930505371093773,10.792047119140648,12.315061187744163,79.1185172398885,96.10462951660156,317.86805629730225,23.204986312562326,11.029595581251776,5.845539347330771,8.78638865152999,1025.07841796875,5.0902193072251976,17.456222227037262,331.1112257639567,15.903894042968773,11.710076904296898,13.564752197265648,85.3773136138916,62.50787162780762,101.05555486679077,12.470411809891765,6.60260510855579,6.5446640014648665,11.041534678141318,1025.5019368489584,-3.505249540011088,92.70687168460184,248.71153513590494,15.931054687500023,12.364160156250023,13.522746022542341,76.85231494903564,73.51713021596272,391.5902843475342,21.200100334325057,9.682909314239451,5.689458465576195,9.438237762451195,1024.9525618489583,-5.515807976325353,104.37433664004008,418.586288690567,16.456964111328148,12.091638183593773,13.69345372517906,80.09351778030396,72.88611035918196,24.986111104488373,13.341119610074475,7.335821274639393,6.4182665506999115,10.167054748535179,1025.6469563802084,-4.642824667195479,113.12313008845861,352.9149678548177,15.800988769531273,11.093408203125023,12.83121515909833,83.29861005147298,65.47222244739532,303.3333339691162,14.4321610814229,5.880598206538761,5.409444427490257,9.948021189371786,1025.367646484375,-1.2458819349606831,94.07123899997289,272.0575747489929,16.104516601562523,11.943353271484398,13.547425842285179,81.61851755777995,74.18425913775961,7.673611126840115,11.790900038075108,5.952733748515436,6.172503407796228,10.329610443115257,1026.00107421875,-3.6468111673990884,84.1527779897054,272.9759458700816,16.149682617187523,10.777612304687523,13.204640960693382,83.19259198506673,38.49861107269923,242.29166412353516,8.798325495007816,4.327463411950142,6.003924306233728,10.257408396403036,1025.466533203125,-3.4916710754235587,107.53768572828267,242.94624058405557
2021-10-08,17.141564941406273,9.401757812500023,12.735192871093773,79.1967584292094,45.92592569192251,5.5000001192092896,10.720591865904657,8.286195456433617,7.853393809000693,9.042217508951865,1030.2154427083333,4.505161801973979,140.7589783668518,236.49965270360312,16.547509765625023,9.614739990234398,12.721955871582054,77.4638900756836,45.21388896306356,236.33333587646484,10.399549787313703,7.287819194688834,7.75778477986654,8.735985056559286,1030.4474869791668,3.142002602418264,140.17679913838705,226.58553425470987,16.939996337890648,9.316125488281273,12.609376525878929,79.90463050206502,41.97546310226122,0.6666666716337204,11.243565871931102,8.31441993622416,8.030399576822958,9.046160634358728,1030.2928938802083,5.343794663747151,140.80075963338217,239.26354853312174,16.398004150390648,10.190209960937523,12.945855712890648,79.08518679936726,87.74537022908528,102.99999618530273,10.872831381386714,7.178064527319594,7.858350372314476,9.290068562825525,1030.0945703125,3.8908979892730713,127.99007336298625,228.60358015696207,16.770562744140648,9.209466552734398,12.458857472737654,79.98333247502644,25.776852404077847,0.0,11.040948618979574,8.232419670491929,8.114593760172568,8.91615702311202,1030.394697265625,6.259690483411153,141.28709522883096,240.01898256937662,16.895745849609398,9.544549560546898,12.7173528035482,77.53379662831624,21.25740737716357,25.5,11.068904652882772,8.137498386658256,8.1667304992676,8.722374216715536,1030.4000227864583,4.741601367791493,140.33894681930542,234.28788248697916,16.843041992187523,9.337304687500023,12.54166437784833,80.38379605611165,24.33194414898753,0.0,11.030516529943629,8.197861836091585,8.100770568847679,9.065230305989587,1030.36046875,5.759934961795807,140.99953619639078,242.38253498077393,16.942742919921898,9.357965087890648,12.68051427205406,78.10462824503581,49.03240704536438,9.0,10.624309108862965,7.966934416122178,7.8722638448079465,8.792704518636071,1030.3038834635418,4.014578660329183,140.7918332417806,227.4636747042338
2021-10-09,16.280725097656273,9.481958007812523,12.24577102661135,73.87500031789143,9.899074193711082,0.0,12.89710454722927,10.287412986049413,8.778286234537802,7.334369913737021,1028.804033203125,6.841297493626674,141.60461203257242,245.96336348851523,16.132318115234398,9.452630615234398,12.117375946044945,73.3629633585612,3.75000003259629,5.5000001192092896,14.627818647539426,11.66545799637798,8.407231903076195,7.117495473225915,1029.41484375,7.886689146359761,141.18253580729166,272.1162347793579,16.261102294921898,9.426354980468773,12.188473002115908,74.21250009536743,5.22962945063288,0.0,12.681788037067937,9.93926739383043,8.720620727539085,7.375390625000023,1028.9011751302082,7.069659156103929,141.82781569163004,241.09446144104004,16.000024414062523,9.281213378906273,12.00461349487307,73.12685092290242,9.03981480995814,0.6666666716337204,12.909070056559761,11.156079692666827,8.564824676513695,6.962293243408226,1029.1392936197917,8.203817069530487,141.96890799204508,266.85806941986084,16.382440185546898,9.365441894531273,12.17526779174807,74.80324029922485,7.741203673494359,0.0,13.28168711683026,9.78585370107676,8.611305491129599,7.492801920572958,1028.9465950520832,6.517971848448117,140.88855361938477,242.95935440063477,16.070001220703148,9.354974365234398,12.105943298339866,74.38564856847127,12.230092321832975,0.0,12.21132617777165,10.67596090700014,8.550778961181663,7.324451700846396,1029.0915885416666,7.099369527461628,141.5567800203959,256.7140757242839,16.217797851562523,9.147241210937523,12.018107350667341,73.98287105560303,14.693981570502123,0.0,12.92789641722837,9.617850158931772,8.499358113606775,7.133340454101585,1028.9577669270832,7.420797693232696,141.0590189297994,242.6620650291443,16.202508544921898,9.325708007812523,12.114984130859398,73.67962884902954,7.638888845220208,0.0,12.592415700524352,10.148435657275417,8.54446945190432,7.16798044840499,1028.9444889322917,7.23622436200579,141.87816842397055,242.38113419214883
2021-10-10,16.598382568359398,9.480920410156273,12.562544759114607,74.0981486638387,58.11111248781284,0.2916666683740914,14.91134725904575,6.471437837439393,7.046105957031273,7.918328857421898,1026.608603515625,1.0624056259791057,128.638409614563,269.4745472272237,16.519219970703148,8.753503417968773,12.187706247965517,70.79537026087444,43.41435168683529,0.1666666683740914,14.819903174288957,6.647448234215396,7.3016588846842865,6.898871358235681,1025.9664192708333,2.1832947432994843,127.49038664499919,258.258173306783,16.484338378906273,9.559350585937523,12.707228597005232,74.67870283126831,62.940277708383896,0.2777777877636254,17.997280854244284,6.828239703678865,6.805849965413415,8.186537679036462,1026.5886588541666,0.4666970521211624,128.29129552841187,327.70771344502765,16.527764892578148,8.959100341796898,12.263447062174501,72.13703648249309,45.4148143629233,0.20833333674818277,17.26016648160309,7.052875677086256,7.080305989583337,7.253419494628929,1026.4053352864582,2.4655134677886963,127.09694774945577,273.8892719745636,16.396630859375023,9.324243164062523,12.511336263020857,75.41342496871948,63.476389755805336,0.5069444496184587,14.995125226978749,7.014496911952265,6.997945404052757,8.125089263916038,1026.4680631510416,1.3039959594607353,128.1548007329305,313.05683819452923,16.295434570312523,9.019067382812523,12.095491027832054,72.14814885457356,45.92036979769667,0.013888888992369175,12.622517802797171,5.376417578208184,7.291499074300134,7.060393269856775,1026.60162109375,3.597044587135315,127.14531366030376,216.3198038736979,16.372125244140648,9.269830322265648,12.37855173746747,74.80416679382324,68.35277717995147,0.2638888922519982,13.550522633613111,5.944236631887165,7.0702135721842865,7.8797164916992415,1026.3816373697916,1.555411656697591,128.02373925844827,275.18377415339154,16.369042968750023,9.134881591796898,12.27189407348635,74.78472232818604,57.48935196051995,0.11805555829778314,14.738216025936069,6.153576168608716,7.026998138427757,7.802339172363304,1026.8463606770833,1.606659511725108,124.80685210227966,260.47573312123615
2021-10-11,15.076440429687523,10.878656005859398,12.789446767171247,72.53796354929607,86.1916659673055,12.40972225368023,22.315612691382473,17.292521396700124,1.5031766255696652,7.831007893880212,1025.4055110677082,3.0561121652523675,114.96722348531087,773.6170298258463,14.695428466796898,11.256524658203148,12.574348704020204,73.15601746241252,97.83101812998454,11.8125,17.648137596570788,14.413173030788007,1.8327855428059934,7.812964375813806,1025.7065397135418,6.119653547803561,62.519075791041054,638.5331192016602,15.104241943359398,10.975457763671898,12.670982615153017,74.47963015238444,92.43703683217366,15.375000014901161,21.74549454192361,16.23076422480594,1.649415588378929,8.121956125895224,1025.550087890625,5.315990919868152,112.99907541275024,710.6401201883951,14.538873291015648,11.263696289062523,12.731562550862654,71.49722258249919,92.8624997138977,10.062500059604645,17.82050945578188,15.18209507185646,1.5002354939778684,7.638770039876306,1025.8008756510417,6.813952065228174,62.03888750076294,702.7890218098959,15.039544677734398,10.675317382812523,12.495281473795595,76.16435194015503,95.517591158549,17.84722226858139,21.59766447644119,15.525273942266248,1.6990651448567746,8.278593953450525,1025.94873046875,6.083687958618005,107.22990679740906,668.3218510945638,15.161096191406273,11.424279785156273,12.988795216878279,71.30138858159383,89.41574033101399,18.111111223697662,21.67780480796808,17.243242620801535,1.3615776062011946,7.839325205485068,1025.4318619791668,1.9137533555428188,112.96824367841084,795.9817682902018,15.305535888671898,10.729547119140648,12.683869934082054,74.37407461802165,94.63379605611165,14.24305559694767,21.42334763236612,15.423095701065963,1.694544728597009,8.132230377197288,1026.1725130208333,4.607962265610695,112.91333071390788,680.9360300699869,15.215051269531273,11.593591308593773,13.155159250895204,71.4115743637085,90.57546265920003,16.65972211956978,21.87601254549781,16.999524227574856,1.4297843933105696,8.005826568603538,1025.2404427083334,0.06381216272711754,113.344629128774,802.173215230306
2021-10-12,12.940515136718773,10.398095703125023,11.84995040893557,75.44213008880615,90.443519115448,71.70138967037201,20.03974765407779,17.0571149753074,0.8584012349446652,7.545218404134118,1021.9775130208333,9.543272741138935,57.92677688598633,716.4204254150391,13.281701660156273,10.457971191406273,11.571363067626976,69.55971988042195,70.53148221969604,61.854166984558105,24.129143231623793,19.899549896205315,-0.3742507934570085,6.067238108317099,1022.145625,12.317044208447138,79.06848017374675,938.7351214090983,13.366632080078148,9.898217773437523,11.9836250305176,76.18564716974895,82.62037007013957,86.00000047683716,20.89823897571165,17.61146744993466,0.9658561706543196,7.829424794514978,1021.630234375,7.480591970185439,93.16272417704265,719.3402010599772,13.182061767578148,10.459741210937523,11.742588297526064,68.81064796447754,79.1921288172404,66.04861128330231,25.365863432439035,19.889696058243818,-0.2601214090983035,6.059096272786462,1021.7699186197917,10.21775315143168,67.54655504226685,951.1230913798014,13.105584716796898,11.175592041015648,12.004607137044294,74.9115743637085,87.76759179433186,76.97222250699997,22.088854112355182,17.931084782035697,0.8428321838379134,7.562114969889365,1021.54359375,6.950681423147519,77.440815726916,777.0420277913412,13.810815429687523,10.381677246093773,11.886516825358095,70.50370359420776,65.75787162780762,77.95833313465118,23.612551292939127,18.837591524043745,0.0335962931315521,6.495315806071005,1021.9425618489582,7.199440548817317,115.90627447764079,913.8816350301107,13.344567871093773,11.079858398437523,12.143525695800804,75.44166628519694,82.27083293596904,92.13888882100582,22.321897805766238,18.290465769494514,0.6776926676432709,7.789008076985681,1021.7070638020833,6.131826194934547,95.32870064179103,823.6441485087076,13.191888427734398,10.975488281250023,11.942412312825544,73.35462951660156,85.9893520673116,96.52777802944183,20.941606507033136,17.6225151113639,0.29646708170577085,7.173978424072288,1022.0575325520833,7.21040578186512,92.94562788804372,819.2273724873861
2021-10-13,13.749993896484398,9.925469970703148,11.729849751790388,74.07546297709148,90.48611005147298,195.82638788223267,17.74995264684845,13.798978068221727,1.4409729003906477,7.17892735799154,1024.46453125,3.3961966981490455,107.60583233833313,572.4265047709147,13.238885498046898,9.998223876953148,11.57817103068036,69.94351863861084,98.64814758300781,125.7916669845581,16.28664498063021,13.490284485613513,-0.06265487670896164,6.188030497233115,1024.3265657552083,4.025128935774167,76.03111020723979,665.5138905843099,13.786431884765648,10.162622070312523,11.884084320068382,73.08055623372395,93.29629802703857,125.95138788223267,18.161415681134333,14.540396087037356,1.3354723612467865,7.110176340738974,1024.2558203125,2.8088680555423102,100.48212798436482,629.7442957560221,13.011071777343773,9.949975585937523,11.51037495930992,68.94861173629761,96.96018536885579,143.0902771949768,16.91721294312856,13.702752279668678,-0.3984779357909929,5.92862472534182,1024.4201627604168,5.722970299422741,57.323612332344055,661.6351153055826,13.786462402343773,10.714837646484398,11.702862040201845,73.00555578867595,91.73194456100464,31.423611342906952,16.946751532734677,13.691239549904614,1.1096015930176009,6.92741419474288,1024.7256803385417,4.663065026203792,86.75305565198262,566.6016546885172,13.674096679687523,10.151208496093773,11.882135009765648,68.63796218236287,98.16435241699219,130.79166650772095,17.497372139507757,14.285925449715146,0.3986373901367415,6.185408528645837,1024.4205989583334,4.055438717206319,77.05250279108684,711.6037368774414,13.828607177734398,11.027429199218773,12.09037043253583,71.37731377283733,96.76481342315674,21.20833319425583,17.03463480332058,13.940362272954475,1.1410308837890852,6.989883677164755,1024.4443587239582,1.5373748242855072,89.38620205720265,583.2446047465006,13.894433593750023,9.770196533203148,11.924114481608095,71.3351845741272,87.36435222625732,156.9305543899536,15.96650903161763,13.658980158411438,1.1993283589681027,6.814528401692712,1024.6414680989583,4.0116883516311646,92.02768389383952,642.3598086039225
2021-10-14,15.981072998046898,12.942926025390648,14.357746378580751,82.80740642547607,85.77962970733643,31.854166507720947,24.323126562407367,19.736001160694002,5.945254262288415,11.422774251302087,1021.6347591145833,-10.325145483016968,115.5048901240031,677.8394915262858,16.009851074218773,12.565454101562523,14.15217234293622,83.30879720052083,89.063889503479,214.89583492279053,24.40721129652351,20.563952715875264,6.238332366943382,11.316431935628259,1021.1570703125,-10.864137478172779,111.40483339627583,651.7017186482748,15.794671630859398,13.253656005859398,14.24375940958661,82.43101819356282,90.97314771016438,26.90277737379074,23.67073142707646,19.823901888491708,5.786158498128259,11.238512929280603,1021.83021484375,-9.171412666638693,109.0073340733846,688.6194368998209,16.180139160156273,12.681115722656273,14.175528462727888,82.98750019073486,93.21712907155354,148.68055629730225,23.132550224326142,18.923491781576203,5.956159210205101,11.265059407552087,1021.393486328125,-9.573845780144135,115.51333204905193,628.6074015299479,15.501489257812523,13.256921386718773,14.14152297973635,83.34351857503255,94.1939827601115,19.65277799963951,24.157460219241695,19.40489064652682,5.729920959472679,11.30809046427413,1021.7524251302083,-8.061594554533562,94.74248170852661,685.9307187398275,16.279840087890648,11.116754150390648,14.03235778808596,82.4523156483968,85.34722153345744,45.04166662693024,24.384185650409947,20.28116262115206,5.9127428690592865,11.030994669596396,1021.6830305989583,-11.315195041087767,119.41500043869019,668.3614654541016,15.455773925781273,13.317834472656273,14.134882863362654,83.59675884246826,94.02638912200928,21.972222328186035,23.83623740026443,19.400709700288253,5.554040527343773,11.353982543945335,1022.0032389322918,-7.954878496627013,86.04598045349121,729.909283955892,16.084130859375023,12.728417968750023,14.22361017862958,81.69305578867595,91.17314720153809,34.75694501399994,23.340375885248275,19.280696725380086,6.060620880126976,11.06326828002932,1021.79875,-10.136449438830217,120.38955489794414,649.3257242838541
2021-10-15,14.174798583984398,11.423852539062523,12.826442972819033,68.4888900121053,90.00833193461101,50.013889610767365,25.30428749461962,17.572624751612448,1.1270029703776459,6.836652374267601,1017.7956770833333,6.600662191708882,69.69963002204895,869.411989847819,14.416650390625023,9.397790527343773,12.60139109293622,69.73148282368977,75.27823988596599,53.8680557012558,23.614215778730234,16.058382449593164,1.4503011067708371,6.914389546712243,1017.9883235677083,10.265951092044512,80.58646313349406,828.9379456837972,14.183526611328148,9.691522216796898,12.494607543945335,71.58981482187907,81.28657428423564,49.46527862548828,25.334785237581933,18.34167896219724,1.2943016052246321,7.2398239135742415,1017.3964485677083,11.535182056327661,67.8113884429137,893.8564135233561,14.321343994140648,8.705590820312523,12.292844390869163,81.08425839742024,83.08935167392094,65.62499988079071,23.602320983245704,16.38535364545275,2.3821591695149777,9.06851730346682,1016.41732421875,12.706392278273901,49.30355453491211,654.4038950602213,14.212579345703148,10.367883300781273,12.495689646403017,70.5453707377116,76.51574103037517,52.229167103767395,26.77638533430924,19.262944487560304,0.8829958597819427,7.055848693847679,1017.5421354166667,9.074123422304789,96.25453715771437,957.879514058431,14.480371093750023,10.595239257812523,12.654814656575544,74.17407496770223,86.36296327908833,61.284722685813904,24.85650629817094,18.21121125814894,1.6881881713867415,7.983875528971396,1017.3003971354167,5.90519439180692,78.77259254455566,816.1289304097494,14.354486083984398,11.317132568359398,12.921257273356142,68.33101812998454,73.87916707992554,46.28472217917442,26.648120666361674,18.956115310419158,0.8800381978352902,6.942838287353538,1017.5609440104167,6.1091378430525465,106.19083522011836,967.8151416778564,14.374078369140648,9.883325195312523,12.555324808756533,70.20601797103882,73.3287038008372,48.94444513320923,24.89941138234654,16.601856975096442,1.3508811950683821,6.992574310302757,1018.1255891927083,9.464367327590784,88.3443499604861,870.2510706583658
2021-10-16,12.886163330078148,10.237939453125023,11.236240641276064,60.76527722676595,93.09861087799072,71.6458330154419,12.563568590360605,7.894738813465065,-1.3156239827473541,3.887855784098349,1021.7540071614583,9.825225785374641,52.206203520298004,466.65064493815106,13.742395019531273,9.924554443359398,11.442096964518251,58.21250025431315,75.37407318751018,64.81944370269775,12.488828168635392,8.302631013426897,-1.0594301859537723,3.4050575256347884,1021.608369140625,8.414288014794389,109.41934812068939,569.8756834665934,12.880120849609398,10.597680664062523,11.5473088582357,58.57870324452718,97.11712837219238,30.361111283302307,12.2799646788725,8.34465437805478,-1.2112246195475223,3.6514691670735715,1021.47515625,8.35025587057074,48.88435051838557,527.6635506947836,13.472863769531273,9.777856445312523,10.975073750813825,63.96990776062012,78.08888912200928,72.5069432258606,14.721188748875178,8.305169870096831,-0.9482393900553348,4.293316141764365,1021.7339778645833,9.358235966414213,94.70796195665996,503.0798632303874,13.260308837890648,10.716668701171898,11.490103658040388,58.21666685740153,90.89166641235352,1.958333358168602,12.646033760771033,8.459491073207134,-1.0293156941731354,3.510346984863304,1021.36921875,6.621095011631648,72.58944694201152,527.3120155334473,13.338922119140648,10.394433593750023,11.214596048990908,60.404629707336426,78.80833466847737,76.84027647972107,14.183554479880014,8.94474576287252,-1.3081013997395416,3.7370353698730696,1021.8044108072917,7.227768387645483,95.60397932926814,579.3616949717203,12.709741210937523,10.305566406250023,11.328342692057314,59.632871786753334,96.93425877888997,0.895833351649344,13.030862077328052,9.248502963298925,-0.7482398986816179,3.7147333780924896,1021.3672233072917,9.443257336815199,44.578981737295784,514.1016286214193,13.550012207031273,10.423730468750023,11.433744049072288,59.71805588404337,77.75185203552246,67.70833277702332,13.81661984436939,8.514114838639768,-1.1617619832356354,3.7881167093913177,1021.8765787760417,8.285267064968744,101.77055404583614,578.0705172220866
2021-10-17,13.922235107421898,9.027124023437523,11.241792297363304,70.3912049929301,96.43657334645589,4.944444447755814,18.99648608608783,14.07397577275198,3.6193646748860715,6.02524337768557,1019.31826171875,7.633478589355946,43.47500171264013,350.69334602355957,13.423272705078148,9.322259521484398,11.30997238159182,67.9499986966451,99.62916533152263,75.80555701255798,15.944331076392269,13.902238660669939,2.932851409912132,5.57639083862307,1020.2876790364583,5.056046555439631,51.261072874069214,375.54430262247723,13.709313964843773,9.666314697265648,11.470704650878929,69.98101838429768,99.5773156483968,8.83333346247673,17.614813584880988,13.794443684660996,3.763075764973962,6.15170822143557,1019.2626920572917,5.262598934272925,43.42907436688741,355.9598566691081,14.323236083984398,10.514276123046898,11.82524134318036,66.18564796447754,99.9939816792806,35.23611080646515,16.775245238157467,13.2550310927667,3.1673027038574446,5.695352172851585,1019.8250390625,3.063436448574066,62.2359099984169,382.19103113810223,13.883325195312523,9.600854492187523,11.484798685709658,68.67962869008382,99.12777678171794,5.041666612029076,18.004274037782846,14.329171579180828,3.5841423034668196,5.916582997639978,1019.49587890625,3.468609948332111,53.42842811346054,387.55602900187176,13.642144775390648,9.743737792968773,11.82659810384117,67.71342452367146,99.968981107076,5.15972213447094,19.879449564615665,15.073518451927546,3.747707621256552,6.0381395975749115,1018.81962890625,3.6903482327858605,43.35064818461736,415.5969835917155,13.223168945312523,8.871881103515648,11.10589497884117,69.84768470128377,98.40046310424805,5.312500074505806,17.331426843158745,14.18719714011255,3.468892669677757,5.781350708007835,1019.3150846354167,6.763671204447746,45.21963014205297,365.6946964263916,13.670953369140648,11.075128173828148,12.184219614664736,67.1268523534139,100.0,1.8263888843357563,18.437966920724055,15.41233590144242,3.8532641092936615,6.270735677083337,1019.0218229166667,0.1519799828529358,43.3941667675972,437.8098449707031
2021-10-18,14.485711669921898,8.861840820312523,11.841850535074892,72.76527706782024,81.56712977091472,0.9930555745959282,18.13895316369534,15.096318436730108,8.52942810058596,7.016571299235068,1019.5117122395833,2.6260856492444873,63.61018451054891,315.51770464579266,14.438867187500023,8.874597167968773,11.675660705566429,74.46666669845581,84.80925925572713,8.166666984558105,15.746765443770537,13.694251449631551,7.595446523030603,7.193017578125023,1019.858896484375,3.158630003531774,69.30351853370667,278.0995101928711,14.581048583984398,8.876550292968773,11.794778442382835,71.7898154258728,82.3694441318512,0.0,17.847672247378657,14.986641275760185,8.503198242187523,6.784010823567712,1019.84361328125,2.6768744587898254,66.62509310245514,318.9588343302409,14.238122558593773,9.144311523437523,11.693560536702497,74.5680570602417,85.45462958017985,10.833333492279053,15.101788958631547,12.92659050867247,7.590947723388695,7.232336934407556,1020.0985709635418,3.9169480303923288,65.39777819315593,257.1403382619222,14.412622070312523,8.675286865234398,11.57382736206057,72.78472248713176,78.8106480439504,1.1041666567325592,17.985899288979503,15.020427503512144,8.4787587483724,6.759221649169945,1020.1818229166668,4.0721126943826675,65.49601686000824,320.0466759999593,14.404779052734398,9.163385009765648,11.688823954264345,73.25925874710083,79.8055551846822,5.43055559694767,16.013438668001175,13.706353047818547,7.796421305338583,6.9696759541829465,1020.390419921875,3.6366377472877502,65.91138792037964,279.7575397491455,14.361077880859398,8.935113525390648,11.808487192789736,71.07361141840617,88.3240737915039,0.31944443471729755,18.588903768301563,15.637137808598306,8.668360646565759,6.655646260579431,1020.360927734375,2.7237897316614785,66.73175764083862,342.07869148254395,14.412652587890648,9.218591308593773,11.933079020182314,72.38333368301392,88.09814834594727,5.881944566965103,18.21172611484466,14.35689306281134,8.091636912028036,7.04981638590499,1019.912333984375,0.8181474755207697,61.32398076852163,307.4339377085368
2021-10-19,17.894433593750023,12.249902343750023,15.411492919921898,91.66157341003418,98.8689816792806,54.402777910232544,27.135591842780027,21.000242428170548,10.478248850504599,14.020836130778036,1015.2940266927083,-16.88618012269338,13.579315210382143,526.7910970052084,17.668084716796898,12.889978027343773,15.393862660725935,88.82222207387288,99.98842557271321,32.63888871669769,26.24677609192893,20.412870316271682,10.874597167968773,13.53501917521163,1015.3609798177083,-16.247947248319786,15.685648341973623,525.8277676900228,18.317132568359398,12.358728027343773,15.659007008870466,91.5629612604777,96.22546354929607,69.27777695655823,27.93098062007877,21.899864472411025,10.498474375406943,14.236063893636071,1014.870517578125,-19.181904554367065,17.334981282552082,562.7309608459473,18.134790039062523,13.612329101562523,15.618384297688825,86.65648078918457,99.10694440205891,10.659722170326859,28.17755796091944,21.034497491493198,10.887122090657556,13.343021647135458,1015.363408203125,-18.030874768892925,18.50657368203004,557.9585800170898,17.966119384765648,12.398400878906273,15.535204823811872,91.81990750630696,88.81574138005574,41.92361104488373,28.836478381090057,21.939296163133168,10.404531097412132,14.169053649902366,1014.9189973958332,-19.243967324495316,21.564740752180416,568.8510805765787,18.168634033203148,12.609887695312523,15.379752095540388,90.12546221415202,99.47638893127441,25.291667222976685,28.138687274353217,21.673067538210038,10.552676137288415,13.7170399983724,1015.0108463541667,-17.98221618930499,13.16683380305767,567.1912803649902,18.794458007812523,13.072229003906273,15.866321818033876,88.00462913513184,90.50046300888062,19.333333373069763,28.83292415732689,21.999926181802465,10.553418731689476,13.806988016764365,1014.691357421875,-20.46573695540428,19.711537326375645,612.6026674906412,18.351708984375023,12.305566406250023,15.429971313476585,90.29537041982015,97.23472213745117,53.55555588006973,29.406855732829523,22.41743124518997,10.588864898681663,13.779724375406943,1015.1191634114583,-19.381431459138792,25.413203035791714,583.0632387797037
2021-10-20,17.317681884765648,13.666192626953148,16.221648152669292,76.80509265263875,89.22916674613953,88.15972316265106,40.163366404073265,33.17295758003613,8.329699452718103,12.045059458414755,1002.838125,-5.311397917568684,47.1682413816452,1130.2554779052734,18.077142333984398,14.294427490234398,16.48559214274091,74.34583330154419,83.20648121833801,91.07638907432556,40.43877504030117,33.640329087142,8.68076095581057,11.84732335408529,1003.30271484375,-9.951422095298767,64.58609255154927,1134.2264912923176,17.325067138671898,13.525659179687523,16.252256011962913,75.99629767735799,90.78425963719685,68.16666758060455,42.43373883488288,32.669243601970884,8.385953521728538,11.917321777343773,1002.97052734375,-4.9294521771371365,38.38194418946902,1085.7208353678386,17.650659179687523,13.858941650390648,16.620481109619163,74.73703543345134,91.77222188313802,97.95138812065125,36.7356847738829,32.235053621562294,8.558750406901083,12.053837076822958,1002.894892578125,-9.655111148953438,55.12637041012446,1129.286994934082,17.350030517578148,13.501062011718773,16.09962361653648,76.16712919871013,86.62037019928296,33.201388757675886,41.609645151903045,33.14927316264089,8.211871083577478,11.820723470052087,1002.7902799479167,-5.506979117790858,55.79909151792526,1098.0918935139973,17.472161865234398,14.338891601562523,16.421927388509136,78.2902774810791,96.62453651428223,100.9097228050232,40.31662536648668,33.523542009740794,8.658895111084007,12.541843668619833,1003.2128743489583,-6.3764413666600985,44.145334392786026,1055.086217244466,17.231134033203148,13.527978515625023,16.066762542724632,76.11388794581096,89.9212965965271,31.361111384350806,40.72053048696047,32.63716107359982,8.172994232177757,11.765176391601585,1002.835595703125,-5.331327473123868,52.0014822880427,1099.117037455241,17.509515380859398,13.993157958984398,16.33143005371096,76.6537052790324,88.2291669845581,88.21527826786041,40.68650076878519,32.801804756265945,8.419911956787132,12.130334472656273,1003.000732421875,-5.267438888549805,65.73027707636356,1054.0696283976238
2021-10-21,13.111077880859398,8.838861083984398,10.254660542806013,74.96620496114095,84.73333398501079,660.402783870697,41.51434979038967,29.50220921621434,-0.3543037414550554,5.852188364664755,1000.3393717447917,31.059491872787476,73.94516726334889,1275.9045372009277,13.264611816406273,8.917108154296898,10.312272644042991,76.89629602432251,87.27731418609619,784.3125014305115,39.93011827979038,31.72777438149036,0.266847229003929,6.331686909993493,997.4824153645833,32.97533162434896,62.48724146684011,1271.1852391560872,13.139276123046898,9.182153320312523,10.424148813883486,73.79907496770223,88.89212946097057,580.6736087799072,40.85128007553193,27.628220045227504,-0.16204045613602602,5.756097412109398,1000.7499153645833,31.125524520874023,55.09038897355398,1191.763837178548,13.016625976562523,8.738885498046898,10.390345509847029,75.96064726511638,88.12546396255493,437.8541646003723,42.550831249320424,32.716076978093156,0.13981399536135086,6.230146026611351,998.0801985677083,31.032147725423176,52.121759782234825,1300.259922027588,13.101190185546898,9.259912109375023,10.745871480306013,73.38055531183879,80.84398031234741,556.8680572509766,40.30704289368893,31.042332372559727,0.06899286905928648,5.988399759928427,1000.1878971354167,30.281717856725056,65.02590902646382,1364.942143758138,13.141046142578148,8.374475097656273,10.129445648193382,78.81527741750081,86.8032398223877,817.916661977768,40.14869278945351,29.930987357071547,-0.06922760009763351,6.51825866699221,998.65013671875,33.04197756449381,62.290315260489784,1234.4361584981282,13.427758789062523,9.097589111328148,10.793881988525413,74.38611110051473,84.15092531840007,574.5347199440002,39.85636725005255,30.269126727427118,0.31746317545577085,6.200012461344443,999.571435546875,28.655051390329998,70.13940648237865,1297.845464070638,12.938867187500023,8.947106933593773,10.44418869018557,75.48888889948527,89.19536979993184,697.9097211360931,39.181376645408754,29.425238556022038,-0.004091644287086638,6.129426574707054,999.2994270833333,30.95575483640035,42.45461134115855,1265.3429133097331
2021-10-22,11.351129150390648,9.249414062500023,10.337492879231794,69.69722270965576,89.74305582046509,519.3680515289307,36.75836114680961,28.456409529554715,-1.4709317525227448,4.981342569987021,1016.0080631510417,13.420798610274991,26.123518228530884,1123.6948178609211,11.180596923828148,9.194940185546898,10.148867543538435,68.63750044504802,94.21666653951009,888.1180572509766,35.8059074339899,28.759394586598187,-1.713565572102823,4.586267089843773,1015.0146061197917,13.271144257858396,32.66388909022013,1125.6440251668294,11.225549316406273,9.838891601562523,10.392727152506533,67.2245364189148,91.69537130991618,163.31250095367432,38.14934438906864,29.159482120376392,-1.6347412109374773,4.517018890380882,1015.538466796875,14.332074463367462,24.319777588049572,1178.6104888916016,11.627648925781273,9.363549804687523,10.343450164794945,69.77175792058308,91.31713040669759,772.2916736602783,35.22175052967443,28.46761213438677,-1.3654502868652116,5.007826741536462,1015.6577180989583,12.499828635404507,35.307629923025765,1104.184715270996,11.423364257812523,9.400933837890648,10.33985036214195,66.41388845443726,84.29120461146037,63.37500023841858,37.40210611291225,28.55041816287317,-1.6715301513671648,4.292171732584677,1015.6926204427083,15.01007891073823,23.315371096134186,1167.8886973063152,11.561517333984398,9.571649169921898,10.484785970052107,67.52268536885579,93.77499898274739,725.5347270965576,36.37530552376953,30.005437632663625,-1.5124788920084598,4.692061360677087,1015.7990299479167,11.299922164529562,33.65657381216685,1204.472412109375,11.218408203125023,9.579492187500023,10.351182556152366,66.96574068069458,81.94444449742635,43.72916707396507,36.87316813039001,28.023056817829552,-1.6149912516276004,4.430128987630212,1015.5926497395833,14.327366778006157,21.923147469758987,1155.7712885538738,11.571710205078148,9.183923339843773,10.370440419514997,68.36527713139851,85.2138884862264,767.5416641235352,35.166335818399844,28.909823896687044,-1.5279500325520416,4.762872314453148,1015.8843229166667,12.810521310195327,34.18972249825796,1121.6960856119792
2021-10-23,13.349145507812523,8.208276367187523,10.035424804687523,71.66249879201253,70.84537061055501,59.21527624130249,15.366094958626595,10.495920397747414,-0.5103541056315066,5.056272125244163,1025.1408951822916,8.146491090456644,80.77622191111247,398.4991734822591,13.375329589843773,8.813806152343773,10.503886159261091,73.62360986073811,72.88611070315044,573.0763912200928,13.446161338399865,9.074086880311867,-0.1962163289387604,5.898426310221396,1024.7548763020832,5.7814245621363325,79.97860954205196,394.95476086934406,13.226586914062523,8.016656494140648,10.015051778157575,71.19212945302327,70.00138799349467,53.22222280502319,14.339254490548742,10.431295537733009,-0.5832148234049441,4.931495920817099,1025.2035872395834,9.016706277926763,84.46840536594391,390.4756660461426,13.220147705078148,8.517114257812523,10.194580332438173,71.12546459833781,56.41342572371165,205.21528339385986,14.265355768196105,9.16922583819023,-0.28779830932614914,5.116290028889978,1025.03232421875,7.348507026831309,80.33566462993622,377.7726993560791,13.221551513671898,7.640344238281273,9.702715810139997,74.0884256362915,53.4083339770635,30.680556297302246,14.251000056786678,10.130151277717857,-0.4105412801106354,5.209591166178427,1025.339072265625,9.427848587433497,79.93009189764659,360.74079004923504,13.288415527343773,8.205560302734398,10.072754160563173,70.8212947845459,67.03888909022014,99.54861068725586,15.082513695376731,10.358759820524782,-0.5800193786620866,4.927325185139978,1025.3888997395834,7.168713341156642,78.51490863164265,391.1138089497884,13.362878417968773,7.592614746093773,9.818390146891298,74.35972340901692,53.03749926884969,1.6527777947485447,15.317719595180483,10.780713098082822,-0.379393005371071,5.377317047119163,1025.2059830729168,8.917497962713242,82.69833362102509,374.3804130554199,12.950006103515648,8.065240478515648,9.805217997233095,71.80879767735799,58.63009214401245,78.38194489479065,14.872039354740501,10.353006980794397,-0.6398007710774323,4.860859171549521,1025.3085286458333,9.430327087640762,82.64244643847148,378.5190029144287
2021-10-24,13.275872802734398,6.536828613281273,9.32727966308596,75.11574061711629,21.97870369752248,4.0000001192092896,17.28998098971362,14.717993753073813,5.539565022786462,4.963558451334677,1022.4102311197917,11.778955188890299,105.47888708114624,344.5302149454753,12.997033691406273,6.616662597656273,9.270121510823591,73.52361090977986,63.13749976207813,62.166664123535156,16.156481289472776,13.85831236312931,4.621372477213583,4.5763781229655365,1022.6107942708333,11.98898404588302,105.05870378017426,329.95822016398114,13.242517089843773,6.451470947265648,9.304886118570986,75.02453756332397,47.31111168861389,7.5,17.53355721867755,14.598727644601093,5.538653310139978,4.9191998799641965,1022.5270638020833,12.476330543557802,105.5850955247879,343.1731808980306,13.123895263671898,6.522729492187523,9.26242345174156,74.8361120223999,66.70648109912872,55.66666603088379,16.62358119244541,13.848912404770596,5.1051193237304915,4.809065755208337,1022.7758072916668,11.998776281873385,104.88946521282196,322.8234755198161,13.147149658203148,6.551293945312523,9.422055816650413,74.98750114440918,50.0527773698171,6.500000238418579,17.441758440370204,14.822379700650202,5.61753870646163,5.0229291280110715,1022.5249674479168,12.21916780869166,105.4783714612325,359.6758219401042,13.161126708984398,6.341668701171898,9.144647216796898,75.71388975779216,28.903240362803142,33.0,16.778813547104317,14.126621236449488,5.463131205240927,4.872319793701195,1022.6946549479167,11.805257403602203,105.47768827279408,320.53210322062176,12.986962890625023,6.383111572265648,9.267307535807314,75.28472105662028,50.36759360631307,0.1666666679084301,17.24261615048512,14.652841489471259,5.75184020996096,4.917097981770837,1022.4735677083332,13.006228844324747,105.54468655586243,362.24633407592773,13.241723632812523,6.489404296875023,9.259052530924501,75.59073940912883,35.84583298365275,3.833333373069763,17.129925581385947,14.380333858031522,5.584827677408896,4.9538983662923215,1022.5309440104168,11.65753591619432,105.54242515563965,331.2632999420166
2021-10-25,14.377923583984398,7.907250976562523,10.964426930745466,82.31481488545735,87.0138882001241,19.305555645376444,21.283171945091894,17.528967854293683,4.448879496256552,8.03555831909182,1016.3348990885418,-1.7297690771520138,54.48435202240944,488.2350851694743,13.949243164062523,8.026666259765648,11.042891438802107,80.5467586517334,84.83518536885579,10.486111164093018,22.383273618156586,17.49271173534527,4.248738861084007,7.799109395345056,1017.309208984375,-1.5285691370566685,46.941480894883476,474.5955174763997,13.598382568359398,7.863244628906273,10.676040903727236,84.02361170450847,87.59305580457051,23.763888818677515,21.44882734555725,17.412978788509918,4.514357503255212,8.04987487792971,1016.1841634114583,1.9894590427478154,33.04648146033287,472.0843035380046,13.089013671875023,7.554223632812523,10.198865509033226,85.8402779897054,89.79583390553792,23.298611015081406,19.03537339590571,16.23347268059123,4.582053120930993,7.903419748942099,1016.9896809895832,4.1559626658757525,32.72361089785894,410.0580012003581,13.801232910156273,7.823480224609398,10.872070566813173,82.98101838429768,84.56620407104492,13.562500169500709,21.602952510539026,18.073453810599826,4.567268625895224,8.062598164876306,1016.0129524739583,-1.272105634212494,46.2962960600853,502.2339331309001,13.283227539062523,7.702172851562523,10.311088816324892,86.39953708648682,90.86805582046509,58.63888919353485,19.663976721816496,16.52195231356096,4.540016428629599,8.103175099690759,1016.5700716145833,3.618405486146609,37.46740662306547,423.53587977091473,14.070306396484398,7.827050781250023,10.913814798990908,81.1824083328247,85.20462971925735,11.631944455206394,21.67475674086704,17.80833057393073,4.721351877848349,7.78712107340499,1015.9345247395833,-1.037423148130377,45.20694490273794,485.1096547444661,13.828485107421898,7.724847412109398,10.504702504475935,85.39583365122478,86.19212953249614,64.666667397134,21.186842140385494,16.96503832230565,4.405720011393271,8.114536539713583,1016.4563151041667,0.6081196914116541,55.439351419607796,449.3925921122233
2021-10-26,14.047631835937523,9.947137451171898,12.001466369628929,83.87592601776123,89.4236110051473,53.076388359069824,23.265071867441975,16.314138755613772,3.0281590779622434,9.282285308837913,1018.3388118489582,-2.772028172893139,83.21435060103734,579.1312465667725,14.185052490234398,9.864648437500023,11.879460906982445,83.20277849833171,74.48379577385883,112.3055567741394,19.916034622554594,15.054941254968,3.0375089009602902,9.028391774495446,1018.8230013020833,-1.639319693048795,85.13601644833882,531.5082022349039,14.385217285156273,10.054467773437523,12.386651611328148,85.37361113230388,89.79444392522176,41.61805534362793,26.67797774021315,18.035553585884163,3.5753952026367415,9.935112253824911,1017.6982259114583,-5.0108597328265505,78.29814940690994,618.0021464029948,14.072961425781273,9.734307861328148,11.76481399536135,83.34166685740153,83.36111068725586,105.54166555404663,19.633296711764093,14.649882327441448,2.886519368489587,8.943629201253259,1018.62671875,-1.6930255095163982,82.69972014427185,515.4087422688802,14.557519531250023,10.110253906250023,12.399502054850283,85.20694541931152,85.78101793924968,30.805555045604706,26.01926776709242,18.488946538360334,3.7638348897298215,9.914617156982445,1017.4731477864583,-5.890596881508827,73.94231283664703,617.9943402608236,13.796838378906273,9.729455566406273,11.982904052734398,84.6777769724528,87.87638839085896,122.84027814865112,23.22304201764117,16.35223990147516,2.8477645874023665,9.41549962361654,1017.8834602864583,-1.7778101861476898,72.95555514097214,576.3918698628744,14.601892089843773,10.157464599609398,12.407823181152366,85.3574062983195,87.33009274800618,20.06944414973259,25.655975283086292,18.49233152853144,3.8474822998047102,9.952408091227255,1017.376494140625,-4.8100252617150545,70.75129594405492,602.9971923828125,13.949517822265648,9.833093261718773,11.84916712443036,84.41527811686198,80.85786962509155,92.46527695655823,22.11908218571305,16.05292645212086,2.9095029195149777,9.237672424316429,1018.0678971354167,-0.8901913923521837,80.82203789552052,547.5618209838867
2021-10-27,16.304132080078148,12.639855957031273,14.28162536621096,81.9921309153239,88.68194437026978,15.28472238779068,27.989630018328572,24.108042487284592,9.1208485921224,11.178603108723962,1019.2435481770833,-12.729529177149137,73.02111202478409,642.7782084147135,16.448815917968773,12.860437011718773,14.179254150390648,80.1041669845581,82.09073972702026,58.82638955116272,25.63852700858769,23.590967295269483,8.40353927612307,10.676529184977255,1019.9660774739583,-13.719698342184225,82.97472247481346,681.6184450785319,16.191735839843773,12.488549804687523,14.221153513590517,82.49444421132405,86.98518466949463,10.513888984918594,27.598971720783236,23.50748633878125,8.987513478597009,11.214339192708337,1019.6007063802083,-11.890975430607796,66.50250022610028,637.9487991333008,16.587609863281273,12.821557617187523,14.56650568644208,78.96157519022624,88.57037123044331,51.74305534362793,27.86792944565767,24.04069676058276,8.772100067138695,10.863088226318382,1019.6623958333333,-14.059633418917656,81.19027581810951,692.5904808044434,15.989068603515648,12.328698730468773,14.193982696533226,82.67314783732097,82.93703699111938,4.29166667163372,28.706002736549607,23.690268403961017,9.111980692545615,11.232471720377646,1019.6524739583333,-11.271436166173467,63.12225989500681,650.7483088175455,16.299829101562523,12.708947753906273,14.591583506266298,79.15787092844646,95.63935311635335,38.80555498600006,27.963379124116884,24.49625856618522,8.897059377034509,10.921098327636741,1019.4557356770833,-13.940289497375488,72.5765551328659,687.5606969197592,15.719415283203148,12.103356933593773,14.087120310465517,82.62638854980469,84.04212911923726,2.277777848765254,28.975823442041772,23.94310932049642,8.988993581136071,11.123630777994833,1019.5567838541667,-10.233177850643793,57.737685630718865,673.7482592264811,16.492272949218773,12.842309570312523,14.540063476562523,81.1851847966512,91.49675909678142,27.243056058883667,26.65026312360533,23.897630836523906,8.880274709065759,11.26240946451827,1019.1596712239583,-14.372391362984976,71.674981067578,700.5488764444987
2021-10-28,15.930078125000023,10.101831054687523,12.492032623291038,77.05694389343262,8.412962852045894,2.8333332538604736,21.667554851559956,18.74175270765208,9.224284108479821,8.42267506917318,1014.5988671875,4.76692396402359,93.61250009139378,433.7817853291829,16.131127929687523,10.184838867187523,12.58167165120445,76.74722178777058,19.354629753623158,16.000000476837158,19.752615807463698,17.665085874213094,9.10040181477865,8.465416208903036,1015.343896484375,4.703065574169159,92.80336848894756,394.42392603556317,15.953027343750023,10.094476318359398,12.51034825642906,76.81712929407756,13.020370434969664,1.6666667461395264,21.858963944784175,19.100884493524187,9.249136861165368,8.391653951009118,1014.4031022135417,4.557403226693471,93.4775740702947,445.665220896403,16.122705078125023,10.195947265625023,12.577572123209658,76.55972290039062,28.005555861939985,11.166666984558105,20.27311128809291,17.951615522090947,9.127473449707054,8.424644724528036,1015.4576236979167,4.637877305348714,92.89835178852081,400.53784052530926,15.703240966796898,9.913659667968773,12.387947336832704,76.5124994913737,28.325462880233925,0.1666666679084301,21.992085350910624,19.34950658680526,9.265120442708337,8.213426208496116,1014.463154296875,5.2137985825538635,94.10198108355205,455.4599418640137,15.980859375000023,10.126306152343773,12.44565353393557,77.03379551569621,18.705555580556393,5.333333373069763,20.47216396776795,17.733081354865643,9.252809143066429,8.373255666097009,1015.224140625,5.286801477273305,93.55046325922012,392.4688911437988,15.619195556640648,9.815301513671898,12.26811243693036,76.23425912857056,25.2009261349837,0.0,21.846255407072142,19.44265955431594,9.331146494547568,8.034646606445335,1014.4987337239583,5.698900640010834,93.97285052140553,462.3755760192871,15.886254882812523,9.956781005859398,12.3530949910482,77.1097207069397,10.60092610369126,3.3333334922790527,21.57480145962532,18.14842246710581,9.216728464762411,8.299831644694052,1014.88001953125,5.273725767930348,93.70561093091965,407.81407928466797
2021-10-29,16.461419677734398,10.812677001953148,12.952111816406273,74.38055658340454,30.395833334575098,5.437499886378646,29.678125045464228,23.909539951782836,6.569690958658896,8.415837860107445,1005.8434016927083,-2.176261524359385,86.52657359838486,742.6459058125814,15.058709716796898,10.215844726562523,12.589322662353538,73.60416650772095,54.29907434930404,3.0833332538604736,24.095920451415484,21.27685662667597,7.145743306477868,7.949725087483728,1006.6591438802083,2.2869216899077096,55.77814745903015,613.7575124104818,16.271875000000023,10.566217041015648,12.876518503824892,74.01296440760295,40.85000010331472,2.131944492459297,30.31767147637397,24.130295174154174,6.665302530924521,8.273562367757165,1005.4029329427083,-0.9792528487741947,83.69111235936482,717.8169809977213,16.223321533203148,10.232781982421898,12.867752329508486,74.32592646280925,36.58425934240222,4.118055641651154,28.91097888192571,23.658808541884003,6.896499888102255,8.308093007405603,1005.8135611979167,-0.40974365671475727,83.80981328090031,721.0953737894694,16.148431396484398,10.700463867187523,12.797971343994163,74.06388823191325,45.31990766028563,4.81249999627471,31.429769638334527,24.666705597673257,6.508186594645224,8.210563913981161,1005.364775390625,-0.3023151059945424,76.30602018038432,726.215700785319,16.226831054687523,10.555017089843773,12.968025461832704,73.15833377838135,44.63472184787194,2.5416666553355753,31.247929636268555,24.428796819716883,6.739892578125023,8.164816792805993,1005.5778938802083,-0.9692636169493198,82.54138694206874,726.67822265625,16.312951660156273,10.658197021484398,12.816480255126976,73.13194386164348,43.37916745742162,3.187500028871,31.430579798475517,25.254491188378367,6.54017028808596,8.048897043863974,1005.2052734375,-0.8380557497342428,82.36500296990077,736.5068600972494,16.610986328125023,10.298272705078148,13.037965393066429,72.76990826924641,30.133332987626392,1.1805555671453476,31.876364278100667,24.80614909518916,6.79791158040365,8.164530690511071,1005.5897265625,-3.239119907220205,89.11574256420135,775.6041145324707
2021-10-30,13.241479492187523,10.699090576171898,11.780884043375673,90.21342500050862,95.43703715006511,78.11111080646515,29.770399101396315,21.217107300322883,4.945545450846396,10.202837880452478,1001.8378841145833,10.658696667446444,14.376666605472565,651.9527295430502,14.969567871093773,10.936639404296898,12.815788523356142,84.14490667978923,99.87453715006511,55.486111879348755,35.03626280964419,22.94373090039416,5.076230621337913,10.161340332031273,1003.4839811197917,2.450570354859034,35.85657394925753,787.9777971903483,12.878778076171898,10.361932373046898,11.761340077718122,90.86898072560628,95.7893517812093,74.20833373069763,34.783692073097534,22.766051689929085,5.0907824198405365,10.30079040527346,1002.0177571614582,10.022402183463177,9.199537088473638,647.1477762858073,14.868035888671898,10.640924072265648,12.456993357340517,85.91064929962158,99.59814739227295,39.16666662693024,34.18646163191083,22.83223239627223,4.813280995686853,10.125950113932333,1002.3449088541668,3.9312085111935935,32.69259191552798,780.2218577067057,12.605432128906273,10.565850830078148,11.715743001302107,90.40787061055501,94.98749987284343,89.52083387970924,34.43230073360079,23.244598310201805,4.9430468241374115,10.180598195393884,1001.583828125,11.9103006174167,5.569259266058604,679.1742744445801,13.121057128906273,10.338159179687523,11.697741444905622,89.87962818145752,91.36342716217041,82.51388895511627,30.14616374641331,21.12721444769092,4.767032877604208,10.06964772542318,1002.146875,10.220794045366347,17.223240544398625,679.7415211995443,12.616662597656273,10.406365966796898,11.725047047932966,91.33472220102946,94.56574090321858,79.81250063329935,32.116985632324685,22.08100258652755,5.06390279134115,10.345068868001306,1001.3077115885417,11.126516443987688,6.349351932605107,630.8115653991699,12.962121582031273,10.405358886718773,11.72278493245445,89.66064771016438,94.85972150166829,62.90972173213959,30.22507549186439,21.214878990451556,4.829956309000693,10.057265218098962,1002.095068359375,8.832736322501054,13.844074239333471,667.701229095459
2021-10-31,14.145196533203148,9.532556152343773,11.604465332031273,87.23911102294922,99.9995556640625,333.88889026641846,29.914678709187452,20.328863061246924,4.152557373046875,9.501225585937505,1000.752346875,6.404964418411255,39.782932958602906,656.5442102050781,14.625146484375023,8.952966308593773,11.640008544921898,86.31466705322265,93.30222259521484,251.67360973358154,36.46922879324577,22.92285899608366,4.297674560546909,9.37951293945315,1001.3421125,4.496827554702759,36.83288920402527,695.4191296386718,14.663323974609398,9.542321777343773,11.694394531250023,87.05911071777344,99.02088806152344,267.06944513320923,31.074416265132808,20.319872452612437,4.2760534667968955,9.55342773437502,1000.363559375,7.3666289520263675,48.7047119808197,675.0410998535157,14.999627685546898,9.344567871093773,11.675173339843774,87.9768896484375,99.27600067138673,230.6805558204651,34.66689501945076,20.28685428706565,4.101922607421898,9.6981201171875,1001.08654375,3.7702345275878906,49.08951142311096,666.0208557128906,14.776727294921898,9.588037109375023,11.846250000000023,86.60977722167969,97.9279998779297,125.97916758060455,37.17528715453623,22.37015509554174,4.4587963867187455,9.638106689453139,999.992553125,6.207255563735962,41.121244468688964,717.8758764648437,14.754632568359398,9.336846923828148,11.738419189453147,86.20044464111328,99.52888885498047,267.4375,35.98869888267618,21.56810493524574,4.395109863281277,9.4565356445313,1001.117975,4.529476366043091,51.33226515769959,670.919345703125,14.430444335937523,9.605981445312523,11.726434326171898,86.27599975585937,97.01022201538086,83.0208332836628,33.31822732482283,22.64259934570709,4.273881835937516,9.458930664062507,999.714659375,6.624610109329224,41.309777336120604,735.5146826171875,14.432519531250023,9.356256103515648,11.663741455078148,85.94888946533203,98.13288909912109,275.39583015441895,31.24039405227069,21.072407656856527,4.191717529296909,9.334821777343791,1000.712290625,5.168056907653809,42.711289653778074,678.6432958984375
2021-11-01,11.787164306640648,8.089318847656273,10.131064351399763,81.19444561004639,77.86944437026978,385.993052482605,34.46788992059668,27.65793883976528,1.2303965250651459,7.015308634440146,997.68984375,16.71316767980655,34.75083380440871,1000.9316075642904,11.395806884765648,8.631127929687523,10.010696665445986,85.4865738550822,61.37731488545736,749.2013912200928,35.6863388136842,25.723152121369655,1.6040346781413177,7.645077006022177,996.4695735677083,19.922086395323277,37.62648178140322,892.0953267415365,11.822137451171898,8.447198486328148,10.396138763427757,81.09629726409912,73.16944392522176,360.59027767181396,34.268551719847004,28.153675057584184,1.3103068033854584,7.252222951253259,996.8152278645833,15.753040271500746,42.68796164790789,1031.4954922993977,11.831323242187523,8.950616455078148,10.196621195475283,84.84861183166504,75.36435202757518,539.4097232818604,33.74388941774852,26.796760966137544,1.5491551717122434,7.715145365397177,996.9557649739583,16.446323186159134,43.61361048618952,928.032844543457,11.984277343750023,8.279229736328148,10.239924367268904,81.46342595418294,72.62870343526204,339.3472194671631,33.81043736016422,26.679610476621406,1.350526428222679,7.148150380452478,997.091083984375,16.43190124630928,41.409907733400665,981.2103551228842,11.661676025390648,8.532891845703148,10.148416137695335,82.46481482187907,72.72407388687134,372.0833339691162,34.71564626904758,28.146058313222316,1.3913792928059934,7.263739522298181,996.6698795572917,17.69555100550254,33.54527750611305,1005.4070053100586,11.884057617187523,8.193902587890648,10.340313212076845,81.9541670481364,72.85324088732402,35.1388887912035,32.49894172798726,26.763025762744235,1.5179166158040402,7.34046579996749,996.477529296875,15.610716213782629,37.50666672984759,973.0871365865072,11.598779296875023,8.743463134765648,10.152691141764345,82.47453721364339,82.34536981582642,302.3125009536743,35.48234874585745,28.649593346009635,1.343422190348349,7.270340220133505,996.8198893229168,16.596107870340347,25.590092475215595,1039.9115041097004
2021-11-02,10.120172119140648,7.207299804687523,8.230755106608095,88.16666762034099,81.70092487335205,91.5763885974884,15.481939963982537,11.999681096357358,0.4148625691731809,6.313979085286462,999.7091927083333,21.045015655457973,38.31398097674052,367.6465422312419,11.252404785156273,6.574731445312523,8.578617350260439,85.41110928853352,85.36574045817058,437.56250381469727,13.671795562370953,11.068162439910353,0.8271919250488509,6.188081359863304,999.0649576822917,15.581176295876503,70.51518547534943,316.75769742329913,9.555200195312523,7.341271972656273,8.399067179362001,87.54166666666667,91.89351812998454,71.90277826786041,15.728275801477954,11.698041211122407,0.4939679463704465,6.388349151611351,998.8464973958332,22.01279990375042,25.483518540859222,348.26639556884766,11.263391113281273,6.637811279296898,8.779860432942732,83.7837963104248,78.52685197194417,414.5416679382324,14.59548896721552,10.527830531038477,0.7658782958984602,6.089416758219443,999.304033203125,16.003087634841602,67.6563881188631,318.06301339467365,9.612054443359398,7.050866699218773,8.050422922770204,88.6782414118449,73.88518611590068,92.64583325386047,16.285252994026493,12.196061471900267,0.2911188761393646,6.221318817138695,998.7709733072917,25.07297064301868,17.79805564880371,326.3717835744222,10.643243408203148,6.470239257812523,8.515252685546898,85.64814726511638,87.05138826370239,395.6111116409302,15.278607821905531,11.961395961726474,0.5359372456868527,6.156935628255212,998.9968977864582,16.901254390676815,50.38712895909945,403.32837104797363,9.688531494140648,6.729760742187523,8.167192077636741,87.46342627207439,74.08333444595337,38.70833343267441,18.219988129642662,12.596551330055442,0.5359347025553802,6.151302591959677,998.25041015625,24.29137599716584,32.132035891215004,369.9152024586995,9.388391113281273,6.938134765625023,8.015161132812523,89.45277849833171,81.63796313603719,104.43055462837219,15.554664808999075,11.91124727422453,0.3515246073405365,6.338288879394554,999.0298697916667,23.839495132366817,32.24083266158899,327.3562053044637
2021-11-03,10.908685302734398,5.631463623046898,7.779144541422549,82.67222181955974,43.30370400349299,80.71527814865112,8.76802893148592,5.867729067036243,-0.2406410217284929,4.904945627848349,1001.805771484375,15.061185425768295,81.00222286085288,224.22470124562582,10.773492431640648,6.184289550781273,8.02418162027997,81.737961769104,69.01713043451309,151.5416669845581,6.240986555348406,4.282758968657531,0.03577321370443087,4.986088053385458,1003.1794661458333,16.35388207513218,65.72972414394219,164.7589872678121,10.601434326171898,5.722985839843773,7.838269805908226,83.07499885559082,65.13842570781708,64.20833349227905,9.018855937764537,5.870963619805681,-0.2675015767414948,5.047666168212913,1001.6844694010417,16.962657774488132,68.84129824241002,214.4845485687256,11.262139892578148,5.995965576171898,8.080410257975283,81.88981437683105,36.35138956705729,109.31250047683716,7.693648799753598,5.233249146365249,0.09744542439779025,5.066800689697288,1002.5391796875,15.788241518040499,80.30435149371624,208.88314390182495,10.461389160156273,5.874902343750023,7.82785568237307,83.51759147644043,71.15648160378139,72.47916650772095,8.980913571395337,5.331594265376435,-0.04036178588864914,5.127212778727255,1001.7091471354167,15.372824844593802,67.61120342711608,173.42037153244019,11.168481445312523,5.823846435546898,7.9856124877929915,82.2541675567627,35.587963700294495,169.49305534362793,10.02899172210946,6.358205459073713,0.07284317016603836,5.031827545166038,1002.3886067708332,15.384528751174608,78.08935139576595,245.899320602417,10.916253662109398,5.867211914062523,7.948103841145856,82.66898282368977,69.48333358764648,21.979166865348816,8.456208432561425,5.3257742620821595,-0.08958536783853788,5.083464558919275,1001.9091829427083,15.526377096772194,73.38370148340861,191.03301588694254,10.721490478515648,5.906610107421898,7.899254099528018,81.92870235443115,78.71527783075969,76.27083349227905,8.048274248127308,4.8178099878894685,-0.16056416829422915,4.885207112630212,1002.384072265625,16.296547253926594,64.0026853531599,198.75881830851236
2021-11-04,11.568475341796898,6.928002929687523,9.147737121582054,80.23888874053955,68.73009260495503,91.99999952316284,28.324839526875014,16.56798849721447,-0.3542376200358035,5.834830220540368,1007.7060546875,5.89452667037646,60.75370488812526,611.2439505259196,11.326470947265648,7.241632080078148,9.059746042887392,82.23518562316895,51.35555609067281,165.59722137451172,19.26301368157426,13.806562891900034,-0.18555297851560226,6.113423919677757,1007.9556282552082,6.93723264336586,67.83037015547355,503.4544734954834,11.399682617187523,7.284082031250023,9.292713419596376,83.25277741750081,66.90324099858601,256.5625010728836,23.017992522632053,14.464120819965174,0.14489644368489962,6.529536183675134,1007.064423828125,5.671825027714173,69.93324135119717,505.96123059590656,10.829217529296898,8.395288085937523,9.37796808878583,81.5231482187907,75.29629643758138,162.1874976158142,22.682766442546914,16.255716210094448,-0.18725814819333664,6.306775665283226,1008.6718782552083,0.7989493906497955,61.8449991842111,556.4244079589844,11.070886230468773,7.690393066406273,9.430081939697288,82.2060194015503,76.39166625340779,136.67361116409302,21.772676660081046,15.515046196289603,-0.04847437540689725,6.488214111328148,1006.9605305989583,3.1543318877617517,70.03444508214791,530.1152350107828,11.505426025390648,7.858026123046898,9.606514231363954,78.04213015238444,87.65879615147908,139.69444513320923,25.236688788842354,16.488470781552632,-0.6906913757323991,5.861678059895837,1007.7156868489583,1.0842789225280285,44.73768517250816,672.830348332723,11.213586425781273,7.481683349609398,9.086755371093773,83.3814811706543,72.1472225189209,106.32638877630234,18.146663438633777,12.16761573914541,0.11918665568038023,6.350410715738974,1006.589580078125,5.257805312052369,66.0775936494271,431.82415707906085,11.242456054687523,6.949914550781273,8.581712341308616,83.38194529215495,75.09444546699524,72.13888823986053,26.571767044649167,13.02935219900275,-0.08215306599930727,5.85859324137374,1007.6514225260418,12.137906610965729,48.824165684481464,440.4216667811076
2021-11-05,11.203607177734398,8.167230224609398,9.408806101481142,79.0819444656372,63.88611157735189,156.63194370269775,17.54028202403636,12.55756508537885,-0.34815572102860415,5.897417958577478,1021.09869140625,6.358548368016879,36.831110621492066,408.52329126993817,11.803979492187523,8.523950195312523,10.053154246012392,75.67361132303874,63.77407352129618,155.76388788223267,17.299129388210385,13.342290760753082,-0.16007080078122726,5.887782033284509,1021.140205078125,2.9207512537638345,45.998239609102406,495.4248472849528,11.411157226562523,8.143945312500023,9.39196675618492,78.24027887980144,60.650925954182945,150.5555558204651,18.237110334188234,13.307166416218825,-0.6622273763020416,5.71921056111654,1021.202236328125,7.57739083468914,45.24185190101465,460.1218827565511,11.533471679687523,8.144006347656273,9.57986729939781,77.61527760823567,56.16666700442632,379.47222232818604,17.796089316903263,13.084620475274123,-0.5845092773437273,5.774213409423851,1021.3650455729168,6.707740306854248,52.90509393066168,446.20054117838544,11.394097900390648,8.114221191406273,9.46659622192385,77.58935165405273,61.03425852457682,67.0972228050232,18.202651667144156,14.187861097258889,-0.8092216491698991,5.6837389628092865,1021.1010872395833,7.425330509742101,43.07148131728172,477.83024978637695,11.860681152343773,7.987359619140648,9.443388875325544,77.69583352406819,53.303241074085236,227.7708330154419,17.201279211467753,12.476498250174494,-0.38836898803708664,5.664675649007165,1021.1589778645833,8.096530626217524,69.67268509666125,444.10376866658527,11.604486083984398,8.072167968750023,9.518512980143251,77.59629694620769,57.99259193738302,37.97222197055817,19.105769489424087,14.645890312614801,-0.7469581604003679,5.73686243693038,1021.232802734375,4.964046623557806,52.817038495093584,500.31742604573566,11.776513671875023,8.669000244140648,10.135153706868513,73.31203810373943,76.34722312291463,193.9097204208374,17.974369349006928,12.620892772699408,-0.7055318196614166,5.525479888916038,1021.0551920572917,0.1573389172554016,57.09731553743283,489.6155300140381
2021-11-06,12.022668457031273,8.520074462890648,10.671479797363304,83.34861119588216,94.26527786254883,28.85416668653488,34.65792094421994,23.79538070364859,1.2090825398763059,7.936179097493493,1022.7973958333333,-5.314908956487973,37.121388264000416,840.4368909200033,11.883813476562523,8.275231933593773,10.61058069864911,80.11990706125896,99.39953645070393,171.3055543899536,30.91975146595027,21.932097212265973,1.4959108988444427,7.289406077067099,1022.7003873697918,-4.246478180090587,28.88703617081046,821.6828517913818,12.016107177734398,8.213006591796898,10.726922607421898,83.05972258249919,93.30648104349773,25.15972203016281,34.004822329520294,23.501857409258804,1.285213724772177,7.944282786051474,1023.0075325520833,-6.832356375952561,39.03342548261086,847.4489453633627,12.078179931640648,7.918115234375023,10.71813863118492,79.86157353719075,94.94907347361247,166.59027767181396,30.57997660593616,21.9272755219739,1.7493097941081146,7.35074386596682,1023.2063020833333,-3.846756429721912,40.32879741179446,794.6482251485189,11.760308837890648,8.504907226562523,10.819488779703798,83.38009230295818,94.50740623474121,20.125000163912773,34.64506441670584,24.44610586977338,1.6533561706543196,8.0999745686849,1022.75279296875,-6.791305652509133,35.31592564098537,855.7067947387695,12.352929687500023,7.922906494140648,10.817133839925154,81.1782414118449,89.26342566808064,87.83333373069763,34.30961955033982,24.030552136126953,1.0944648742676009,7.6865097045898665,1022.2660579427082,-6.625105967124303,41.716110645482935,871.6070276896158,11.837152099609398,8.795434570312523,10.884108479817732,83.61203702290852,95.31157509485881,18.576388966757804,34.66519289272639,24.460055254046768,1.5088007609049896,8.204347229003929,1022.6964420572917,-7.040958563486735,34.05481466030081,855.9941469828287,12.231195068359398,7.893945312500023,10.62509435017906,81.63379764556885,91.24027824401855,55.85416603088379,33.104153956922374,23.08661794231521,1.251552836100302,7.590608215332054,1023.0380696614583,-5.986367059250672,38.85240762618681,833.3574930826823
2021-11-07,12.047937011718773,9.546014404296898,10.27908859252932,73.44398148854573,98.53518517812093,74.45833396911621,34.99081640891127,30.202334508923627,-1.0746533711750885,5.67569249471029,1013.9188671875,7.668454269568126,17.887222067763407,1297.8583424886067,11.845300292968773,9.546014404296898,10.251626586914085,72.24398152033488,95.27916685740153,101.20138835906982,33.944631608149415,31.720135632900263,-1.317893727620401,5.415961201985681,1014.0458919270833,6.844392483433087,28.996110961462062,1336.8826751708984,12.019769287109398,9.677972412109398,10.288073476155622,73.08703645070393,97.55185190836589,73.11805605888367,34.43191416104862,29.893491352987724,-1.1489255269368073,5.628301239013695,1014.256279296875,8.339785705010096,17.695185352737706,1268.71253712972,11.905480957031273,9.556451416015648,10.361641184488954,70.5754623413086,96.58703708648682,75.48611104488373,33.28068298830551,30.334970875714177,-1.4355529785156023,5.187170918782556,1014.4253483072918,6.458829949299495,27.00555481761694,1328.2187932332356,12.123681640625023,9.510675048828148,10.282772318522158,72.3805554707845,98.22453689575195,59.645832896232605,33.37701314069839,29.127066188080622,-1.3024149576822879,5.488223012288415,1015.4406608072917,8.246321645875772,15.670740998039642,1251.1532694498699,12.151849365234398,9.558282470703148,10.276778157552107,71.72083314259847,95.92037041982015,77.52083349227905,34.353363264525264,29.592856044483238,-1.3213307698567291,5.339594777425134,1014.7573274739583,8.21948878839612,16.452315035896998,1284.9727401733398,12.209527587890648,9.506036376953148,10.416909790039085,72.92870299021403,96.70092741648357,56.06944477558136,33.9256333206987,28.669924638221016,-1.1417081197102448,5.725966389973962,1015.5842643229167,8.104552226761976,17.6802780131499,1203.8716735839844,11.950219726562523,9.498651123046898,10.259205118815126,71.86805566151936,91.96435228983562,78.42361044883728,35.64059407477052,30.404479033977157,-1.3525896708170535,5.352119700113974,1014.1247428385417,7.633333469430606,24.486758990213275,1299.11572265625
2021-11-08,11.444085693359398,7.899591064453148,9.792604064941429,78.68518511454265,94.40787092844646,67.15972328186035,19.694084834342256,15.401030129571488,0.28670654296877274,6.223926798502646,1021.0901953125,7.542869738147904,36.29768468400774,551.1472975413004,11.918756103515648,8.838372802734398,10.368955230712913,82.4574073155721,94.68425877888997,142.04861164093018,28.44410172031177,14.78017687704803,0.3159169514973996,7.484005228678427,1019.130751953125,3.0834312004347644,40.1909260932977,530.0253731409708,11.411645507812523,8.305871582031273,9.830130513509138,77.84768517812093,94.39259306589763,52.83333337306976,18.927492775727714,14.484798933919416,-0.25720443725583664,6.107498423258505,1020.9683235677082,5.5976359732449055,29.128703760914505,524.4725513458252,11.335351562500023,8.037500000000023,10.005086517334007,77.41342608133952,86.70694478352864,122.54861307144165,28.447589570545908,16.667071838233408,1.2990242004394759,6.18067576090499,1019.40517578125,6.746704021003097,25.678425965520244,624.6101945241293,11.678186035156273,8.088311767578148,9.851918792724632,76.79305617014568,81.13842582702637,37.99305558204651,18.280371122069482,13.977240522254641,0.226045227050804,5.921478525797568,1021.1397493489583,6.547837108373642,47.95046242854247,505.7913710276286,11.559350585937523,8.604821777343773,9.916607157389345,75.08055591583252,88.08333381017049,98.09722089767456,19.92340882719038,14.829820096003274,0.09261220296224337,5.656457519531273,1020.406220703125,6.261280675030624,27.752037314077217,567.1694637934366,11.767907714843773,7.941583251953148,9.834643300374372,75.32638867696126,71.47407507896423,18.75000011920929,17.754455660684393,13.200118153985663,0.0608332316081146,5.623085276285849,1021.436171875,7.387478942672412,48.724723645175494,482.1345551808675,11.433709716796898,8.163201904296898,10.04834899902346,77.43518511454265,94.53518644968669,96.48610997200012,20.870629239945462,16.07885476451655,0.23242594401045835,6.25111033121749,1020.783525390625,5.33532585700353,32.22111093594382,608.76633644104
2021-11-09,10.647790527343773,6.598687744140648,8.860481516520204,82.14675966898601,81.62314875920613,12.020833224058151,18.68157336966828,15.38373997382618,6.4892072041829465,5.938642120361351,1023.862802734375,8.316107203563055,21.46898104933401,309.0853322347005,10.383020019531273,6.694757080078148,8.652935282389345,82.3000005086263,74.13425974051158,79.67361044883728,18.452604509304525,15.977096802450802,5.490101114908896,5.75564854939779,1024.4746061197918,10.718780311445395,20.59046289836988,313.4970512390137,11.686761474609398,6.470269775390648,8.967665608723982,79.54073969523112,73.72824160257976,4.034722283482552,19.309325700729655,15.392473658136424,6.384534454345726,5.546997324625693,1024.1690234375,7.325889398654302,47.35638926612834,312.4223912556966,10.617486572265648,6.586938476562523,8.901892598470075,83.41759204864502,72.32361046473186,62.972222566604614,17.960981238641683,15.258204877578445,5.552168782552087,6.205926513671898,1024.5069466145833,9.765147897104422,25.32018524594605,313.0707410176595,10.813897705078148,6.546472167968773,8.787435150146507,79.01388963063557,83.62129561106364,0.7638889141380787,18.199656696428292,15.037342142993372,6.453076934814476,5.276396687825525,1024.2805208333332,9.170486191908518,26.213518760477502,300.02401479085285,10.954553222656273,6.586206054687523,8.998798624674501,81.85462951660156,78.1856476465861,44.54166650772095,19.067901041257098,15.184084575609887,5.989675140380882,6.0150009155273665,1024.2990364583334,8.77088975906372,24.84129578061402,327.040678024292,10.578546142578148,6.540307617187523,8.747090911865257,81.02083396911621,77.60277875264485,0.3541666711680591,18.487025216928767,14.992958033681793,6.306269582112634,5.610874430338583,1024.3142838541667,9.552212168773016,20.84259226111074,303.00584665934247,11.541589355468773,6.522973632812523,8.900441741943382,79.07361157735188,67.73009141286214,24.80555534362793,19.17687616813627,15.316727561601986,5.87828089396163,5.392339324951195,1023.989013671875,8.675127228101095,41.916481874262296,309.6560179392497
2021-11-10,12.545159912109398,9.403863525390648,10.74674250284833,79.60601838429768,84.84027767181396,0.8888889104127884,14.110672349189642,12.257075501571776,5.007112121582054,7.330593363444052,1023.6652408854167,-7.0738371293215705,48.88120409524223,272.9962355295817,13.114160156250023,9.004174804687523,10.878677622477236,82.12685298919678,78.35925912857056,13.430555820465088,17.476139023247686,15.313065280615538,5.47028757731124,7.904241180419945,1023.0414029947917,-5.570415057241917,48.76361150247976,327.8297742207845,12.263940429687523,8.860711669921898,10.517364756266298,78.69629446665446,84.71250009536743,0.7569444570690393,13.959461005822371,12.279737171175634,5.185819244384788,6.941510772705101,1023.6919010416667,-3.994627520442009,44.24185245585007,272.15869903564453,13.158258056640648,8.583917236328148,10.84592208862307,82.69120407104492,70.40231537818909,5.111111104488373,16.75863796456768,14.518512836241646,5.631561533610068,7.980911509196005,1023.518505859375,-5.6338315216513974,58.9193519555071,333.386194229126,12.351098632812523,8.661889648437523,10.49167658487958,78.59629599253337,87.46527703603108,1.2291666828095913,15.701679796888492,12.278119918111953,5.142982737223349,6.902340189615927,1023.9593033854167,-4.057448415551335,48.3273138999939,263.6193040211995,12.834741210937523,9.342828369140648,10.762732442220075,80.39953835805257,87.11805613835652,1.8680555894970894,16.371653243372442,13.811111151546266,4.626334126790368,7.494729614257835,1023.537373046875,-5.9994043583671255,49.062777638435364,335.47302055358887,12.088159179687523,8.620812988281273,10.37492141723635,78.66111087799072,92.82407315572102,0.784722238779068,15.46722047772914,12.194479412114589,5.464054361979208,6.7989491780599,1023.569189453125,-3.290140524506569,39.94953772103569,268.8236141204834,12.680566406250023,9.352868652343773,10.934710439046247,81.04351902008057,81.28564675649007,1.3958333488553762,15.994632681497867,12.958884851175588,5.04351704915365,7.786829884847009,1023.7282649739583,-7.461689954002698,50.66851878837527,315.9007027943929
2021-11-11,11.964807128906273,8.719262695312523,10.318144734700544,86.64398256937663,97.5398136774699,2.2777777574956417,13.013948350687556,11.473099234336845,3.5463132222493527,8.165928141276083,1023.0395279947917,2.5474384551246962,26.02685256799062,202.2741495768229,12.784570312500023,9.558557128906273,11.292408243815126,90.15740744272868,99.37962977091472,3.659722238779068,12.31090283751816,8.628739797386778,3.770716603597009,9.718316650390648,1025.3079036458332,0.045694331328074135,23.596850951512653,196.0420436859131,12.146722412109398,9.282403564453148,10.511830902099632,83.69537099202473,89.4768516222636,2.347222190350294,13.448257549155924,11.478897030090446,4.179111735026083,7.850679016113304,1023.0609212239583,1.3568722357352574,27.527222474416096,224.1143035888672,13.178613281250023,10.533380126953148,11.591104125976585,88.43240801493327,99.5064811706543,2.4305555783212185,11.376459815248717,7.763786238270643,3.941389973958337,9.721293385823571,1024.6199088541666,-6.030527164538701,31.4250005086263,177.59446986516318,11.611016845703148,8.474633789062523,10.303828175862654,84.24953651428223,90.07916768391927,3.9305555298924446,13.378167550138498,11.470375899960223,3.7400082906087277,7.739062245686853,1023.2282291666667,4.276319506267707,18.883611420790356,218.00248781840006,12.300073242187523,10.276300048828148,11.153465525309267,88.74166615804036,97.59398015340169,4.902777776122093,13.520745123638612,10.255851700273885,3.5484469095866302,9.34809265136721,1023.8703157552083,-2.049627592166265,18.653610825538635,240.45183690388998,11.422570800781273,9.392297363281273,10.523160552978538,84.41111024220784,94.04120429356892,3.1180556006729603,12.793324198334654,11.187143258103228,3.6088297526042084,7.9919423421224,1023.1451953125,2.1642298822601638,16.907592594623566,222.13833300272623,12.537316894531273,9.457330322265648,11.114886220296247,87.55601787567139,98.81944402058919,4.152777791023254,13.954453528933433,11.385298504184552,3.670398966471396,9.114640808105491,1023.107470703125,-2.0677599608898163,26.102315545082092,236.4683297475179
2021-11-12,11.603631591796898,6.432153320312523,9.129205322265648,79.66342703501384,61.027315313617386,4.298611119389534,28.21461936653946,19.47282364234013,4.78056360880538,5.676405843098962,1014.4160319010417,12.646845035254955,36.67898197968801,458.9120038350423,11.002008056640648,6.562371826171898,8.846335347493513,77.49259185791016,87.09768644968669,3.1458333283662796,22.74396565458932,17.58937164170864,4.932759857177757,4.964479064941429,1014.4298079427083,11.090600182612738,42.744536797205605,356.3781960805257,11.560510253906273,6.212304687500023,9.120633697509788,77.7717604637146,59.77453637123108,2.6111111491918564,28.104855291575692,19.172677762780612,5.027767435709677,5.2721115112304915,1014.5739453125,11.471335997184118,38.60768532752991,452.67641830444336,11.241235351562523,6.638543701171898,9.20698191324872,77.62222146987915,69.0069454908371,4.520833224058151,27.80311960959758,19.895499820019655,4.884487406412802,5.355327860514365,1013.7031184895833,10.46283975491921,40.34796222050985,449.3159427642822,11.305108642578148,6.595056152343773,9.419984436035179,76.33703915278117,77.38796242078145,0.7847222373820841,26.95534197164353,18.626830351812192,5.094469960530603,5.3424914042155365,1015.1088151041668,10.351726492245993,39.632500330607094,445.46875127156574,10.814355468750023,6.199273681640648,8.855059560139997,78.45092550913493,57.287962893644966,5.888888746500015,24.79994372965344,18.713114576114265,4.955353037516318,5.180932617187523,1014.2154361979167,11.832060565551123,37.0498153368632,393.2881317138672,10.634057617187523,6.429223632812523,9.262016550699892,76.96527735392253,66.31898252169292,0.7916666776873171,24.206272203541282,17.973313397014234,5.1535570780436615,5.297458902994833,1015.2449055989583,11.909146452943483,39.84546184539795,422.9509684244792,11.760583496093773,6.380273437500023,9.141020711263044,77.95416863759358,59.44537056237459,6.659722328186035,29.449600635114646,20.04781622552977,4.703816986084007,5.363743082682333,1014.0857291666667,10.902065294484297,40.98148234685262,467.3919194539388
2021-11-13,13.060601806640648,9.835473632812523,11.311443583170595,90.48657449086507,56.72361091772715,150.81944435834885,22.404915178537852,12.258274195119354,3.0961115519206146,9.778222656250023,1010.0204296875,-5.059096197287242,58.572407960891724,370.666161219279,12.163629150390648,10.896508789062523,11.643936411539736,88.12453683217366,80.54398131370544,82.1458330154419,25.197303080488993,20.562077624762487,2.7705780029297102,9.726749674479208,1009.4384928385417,-5.810593115786712,23.632962624231975,642.908681233724,12.985955810546898,10.420983886718773,11.372439320882185,89.42268498738606,65.44814777374268,111.79861068725586,22.50678558982099,12.186093277372535,3.045363362630212,9.666309611002646,1009.6823828125,-7.1990343785534305,56.74324123064677,380.60185146331787,12.887628173828148,10.989282226562523,11.83044331868492,87.76898225148518,80.95138843854268,90.10416740179062,24.899484063561193,18.483428521360736,2.9222096761067746,9.855126953125023,1009.554404296875,-10.08246891386807,45.8606498837471,581.9706217447916,13.149804687500023,9.635339355468773,11.222035980224632,89.77731482187907,55.456480741500854,86.51388975977898,22.598300119616994,11.207079142998532,2.885689036051474,9.569710032145224,1010.2745149739583,-5.7830909341573715,58.73537174860636,325.52089468638104,13.170434570312523,9.798181152343773,11.525783793131533,88.62963008880615,68.11435230573018,89.59722167253494,24.89032031098283,15.181221975801977,2.8196591695149777,9.686282094319665,1009.393701171875,-6.1123839765787125,50.605461279551186,456.68110275268555,13.132470703125023,9.498559570312523,11.145775095621767,90.18657461802165,59.03333304325739,70.15972229838371,24.574676752715412,10.384853799100513,2.8948595682780365,9.562964375813806,1010.211142578125,-5.360342512528102,54.35398133595785,303.23076979319256,13.057458496093773,10.013909912109398,11.26346104939781,90.08148225148518,64.18472266197205,104.45833280682564,23.88749168559747,13.56929131600628,2.834559377034509,9.66737009684249,1009.5882747395833,-5.20673123250405,50.08166780074438,389.92206382751465
2021-11-14,11.314141845703148,7.297479248046898,9.426663970947288,90.7879638671875,50.96666656434536,86.61805701255798,13.866268163322905,11.159667955347095,2.628469085693382,7.970674133300804,1021.6788444010417,10.37292550255855,43.12287117044131,287.0044412612915,11.109277343750023,7.444085693359398,9.724463399251325,90.14583524068196,66.36064798384905,195.20833158493042,18.790544481774276,15.769130314796312,1.7461664835612396,8.159960683186853,1021.2357942708333,8.810466627279917,37.46564863125483,443.3579330444336,10.861627197265648,7.189721679687523,9.207020060221376,91.982408841451,51.93333361546198,13.166666507720947,13.41673358728712,11.892374491356989,2.5711036682129134,7.950959777832054,1022.0064485677083,13.053275087227425,32.241759260495506,299.17768637339276,10.502648925781273,7.250878906250023,9.448265329996767,89.51620292663574,67.92962897817294,141.60416650772095,19.14066015876385,14.83151823820564,1.7655820210774777,7.78799972534182,1020.9079557291667,12.735156118869781,34.316481272379555,418.88779703776044,10.646997070312523,7.110772705078148,9.031678771972679,92.20740858713786,51.20694466431936,8.666666507720947,13.753021651237743,11.546525354500455,2.480892435709677,7.817657725016318,1021.976943359375,14.344689399003983,31.615091999371845,276.09120146433514,11.398400878906273,7.554010009765648,9.694385782877626,87.30185254414876,52.60694479942322,105.66666412353516,16.968447102056547,13.201683861686888,2.618428802490257,7.6390179951985715,1021.42080078125,7.924751517673333,56.962499698003136,367.94721062978107,10.757226562500023,7.201196289062523,9.155934906005882,92.11064688364665,57.74537100394567,1.1666666865348816,13.6017591620417,11.473886227712754,2.371943410237634,7.922608947753929,1022.0557259114582,13.492616635126373,31.63166598478953,280.1241858800252,10.576043701171898,7.215539550781273,9.254285430908226,91.68750127156575,62.72731504837672,88.5833330154419,13.437009876645195,11.357538784947735,2.431270853678427,7.951047515869163,1021.5610970052082,12.478321610639492,25.126574059327442,268.4263792037964
2021-11-15,10.253930664062523,5.830804443359398,7.405491129557315,84.77500089009602,1.0101852069298427,0.5000000149011612,12.746650452040976,9.650857325018825,4.16568527221682,4.931722259521507,1025.5881770833332,19.24117698272069,61.78416748841604,181.6795285542806,9.994165039062523,5.739465332031273,7.218057250976585,84.13472207387288,5.816666861064732,86.66666793823242,12.610827245071857,10.611379088978259,3.7896209716797102,4.625006612141931,1025.90185546875,21.006090614944696,62.14296305179596,204.59479109446207,10.009515380859398,5.482446289062523,7.2836268107096585,83.33009306589763,2.857407265653213,1.8333333134651184,13.41355381930965,10.631824577276685,4.893104807535849,4.532642618815146,1025.7383951822917,23.16152636955182,62.007500211397804,219.70854949951172,9.542260742187523,5.357781982421898,6.889414723714215,83.5537036259969,0.5175926017885407,13.166666507720947,12.562259439619824,10.66986121948132,4.127943929036462,4.214752451578818,1025.9286686197918,22.721745510896046,62.51703675587972,211.59894529978433,9.754022216796898,5.297082519531273,7.130771891276065,84.08842531840007,8.106944316222021,2.4999999403953552,12.692281442412105,10.58114784768079,5.16263097127279,4.537868754069052,1025.9239290364583,24.602410316467285,61.83685255050659,235.11599477132162,9.609338378906273,5.336541748046898,6.95108566284182,84.43472162882487,5.1314815661559505,8.666666507720947,12.242718298380668,10.086849899230971,3.849636332194052,4.415443674723349,1025.2937174479166,21.79199170569579,62.12657515207926,195.69262313842773,9.432489013671898,5.100183105468773,7.060847218831403,84.31898148854573,12.096758879876385,0.6597222276031971,12.69819096805636,10.535562635270223,5.332046763102255,4.5260724385579465,1026.0965071614582,25.462123944113653,61.662317077318825,252.9212334950765,10.212335205078148,5.838098144531273,7.328143056233746,85.44305642445882,0.6805555747511486,1.1666666865348816,11.60119729462707,9.371736779632004,3.861554718017601,4.975405629475915,1025.40626953125,19.26703582207362,61.810555259386696,172.05921109517416
2021-11-16,8.265283203125023,3.7085205078125227,5.855620320638043,83.66388861338298,9.648148413126668,0.0,12.318679980461472,6.602213206537599,5.320279693603538,3.229896799723349,1021.7641373697917,19.95692887172724,61.613702257474266,171.67787837982178,9.360864257812523,4.440515136718773,6.58005294799807,83.47685273488362,4.108333199905853,0.5347222350537777,11.961027151902819,6.418614339285459,3.9256568908691634,3.8911415100097884,1022.1527734375,18.550989429155987,61.15722088019053,144.06082089742026,7.516351318359398,4.291741943359398,5.837692515055362,81.71573988596599,51.36620302995046,0.8055555783212185,13.235739639099458,6.319531035114356,5.21509958902999,2.898152923584007,1022.2996223958332,16.612866113583248,51.97601850827535,280.69158204396564,8.861657714843773,4.147729492187523,6.301777140299502,81.94120438893636,6.705092523790275,1.8472222089767456,9.521757465849566,5.788981344748405,4.855292256673181,3.3622222900390852,1022.1657877604167,20.40093430876732,61.80250040690104,155.14954376220703,8.585900878906273,6.219659423828148,7.284274037679059,74.48101774851482,99.39583365122478,2.3958333507180214,13.83631493078976,6.006951935230279,5.582027689615927,3.0377225240071652,1022.5485514322917,8.147938215173781,31.437685320774715,390.324364344279,8.728997802734398,3.9700866699218977,6.233113861084007,84.04351965586345,9.504166703050336,2.4999999403953552,12.007871302734506,6.61441956349087,4.768439229329431,3.6688323974609602,1021.5077213541667,18.72706250846386,61.20398203531901,169.8768456776937,8.099633789062523,5.977227783203148,6.952233886718773,74.25601863861084,99.93935203552246,2.083333360031247,14.218498565064735,6.183782712081121,5.782406107584677,2.677528635660849,1022.1050032552083,10.631344188625613,25.581388870875042,419.7408097585042,8.750329589843773,3.8424316406250227,6.115036265055362,84.01203727722168,2.4652777214845023,0.6736111175268888,13.42981977531954,6.784565194032943,4.844119008382165,3.5454498291015852,1021.6409765625,20.718218927582104,61.48009236653646,164.2230518658956
2021-11-17,11.082116699218773,8.047601318359398,9.652628835042341,76.84629662831624,84.28842480977376,14.256944380700588,20.80722320086458,17.641097767436808,-0.20978902180985415,5.683737691243493,1020.387744140625,-2.761045202923318,44.05620286862055,680.3178278605143,10.871362304687523,7.189050292968773,9.598892466227236,77.51111189524333,87.32916673024495,11.152777747716755,25.372304570095718,20.48375678736912,-0.5528676350911041,5.708132680257165,1019.02255859375,-10.690472796559334,49.567222426335015,795.6289577484131,11.077416992187523,7.389062500000023,9.631762440999372,76.72268549601237,94.19305515289307,12.5,21.10244892015659,17.552301301419728,0.04449488321944273,5.648962910970056,1020.294248046875,-5.34673435240984,41.489166393876076,669.8246625264486,10.912500000000023,7.048547363281273,9.43304341634117,77.2777779897054,89.18148008982341,13.326389037072659,24.839169645711937,20.40195508114614,-0.5481412251789948,5.4978741963704465,1019.079794921875,-9.071482796221972,46.7882424890995,786.4651222229004,11.121667480468773,7.354302978515648,9.336390431722029,76.65000009536743,88.00138886769612,13.472222201526165,20.754974997702444,17.421812329210212,-0.3782079060871979,5.327416992187523,1020.3488704427083,-2.6449363927046456,45.86879615982374,655.8830858866373,11.273217773437523,8.505914306640648,9.78433761596682,77.27638912200928,92.03611278533936,15.375,21.999403301708643,18.82544419117015,-0.16167805989579165,5.9065350850423215,1019.67185546875,-2.310506989558538,47.41379590829214,707.4798533121744,11.162744140625023,6.968286132812523,9.230299886067732,76.3231479326884,82.06620295842488,16.23611104860902,21.4470541979059,17.585433847132773,-0.3474271138508698,5.1797106424967865,1020.1199348958332,-2.482062598069509,46.98435242970785,635.7722460428873,11.021173095703148,7.727380371093773,9.569239552815779,76.03240728378296,75.66296339035034,16.32638868689537,24.833238535895365,20.012580548285868,-0.466520690917946,5.431011454264365,1019.224130859375,-2.711860249439875,55.5707411368688,791.4648920694987
2021-11-18,11.976098632812523,8.580010986328148,10.345819091796898,84.51805591583252,96.22546323140462,24.48611092567444,24.67333072284597,18.826255222848424,3.640631612141931,7.820441182454431,1025.6653287760416,-3.075591375430425,23.192314624786377,486.86816151936847,11.899102783203148,8.540063476562523,10.464250183105491,84.0180565516154,94.26435057322185,26.909722328186035,26.252812390857873,20.11075022990971,3.3966423034668196,7.847938791910849,1025.437353515625,-3.9361716210842133,29.66537054379781,514.2324244181315,11.907983398437523,8.587091064453148,10.362090047200544,84.73981444040935,95.76990667978923,21.06944465637207,23.684720779209744,18.19597716959164,3.607320404052757,7.873896535237634,1026.2843880208334,-3.91170726219813,32.12166607379913,470.03844197591144,11.942651367187523,8.606988525390648,10.442971801757835,84.24999968210857,91.92546272277832,21.881944358348846,25.064880363550245,18.627155400032734,3.1022761027018646,7.858839925130212,1025.4350065104168,-4.212804118792216,51.04555503527323,487.34294001261395,12.021752929687523,8.812219238281273,10.480551656087263,84.38286940256755,97.0023136138916,6.888889104127884,23.81257569044018,18.646039090490095,3.732733662923181,7.9230514526367415,1026.0278776041666,-5.902639418840408,36.01722250382105,486.38466389973956,11.985955810546898,8.790673828125023,10.50558751424156,84.28796259562175,94.45092646280925,25.937499046325684,24.971825917311573,19.545451289908826,3.0702568054199446,7.933438873291038,1025.21619140625,-6.917757421731949,40.75935161113739,517.5571111043295,12.050866699218773,8.937036132812523,10.538893636067732,83.90694363911946,92.40138880411784,4.062500044703484,24.879120164264357,19.13985224351058,3.8042630513509152,7.891816711425804,1026.036865234375,-5.452654747913281,40.8995369275411,501.07485326131183,11.639978027343773,8.667749023437523,10.284207916259788,83.75277678171794,97.63287035624187,30.951388597488403,25.029136154073775,19.516857274648135,3.3493375142415402,7.622268931071005,1025.703037109375,-4.520007885992527,29.362130681673687,507.9000816345215
2021-11-19,13.236047363281273,10.263543701171898,11.402649180094423,91.57731533050537,40.51111117005348,0.6666666716337204,19.962163578065365,15.819718813510079,7.170082346598349,10.042320505778036,1028.2931770833334,-2.7003575414419174,55.67972278594971,371.4221935272217,13.503991699218773,10.532464599609398,11.793013509114607,86.57731437683105,64.98148024082184,28.590278029441833,21.9578296859478,17.921804776948594,6.134661610921228,9.57672780354818,1027.6494661458332,-8.252151999622583,41.92453817526499,510.98496500651044,13.227929687500023,10.190148925781273,11.372345225016298,91.57685216267903,38.70370383063952,0.8333333730697632,19.13009016180588,15.960670937143945,7.60627390543624,10.013297017415368,1028.319638671875,-2.3746145063390336,55.69324004650116,362.41572189331055,13.669122314453148,10.446893310546898,11.704443868001325,86.49027792612712,48.070369482040405,23.63888818025589,22.02422131905887,16.85614836688919,6.63382492065432,9.448965962727868,1028.0956087239583,-7.282865929106872,51.03639076153437,457.67865626017254,12.725885009765648,10.101190185546898,11.203010813395204,91.32638867696126,52.809258699417114,0.6319444547407329,20.07503196863064,16.295329227921332,8.093120829264365,9.805532073974632,1028.0863216145833,-1.0179205009092887,39.80500109990438,403.78365961710614,13.459832763671898,10.450311279296898,11.560886637369814,89.48888715108235,25.69907472531001,8.000000238418579,22.86200079865179,17.52442828449188,6.177435811360681,9.84067306518557,1028.0738997395833,-4.321699331204097,55.98046455780665,410.27774365743,13.083276367187523,10.167810058593773,11.359571075439476,90.99861017862956,36.57453660170237,0.0,20.128039089930855,16.861060060501732,7.978350575764978,9.907342529296898,1027.7385807291666,-3.4765069003527365,55.756481289863586,397.7455876668294,13.455407714843773,10.435296630859398,11.585602060953798,89.63101800282796,40.75231550137202,5.486111223697662,22.553494486979353,17.54435969232722,6.467671966552757,9.8919667561849,1027.8631380208333,-4.325842907031377,55.94916623830795,420.2625478108724
2021-11-20,12.481561279296898,9.533715820312523,10.792621866862001,88.23055489857991,39.79259243607521,0.5694444538094103,21.54056374144533,15.71504943503932,6.346714274088583,8.867363230387411,1022.544921875,1.0809905057152112,42.94861179590225,494.90505345662433,12.003747558593773,9.306237792968773,10.319057718912783,88.29444408416748,21.6398144364357,1.0416666809469461,21.50888919606735,16.503530809855498,5.0945360819499115,8.420981343587243,1022.7290592447918,6.62165991961956,54.665925780932106,487.5717970530192,12.488366699218773,9.512750244140648,10.763449605306013,87.61110973358154,45.536110401153564,0.4375,21.15011198575254,15.812197164975252,6.518867746988974,8.721358235677087,1022.5225520833333,1.800511305530866,42.092037538687386,501.2707182566325,12.235528564453148,9.294274902343773,10.48679122924807,89.33009179433186,19.981018642584484,1.2152778096497059,21.042854704251184,15.410876923035389,5.890950775146507,8.762295023600302,1022.6077864583333,4.0337066153685255,53.722221652666725,452.8340015411377,12.385827636718773,9.511499023437523,10.726397450764997,87.82314936319987,58.57638919353485,1.2152777728624642,20.500495755543813,15.976174055911239,6.958640034993493,8.728623962402366,1022.3870670572917,2.747170781095823,27.69879635175069,534.0064957936605,12.173120117187523,9.289605712890648,10.46274337768557,88.531018892924,21.813426325718563,1.5763888992369175,20.943829752266645,15.366220752612213,6.311658477783226,8.593109385172568,1022.7750325520833,2.0730372282365956,53.861481289068855,459.8712635040283,11.769555664062523,9.415277099609398,10.607807413737001,86.2865743637085,70.57638887564342,1.6319444738328457,20.631539472808754,16.128358741433754,7.18814366658529,8.347364044189476,1022.3389908854167,2.7693082143863044,15.008981347084045,577.7187983194987,12.167260742187523,9.308892822265648,10.386228179931663,88.16388829549153,18.19444493452708,0.2083333358168602,19.0261872026065,15.007589799510967,6.252222951253259,8.451417541503929,1022.5476334635417,4.555864155292511,54.0895371834437,441.64875984191895
2021-11-21,10.843774414062523,6.606469726562523,8.943605041503929,71.00833288828532,75.24861073493958,49.27777771651745,23.57582598308262,19.676362588178048,-2.141172790527321,3.885981496175134,1013.7882063802083,21.074902430176735,42.90083416302999,879.2905604044596,10.815270996093773,7.212152099609398,9.237543996175154,71.6652782758077,84.52268536885579,54.22222255170345,22.907703378039063,18.329738296259446,-1.9159403483072879,4.292451477050804,1012.4070345052082,16.395287667711575,50.275925834973656,852.8131586710612,10.790307617187523,6.626245117187523,8.976225789388044,70.59490569432576,75.76620376110077,47.993055641651154,23.443897421118656,18.43330228142772,-2.0202290852864166,3.8146161397298215,1013.6081184895833,20.871243367592495,42.764538168907166,834.2616729736328,10.876519775390648,6.408349609375023,8.804063415527366,70.44259262084961,74.50740750630696,39.44444439560175,25.359307995679615,19.02529195972457,-2.3689903259277116,3.651394144694052,1013.6433268229167,22.71799307068189,37.19405581553777,850.0102831522623,10.535272216796898,6.696679687500023,9.044585164388044,69.97129599253337,74.21620384852092,46.2847221493721,22.743035235174744,19.114244160850244,-2.0284090677897098,3.766481018066429,1013.7043522135417,18.480721211681765,49.084352016448975,885.1456629435221,10.903802490234398,6.690423583984398,8.751077270507835,70.53148174285889,76.13796250025432,48.166666358709335,23.907669676337125,19.85390701431936,-2.4189285278320085,3.623298899332724,1013.5776985677082,22.78984413544337,38.83425877491633,886.5404612223307,10.401116943359398,7.443780517578148,9.235723114013695,70.84398158391316,76.21712827682495,35.798611253499985,24.199367220104183,18.987782952871417,-1.7261934916178348,4.128956095377646,1013.7665104166667,18.135060066978138,48.64388742049535,862.9181060791016,10.791284179687523,7.067346191406273,9.051077779134138,69.69027678171794,72.6745369831721,43.67361146211624,24.51499235578117,20.583133324938885,-2.1557767232258698,3.7184997558593977,1013.5953190104167,19.499834487835567,46.432778219381966,936.5495300292969
2021-11-22,9.113763427734398,5.500604248046898,7.135320281982445,69.60277668635051,17.53935204943021,48.54166638851166,20.39664118392906,12.12516885626097,-3.6188021341959598,1.8725779215495209,1026.1688899739584,23.508336224903662,53.08036760489146,470.66279856363934,9.267144775390648,5.405541992187523,6.833642578125023,71.19953695933025,20.70833318432172,84.68055582046509,15.422956093739648,12.72356924776507,-3.980364227294899,1.9109550476074446,1026.3723274739582,22.333025356133778,51.586296459039055,513.90793800354,9.282983398437523,5.540734863281273,7.296858723958356,68.30092668533325,22.51712965965271,25.020833253860474,21.00680814792635,12.176317699248392,-3.607188924153604,1.7710713704427121,1026.2322688802083,21.166591932376225,54.389908055464424,491.78954315185547,9.124810791015648,5.937707519531273,6.926568603515648,69.98379611968994,18.11203674475352,79.68750047683716,16.683602534381833,13.048646678173268,-3.913903299967444,1.7406211853027571,1025.7887858072918,22.651233196258545,53.096573412418365,530.4351202646891,9.010156250000023,5.304162597656273,7.166343943278018,68.72685225804646,30.620370467503864,23.52777773141861,21.8092790578931,11.67579236907178,-3.828825378417946,1.7358146667480696,1026.267734375,21.398704836765926,53.31629385550817,476.9504858652751,9.092034912109398,5.325646972656273,6.950958506266299,70.12638870875041,25.504166940848034,80.79861187934875,16.70409944746261,11.731995290242224,-3.8558779398600223,1.788845316569052,1025.7680696614582,21.547093331813812,53.45472079515457,469.8993854522705,9.286676025390648,5.524316406250023,7.460139211018903,68.45786968866985,33.08842502037684,7.354166805744171,22.047085579974798,12.224514307636866,-3.4670191446940066,1.9652280171712277,1026.2927994791667,19.679523835579555,53.29287185271581,502.53381601969403,9.069726562500023,5.383386230468773,7.11597595214846,69.12824026743571,26.189352075258892,59.520832538604736,23.30540781392034,12.281458401695758,-3.7275655110676666,1.7759834289551009,1025.9881315104167,22.73020884891351,46.812316278616585,488.0202172597249
2021-11-23,10.638085937500023,7.304925537109398,9.1334904988607,78.02870400746663,89.84768501917522,15.854166731238365,13.52028064546907,10.455260068761232,-1.8407844543456804,5.444258626302087,1029.267353515625,1.754029996227473,18.21972268819809,351.7502956390381,10.148767089843773,8.023675537109398,9.039375559488954,78.5342607498169,90.5199073155721,65.47916722297668,11.373526786850983,9.829916528822634,-2.032823944091774,5.466518656412802,1029.6216276041666,-1.3797301997741063,18.73083317776521,298.3415699005127,10.373712158203148,8.045465087890648,9.18631261189781,77.74490801493327,88.61990801493327,18.840277761220932,12.853935842920578,10.330184046964204,-1.8797808329264285,5.439572906494163,1029.305419921875,1.163543850183487,17.729907751083374,349.2949603398641,10.280297851562523,7.570794677734398,9.073026275634788,79.57962894439697,89.07499980926514,45.28472197055817,14.108209762889325,10.86596910794786,-2.0290893554687273,5.691166178385458,1028.94080078125,0.9200020829836527,17.32564738889535,343.1563364664714,10.076776123046898,7.781396484375023,9.181171671549501,77.87546380360921,89.81990766525269,17.40277748554945,13.337078252941994,10.02994163425579,-1.8997011820475223,5.462794240315759,1029.4474772135418,0.04484903315703074,13.085277676582336,296.24247709910077,9.964562988281273,7.062341308593773,8.83707199096682,79.68564860026042,88.86990706125896,43.16666662693024,13.621263036231307,10.474432042864082,-1.9993309020995866,5.467940266927087,1029.1757552083334,4.80278808871905,15.010925561189651,337.13051827748615,10.681451416015648,7.662408447265648,9.264942423502626,78.51527690887451,90.08981529871623,18.56944428384304,12.544262493746619,10.100303301104868,-1.9317598978678348,5.658985392252646,1029.2090983072917,-1.690447752053539,22.066759556531906,311.8308579126994,10.267785644531273,6.980554199218773,9.0404729207357,80.31435108184814,85.10231463114421,31.333333730697632,13.501976326695184,10.450858947053232,-1.6841122945149323,5.779473876953148,1029.1097591145833,5.607264324401815,16.20555543899536,331.99762121836346
2021-11-24,9.023034667968773,6.227380371093773,7.612283325195335,73.3523136774699,73.08935197194417,21.513888835906982,9.480651099532855,6.39645724681106,-2.596544647216774,3.069795227050804,1020.7675455729167,14.59765607615312,30.12527711192767,182.60838874181113,8.789422607421898,5.891473388671898,7.00998967488609,79.39999930063884,59.178703943888344,25.73611092567444,9.389044570914965,6.381393558889466,-2.5977475484211823,3.611255900065146,1020.3810611979167,18.100879977146786,37.66074124972025,165.45605564117432,9.452325439453148,7.229943847656273,8.24906692504885,67.51574055353801,86.15509192148845,15.472222208976746,8.678852193954718,5.795098823282288,-2.7289438883463504,2.5129854838053802,1020.91125,9.712905711804828,24.073055068651836,190.07263056437174,9.083093261718773,5.656762695312523,7.32843424479169,77.25462786356609,71.22037156422932,30.479166626930237,8.684331412292876,6.105525642688399,-2.769358062744118,3.5248161315918196,1020.6433919270833,16.822267095247906,36.53351899981499,151.8566959698995,9.162377929687523,6.375604248046898,7.754424031575543,73.11666584014893,77.91990693410237,7.0,10.569343610632453,7.103334832158825,-2.093400065104163,3.189552561442099,1020.8333333333333,13.68159513672193,24.94638838370641,174.75339603424072,9.413140869140648,6.177911376953148,8.47767283121747,66.42777999242146,94.29351774851482,26.50694441795349,7.453454728934652,5.119793307865549,-2.860202534993448,2.4937161763509152,1020.817880859375,10.263815946877003,13.040648351113001,138.88648986816406,8.448937988281273,5.218194580078148,6.5104334513346585,81.78935305277507,49.05509249369303,1.1180555820465088,11.113500468864007,8.161053259966584,-0.7926773071288835,3.5716720581054915,1021.4529524739582,23.49189069867134,37.85851737856865,155.05564387639365,9.122735595703148,6.394311523437523,7.991846974690778,69.50138823191325,84.31157398223877,30.6180557012558,7.9555592953507075,5.450653481194601,-3.0707585652668854,2.6765075683593977,1020.683193359375,13.744992670913538,19.57629629969597,133.73806619644165
2021-11-25,9.214593505859398,5.992578125000023,7.3020085652669495,71.5060183207194,88.68657382329305,44.28472238779068,22.839037865424572,15.092511964123391,-3.389818572998024,2.3181129455566634,1011.5248665364583,9.628968677173058,38.25944468379021,730.3429660797119,9.179925537109398,5.522973632812523,7.202038065592471,71.8981483777364,86.01574118932088,47.284722208976746,23.424324644760613,14.952285575428698,-3.244982147216774,2.3640800476074446,1011.9089029947917,13.352500945329666,28.89111104110877,681.9703038533529,9.248803710937523,6.533288574218773,7.650022125244163,71.36851851145427,88.21481370925903,55.993055403232574,24.58175891243237,16.118399079734598,-3.340354665120401,2.6317230224609602,1011.4326106770833,9.647160778443018,40.808610171079636,769.2737108866373,9.281396484375023,6.148278808593773,7.698178863525413,69.56388807296753,89.73981428146362,42.37499976158142,25.066502647788045,16.47933870432308,-3.168430074055948,2.3840576171875227,1011.5583463541667,12.451799027621746,29.090092333654564,796.8298632303873,9.424096679687523,6.492608642578148,7.597828165690127,72.14629650115967,85.31018527348836,48.68750011920929,22.326149433304643,14.226667771596903,-3.041605377197243,2.751349385579431,1011.6810677083333,8.929935408135256,41.28518561522166,662.1252485911051,9.048577880859398,5.749475097656273,7.407773590087913,70.30879592895508,86.44213040669759,29.01388892531395,21.216287131449075,13.93534364519647,-3.0130892435709598,2.221981302897177,1010.960791015625,12.299340004722277,28.99814788500468,665.6004060109457,9.369409179687523,6.369897460937523,7.528691864013695,72.46898142496745,90.29120397567749,39.00000020861626,21.16742309709082,12.7360561891954,-2.9025596618652116,2.747401173909509,1011.464921875,9.9133690148592,33.57666732867559,582.6217740376791,9.082818603515648,5.376947021484398,7.131115214029971,71.98240900039673,83.71574099858601,26.43750001490116,23.507938534643355,15.212278444938631,-3.1563069661457916,2.2768887837727902,1011.035458984375,8.788967914879322,36.92101804415385,676.0865592956543
2021-11-26,6.619012451171898,5.208825683593773,6.032603200276715,78.29953622817993,95.37037022908528,159.6458330154419,31.960491685890815,20.476615721622455,-3.1888005574543854,2.398627217610681,994.37419921875,23.596223672231037,7.126944333314896,797.2623011271158,6.103112792968773,4.091210937500023,5.261813100179059,78.8763902982076,99.69074090321858,187.05555534362793,31.954086630778463,19.810088085514707,-3.561589304606116,1.7005427042643646,995.4884342447917,25.453869342803955,7.034074296553929,749.7870750427246,7.225823974609398,5.653405761718773,6.368767038981143,77.67731316884358,97.54583326975505,166.31944346427917,31.098582964484944,20.829370550332413,-3.0176083882649323,2.6376345316569427,993.9833463541668,20.302618265151978,6.575648258129756,782.8747367858887,6.373376464843773,4.587670898437523,5.665909067789737,79.4467585881551,99.61620394388835,228.416668176651,33.626774321480234,18.51655316640099,-3.403574371337868,2.2131197611491302,994.770205078125,22.100118279457092,4.896481444438298,752.6951904296875,6.575738525390648,5.533959960937523,6.0650090535481995,79.68888918558757,99.46944491068523,169.7291677594185,31.619379501407078,18.505408401018716,-3.1928174336750885,2.691889699300134,993.4032552083332,19.90933569272359,4.367222259442012,780.8937835693359,6.664788818359398,5.040795898437523,5.986118570963565,76.90972216924031,99.95370388031006,183.520831823349,32.05988218463839,19.903998916482223,-3.393741353352823,2.0523620605468977,994.5443489583333,23.073063135147095,6.099166701237361,764.4678993225098,6.760705566406273,5.307885742187523,6.060721333821637,80.2546288172404,99.59999974568684,167.8125006556511,31.906684549669603,17.355379739159577,-3.0564648946125885,2.7908938090006927,993.1673795572917,20.51628585656484,4.317037055889766,726.9375152587891,6.276391601562523,4.787805175781273,5.762359873453799,79.20185168584187,99.9861110051473,173.84722328186035,32.3876062031962,19.75334983736755,-3.2914871215820085,2.2870943705241302,994.41525390625,24.192147533098858,7.156666497389476,731.7347081502279
2021-11-27,5.570458984375023,1.9654479980468977,4.215392049153668,72.95509243011475,91.1027782758077,396.73611068725586,14.49827244260651,9.833400602666146,-4.258927408854163,-0.3277114868163835,987.9219205729167,31.78067034482956,32.332406520843506,335.730531056722,5.334588623046898,1.3322692871093977,3.3070350646972884,87.4712947209676,90.43796380360921,426.1458330154419,18.623533589955787,16.401953286256106,-3.7388824462890398,1.3647310892741302,983.25232421875,30.19755490620931,13.904722581307093,527.3205629984537,5.453576660156273,2.8956848144531477,3.958462015787783,79.4467601776123,97.03657341003418,574.5000019073486,16.84128194389243,9.504314841602481,-4.405649566650368,0.6176658630371321,987.2323795572917,30.359582285086315,18.99064873655637,369.5657367706299,5.773492431640648,1.2912231445312727,4.392331695556663,81.81898212432861,86.87916469573975,444.9652786254883,20.650076899771616,16.59541454625202,-3.0773325602213504,1.5100557963053802,982.6214225260417,30.079776008923847,20.485000029206276,562.7037607828776,6.181604003906273,4.193139648437523,4.960390981038434,84.88981533050537,99.99537022908528,603.2569484710693,16.62585331567462,8.895586523671405,-3.2144238789875885,2.544972991943382,987.4128092447917,21.37951471656561,10.878981510798136,434.49503326416016,5.521203613281273,1.9048400878906477,3.9819325764974187,75.70231437683105,85.69953648249309,484.34722900390625,14.678931419753333,10.057835839338159,-4.410615030924475,-0.028359476725256627,987.22759765625,31.70854279398918,26.278888414303463,323.01749928792316,5.654687500000023,4.038262939453148,5.095759328206403,85.44675954182942,99.20370324452718,303.09027576446533,16.36098777642827,8.768553175376534,-3.1957661946614166,2.7936086018880246,987.6963997395833,20.00498475631078,11.85268517335256,446.3365370432536,5.391137695312523,1.8135314941406477,3.3401542663574446,78.69213040669759,91.94444370269775,462.4027729034424,15.945156259770325,10.34140232205718,-4.402154032389319,-0.10270665486649477,986.9108430989583,32.48050286682943,31.597593267758686,387.5406494140625
2021-11-28,6.656152343750023,3.1011901855468977,4.645509338378929,75.69398101170857,90.39166657129924,533.5069465637207,23.81772619629097,14.426520410926281,-4.573211415608682,0.3845280965169309,998.9754166666667,19.03428682188193,30.28509232401848,627.7021242777506,6.711511230468773,2.2526794433593977,4.93870061238609,70.24305645624797,96.90277894337972,524.4236125946045,29.89521532483937,19.804166103493344,-4.506990814208962,-0.380253855387366,997.9522135416668,12.352459815641245,31.88027908404668,891.5819632212321,6.509423828125023,3.6875549316406477,4.889235432942731,76.05972162882487,95.67129675547282,293.67360973358154,20.753932287146718,13.3943069351075,-4.494652811686194,0.8062937418620209,998.7920442708332,20.385018475353718,25.906389365593594,615.9060923258463,5.919030761718773,1.9504333496093977,3.7878217061360906,77.44166660308838,95.83842627207439,694.8958339691162,25.379148090972254,13.571247999603884,-4.68829447428385,-0.023542785644508513,998.1169303385417,21.862763985991478,16.623610839247704,582.9031092325846,5.902978515625023,3.5947509765625227,4.457134501139346,80.73101711273193,97.63888931274414,247.86111211776733,20.727959220494412,11.190597641902613,-4.433690134684241,1.2620890299479584,998.3148079427083,20.492860456307728,20.49583324790001,486.41507784525555,6.747216796875023,3.9042602539062727,4.985200500488304,79.89768505096436,96.11250082651775,778.9722213745117,26.708241789837516,13.672732617391247,-4.293854777018225,1.6622673034668196,997.2046712239583,17.78666729728381,27.538056125243504,573.7379659016927,6.356774902343773,3.7219482421875227,4.71619059244794,77.02546326319377,93.30185159047444,59.583333507180214,20.911055801063917,12.826788764800304,-4.499643707275368,0.8202262878418196,998.3298274739583,19.67098782459895,21.456481337547302,557.9174741109213,6.693688964843773,4.222100830078148,5.127924855550153,75.38425890604655,93.70648129781087,447.8888854980469,23.49378351760835,17.889856692338938,-4.586370849609352,0.9373222351074446,998.711884765625,19.843589410185814,25.645370518167812,774.3013076782227
2021-11-29,7.481774902343773,3.9709106445312727,5.526951090494815,70.19537019729614,64.4907408952713,146.09027767181396,24.44869431492723,14.40153244358108,-4.715204620361305,0.37926635742189774,1007.6518131510417,8.733090748389563,46.582776322960854,563.2243811289469,6.950097656250023,4.034631347656273,5.035546875000023,69.00833241144817,57.2337961991628,614.9652786254883,20.80790016813301,14.077061987305479,-5.3293963114420535,-0.2982022603352448,1007.727626953125,14.013760725657145,44.45805602272352,541.150323232015,7.265496826171898,4.252130126953148,5.566971079508487,70.91805505752563,65.87546308835347,151.08333349227905,25.32982556408579,15.706248847809222,-4.845504506428995,0.578157043457054,1007.9846744791668,7.197058409452438,46.133425215880074,601.614325205485,7.264581298828148,4.199639892578148,5.297925567626976,71.30787054697673,80.95926070213318,412.2430591583252,22.631491029027227,15.657388618908579,-5.151434326171852,0.4190129597981809,1007.581396484375,13.094956358273825,43.2690737148126,605.3461278279623,7.519860839843773,3.6809020996093977,5.5078191121419495,70.41990693410237,79.993980884552,58.11805546283722,27.023352668298294,15.51040610405556,-4.820262654622354,0.4412640889485715,1007.5146321614583,7.619280323386192,42.27564826607704,583.6015135447184,7.129083251953148,3.7414184570312727,5.195994313557965,73.5458345413208,77.86713043848674,413.84027767181396,23.400293551332606,13.147328302605091,-5.074547831217444,0.7383921305338959,1007.7130891927083,9.920077654222647,45.14240750670433,555.2675565083822,7.565240478515648,3.5366455078125227,5.566214497884137,71.1597220102946,75.38009277979533,50.2430557012558,26.6844913904268,15.252205221702162,-4.648079935709632,0.6320968627929915,1007.4247591145833,6.702975806469719,43.83148402969042,553.7707576751709,7.084741210937523,3.6573120117187727,5.312491353352887,70.83796294530232,69.93611097335815,149.0833330154419,25.13399148481884,13.947696236868142,-5.085282389322913,0.332337951660179,1008.2017447916667,8.973443504422903,44.423147623737655,535.7465794881185
2021-11-30,10.657281494140648,6.285821533203148,9.344269053141298,86.87685044606526,99.91296323140462,139.33333206176758,35.46556492404023,28.26989176818684,1.0375050862630246,7.2339403788249115,1005.9522102864582,-21.044521381457646,6.964074168975155,959.891487121582,10.592736816406273,6.089379882812523,9.117628987630232,86.08333349227905,99.87916660308838,266.29861402511597,34.33848020811833,29.540112842927044,1.2366182963053802,6.8384808858235715,1006.7620475260417,-20.8710689569513,4.093055435766776,927.5223719278971,10.537042236328148,6.379602050781273,9.490323638916038,87.01574103037517,99.98935190836589,142.1736123561859,35.172883218848696,27.981005557435413,1.075649515787802,7.403565979003929,1005.7743001302083,-20.692562967538834,5.336851765712102,972.873430887858,10.754998779296898,6.196496582031273,9.225909169514997,86.1319432258606,99.90601857503255,250.79166889190674,34.570144276769476,31.44961936408268,1.161005910237634,6.956727600097679,1007.54552734375,-21.444830109675724,2.4697223336746297,974.3164418538412,10.729730224609398,6.168237304687523,9.625002797444685,86.6800931294759,99.98009236653645,115.96527659893036,35.766036981073384,28.424489692597543,1.1921618143717865,7.481381988525413,1005.5061979166667,-20.51012033224106,3.4665740790466466,991.2067159016927,10.521173095703148,5.977075195312523,9.221082305908226,87.49953715006511,99.99212900797527,177.13194394111633,35.11637126424219,28.443657474905592,1.1579325358073334,7.209952290852868,1006.2682291666667,-21.671941690146923,4.170000051458676,968.938580830892,10.752221679687523,6.212915039062523,9.510115559895857,87.58055528004964,99.88287003835042,108.14583347737789,35.87709732804936,27.51463790451241,1.3301559448242415,7.517471567789755,1005.7388932291667,-20.67309232552846,3.0140740548570952,937.1751124064127,10.641534423828148,5.936700439453148,9.35350062052411,86.99490690231323,99.9712963104248,152.65972256660461,35.37059668075726,29.39776990252535,1.1540873209635834,7.264258321126306,1006.2372623697917,-21.584372373918693,5.734166694184144,961.8743845621744
2021-12-01,11.605493164062523,6.398400878906273,9.070363616943382,78.39722315470378,99.44629542032878,293.3680543899536,45.14741894676679,33.722413970739986,-0.5525688171386491,5.448874409993493,993.9175748697917,5.294971684614818,15.050555492440859,1285.4912694295247,11.233178710937523,6.184503173828148,8.989222462972029,78.80000098546346,99.43935203552246,312.10416412353516,43.40097452534719,31.93877397860254,-0.406889343261696,5.441055552164755,993.4066341145833,5.513477206230164,10.28833288202683,1242.9870045979817,11.608850097656273,6.539117431640648,9.089331563313825,79.09537156422932,98.48148091634114,255.08333110809326,43.6926004449061,33.98094323798505,-0.4252812703450104,5.590884145100915,993.5747591145832,5.301376163959503,14.690092356254658,1278.3814086914062,11.388940429687523,6.400170898437523,9.247148132324241,76.06342506408691,99.2268517812093,358.3055534362793,40.83117367197091,33.893814530825416,-0.4923029581705691,5.14169591267904,993.3392740885417,4.397214988867442,17.212500000993412,1302.4088389078777,11.652246093750023,6.859674072265648,9.146306610107445,78.55370283126831,99.21944522857666,147.81944465637207,44.40773194882029,36.20248572541295,-0.351994578043616,5.5486859639485715,992.645185546875,2.4447708850105605,18.89286941041549,1343.0557861328125,11.440911865234398,5.729943847656273,8.860266621907575,79.2300934791565,98.96990712483723,289.5833320617676,48.09188907196891,36.15089162298916,-0.7185081481933366,5.401637013753259,992.695205078125,6.501641511917114,5.7768518080314,1355.038569132487,11.695214843750023,6.929101562500023,9.205631510416689,79.9481471379598,98.04398123423259,123.52083325386047,45.139613507532836,37.07495746828824,-0.23495203653970975,5.878706868489587,992.1827083333333,1.5162004431088765,11.262407486637434,1380.8718007405598,11.480706787109398,6.525048828125023,9.022803243001325,79.6865743001302,97.56805451711018,306.1805558204651,45.859989886324655,34.28491423759768,-0.6305984497070085,5.645806884765648,993.7186751302083,5.973369856675466,13.01333367327849,1306.9010543823242
2021-12-02,7.068383789062523,4.514093017578148,5.529962158203148,64.15000025431316,90.82592566808064,259.08333253860474,30.72178810394323,22.747277138181158,-5.285761260986305,-0.8187151590983035,1001.958134765625,31.29597744097312,37.40657387177149,985.1813087463379,6.753167724609398,4.999261474609398,5.676128641764346,63.15092468261719,94.78703689575195,513.6666679382324,32.03800052518137,25.346666443748457,-5.318973286946573,-0.8717178344726335,1002.4636393229167,30.249618088205654,34.49842603007952,1034.509028116862,7.115991210937523,4.175073242187523,5.407242075602237,67.0087963740031,85.13888963063557,228.96527767181396,32.24271433854726,22.993093280812086,-5.3796155293782135,-0.347233835856116,1002.294423828125,32.65345542753736,35.63574100534121,994.9907519022623,6.654473876953148,4.272424316406273,5.440239206949893,63.63935327529907,93.11249955495198,470.3263854980469,33.33462621362493,25.056167712434288,-5.466318511962868,-0.984990183512366,1002.2989322916667,32.176485285162926,33.23583295444647,1061.560718536377,6.957788085937523,3.8094726562500227,5.30231628417971,67.868980884552,88.29444408416748,179.79860997200012,32.911473049383964,22.249649566642773,-5.435433451334632,-0.2805872599283816,1002.3410970052083,34.266746789216995,35.86750147740046,962.5918858846029,6.792565917968773,4.654412841796898,5.601270294189476,62.829167207082115,96.61018530527751,322.6041679382324,35.349262791970304,24.965742524617156,-5.436698659261026,-1.0096979777018191,1001.663193359375,29.958667762577534,34.07453729212284,1075.008970896403,7.034234619140648,3.8288208007812727,5.306263224283877,67.2819447517395,78.19814856847127,114.0555567741394,31.31877671439025,20.39330684204198,-5.395642344156897,-0.399388376871741,1002.2162825520833,33.88697084784508,40.68787132203579,924.1987889607748,6.885430908203148,4.373376464843773,5.481418863932315,65.26574118932088,91.60416475931804,310.63888931274414,31.375401940429263,23.209911378006712,-5.322360738118448,-0.6284889221191179,1002.355185546875,31.64167594909668,36.42305498321851,997.386880238851
2021-12-03,4.981958007812523,3.4699951171875227,4.3513656616211165,82.06250095367432,95.49953683217366,181.7708330154419,33.807032689710475,21.76522880035898,-2.7010648091633698,1.3955017089843977,1005.3285384114583,20.448182066281635,7.005833362539609,633.4030062357584,5.376794433593773,3.7420288085937727,4.75104675292971,74.06481424967448,97.4912036259969,352.19444370269775,30.456230160892442,22.875978788827407,-3.4764528910318973,0.3820396423340071,1005.9514420572917,18.259455675880115,16.344907214244206,718.3807474772135,5.240380859375023,3.8332763671875227,4.722971852620465,80.34536774953206,96.53101873397827,147.67361164093018,31.910338913814186,21.566852866371605,-2.581308746337868,1.4789863586426009,1005.494755859375,18.8746214111646,7.1200000792741776,655.2132441202799,5.034295654296898,3.6877685546875227,4.432281748453799,77.66018486022949,96.56666644414265,331.8124990463257,32.378004219260916,22.02299699084898,-3.3308929443359148,0.724732971191429,1005.6811002604168,20.0978185236454,14.708055521051088,676.5733896891276,5.187982177734398,3.4921813964843977,4.555855051676455,81.69629605611165,97.28472296396892,46.666666746139526,33.55951940731409,21.760697041706752,-2.527085367838538,1.5394747416178802,1005.0909733072917,17.339161256949108,6.392407362659772,646.3504409790039,4.901666259765648,3.1638732910156477,4.254429117838565,79.57499980926514,96.57037099202473,297.402774810791,33.0795612104813,21.935907626032105,-3.1809397379557254,0.8726440429687727,1005.2947526041667,21.38475740949313,12.150833398103714,663.9982210795084,5.307794189453148,3.4650207519531477,4.598143513997418,81.88564745585124,96.52453724543254,19.763888865709305,33.66503592029057,21.747375948279245,-2.494768524169899,1.6374844868977902,1005.031552734375,15.822324511905512,7.557314907511075,654.5803426106771,5.108178710937523,3.8138977050781477,4.384119923909528,79.86574045817058,95.64861075083415,203.06250143051147,34.27962809832856,22.00581817981391,-2.8250882466633698,1.037202453613304,1005.128984375,20.262081225713093,7.43111094335715,664.5365969340006
2021-12-04,6.665582275390648,4.529687500000023,5.566467539469424,92.51203727722168,99.98009204864502,113.61805462837219,14.532616416741789,6.863386219450568,-0.9273157755533816,4.420644378662132,994.794326171875,3.043124862636129,5.701203686495622,244.16024430592856,8.120446777343773,4.579217529296898,6.157478586832705,84.19351641337077,99.67314847310384,246.50694370269775,30.527592584157034,19.853751736439108,-1.6038408915201785,3.563893890380882,994.265712890625,0.16573059558868408,8.470185281087955,714.8389339447021,6.531304931640648,4.583886718750023,5.734766896565778,91.65324020385742,99.4675931930542,117.08333444595337,27.809771434423435,12.802534258266798,-1.3766019185383698,4.458256022135458,994.93380859375,3.1359319910407066,9.019722146292528,422.5724271138509,8.509454345703148,5.374078369140648,6.796833292643252,81.58657455444336,98.79120349884033,218.8819441795349,28.54852583368021,18.16475336324511,-1.5543451944986941,3.6814603169759152,995.3065006510417,-2.057649234930674,16.412129938602448,651.6593933105469,6.295190429687523,4.667504882812523,5.623495992024762,90.35416571299235,99.92453670501709,91.0138897895813,27.087381275014188,13.334555671526921,-1.6275822957356354,4.13787740071615,995.08474609375,3.944678984582424,9.645555806656679,447.8891480763753,8.053399658203148,4.999902343750023,6.396173095703148,91.42823950449626,99.27036984761556,108.99305510520935,13.778391501678083,7.885353592545943,-0.8014066060383698,5.049268341064476,994.1391666666667,-3.5403045621933416,17.119722075760365,280.6007385253906,6.974450683593773,5.002923583984398,5.852259572347028,87.55787054697673,99.57175954182942,88.7430554330349,27.490300466271655,16.665451139167292,-1.2420982360839616,3.8746365865071652,995.02150390625,3.2247759513556957,6.3558334633708,567.5176417032877,8.191705322265648,5.099389648437523,6.68204778035484,88.16111214955647,98.59722328186035,64.01388847827911,31.180644757208157,14.335269371040328,-1.3021568298339616,4.796498870849632,995.2304296875,-4.129896851722151,25.05870385468006,496.64395904541016
2021-12-05,6.099908447265648,3.6820312500000227,4.521993255615257,87.82685152689616,98.19768460591634,159.30555486679077,20.792553482957963,13.728338788865932,-4.600077056884743,2.6341288248698334,999.511298828125,17.32678973674774,13.04648146033287,526.5853856404623,6.049920654296898,4.062341308593773,5.042703247070335,84.12407366434734,94.35972293217976,276.75,27.056984572221946,18.72123601629827,-4.1625567118326785,2.552944437662802,1003.2075716145832,16.71322226524353,19.01388846586148,816.2172838846842,6.824121093750023,4.085412597656273,5.110690053304059,86.21064885457356,97.8564805984497,127.0833330154419,25.860085772515205,13.688426766474919,-4.098811848958292,2.9548749287923215,1001.5878548177083,15.706822837392489,11.651203573991856,519.3493448893229,7.449487304687523,3.9585205078125227,5.558591461181663,83.78611024220784,98.76342550913493,593.2083320617676,28.13045046623506,22.66521758616635,-3.8794858296711823,3.0023424784342865,1000.40345703125,13.704601296534141,13.707962783674398,935.5079879760742,6.541741943359398,3.9059387207031477,4.9064295450846585,86.86018625895183,95.91203657786052,141.81249952316284,22.44256394137091,12.742351375038565,-4.007426961262979,2.8718989054362396,1001.3726204427082,13.910238613684973,20.644352426131565,518.1086088816324,6.057397460937523,3.3160644531250227,5.027864074707054,89.23518562316895,99.96388880411784,474.32639026641846,22.35778378163162,16.35447276527731,-3.5149050394693973,3.3764040629069427,998.6612630208333,15.860048949718475,11.963796192159256,714.6825803120931,6.371331787109398,4.252709960937523,5.259473419189476,87.37268511454265,97.72453594207764,74.65277779102325,19.836212360438953,12.190096113629897,-3.7137601216633698,3.2905212402343977,1001.1645247395833,11.826737234989801,27.283610718945663,435.905179977417,5.658715820312523,4.095574951171898,4.888000742594424,85.97777811686198,95.13148180643718,292.44444465637207,20.209866493279037,11.868815037993683,-4.32894363403318,2.681820170084677,998.7441927083332,16.62487809996431,24.28213056921959,464.8863805135091
2021-12-06,5.328637695312523,3.1807800292968977,4.359479522705101,87.0171292622884,96.218981107076,72.63888931274414,27.544938865896512,16.16094423467712,-4.560892486572243,2.3494354248047102,1010.3717057291667,16.953840365012486,21.36148123194774,584.8795496622721,4.939691162109398,2.1188598632812727,3.434194183349632,87.35509173075359,90.91990693410237,183.72222137451172,29.283341649936183,17.34415793544207,-5.092670186360635,1.4823394775390852,1008.6799088541667,19.922909885644913,20.388796210289,588.8328596750895,6.467462158203148,2.8320251464843977,4.363556162516299,86.6402775446574,93.76435216267903,40.95833379030228,29.02439384442698,16.973138773173588,-4.288322194417276,2.2866442362467865,1010.2503287760417,20.931996126969654,21.837314521272976,569.7785065968832,4.836389160156273,2.4136291503906477,3.7148122151692937,87.19305642445882,83.16759260495503,167.65971899032593,27.700003112231425,16.259580437491653,-4.698374176025368,1.723811086018884,1008.2592610677083,21.7191777129968,31.748333672682445,516.8707834879557,6.253106689453148,2.8874755859375227,4.401948547363304,86.52963066101074,98.72314834594727,22.701388984918594,35.281308669273876,18.71959516156165,-4.471123758951819,2.3019564310710052,1009.1639680989583,18.86339042087396,24.948980430761974,605.4947891235352,6.383813476562523,3.4496093750000227,4.692610677083356,85.99074268341064,92.05833307902019,187.70833253860474,32.98608751333473,18.16605695531131,-4.63039627075193,2.4993466695149777,1008.748623046875,15.164908443888029,29.6630554869771,611.0462233225504,6.377740478515648,2.8428283691406477,4.310149129231793,86.46111138661702,94.60926055908203,28.27777810394764,31.720278775943605,17.62594926351777,-4.661206309000647,2.2140251159668196,1009.4518717447917,19.872647183326382,24.164074460665386,569.1908467610677,5.514154052734398,3.5936828613281477,4.534504191080752,86.74444389343262,91.44814904530843,109.41666674613953,29.865723009161165,16.7217359196872,-4.134313964843727,2.466048177083337,1010.0202701822917,16.520885800321896,29.198425861696403,597.6669311523438
2021-12-07,6.401574707031273,1.9100280761718977,4.984709676106793,76.16527779897054,72.51157450675964,156.15972328186035,34.516172069075886,24.76270873609181,-3.8504585266113054,1.0704030354817746,1003.918984375,14.381077339251837,37.80962933103243,788.8054364522299,6.789514160156273,2.6017700195312727,5.335482533772809,75.4800926844279,72.16342564423879,286.7361116409302,34.08392197895549,22.637455754901634,-4.03286463419596,1.2703999837239621,1005.3851692708333,12.02632187306881,39.6208333671093,755.4681536356608,6.668634033203148,2.9021240234375227,5.131305948893252,80.76527849833171,77.07314801216125,160.7777762413025,33.87197465855181,23.639573141824858,-3.131730143229163,2.0255956013997434,1003.2846809895833,10.111683572332064,37.12648091465235,751.4236323038737,6.458642578125023,1.8211303710937727,4.795865631103538,77.91620286305745,58.54676024119059,261.9791669845581,30.773495863983364,21.44172407207107,-3.9250244140624773,1.1956637064616302,1005.3078352864583,16.188845763603847,42.19611099859079,644.4888572692871,6.597436523437523,3.4506164550781477,5.374541219075543,78.97175820668538,88.22870445251465,195.47916793823242,34.47926451000768,24.852637106656648,-3.274601999918616,1.9384653727213959,1002.9938932291667,8.710013647874197,33.710091426968575,784.6227900187174,6.822930908203148,1.6787353515625227,5.066501871744815,76.37314732869466,79.55601867039998,154.06944608688354,35.58696514271303,23.802286717245348,-4.103032175699866,1.1783729553222884,1004.3619921875,14.38857746620973,34.61490738888582,777.4024187723795,6.286157226562523,3.9996276855468977,5.285757954915387,81.1837968826294,90.6115738550822,187.54861068725586,34.17872269931964,23.092812624295018,-3.027306620279944,2.2403198242187727,1003.0475651041667,7.577271291365226,30.44740787645181,702.422259012858,6.562524414062523,1.8226562500000227,5.013692474365257,76.63194402058919,68.09953737258911,222.11805534362793,33.05249980248704,23.886666573236642,-3.8119033813476335,1.1876324971516965,1004.272275390625,15.455176373322805,39.34842489411434,740.1326611836752
2021-12-08,5.553094482421898,4.245996093750023,5.03873214721682,85.96064790089925,95.61620426177979,180.33333253860474,30.57825078674989,22.684857273363264,-2.647783660888649,2.849341328938806,996.4037923177083,9.708583729962507,20.93194466580947,761.3955790201823,5.644189453125023,2.1281066894531477,3.962305959065778,86.94583320617676,74.14259322484334,301.6111145019531,30.67012613507172,22.66843710837212,-2.8007886250813385,1.9457425435384152,995.3830924479167,16.85822433233261,28.49157439668973,691.2622299194336,6.015893554687523,4.064019775390648,5.362364705403668,85.91574096679688,96.66249974568684,188.6180558204651,31.506840370402312,23.302639514759107,-2.3544016520182254,3.156179046630882,995.4036100260417,6.811759044726689,15.615278090039888,795.4666086832682,5.795770263671898,3.1808410644531477,4.499978637695335,86.07916609446208,87.1430549621582,339.4444456100464,29.67737962229103,21.514716790863105,-2.689340972900368,2.3365951538086165,996.306328125,14.716920796471337,33.39425977319479,702.9648284912109,6.413476562500023,3.9938903808593977,5.393364206949893,84.22175820668538,87.10972325007121,176.52083349227905,32.73927247231675,24.508126838550197,-2.4694948832193973,2.9162930806477902,995.3637662760417,8.708610157171885,28.329721341530483,820.5188700358073,5.615991210937523,3.1154724121093977,4.485122934977237,85.45833333333333,70.53750085830688,350.6388883590698,29.695390716249808,22.508487701333294,-2.4869267781575104,2.2277618408203352,996.3276497395833,16.582545169939596,17.120647991696995,714.0128377278646,6.695336914062523,4.242242431640648,5.823284403483096,84.25092442830403,92.99351851145427,187.30555534362793,34.86385508033209,24.433960727833465,-2.2282165527343523,3.3459017435710052,994.8743587239583,5.185709582641721,24.015741287420195,821.1669565836588,5.816156005859398,4.038720703125023,5.104217783610049,83.89351812998454,80.79027716318767,340.4097213745117,29.324225525281104,23.991420813566645,-2.499754333496071,2.5768155415852902,996.25896484375,10.466309305280447,15.169259414076805,815.6185455322266
2021-12-09,6.485314941406273,2.8317810058593977,4.79504801432294,86.33611138661702,73.00231591860454,60.13888889551163,23.494950866787413,20.138793085745036,-3.2319943745930573,2.6606753031413177,1000.7441373697917,12.330255116025606,7.723425912981232,600.1223106384277,6.513757324218773,3.3668457031250227,4.773082987467471,81.81249968210857,69.08148175477982,203.41666412353516,23.508146414958915,18.791594920173747,-3.5526311238606354,1.8452036539713959,1001.5621907552082,14.798948268095652,24.100370702644188,621.4126790364584,6.411889648437523,2.8996826171875227,4.813072458903018,86.7967602411906,69.43981341520946,20.840278074145317,22.247974681544534,18.204302988193465,-2.9938440958658816,2.754908498128259,1000.70705078125,12.321590229868889,10.149166661004225,511.3966916402181,6.786645507812523,4.275384521484398,5.406310017903668,81.5587968826294,84.09768629074097,238.1458339691162,23.66366270317555,19.419961347075148,-3.729741160074866,2.422444915771507,1000.7642122395832,9.124153217921654,28.175832375263173,699.3585942586263,6.534387207031273,3.1756225585937727,4.827737426757835,87.41666634877522,71.1300938129425,39.7638885974884,20.336917906259057,18.14032917386832,-2.9675989786783816,2.8687250773112396,1001.03697265625,15.125164647897085,9.664259433746338,502.60596974690753,6.679589843750023,3.4053588867187727,5.26147867838544,84.61898072560628,86.71759192148845,216.18055486679077,22.496563397840344,20.066982883037998,-3.3172007242838504,2.8303924560547102,1000.3322330729167,7.566523502270381,6.788518701369564,674.4955762227377,6.174340820312523,3.2709899902343977,4.81488952636721,88.61157449086507,71.29305569330852,16.069444470107555,21.142660942401555,18.669063241431186,-2.6499211629231354,3.0588292439778684,1001.0628743489583,13.983144747714201,12.452407774825891,482.27621841430664,6.327142333984398,3.1600585937500227,4.841917928059918,86.98379675547282,89.68425877888997,245.1111125946045,22.74164996719865,19.27133131763417,-3.2532257080077898,2.817952728271507,1000.046015625,11.630006703858575,6.224074132119616,580.3203709920248
2021-12-10,4.010400390625023,2.2565246582031477,3.0097442626953352,94.99212996164958,97.59583314259847,151.82638943195343,24.93982120269184,14.97469764745117,-3.5028455098469635,2.267311350504599,994.4333626302083,21.856636881828308,2.1585185197182,511.678892771403,4.420831298828148,2.4549804687500227,3.011495208740257,94.26342519124348,98.43564828236897,188.13194227218628,22.614135557907282,16.206375157569276,-3.2706881205240848,2.1591952006022552,996.362236328125,22.372612476348877,2.068240700600048,490.3445866902669,4.064111328125023,2.2816101074218977,3.0698041280110906,93.40185165405273,97.28703657786052,124.42361128330231,25.160083780475997,16.38358024394756,-3.4762888590494754,2.0789059956868527,993.9278287760417,22.10337034861247,2.7627777755260468,519.9624633789062,5.233575439453148,3.0709167480468977,3.569264984130882,91.73657480875652,99.42129675547282,87.34722137451172,21.38748964100381,13.760943813150272,-3.3704195658365848,2.3312863667806027,995.6279329427083,19.382453362147015,4.903426168486476,459.9404780069987,3.8055053710937727,2.3037353515625227,2.7887626647949446,94.94398053487141,95.70092598597209,70.73611038923264,26.306472824782094,15.582884577163057,-3.4555063883463504,2.040706888834677,993.759609375,22.19290045897166,3.6437038419147334,500.28629302978516,4.137567138671898,2.7025695800781477,3.2194458007812727,92.20833365122478,98.35509300231934,114.4027795791626,23.48011535872819,16.101447478020997,-3.4686798095702898,2.0564666748047102,994.8487955729167,21.861985226472218,3.415555438026786,520.8813234965006,3.8982788085937727,2.6447692871093977,3.0582506815592674,89.76342582702637,96.34629694620769,17.555555760860443,24.18181831160186,13.900324180068614,-3.2745320638020416,1.5110043843587277,994.7318717447918,23.217352946599323,8.769074118385712,443.9399808247884,4.164636230468773,2.8781677246093977,3.3913983662923406,91.81574058532715,98.08333333333333,99.92361056804657,23.822429728121275,13.97812253662836,-3.361625417073526,2.163563028971396,995.6768619791667,19.68786398569743,3.37805567185084,504.89649327596027
2021-12-11,8.011987304687523,3.2188964843750227,5.537437693278018,81.38009293874104,76.22361167271931,40.86111032962799,19.7729207712645,11.878055985269294,-2.9376434326171648,2.5322204589843977,1013.6131380208333,2.852887600660324,38.445462760825954,364.05306879679364,6.858056640625023,3.3442016601562727,4.807692464192731,83.0754623413086,80.07546353340149,301.8263883590698,15.201699025739265,8.651152207306605,-3.5869570414225223,2.1194803873698334,1014.6435319010417,11.890811880429586,25.32314768557747,239.5801887512207,8.161828613281273,3.5438476562500227,5.830707804362002,81.18611176808675,75.30416750907898,84.88194346427917,18.188502267770822,12.636688880492406,-2.8182828267414948,2.7801795959472884,1012.940615234375,1.6278333440423012,40.02305486922463,402.02535184224445,7.833886718750023,3.3604370117187727,5.29309488932294,81.15926202138265,82.9537038008372,250.61111450195312,15.814578082881567,10.572178583063561,-3.1401733398437273,2.248292541503929,1013.959599609375,4.007865925629933,39.087128257378936,309.38348897298175,8.000848388671898,3.7698303222656477,5.822218831380231,80.56944529215495,72.26435200373332,71.36805653572083,18.55133918026045,12.399729926271304,-2.892184956868448,2.6676256815592865,1013.2458040364583,3.3002573711176715,38.51694367825985,394.4073994954427,7.602563476562523,3.2488037109375227,4.768069203694684,86.56805515289307,94.40185308456421,152.9236125946045,13.544812349188664,8.349408788900076,-3.2211377461750885,2.6604960123698334,1012.801806640625,4.365706371764342,24.332870029533904,294.1611598332723,8.029992675781273,3.7890869140625227,5.938764190673851,81.77361170450847,75.60324144363403,12.263888698071241,16.65423182077714,11.617109579905863,-2.7337300618489166,2.995771026611351,1013.1070052083332,0.5591052869955698,33.52342639118433,381.64170424143475,7.551965332031273,3.1408630371093977,5.007835642496768,81.79814783732097,85.49768495559692,42.8611114025116,17.540323785517238,9.538282042477327,-2.8559020996093523,2.0988683064778684,1013.0769661458332,2.9234757125377655,34.973055546482406,286.65348529815674
2021-12-12,10.279077148437523,5.865014648437523,8.015428161621116,93.17592748006184,87.50833352406819,49.62500059604645,23.300991123567346,18.547378290982557,4.352259572347009,6.9712755839030365,1020.309892578125,-16.618761003017426,10.26425909375151,403.1509259541829,10.261010742187523,6.054711914062523,8.349673207600935,94.25601768493652,97.21620416641235,78.22222220897675,26.050985738118804,18.441457592817443,4.085286712646507,7.470108286539755,1020.8298111979167,-21.3879812558492,2.1337037080278,429.56126340230304,10.234338378906273,5.580804443359398,8.233416493733747,93.89629650115967,89.27407364050548,21.38888868689537,23.098009205026543,18.32035796103347,4.34070739746096,7.297917938232445,1020.0856412760418,-17.711364147563774,5.770648063936581,405.4015858968099,10.297387695312523,5.654046630859398,8.171702321370466,93.22916762034099,92.29120381673177,124.22222137451172,24.551875584595415,18.795122307827782,4.0087753295898665,7.132842000325525,1020.4694889322917,-18.282831023136776,2.5033333194442093,422.3240140279134,10.214349365234398,5.715356445312523,8.572537994384788,94.64074007670085,98.94675890604655,32.58333329856396,25.345563945117078,19.03276273246658,4.555285390218103,7.75486780802413,1019.9238802083332,-23.00702142715454,5.440648261923343,442.8308614095052,10.401391601562523,5.568719482421898,7.937306976318382,92.61064783732097,92.6708329518636,87.99305510520935,23.469624503578686,19.007924030056234,3.7762123107910384,6.8026354471842865,1020.8662467447917,-18.08598507071535,9.509259570700427,417.4679260253906,10.547784423828148,5.653497314453148,8.755429840087913,94.37129433949788,99.81898148854573,50.902777940034866,26.686367051431553,19.56672885559586,4.66370798746749,7.891809082031273,1019.3988671875,-24.990359087785084,4.586203649252032,449.84856541951496,10.781365966796898,6.089227294921898,8.562975819905622,91.62777773539226,96.73194408416748,26.916666448116302,23.389221988820353,19.094509801017093,4.513146972656273,7.258303578694665,1020.471142578125,-21.357085545857746,13.586944687801102,437.8850695292155
2021-12-13,10.142114257812523,8.408349609375023,9.386860148112001,87.81666787465413,92.24907334645589,88.26388907432556,17.2033754142448,16.066110438933524,1.439698791503929,7.43818308512374,1024.572119140625,-6.750611562281847,11.3246297215422,294.1871744791667,10.019799804687523,8.073083496093773,9.310051218668642,85.62824026743571,97.50463008880615,57.03472185134888,16.24455095477348,14.314322382761878,1.3246818542480696,6.998431142171228,1024.75794921875,-10.457334155837694,9.805555459111929,263.59069379170734,10.246972656250023,8.606896972656273,9.717879231770857,86.49398008982341,99.2013889948527,40.40972173213959,17.828196113619214,16.39484660490366,0.9894869486491302,7.536686197916708,1024.7114388020832,-9.588640604789058,9.646111026406288,323.7951380411784,9.896722412109398,6.896997070312523,9.000014241536482,87.75046221415202,96.5500005086263,34.34722185134888,16.247771537704274,15.227936949599533,2.293524678548181,7.058572387695335,1024.4771158854167,-5.516352819899718,10.592963311821222,295.88061205546063,10.436547851562523,8.244592285156273,9.769985453287783,85.09768517812093,98.2763884862264,5.076388940215111,18.35732932669673,17.263967494180395,1.2170171101888059,7.344595845540368,1024.6197037760417,-9.841481550286213,10.942499867329994,347.91737111409503,10.138726806640648,6.409570312500023,8.738298034667991,89.24907366434734,98.45416641235352,46.034722447395325,16.62714240625438,15.377331825125864,3.6945790608723996,7.054671223958337,1024.7617708333332,-1.2786548510193825,10.515000162025293,298.76045926411945,10.389550781250023,8.333734130859398,9.787321980794294,84.36527633666992,98.3425931930542,5.39583320915699,19.564785621251577,17.473542515340096,1.6909830729167084,7.242309824625693,1024.51611328125,-9.508024716749787,11.48203717234234,362.3699836730957,10.190698242187523,7.020501708984398,9.126084899902366,88.64074071248372,96.9115743637085,68.81250047683716,17.886357605580695,16.197112765642082,2.9083648681640852,7.324633534749353,1024.5610807291666,-4.100254418949286,11.189814733962217,321.7164166768392
2021-12-14,9.842797851562523,7.423242187500023,8.509006754557314,91.2138884862264,99.92685190836589,3.6597221940755844,17.341149543865868,11.719703659539055,2.898114776611351,7.14573694864913,1025.6626822916667,2.0338031550248465,24.833425483821582,255.10632848739624,9.428552246093773,7.542657470703148,8.478106435139997,92.39120324452718,99.95416641235352,91.3958330154419,16.717972865130942,11.998427753290487,2.583370463053427,7.303524271647177,1025.76181640625,-0.3882127267618974,9.849629612794766,244.76935736338297,9.744317626953148,7.185845947265648,8.5083684285482,93.39953740437825,99.50601800282796,2.222222216427326,17.12310497156687,11.395274802785385,3.325222269694052,7.488543446858728,1025.6226009114582,-0.2384738326072693,17.346573944513995,259.4181019465129,9.868981933593773,7.800805664062523,8.489433542887392,91.17361164093018,100.0,44.291666746139526,17.025568326929086,10.858076514571502,2.579504903157556,7.1200729370117415,1026.1183561197918,1.7255640694250662,18.81851837815096,240.84020376205444,9.826104736328148,8.005059814453148,9.046651458740257,93.51620388031006,99.95046329498291,2.6736111119389534,17.43079515074262,12.458214851340637,3.0996554056803802,8.042124684651696,1025.7804622395834,-5.677766467134158,9.91092584313204,312.7496751149495,8.805627441406273,6.336694335937523,7.873377736409528,87.85833358764648,99.94120375315349,16.63888853788376,18.347490721128025,11.151470638536892,2.656580861409509,5.955503082275413,1025.8831022135416,6.9286889384190244,18.583425663411617,349.88206418355304,9.863732910156273,7.844262695312523,8.947110748291038,93.20879522959392,100.0,2.1597222350537777,17.45516839826275,13.498782125719226,3.2788724263509152,7.894143676757835,1025.6540462239582,-3.1029927854736647,6.49472230921189,323.3170846303304,9.483087158203148,7.493859863281273,8.246575927734398,91.10416762034099,99.84398142496745,9.33333334326744,17.216614285529005,10.063169783863922,2.884261067708337,6.867238616943382,1025.8345247395832,3.979702413082123,26.182407593044143,234.0597813129425
2021-12-15,11.245263671875023,8.027856445312523,9.722107187906923,89.92129707336426,57.393980860710144,10.222222059965134,16.48427549986791,12.768663319617039,5.318630472819052,8.10885899861654,1029.2771614583332,-3.0760944485664368,35.20999897380049,283.8723026911418,10.609155273437523,7.703118896484398,8.990504201253279,92.50648085276286,54.82499959847579,5.979166761040688,14.452709785713992,11.150706513211682,6.001401519775413,7.810056304931663,1029.1768001302082,-1.524075855811437,32.698240436924,185.36989990870157,11.222802734375023,7.930688476562523,9.647851562500023,90.57963053385417,54.66805569579204,9.888888701796532,15.934259812337782,13.01636758565283,5.046683247884118,8.149678802490257,1029.3943912760417,-2.8210798700650535,37.86824102792889,284.797963142395,10.422814941406273,7.579705810546898,8.665144856770857,93.86805629730225,43.01574116324385,3.666666626930237,14.813842009947441,11.697570537786552,5.617578125000023,7.714246368408226,1028.9564876302084,3.691107283035914,38.88018452686568,205.8094539642334,10.878411865234398,7.820336914062523,9.258704121907575,92.6814816792806,58.140740553538,6.152777768671513,17.345671486147243,14.039736481978233,5.1923322041829465,8.11585388183596,1029.32876953125,-1.1286919199240704,36.30851879467567,303.774764696757,11.427911376953148,8.115014648437523,9.785623168945335,91.30509217580159,53.888889049490295,10.270833224058151,17.944611827123545,12.919518512847114,4.543024953206384,8.396192169189476,1028.9610709635417,-4.295280277729034,37.96009185103079,280.19921016693115,10.922357177734398,7.962884521484398,9.475984191894554,92.12176100413005,56.5027778185904,5.8194444719702005,18.013618171924634,14.379161952970778,5.082789357503259,8.242759958903036,1029.1777083333334,-2.7563227340579033,37.50138889780889,326.6902955373128,10.722192382812523,7.817895507812523,9.40604426066083,92.34305477142334,50.43888899683952,7.159722417593002,16.03334728385417,12.458534417108444,4.073697662353538,8.203783925374353,1028.9211555989582,-0.9374540497859319,38.948517913619675,252.61813958485922
2021-12-16,10.376794433593773,7.632287597656273,8.447489674886091,91.58518505096436,18.60601835938481,4.9999998807907104,9.595846130325736,6.651723070860172,3.9239504496256927,7.139791107177757,1035.8472298177082,8.65564135213693,36.910184344897665,37.45213385423025,10.486413574218773,7.663720703125023,8.47498219807945,91.08379618326823,2.7263888381421566,11.499999761581421,9.03367091529271,7.237145061632479,4.019818878173851,7.087058003743493,1035.4077408854166,8.921158127486706,38.00398127362132,46.00130601723989,10.182855224609398,7.440911865234398,8.328675842285179,91.09907341003418,18.380092587321997,3.0,9.70363112556307,5.709661206677555,3.9739560445149777,6.943550364176474,1036.107392578125,11.843474080165228,33.60222189376751,34.01727473735809,10.339135742187523,7.583062744140648,8.329525248209658,90.42916552225749,14.56250022786359,11.333333015441895,8.709908913843481,6.473934634915369,3.9006693522135834,6.8377548217773665,1035.812236328125,10.61609998345375,38.011850556979574,34.349538485209145,10.556878662109398,7.638909912109398,8.652332560221376,90.05694357554118,11.531481828230122,1.3333333432674408,9.858681552449259,6.36684384400299,4.160770670572958,7.096780395507835,1035.898544921875,12.633110215266546,37.13851912940542,43.473661263783775,10.198907470703148,7.227471923828148,8.202663675944033,91.21157455444336,12.42685186614593,7.5,8.979367296526016,5.969643199361244,4.133340454101585,6.837973531087243,1036.1580045572916,10.226833415838579,37.537222823748984,29.59834623336792,10.539697265625023,7.475213623046898,8.625506337483747,89.64398097991943,11.057870177552104,0.1666666679084301,10.125318248394702,6.4194356809582365,4.450873311360681,7.001130676269554,1035.87849609375,13.498506098985672,38.2912044202288,48.56668241818746,10.249414062500023,7.591546630859398,8.319228108723982,91.86574014027913,17.766667085078854,7.666666746139526,8.991728391050485,6.411127581072456,3.721247609456384,7.060079193115257,1035.7699739583334,10.052506799499193,35.19250051304698,33.43943957487742
2021-12-17,9.915856933593773,6.680688476562523,8.086563364664736,92.1736110051473,31.32129591703415,0.0,8.482449429655164,5.892086961324111,3.648322041829431,6.88095626831057,1039.1993619791667,4.238858699798584,37.170555279279746,57.94459577401479,9.905053710937523,7.141503906250023,7.978108978271507,93.14953645070393,18.98703662554423,4.9999998807907104,8.993241439982487,6.696948815780311,3.8414093017578352,6.928077952067099,1039.086455078125,6.372491595645745,28.93666596462329,47.50372095902761,9.833642578125023,6.735314941406273,7.729645029703799,92.5472224553426,14.879629756013552,0.0,8.400698292560959,5.467897765418141,3.9408177693684934,6.583071645100915,1039.468515625,10.910708765188852,37.32666731439531,47.80694238344828,10.106378173828148,6.849542236328148,8.250901794433616,92.30740706125896,38.78518581390381,3.0,10.152847575653173,6.126541686191402,3.1617434183756927,7.06361033121749,1039.411171875,0.2764650483926137,36.24546307170143,71.24728461106618,9.561364746093773,6.570489501953148,7.58105875651044,92.86296463012695,13.974537243445715,0.0,8.086369078836285,5.3038795137829,4.08897425333663,6.485842641194665,1039.3947428385418,12.214455450574556,37.46351858538886,47.63813571135203,9.387597656250023,7.010034179687523,8.11871236165367,93.48009173075359,50.95740646123886,1.3333333432674408,10.026747318857304,6.57337536764332,2.985939280192099,7.118405914306663,1039.3070377604167,6.258219912648201,14.085555678233504,77.13427146275838,9.453637695312523,6.650537109375023,7.636794026692731,93.98333326975505,18.893055309851963,0.0,8.160050782754107,5.8197488323909425,3.981710052490257,6.715729014078818,1039.5174967447917,11.172296593586603,34.17889023385942,57.089414278666176,9.744958496093773,6.758843994140648,7.872296905517601,92.61666552225749,29.280556281407673,0.1666666679084301,9.190654191857787,6.04347207350344,3.397170003255212,6.737873331705771,1039.2608626302083,8.848077495892843,30.45351887308061,59.35047479470571
2021-12-18,9.528253173828148,6.290643310546898,7.339836374918643,93.7018518447876,6.2064814666906996,0.0,9.144919892322815,6.9149505566135785,3.387733713785849,6.376704152425134,1037.990068359375,10.166807075341543,38.31305573228747,59.38145621617635,9.956475830078148,7.045434570312523,7.968083953857445,94.15185228983562,14.80231462419033,0.0,10.376328739230438,8.010110628850073,3.5443219502766965,7.073745981852255,1038.1136686197917,8.687517578403154,37.38851739807675,87.16089963912964,10.690332031250023,7.354669189453148,9.149631754557314,85.54166603088379,79.91759208838145,2.8888889625668526,11.467819246602948,7.554182981167952,3.6567804972331146,6.819411214192712,1038.4616731770832,-2.318500151236852,20.809721868950874,116.57979734738667,9.902764892578148,6.902825927734398,7.834003702799502,94.27129650115967,7.55185204744339,0.0,10.304255593128069,8.082540736621416,3.0151293436686615,6.958479817708337,1038.1672981770832,6.068089604377747,37.64990732911974,82.80321097373962,10.700433349609398,7.142358398437523,8.824547068278017,90.73750146230061,56.952777118732534,3.430555522441864,9.310842702173206,7.414419413089561,3.7848360697428802,7.361482238769554,1038.4295540364583,-0.6513386617104212,35.611480728412666,107.23391119639079,9.657830810546898,6.375024414062523,7.436671193440778,94.53333314259847,3.8949074000120163,0.0,9.891014218778201,7.114917009518986,3.1414835611979584,6.602995808919275,1037.9515755208333,8.384043455123901,37.46472233378639,66.50101168950398,10.686669921875023,7.497399902343773,8.96283874511721,90.1495361328125,87.71296246846516,2.256944440305233,9.69696430987365,7.5482152636336295,4.493433888753259,7.38013610839846,1038.5694954427083,-5.319978281855583,17.27935182613631,130.56492233276367,9.484124755859398,6.274438476562523,7.297683970133487,93.6041669845581,3.644907403116425,0.0,9.547685921514052,6.697649188151108,3.3254575093587277,6.317969258626306,1038.1455826822917,10.60836730649074,38.249445019600294,55.527337630589805
2021-12-19,8.968713378906273,6.359002685546898,8.341147359212263,80.95370324452718,87.60694551467896,3.4236111268401146,20.506021323813567,16.992045261638427,6.60833638509115,5.2443036397298215,1031.7139192708332,5.386088791148116,13.651296207681298,613.3298416137695,8.923394775390648,6.408227539062523,7.55188903808596,87.26018524169922,38.7060187101985,0.8125000023283064,21.150155210799717,15.840709295103787,6.238198852539085,5.52106628417971,1031.069228515625,6.00757755835851,21.8523152579243,436.82936636606854,8.978875732421898,6.884393310546898,8.523492431640648,79.39814758300781,98.28796291351318,3.006944462656975,20.344378922742333,17.135946806910297,6.783115641276083,5.1459582010905365,1031.7837955729167,1.5653769735751364,13.527499650915464,642.2499491373698,8.985253906250023,6.596582031250023,7.744368489583356,86.97361087799072,40.76342520924906,4.097222328186035,21.45593046058894,16.478047262600874,6.308123524983728,5.646545664469443,1031.2448697916668,11.53385317325592,22.13564863211165,490.14464441935223,8.657250976562523,6.595971679687523,8.360420481363954,79.1527795791626,97.03518517812093,4.909722186625004,21.075822831614325,17.071855735201677,6.703205362955771,4.94288279215499,1031.94439453125,2.403303892662128,11.4069445344309,666.8618316650391,8.784143066406273,6.406274414062523,7.610940551757835,86.99675877888997,39.7587960306555,4.687499985098839,21.06022891531994,15.769457241034303,6.3013231913249115,5.520574188232445,1031.4521256510418,12.29478899637858,17.39685196088006,477.9900067647298,8.607812500000023,6.723809814453148,8.369763946533226,79.38518460591634,96.70185152689616,4.791666653007269,20.595251240090615,16.818586961832594,6.551871236165368,4.988613382975302,1031.9061458333333,1.8086524540558457,11.215185130247846,662.6032625834147,8.869165039062523,6.430535888671898,8.122830963134788,83.43194389343262,71.59999942779541,4.027777798473835,20.269560586402946,16.89185764853828,6.382597859700525,5.437495168050134,1031.5112337239582,8.20257388179501,15.776389051849643,562.0747610727946
2021-12-20,7.690026855468773,1.7129760742187727,5.363636271158877,64.83009338378906,49.26898191372553,7.048611015081406,18.899860468592387,12.639093145649058,-0.7633460998534929,-0.7959414164225223,1028.6602018229166,29.627492258946102,41.39851934602484,438.44897651672363,7.152856445312523,1.9030090332031477,4.882273610432965,66.24583292007446,38.52638876438141,6.465277999639511,17.57279661984517,11.303674612458186,-1.2242530822753679,-1.035861714680948,1029.5934602864584,33.57473234335581,42.05768538483729,349.5888770421346,7.581201171875023,1.8774047851562727,5.560805257161481,66.60879691441853,51.10509262482325,6.000000044703484,17.782566543920506,12.551445524893666,-0.471098327636696,-0.210386657714821,1028.377001953125,27.250313069981832,40.93268639097611,433.4060878753662,7.087091064453148,1.7388244628906477,5.083802795410179,67.1990761756897,48.52870378891627,6.659722536802292,16.74922309143049,12.180982899801123,-0.7320134480793854,-0.6052993774413835,1028.5247200520832,32.38426052530607,41.277500327055655,375.7490584055583,7.405511474609398,2.0985961914062727,5.644067382812523,65.87824074427287,61.68564748764038,4.833333298563957,15.66560624959121,10.499967627212103,-1.472196960449196,-0.28497924804685226,1028.6082291666667,25.84618402769168,39.880925603831805,409.9044663111369,7.213159179687523,2.0305725097656477,5.269939676920596,64.6842589378357,51.486110945542656,8.624999821186066,18.51584809809204,12.299788022343998,-1.1533836364745866,-0.9398991902668854,1028.7005891927083,28.98073736826579,41.487868993232645,416.81850306193036,7.523736572265648,1.9866882324218977,5.559236145019554,63.877316315968834,65.51435196399689,2.4305555038154125,16.298473856136493,11.476042187486799,-1.6547734578450104,-0.7945248921711823,1028.61443359375,26.929599324862163,40.814259086890765,453.74579524993896,7.439172363281273,2.0434204101562727,5.566791788737002,64.6875,54.514815072218575,9.826388746500015,18.782031312823467,12.65630180237838,-0.8437065124511491,-0.6207908630370866,1028.3283561197918,26.593937188386917,40.490001308731735,447.1828549702962
2021-12-21,4.040490722656273,0.9712768554687727,1.9647575378418196,65.70416673024495,3.694907354811827,2.0000000596046448,6.702834798989138,4.830758108338995,-3.2680483500162723,-3.8495328267414948,1025.9405501302083,48.72561028599739,41.62879601710787,101.60752201080322,3.9577880859375227,0.7284790039062727,1.7108449300130435,71.25833368301392,7.79398159434398,7.166666507720947,7.883798811361284,5.682622973431427,-3.585319264729776,-3.0015535990397098,1027.4962076822917,47.109503189722695,41.30379565153271,114.0814193089803,4.016473388671898,0.9030395507812727,1.9023465474446841,68.75277662277222,2.5333333468685546,0.8333333730697632,7.445477844038231,5.6205334089580825,-3.0308555603027116,-3.3017842610676666,1026.2170345052082,48.1163079837958,41.73416594260683,108.39798339207967,3.8362670898437727,0.6646972656250227,1.6569801330566634,69.74629672368367,7.951851784562071,6.166666746139526,7.939381098785099,6.32240194057249,-3.2331209818522098,-3.3429028828938385,1027.1619075520832,48.19066355625788,41.531202987767756,122.94074026743571,4.077905273437523,0.7805725097656477,1.9016166687011946,70.0884264310201,1.9787036372969549,0.1666666679084301,7.721505906682203,6.3741086502263355,-3.509813690185524,-3.0455713907877566,1026.7508561197917,47.468968411286674,41.46240833991518,121.4999589920044,4.168176269531273,1.0554748535156477,2.151723480224632,65.24953858057658,10.88009288907051,5.166666626930237,6.641287280007104,4.311627980297131,-3.2881594340006473,-3.740396881103493,1026.9097591145833,45.03422381480535,41.28601808939129,101.30085309346516,4.086145019531273,0.7674194335937727,1.8971967061360904,68.53749926884969,2.5254629724659026,0.0,7.796582541028231,6.478542372413815,-3.393792215983069,-3.3839986165364166,1026.568798828125,47.8347472846508,41.6223144888257,124.02803993225098,3.9021240234375227,0.8060852050781477,1.8219403584798404,67.26388788223267,7.528703686470787,2.8333332538604736,6.835672581462146,4.703880999867984,-2.956926727294899,-3.6806396484374773,1026.4470540364582,47.923021713892616,41.513797279136874,100.37027549743652
2021-12-22,2.9694763183593977,0.17797241210939774,1.1527801513672102,66.7634261449178,79.7018518447876,0.06944444589316845,11.6469747645785,8.377766551624985,0.6650558471679915,-4.465709431966104,1023.7754427083332,34.596282470971346,31.13490862507994,135.96079858144125,3.1994567871093977,0.33513793945314774,1.2081657409668196,63.355556646982826,85.4856488307317,2.0000000596046448,11.656316885227223,7.408680229647243,-0.328245544433571,-5.038912200927712,1022.7696940104167,36.19672420620918,35.66166693825895,119.51047245661418,2.6683288574218977,-0.14328613281247726,0.9837699890136946,66.57731437683105,76.03472193082173,0.02083333395421505,11.864287480592864,8.743358530991005,0.7356430053711165,-4.672670745849587,1023.7207161458333,37.317802925904594,27.461760310921818,140.21207682291666,2.8834167480468977,0.22255859375002274,1.0518801371256739,65.26944478352864,79.60555605093639,0.8333333730697632,10.479196790822606,7.08388564901137,0.09263890584310275,-4.808517201741495,1022.9649934895833,38.85788665215174,31.798703937325627,110.89318227767944,2.6538024902343977,-0.18381347656247726,0.9198890686035384,66.24074029922485,80.6819441318512,0.07638889085501432,13.254756904401686,9.376457146757458,1.0829521179199446,-4.8079907735188385,1023.4723177083333,38.20557286341985,27.457222887470078,152.3634262084961,3.0331970214843977,-0.13153686523435226,0.9297971089681217,67.11620378494263,73.19305555025737,0.1666666679084301,10.91250329325034,7.4432019081703755,0.05894749959310275,-4.5707534790038835,1023.80578125,41.47364999850591,36.453703935568534,116.83503564198811,2.6891723632812727,-0.17053833007810226,0.9921305338541894,66.74629577000935,81.72638877232869,0.0,12.8524564937606,9.704361724836694,1.4154449462890852,-4.68059132893876,1023.1491145833332,37.309753427902855,27.423426418099552,161.65805784861246,2.7461181640625227,0.014276123046897737,1.0321873982747622,67.2851866086324,81.61064847310384,0.0,12.508802240666716,8.587476731422218,0.7805890401204465,-4.488584899902321,1023.5063509114583,36.70015356938044,25.799722786061466,138.46239185333252
2021-12-23,8.491723632812523,1.9248291015625227,4.39426701863609,71.09583393732707,100.0,1.7361111203208566,26.61240743655618,17.36502626456739,4.089557902018271,-0.673331960042276,1010.0438411458333,-12.519697884718576,25.52787049060377,356.9890823364258,7.305322265625023,1.1516052246093977,3.356097157796247,68.10092655817668,100.0,5.194444511085749,23.97978822252994,15.198167960636752,3.402846272786462,-2.1750943501789948,1012.900546875,-2.0826561773816743,8.25231476384215,288.5100237528483,8.532006835937523,1.7696472167968977,4.474806722005231,71.09074052174886,100.0,1.8819444333203137,25.053148086572673,17.563871110511304,3.994161224365257,-0.5808433532714616,1009.88654296875,-13.811307360728582,22.979629193044577,371.4757709503174,8.115014648437523,1.7184997558593977,3.69571711222333,68.64027865727742,99.99768511454265,2.8055555522441864,24.82903526635252,16.041544820782743,3.7491610209147552,-1.8018274943033816,1012.6190755208332,-6.3251489251852036,17.90629668456192,307.3023287455241,9.019799804687523,1.8569885253906477,4.744190470377627,71.36064783732097,100.0,9.597222443670034,25.53400052821111,18.366485184722,4.395856475830101,-0.2754158020019304,1009.2152897135417,-16.871458520491917,13.186759625173485,408.1006202697754,7.946710205078148,1.8043457031250227,4.092730458577496,70.89074023564656,99.9990743001302,2.8402777891606092,26.307284394740503,17.34228720822371,4.047811126709007,-0.9687344868977448,1010.8102604166667,-10.325036883354187,21.631574711607147,345.40402857462567,9.267968750000023,1.6229187011718977,4.536529795328799,71.07777722676595,100.0,5.833333279006183,29.202376917618672,19.231611760293728,4.595456695556663,-0.5040407816568973,1009.118125,-14.938059280316034,11.698888931966698,415.82911109924316,8.052301025390648,2.0174804687500227,4.270492808024112,71.6055555343628,99.84444395701091,1.8819444933906198,25.558771328153682,17.724414636346022,4.2796862284342865,-0.6682571411132585,1010.5019303385417,-11.647209465503693,19.225184951676056,347.4305311838786
2021-12-24,10.130670166015648,4.984948730468773,8.55948664347333,90.65879694620769,98.9486099878947,42.3819442987442,30.139722035561313,17.80986383560578,0.9432426452636946,7.1057970682780365,1004.4313216145833,-25.20590513944626,13.965833452840647,508.89312807718915,9.732934570312523,5.426263427734398,8.484986877441429,88.46759223937988,98.69166628519694,14.59722226858139,27.57496000574609,19.750428428946652,0.36320775349935275,6.676789855957054,1004.3013834635417,-26.48590608437856,13.23583316228663,584.3756319681803,10.108483886718773,5.112603759765648,8.482897694905622,91.07361062367757,95.32916641235352,42.277777552604675,31.505408864917644,17.94156385714672,0.9878237406413177,7.098996734619163,1004.2538671875,-25.223235368728638,19.418148021912202,481.7969519297282,9.373590087890648,6.604028320312523,8.460794067382835,89.70139058430989,100.0,18.76388880610466,24.872657993353236,16.362908842909206,0.776850636800134,6.851461029052757,1004.2275065104167,-26.156700789928436,7.705833134086181,498.69215456644696,10.078118896484398,3.9766174316406477,8.281546529134138,91.62268606821696,99.16018454233806,63.270833015441895,30.683504308538474,18.126923210798388,0.8942924499511946,6.989252980550134,1003.9749479166667,-25.29308996597926,9.900462846892575,523.861375172933,9.858178710937523,4.819085693359398,8.51544087727867,89.83286952972412,100.0,97.74305486679077,27.381248588999522,17.9822765565087,0.6236091613769759,6.926313018798851,1004.2990559895833,-24.515991767247517,8.752962924074382,542.729570388794,9.883813476562523,5.275903320312523,8.356980895996116,91.01851654052734,99.75,47.1180557012558,29.363084613664622,18.112896097700165,0.8518094380696652,6.964344278971396,1003.5689322916667,-27.444921294848125,11.184259336131314,532.8888931274414,9.879052734375023,4.230126953125023,8.358697509765648,91.06805642445882,99.11342589060466,51.36805582046509,27.33406800883616,18.054521964814814,0.771632130940759,6.974553680419945,1003.7040950520833,-24.28833321730296,11.118518690520432,514.5030638376871
2021-12-25,2.9523254394531477,-1.4651855468749773,-0.12315979003903976,66.80185254414876,82.78148214022319,56.33333432674408,24.870451486357926,23.43113329265303,-2.5249237060546648,-5.825740559895792,1008.1507779947917,62.741690476735435,32.94388894957956,502.3651644388835,3.5859619140625227,-0.9126647949218523,-0.026118977864560595,78.10972309112549,90.9453706741333,156.73611330986023,27.480649114522727,24.18172577084307,-1.5862665812174441,-3.5304995218912723,1007.6344401041667,56.60150980949402,22.48342643934302,509.0588099161784,2.7285705566406477,-0.7380126953124773,0.2872316996256738,68.42592589060466,86.03611056009929,47.36805593967438,24.668511593284762,23.088457990602873,-2.0037623087565066,-5.028281911214151,1008.0570963541667,53.2048134803772,30.11657303649311,474.6557795206706,3.8409362792968977,-1.0590270996093523,0.11455555791442491,82.6048298711362,91.65217490818189,162.2083306312561,26.978796048852402,23.985961954640903,-1.6970368758491645,-2.576212476647413,1006.9624626358695,52.16379621754522,29.697003821154002,500.7166575556216,3.4127441406250227,-0.8914855957031023,0.28792724609377274,69.08101828893025,83.83981410662334,31.687499403953552,24.971362779236618,22.974948618583564,-2.3411379496256473,-4.9203997294108035,1008.2680403645833,54.991650422414146,27.067500075208955,487.5313186645508,2.5661865234375227,-1.4699462890624773,-0.2386573791503679,69.30833292007446,72.70833367109299,107.97916507720947,26.79333647400497,22.926664402936296,-2.1336819966633698,-5.36947097778318,1008.5852962239583,63.151236613591514,36.799723016796634,485.8223571777344,4.637353515625023,-1.3040832519531023,0.3764155069987207,69.45046313603719,60.41666583220164,17.944444328546524,25.908309702078107,23.581228810834734,-2.7747266133625885,-4.857235972086585,1008.6858919270833,59.1092012723287,39.24268498741245,502.61313501993817,4.048883056640648,-1.5084594726562273,0.026331837972027945,66.03055508931477,65.88101850946744,77.2361102104187,26.815434390719744,23.845939425990547,-3.113652292887366,-5.804521942138649,1008.0374283854167,62.81719986597697,40.982685023608305,527.3239593505859
2021-12-26,4.984155273437523,-1.2288574218749773,1.8080408732096582,78.44444402058919,82.77731498082478,44.26388855278492,20.422954848687816,17.29354612922567,-0.03959757486978788,-1.771579488118448,1005.4495052083333,12.024513440827528,3.179907315488284,280.10239855448407,1.7619262695312727,-1.6092285156249773,-0.07459742228187831,70.32870197296143,57.45185240109762,71.78472352027893,19.970533788268735,18.053264249910015,-0.7103574117024323,-5.045537058512366,1005.1460416666667,33.753010948499046,22.705648098684225,322.8342628479004,4.830590820312523,-1.3647827148437273,1.1110028584798404,76.9523156483968,83.49212992191315,42.84027833584696,19.765139196307707,17.08333609710077,-0.1306493123371979,-2.7972562154133698,1005.5227408854167,19.999195377031963,3.123148157261312,274.63999938964844,5.677850341796898,-0.6038879394531023,1.7149024963379134,83.3847222328186,92.08750009536743,101.67361164093018,19.552392685131785,15.875947047181333,0.36040013631185275,-0.9708045959472429,1003.9248079427083,12.091230511665344,2.4669444230773174,246.29802068074545,3.5763488769531477,-1.4958862304687273,0.7955808003743717,66.23101965586345,69.17824023962021,8.63194441050291,20.75576168058981,17.25109674104173,-0.8369099934895416,-5.1538528442382585,1006.1184505208333,22.38722351193428,11.399536888270328,285.71493848164874,4.493951416015648,-0.6875366210937273,1.6452308654785384,76.31990750630696,92.37453746795654,39.395832538604736,19.333919502860894,16.481647601104296,-0.150022888183571,-2.237320963541663,1004.9568131510417,12.97422569990158,6.403148161596619,267.6338653564453,3.8099914550781477,-1.5909179687499773,0.6294888814290592,67.29444408416748,59.20277762413025,13.923611108679324,20.41003626286239,16.968793533933198,-0.5796620686848541,-5.147150421142555,1006.4232389322917,24.966366370519,14.280741109512746,282.63612111409503,4.320825195312523,-1.2674621582031023,1.370301818847679,76.01018540064494,79.71296296517055,51.63194417953491,20.547358395019415,17.426973302561265,-0.22540384928385038,-2.6159729003906023,1005.8034016927082,17.148622425893944,3.7071296013891697,284.72900835673016
2021-12-27,7.667260742187523,4.582330322265648,5.952376302083356,94.75138823191325,97.6699062983195,38.527777791023254,21.802763947540864,15.940464946041606,0.9240839640299896,5.16558736165365,999.8269759114582,-29.647512912750244,9.868241165143749,297.66016324361163,7.990411376953148,5.249993896484398,6.48984553019208,93.89629554748535,95.99120299021403,136.2013874053955,18.47676144469306,14.767082914091299,1.470070139567099,5.56158345540365,999.4851041666667,-24.383565892775852,15.106018577081462,286.6315498352051,7.296014404296898,3.2160888671875227,5.564074452718121,95.88888931274414,97.40694395701091,45.18055546283722,17.248756683345448,14.016618010708173,1.0390691121419309,4.9484789530436615,998.7683626302082,-31.644847710927326,14.041389128076844,251.13924407958984,7.544641113281273,4.892114257812523,6.290252939860049,93.89352003733318,95.30787086486816,129.5694441795349,20.793545288453412,15.710236504546698,1.4676045735677121,5.36634470621749,998.3926953125,-27.64711940785249,10.182129754917696,318.47194798787433,7.053887939453148,2.8981872558593977,5.418561553955101,95.81574122111003,99.57407410939534,24.430555760860443,15.266702277329491,12.574304445232016,0.9993377685547102,4.792175547281943,998.8273046875,-32.18254113197327,25.110185000812635,211.21612421671549,7.159661865234398,3.8483520507812727,5.831288909912132,95.37361240386963,96.72176011403401,54.972222328186035,21.48999443172193,14.434492188318854,1.1902404785156477,5.134670511881552,999.0924544270833,-28.00618827342987,13.448518170975149,276.1646321614583,7.116723632812523,2.4488769531250227,5.214257812500023,95.88657442728679,95.84583282470703,32.40277773141861,17.28664268495594,12.64896950091819,0.9089141845703352,4.599089558919275,999.3587662760417,-29.25944221019745,17.709999992201727,209.13945738474527,7.791650390625023,4.133996582031273,6.165853118896507,94.12546094258626,99.2412036259969,59.5902783870697,25.20747912511798,17.01435035472574,1.2628545125325559,5.273987070719443,999.41697265625,-32.45936783154806,10.320184993053166,347.38362248738605
2021-12-28,10.247735595703148,6.945489501953148,8.448990122477236,90.25185108184814,86.17685190836589,123.8611114025116,43.65282048077076,29.914783918639586,1.4215459187825559,6.909931437174521,991.8068326822918,-23.06852863232295,13.616574175908076,874.7908426920573,9.247796630859398,7.481835937500023,8.70581970214846,93.88888835906982,94.19259182612102,178.84027886390686,24.935224822687783,20.63731970524602,2.4622487386067746,7.770825958251976,990.8750651041668,-23.99873189131419,5.210370302200317,567.800594329834,10.239526367187523,7.529626464843773,8.700674947102888,90.92638937632243,87.65000025431316,106.43055510520935,38.16247719643485,26.172649410689033,1.6395240783691634,7.28097813924154,991.7672981770833,-23.38354464371999,17.37388893639824,781.613941192627,10.380029296875023,7.401330566406273,8.727264658610048,89.57731374104817,85.97453737258911,187.04861068725586,41.153968248374916,27.13200935398736,1.4789215087890852,7.053779856363974,990.6426106770833,-25.98958746592204,28.671019410093624,871.5631904602051,10.400506591796898,7.309350585937523,8.49616394042971,90.92685222625732,92.93981488545735,108.37500071525574,38.00019223263544,23.50926877178253,1.347627258300804,7.071912384033226,991.4040592447917,-20.058788230021793,14.643610808765516,729.3294245402018,10.064904785156273,6.447290039062523,8.107740020751976,91.27268536885579,89.05648056666057,94.55555462837219,36.12081239252499,23.65795259699747,1.243104553222679,6.721027628580771,992.63904296875,-24.4347429672877,26.51879571378231,728.6534627278646,9.874688720703148,7.569909667968773,8.342643992106142,91.5111099878947,87.49722162882487,64.97222232818604,34.864794815284085,21.432440932694295,1.7079088846842865,7.015943145751976,991.1499186197917,-18.011963690320652,10.613425510625044,659.238597869873,10.020959472656273,6.635095214843773,8.418534851074241,88.97268613179524,90.47361103693645,78.87500011920929,40.77756008818222,28.12978389705336,1.366297658284509,6.648472086588583,994.2595930989582,-25.943735082944233,13.803796382504515,851.118824005127
2021-12-29,11.477838134765648,7.861566162109398,9.1471623738607,93.10370540618896,98.06018543243408,94.54861187934875,29.44839222150103,20.591240977884453,3.5347279866536496,8.084519958496116,1004.1066341145832,-20.271478811899822,17.150092628629256,513.3260116577148,11.576806640625023,7.666375732421898,9.148599243164085,90.98101743062337,99.68564796447754,287.0763874053955,36.95739696557077,24.059681776730155,3.6184809366862396,7.745606994628929,1002.3238346354167,-16.846198295553524,15.946018490940332,642.4938939412435,11.514215087890648,7.505548095703148,9.091751352945986,92.38657569885254,99.61296304066975,67.98611116409302,28.842698422962844,19.514266533321322,3.5947509765625227,7.91197230021163,1004.5311555989583,-18.0984171256423,17.81842594748984,493.3898239135742,11.634820556640648,7.664361572265648,9.065234120686872,91.4856481552124,96.02777783075969,215.18055629730225,31.40780045519542,22.414001150214663,3.612355804443382,7.73282140096029,1002.5923209635417,-11.460022924467921,6.585092631013443,556.5588213602701,11.293969726562523,7.385614013671898,9.009720102945986,92.39397970835368,99.15277767181396,30.12499964237213,28.040479204640636,19.798877599070774,3.3406730651855696,7.831366475423181,1004.88720703125,-16.286398589611053,22.613888986137074,492.0139929453532,11.610681152343773,7.653009033203148,9.01304651896161,93.12546443939209,97.88842582702637,240.95139026641846,31.20340830455938,19.33663931499454,3.7188532511393646,7.944736735026083,1002.9282259114583,-17.206528504379094,5.0443517836198835,487.82095464070636,11.288018798828148,8.451562500000023,9.243558502197288,91.30277729034424,99.93842538197835,11.520833432674408,27.46837405590111,19.928503668538806,3.5862912495931027,7.884748077392601,1004.5313802083333,-18.141834755738575,18.814167155340936,483.40307871500653,11.410272216796898,7.734613037109398,8.810720062255882,94.13749821980794,98.85648123423259,151.0,29.75760942317671,18.469428103765203,3.2119232177734602,7.912854766845726,1003.2553190104168,-17.63171668412785,7.625648114597425,465.4524561564128
2021-12-30,12.294519042968773,9.586511230468773,11.392453765869163,90.48564879099528,96.54907417297363,29.26388967037201,34.63284814582675,28.635758544031745,6.765737152099632,9.867387390136741,1012.9086067708333,-25.790555766473215,17.472685224570643,606.558723449707,11.625085449218773,10.239373779296898,11.134152984619163,93.25740591684978,96.39398161570232,111.39583444595337,31.853707131239172,26.756183639686412,6.578982289632165,10.071729278564476,1013.3403938802082,-24.99073525269826,5.850833224287878,565.057268778483,12.559838867187523,9.754815673828148,11.395738220214866,90.65092754364014,86.4856481552124,69.52777743339539,33.41401642892227,27.68403561054833,6.331591542561853,9.889127349853538,1013.345849609375,-25.574131776889164,24.953888439650957,589.563102722168,11.908776855468773,10.318963623046898,11.29932556152346,92.99027633666992,96.08842627207439,81.0,32.096963389770046,26.67714538975311,6.562623596191429,10.190681711832724,1013.49181640625,-26.4746998945872,8.190092577055717,569.9106012980143,12.418511962890648,9.947198486328148,11.456508890787783,90.65972105662028,93.0726858774821,68.7986114025116,33.214360512322855,28.229162870935426,6.365168507893884,9.95734558105471,1012.7826953125,-26.84601864218712,25.871203409391455,629.0147908528646,11.801354980468773,10.300042724609398,11.278747812906923,92.34675884246826,98.40416685740153,46.00000035762787,32.981582934604596,26.78401645874536,6.736062622070335,10.065726216634118,1014.007568359375,-28.037712931632996,17.132685714478914,561.3321673075358,12.319818115234398,10.124780273437523,11.541778818766298,91.32499980926514,95.62037054697673,16.868055500555784,34.53732420406342,28.54231723746121,6.492238616943382,10.156877136230491,1012.4796940104167,-28.005724390347797,12.809074160216065,624.5250956217448,12.092645263671898,9.964746093750023,11.399045562744163,91.07129573822021,98.61018530527751,28.93749964237213,33.01891054503036,27.858296244568624,6.624281819661462,9.970863596598349,1013.2353092447917,-27.827387988567352,19.748703251282375,594.0534413655599
2021-12-31,12.499719238281273,10.565393066406273,11.704913075764997,86.39352003733318,70.12592577934265,30.430556058883667,33.11753568048002,29.898901289976056,6.80591735839846,9.475703175862634,1016.533125,-13.88394021987915,24.351759785165388,671.1963602701823,12.988885498046898,10.533502197265648,11.80909372965497,84.87129592895508,62.54768514633179,31.8194442987442,35.95068386708199,30.617298235349722,6.9208974202474,9.29972864786788,1016.28328125,-14.771106024583181,28.73574096042042,692.8282012939453,12.683068847656273,10.383813476562523,11.684236145019554,86.60648187001546,77.44537035624187,8.743055619299412,34.11557062750318,29.906787837198525,6.311897532145224,9.492655690511071,1016.6820279947917,-13.458275894323984,16.489259673903387,687.6714706420898,12.446923828125023,10.563470458984398,11.828491465250673,85.15509255727132,66.92175898949306,78.39583277702332,36.44729144271768,29.787712422736973,7.028213755289755,9.379251098632835,1017.193544921875,-15.931046704451242,18.101573560697336,700.3338979085287,12.660546875000023,10.783929443359398,11.601223246256533,87.26064650217693,81.90185260772705,16.131944021210074,33.90217928328193,29.59882694267738,6.3271347045898665,9.525151824951195,1016.533955078125,-13.626068539917469,19.79749937231342,660.2519391377767,12.448724365234398,10.612634277343773,11.735701497395857,85.85509459177653,65.67870354652405,83.96527767181396,35.2021609464358,30.586485100911272,6.55533116658529,9.41745274861654,1016.1529524739583,-15.305811623732248,24.09185277154514,716.9338734944662,12.216088867187523,10.876702880859398,11.397100067138695,87.8305549621582,74.37407406171162,29.819445066154003,33.21108942160294,28.932102199283495,6.06778488159182,9.426516469319665,1016.5515397135417,-13.234591484069824,20.368055112465907,668.8480186462402,12.485559082031273,10.564233398437523,11.804273223876976,85.24027729034424,75.61388921737671,24.659721612930298,33.09793491779827,29.955122017012272,6.7510976155599,9.370425160725915,1016.7120670572917,-15.7601504723231,19.890555077853303,685.3835652669271
2022-01-01,12.176873779296898,9.346826171875023,10.679292297363304,89.56342474619548,98.2736104329427,47.02777874469757,20.033655379620793,17.585985621117054,8.191673533121786,9.010200754801474,1020.6064485677083,-6.339730008194844,28.85638804640621,322.39452934265137,12.379693603515648,9.405084228515648,10.82939173380536,89.77499993642171,87.8648157119751,33.01388883590698,21.584585418013795,17.54895439482877,7.80475769042971,9.170426940917991,1020.1960709635417,-8.294722094200552,30.33851926929007,332.1802094777425,12.164025878906273,9.382623291015648,10.660230255126976,88.97453721364339,98.20138867696126,49.04166841506958,20.792497831094636,17.65180342084207,8.38471374511721,8.888476308186853,1020.651796875,-5.149357681473096,27.5225927241457,320.6531759897868,12.157495117187523,9.114099121093773,10.600054677327497,90.98287010192871,96.61574029922485,16.097222685813904,20.063403495469952,16.059627616449774,7.959995524088583,9.153039550781273,1021.0884309895832,-5.851786109308402,26.760556254846353,290.14035097757977,12.374414062500023,9.957818603515648,10.98285827636721,88.27916622161865,97.8787031173706,1.8333333134651184,22.147711107453045,18.985823654037414,8.289242045084677,9.089429473876976,1020.4072688802083,-7.533779315650463,26.579166148168344,349.40711466471356,12.152062988281273,9.538354492187523,10.709773000081404,90.16250038146973,97.13749980926514,32.70833241939545,19.964310513630544,16.81114870793687,8.028593953450525,9.135039265950525,1020.468056640625,-4.962588115595281,27.693981502515573,307.0316359202067,12.333581542968773,9.927148437500023,11.009022013346376,87.19398212432861,96.81898148854573,0.2152777723968029,21.57883373512011,19.323302003038755,8.155290222167991,8.924849446614587,1020.1376106770833,-7.4500725244482355,26.406852338773508,358.3853899637858,12.256524658203148,9.553857421875023,10.831227874755882,89.45740795135498,97.77638880411784,61.548612117767334,19.703560385700637,17.08515863313192,8.012913004557333,9.138419087727868,1020.748408203125,-8.23462987008194,27.673704439463716,323.11477216084796
2022-01-02,11.749078369140648,9.802697753906273,10.747186279296898,84.76944382985432,91.20231405893962,142.15277734398842,40.87473009265768,27.91905102378347,3.0944979349772552,8.268098449707054,1011.857646484375,-6.514791771459083,19.52962976694107,818.9940490722656,12.134210205078148,9.478051757812523,10.673371887207054,86.23749987284343,97.31620343526204,81.64583230018616,38.78504050074412,24.44678740633488,3.3956530253092865,8.447810109456384,1013.290234375,-5.990473913649718,14.667777929222211,726.4782358805338,11.934655761718773,9.800042724609398,10.889176940917991,83.05277665456136,87.40648158391316,106.63888738676906,40.589749360025316,27.765067615667277,3.0940897623698334,8.105702972412132,1012.2392350260417,-6.34145765999953,24.67286976551016,829.2742703755697,11.687738037109398,9.977624511718773,10.881265258789085,84.5402758916219,94.4861110051473,106.5138897895813,41.307307845563656,27.19801083494826,3.413440958658896,8.364443715413415,1013.5080078125,-9.30262144546335,16.502407518060256,802.5884602864584,11.776910400390648,9.816583251953148,11.015398915608747,84.22037156422932,96.18564796447754,118.50000052154064,37.35584821651453,27.795326251305635,3.035225168863974,8.437080637613974,1012.0355436197917,-7.572015833885719,21.48111132159829,827.3981272379557,11.650384521484398,10.112023925781273,10.929246520996116,85.7291653951009,94.90694395701091,76.90972241014242,39.1703476621661,27.704552262219483,3.267554219563806,8.61823425292971,1012.6198307291667,-8.187220479051271,15.485925941184783,819.4576772054037,12.354669189453148,9.854882812500023,11.093991851806663,84.16203880310059,99.22037061055501,135.25694554299116,38.38659974384242,28.46204727509027,3.0759318033854584,8.496855672200525,1011.4243815104168,-7.107755954687794,17.439444331083603,866.0870526631674,11.563500976562523,10.028405761718773,10.928456878662132,85.93564828236897,90.67222197850545,89.25694404542446,41.31130588710495,28.011537907579534,3.3068761189778684,8.650612131754599,1012.3182747395833,-8.900474985440573,20.399352222681046,820.7238286336263
2022-01-03,9.992120361328148,8.721917724609398,9.334596252441429,79.40277703603108,61.66713019212087,271.93055629730225,35.73012220019544,30.842806728022016,0.009865061442098977,5.9360455830891965,1009.3384733072917,8.515723335867127,39.03527843362341,997.7612686157227,9.965875244140648,7.472619628906273,9.15775324503583,77.52916526794434,59.491666386524834,303.21527576446533,39.6184098426585,34.21757166585872,-0.9184745788573991,5.428334808349632,1009.4124283854167,8.306930621465048,39.82148185131761,1136.9711990356445,10.100823974609398,8.518304443359398,9.347526804606142,79.89814790089925,65.74907396237056,248.69444370269775,36.68893769628831,30.3580105105351,-0.1175738016764285,6.031751251220726,1009.0705045572918,9.059880644083023,38.41444490085511,1006.2885131835938,10.217309570312523,8.587670898437523,9.261674499511741,81.10787041982015,71.35740717252095,286.5138874053955,37.38161127451367,30.306802665296782,0.09723307291670835,6.184045410156273,1010.420625,8.205462073286375,38.892684208927676,924.4722493489584,9.898004150390648,8.486566162109398,9.2438789367676,79.93611176808675,67.45879761377971,145.16666650772095,35.86409211186427,29.99126687059757,-0.47060877482095975,5.938064829508505,1008.5926692708333,9.899971207875447,40.84768497990444,1021.5682729085287,9.876885986328148,8.805108642578148,9.39499435424807,80.27407360076904,68.47499950726827,283.0902805328369,35.64167627327812,31.09739801118097,0.24090855916341525,6.165040588378929,1009.835126953125,8.5824776639541,39.49064732315795,961.8743565877279,9.984704589843773,8.694299316406273,9.37049001057945,80.98148155212402,68.85416634877522,85.05555510520935,35.16619571987814,30.221434973510867,-0.19210027058915102,6.263029988606775,1008.1115983072917,8.753955701986948,38.5370375191172,1011.1877924601237,10.045678710937523,8.963098144531273,9.422092692057314,80.52453804016113,56.225925664107,293.9236116409302,38.04522958419069,32.41797204306298,0.025526936848962123,6.2332867940266965,1009.0704134114583,8.390016114960114,39.629352159798145,1045.4530766805012
2022-01-04,8.480157470703148,4.389611816406273,6.545042928059918,73.97129567464192,98.05833339691162,30.902777671813965,21.19514604803884,15.370081668689709,-3.651981099446573,2.0114672342936615,1000.7605729166667,24.85511024792989,24.050462822817888,726.1199366251627,8.567285156250023,4.153314208984398,6.20920333862307,79.53009192148845,99.96712970733643,336.2569456100464,26.508202460108237,16.6756982913162,-3.3523557027180573,2.7332499186198334,999.50673828125,28.189203023910522,6.689351886763082,640.5850814183553,8.705590820312523,4.416986083984398,6.517092641194684,73.77453692754109,94.98981539408366,56.18749988079071,22.791328555525276,16.998206335121015,-3.743419392903604,1.975948588053427,1000.202099609375,26.52466595172882,24.21416641647617,766.3005599975586,8.462426757812523,4.776208496093773,6.338347371419293,77.93240737915039,99.44675922393799,281.51389026641846,25.089507011906488,16.52057194734603,-3.254484558105446,2.567524210612021,1000.1479654947917,26.793607870737713,8.162407541026672,673.6431204477946,8.715844726562523,4.301904296875023,6.440607961018903,81.05370569229126,99.20046393076579,32.0416664481163,25.247310708697356,16.435350440551982,-2.9228907267252566,3.276472981770837,998.3468782552083,29.21824649969737,7.301666823254588,652.3619244893392,8.426538085937523,4.019219970703148,6.182506815592471,81.35694456100464,99.08657328287761,180.09722232818604,22.46627188907059,15.140538373071701,-3.1522900899250885,3.0766896565755246,1000.1313802083333,29.947549144426983,6.150462873008412,573.6141198476156,8.705957031250023,4.386346435546898,6.726158396403018,80.12731488545735,98.42685222625732,23.979166820645332,27.325414616427757,17.575179292222494,-2.6833633422851335,3.3659950256347884,997.9882877604167,28.093438625335693,9.774166650798483,690.4167900085449,8.599389648437523,4.377069091796898,6.429837799072288,74.22407372792561,98.22962951660156,117.43750143051147,24.51177032896245,16.429133024361647,-3.6353655497233035,1.9987897237141965,1000.4608723958332,27.27546950181325,15.197592729624981,735.465934753418
2022-01-05,6.870843505859398,3.9830566406250227,5.282769775390648,74.38842471440633,87.16342449188232,91.63194513320923,40.90465640971351,31.825205512212747,-5.460820261637366,0.9994941711426009,1006.3076236979167,21.496018188695114,19.830741275800392,1196.6985295613606,6.857415771484398,4.431634521484398,5.415789540608746,70.79259220759074,86.39305702845256,85.8541659116745,37.51512400898651,27.753382028218848,-5.724253082275368,0.4488731384277571,1009.336298828125,19.79615653057893,35.010647729543656,1108.469846089681,6.792077636718773,3.9223876953125227,5.300256347656273,74.57546361287434,67.89074063301086,87.05555546283722,39.50952971833428,30.32528291917355,-5.316753133137979,1.0560165405273665,1004.8951888020833,21.39527566730976,25.78018493205309,1139.4439442952473,7.060968017578148,3.8679748535156477,5.333609517415387,71.64814678827922,70.29398123423259,98.56249976158142,35.03831596261547,27.80229433213421,-5.6084795633951785,0.5385681152343977,1008.5006966145833,19.05224887530009,36.84046311924855,1067.1138966878254,6.716058349609398,4.099359130859398,5.282605743408226,73.28657420476277,77.39444442590077,40.812500193715096,39.10716553217359,30.615816634312463,-5.466684722900368,0.8201868693034271,1005.2632063802083,22.801227688789368,11.61638890428003,1162.6403528849285,7.000726318359398,3.8870483398437727,5.296262359619163,72.71203629175822,89.30462916692098,96.18055653572083,40.46565725198427,31.428457978076864,-5.622521464029944,0.7243031819661496,1006.9549348958333,18.341195185203105,24.26064730734409,1196.398696899414,6.908044433593773,4.202996826171898,5.307262674967471,73.21481625239055,62.31481411059698,51.236111268401146,40.11638247127509,30.425107638065914,-5.452594502766885,0.8322616577148665,1005.272373046875,22.880095824599266,28.998703124350868,1154.7697143554688,7.052362060546898,3.9536376953125227,5.309585825602237,73.54907464981079,85.8282417456309,92.83333253860474,40.95952241160805,31.517162081710406,-5.582528177897132,0.8927780151367415,1006.9980859375,20.060900774473946,19.385833485440042,1210.8810297648113
2022-01-06,6.134729003906273,3.4064270019531477,4.454590098063174,72.95416673024495,81.4171290397644,107.65972208976746,28.63885460676772,15.575376484095598,-6.016756439208962,-0.023383839925088523,1016.0393880208333,24.052806437015533,33.69064758407573,576.6034463246664,6.235192871093773,3.5318237304687727,4.5217554728190335,74.99212964375813,73.58379658063252,165.1944441795349,28.618301623817366,14.617079790100606,-5.394761149088538,0.42871500651045835,1018.0454915364583,23.17585811515649,31.921850663299363,540.6553783416748,6.369165039062523,3.5392089843750227,4.571734364827496,73.843518892924,77.77546310424805,122.10416746139526,28.0644252874075,15.514766904346253,-5.96876500447587,0.25716044108077085,1015.989970703125,23.39090998408695,37.522406639531255,564.5724010467529,6.190850830078148,3.3919921875000227,4.568785603841168,72.19120502471924,66.1916663646698,154.32638835906982,25.860068621334335,14.698460441475513,-6.078493499755837,-0.051793162027991,1017.493193359375,22.35099133849144,42.52944476266081,526.0405673980713,5.966241455078148,3.5469299316406477,4.419435119628929,74.2995376586914,60.74074053764343,66.85416674613953,28.885932317393046,15.713463620833812,-5.872911834716774,0.19593709309896212,1016.1391145833333,25.52408258120219,35.68018538613493,546.6143061319987,6.127343750000023,3.2976928710937727,4.407673136393252,70.59537013371785,63.50000071525574,85.63888931274414,26.496877879157633,15.52907140218484,-6.34076029459635,-0.5073849995930573,1017.1986881510417,23.85760587702195,34.696573564006634,568.6218643188477,5.829461669921898,3.3774353027343977,4.417099253336612,75.75786940256755,54.821296175320946,11.409722238779068,29.064975249445972,15.083300981972725,-5.547112528483069,0.46625162760420835,1016.0600553385417,25.607411642869312,30.164166511967778,514.6447594960531,6.489129638671898,3.2158447265625227,4.419913228352887,71.6509256362915,71.16851822535197,106.68055486679077,26.662177974803846,14.716558237139262,-6.017735544840491,-0.3027722676594635,1016.5827083333332,24.07323068380356,33.54972300445661,544.2922382354736
2022-01-07,5.837426757812523,2.8397766113281477,4.61765060424807,75.56898053487141,82.42268578211467,90.56249988079071,32.18731019936893,23.690199083898893,-5.536432647705055,0.5160143534342865,1010.111484375,15.807458142439524,44.09907569053272,926.5227025349935,5.638238525390648,2.1738830566406477,4.0623540242513245,77.40694586435954,82.8870370388031,210.70139026641846,30.338881403704306,20.43428409570028,-5.767047627766885,0.32197850545247775,1010.9520052083333,23.991457959016163,21.81148141870896,736.0650329589844,5.809075927734398,2.7339111328125227,4.564221954345726,75.30648263295491,83.39490747451782,91.97916680574417,32.7978897040484,25.04803939200001,-5.548152669270792,0.4202540079753021,1009.894765625,17.559926907221477,43.06388918093095,962.8937632242838,5.660668945312523,2.7536254882812727,4.352583821614606,75.01851971944173,71.17870374520619,189.1319432258606,30.094201708595605,22.305398522354267,-5.822042846679665,0.17507324218752274,1011.3122265625,19.825084110101063,34.796388410031796,834.7962010701498,5.613183593750023,2.5179382324218977,4.35843683878583,76.0171292622884,86.31990830103557,94.68750011920929,31.192944033674756,25.226895055532008,-5.565339152018225,0.3364768981933821,1008.9704036458332,18.1927190584441,42.468796314050756,949.9221992492676,5.735803222656273,2.5963989257812727,4.377679443359398,74.30925909678142,71.31388890743256,128.31250023841858,32.34226607332653,22.85894816612978,-5.934851074218727,0.03545150756838211,1010.7980598958333,16.99441039127608,39.18750022103389,890.7786738077799,6.334039306640648,2.6668334960937727,4.659902191162132,78.13842646280925,87.1763900121053,85.57638892531395,30.51908480267482,23.89367769590662,-4.838341776529944,1.0421043395996321,1008.7958365885418,15.609184210499128,35.332962990816064,865.2872606913248,5.898675537109398,2.5747619628906477,4.352296447753929,74.93888902664185,67.8157406449318,101.39583253860474,31.396575390275295,24.229563513065973,-5.824705505371071,0.13581237792971024,1010.117431640625,19.796963654458523,30.719445171455543,898.2664591471354
2022-01-08,6.649957275390648,2.9367004394531477,4.146707153320335,84.58518441518147,74.84259184201558,198.95833158493042,33.82385036394583,22.305627548681908,-3.387761179606116,1.7087188720703352,1002.4549609375,15.278618435064951,12.316296275705099,645.7546106974283,7.649743652343773,2.4957824707031477,4.199264780680362,81.04444535573323,72.88703691959381,202.64583206176758,41.82286480491619,26.1786379425135,-3.735613250732399,1.1419769287109602,1004.1561002604167,13.769105893870195,8.645092808020612,777.811450958252,6.643029785156273,2.9289794921875227,4.223878479003929,84.18888982137044,73.76620451609294,172.0347237586975,34.90784503146289,21.62756772402398,-3.4323066711425554,1.7329256693522552,1002.302705078125,14.580227556327978,15.628610666841269,660.8045323689779,7.136285400390648,2.7598205566406477,4.402937825520856,81.71944427490234,77.97916702429454,218.09027767181396,39.0491582748054,24.786507784566435,-3.464310709635413,1.4540700276692746,1004.640849609375,11.308268227769682,8.063425868128737,744.6206970214844,6.645471191406273,2.7165771484375227,4.113852437337262,85.09537124633789,76.26620332400005,135.1597239971161,32.72691950949022,21.611408384671233,-3.466099802652991,1.766413625081384,1001.6106510416668,16.322860345244408,9.906018491834402,662.8143068949381,7.493859863281273,2.7051330566406477,4.261254882812523,83.72407404581706,76.94166680177052,218.22222232818604,41.37197196947756,24.937781902941584,-3.4829238891601335,1.6771903991699446,1002.6454752604167,10.803779602050781,8.391018651425838,722.0535418192545,6.714440917968773,2.8833251953125227,4.246888732910179,85.39027722676595,80.25879549980164,134.65972256660461,31.719737073157344,21.503052756912307,-3.3471130371093523,1.9389333089192746,1001.3940494791667,14.73167442282041,9.831758905823031,659.3817621866862,6.891900634765648,3.0183959960937727,4.317489878336612,83.6097224553426,74.29120373725891,218.5902762413025,38.13145158148922,25.240511225132817,-3.352635447184241,1.7233304341634152,1003.22806640625,12.867417226235071,8.763981477047006,737.864315032959
2022-01-09,6.356805419921898,3.2723632812500227,5.274582163492862,75.41898123423259,72.25925985972087,465.5069408416748,34.76373693330246,21.869040937774496,-4.792438252766885,1.2303621927897552,998.88216796875,10.379496902227402,34.96492636296898,845.5034856796265,6.210992431640648,2.7036682128906477,4.916515604654971,77.1856476465861,97.56481488545735,537.9861106872559,36.436178510293196,21.455617755119892,-5.019628906249977,1.178498840332054,998.6052408854167,11.23991005619367,31.02036962999652,838.5496559143066,6.911096191406273,3.0497070312500227,5.479694620768252,76.39398097991943,67.01759264866512,424.1944389343262,33.02570186763109,21.20959282746555,-4.470847829182901,1.622071838378929,999.3704720052083,9.003241181994477,35.102777912514284,812.9352067311605,6.241967773437523,3.7984863281250227,5.108979797363304,75.59907372792561,79.584721326828,470.6597213745117,33.8412087751426,20.881262532201944,-5.0324234008788835,1.1070597330729584,999.1485611979167,9.223271136482557,44.32629697350785,840.1005020141602,6.813165283203148,3.4166809082031477,5.59104436238609,76.68333307902019,77.92777786652248,493.8333320617676,31.82211394128988,21.155913577602572,-4.181481424967444,1.7815668741862396,998.633212890625,8.83961787695686,21.669537267337244,783.6397533416748,6.160638427734398,2.4746337890625227,4.78257013956708,76.38564840952556,78.22962919871013,429.7708339691162,33.43040227114876,20.380007413712026,-5.071451568603493,0.9279940287272552,998.7032682291667,14.023764478663603,35.57731493415,809.1057844161987,6.928552246093773,4.177758789062523,5.83478698730471,77.0861104329427,86.6745376586914,296.8472213745117,30.619063659670516,21.053517681485893,-4.003686014811194,2.098311360677087,998.83517578125,6.061197392642498,12.414314817249155,775.5997664133707,6.117395019531273,2.9715820312500227,5.047701772054059,76.03333187103271,65.67083370685577,525.9999980926514,34.4231975374496,20.969092684340605,-4.855534617106116,1.1289192199707259,998.4478190104168,10.833273060619831,41.567870028316975,830.1822503407797
2022-01-10,7.512750244140648,3.1025634765625227,5.722318267822288,70.47870222727458,62.494444131851196,54.71527910232544,10.820320164447793,7.761766477880424,-3.9572814941406023,0.6993868509928802,1020.4129166666667,7.6287760734558105,41.31872141485413,119.868395169576,6.064630126953148,2.7965637207031477,3.9026097615560125,81.74675909678142,48.08194478352865,476.38194465637207,7.6397876967058584,4.615780332735738,-5.257891082763649,1.019471740722679,1018.1214322916667,16.374940931797028,46.34850009034077,109.36213564872742,6.880761718750023,3.5069213867187727,5.697286224365257,76.1999994913737,88.20787111918132,29.944443583488464,11.373112527365794,8.703981698172012,-4.041002655029274,1.793061828613304,1019.721982421875,8.61218353609244,18.831203915489215,120.05986372629802,5.167840576171898,1.5892578125000227,2.7994069417317937,83.37916723887126,6.874074098498871,432.7708206176758,8.41510444737767,6.4105655448253485,-4.198175811767555,0.21741511027022398,1019.7827278645833,27.94993559891979,49.240574304635324,90.66731723149617,5.995324707031273,3.0511718750000227,4.509840901692731,84.21851857503255,84.23333279291789,6.138888955116272,12.09089980124151,9.155406837563772,-4.115719858805335,2.0324378967285384,1019.8024772135417,14.21795403957367,23.94212985225022,139.78129704793295,5.458734130859398,1.7031799316406477,3.3407595316569236,83.38518492380778,36.385185281435646,506.1388854980469,10.752255226142326,7.516357734718407,-4.1396252950032135,0.7430486043294309,1020.5288997395833,22.381660734613735,41.64066624362022,128.84027767181396,6.224389648437523,2.9720397949218977,4.3341842651367415,85.36481444040935,67.70138823986053,0.7083333553746343,11.77011774522819,8.600125092203443,-3.6602729797363054,2.054395294189476,1019.8015559895833,16.663925856972735,34.97018532951673,123.00173004468282,6.378686523437523,2.5647521972656477,4.665668741862002,82.2782408396403,66.47777724266052,309.40972423553467,11.42997292690419,9.628864456206493,-4.1406260172526,1.8665252685547102,1020.2865266927083,10.969975233078003,46.49101889304196,177.83701165517172
2022-01-11,5.442651367187523,1.8036437988281477,3.590041097005231,80.91713078816731,99.78796323140462,1.3472222378477454,15.688089270317407,12.756925876848277,-0.5715202331542741,0.567543284098349,1031.9583333333333,12.361582999428114,28.999184851845104,243.4552205403646,5.033044433593773,1.5782409667968977,3.309382375081403,80.89629650115967,95.7018518447876,57.00000190734863,13.72217784924626,11.423864608166435,-0.9816141764322879,0.29730504353841525,1032.664130859375,18.714358111222584,35.1246838029474,206.8923692703247,5.359552001953148,1.8796630859375227,3.6275255839030174,79.45648256937663,99.98842525482178,1.291666654869914,15.902781143075607,12.94032317523409,-0.6085787455240848,0.35568517049154025,1031.7563053385418,12.010851183130095,30.59835185483098,252.944974899292,5.163751220703148,1.8919921875000227,3.629524485270205,77.80648136138916,98.95601812998454,30.90277671813965,14.661343760573661,12.348062939714515,-0.7232790629068973,0.07361628214522398,1032.2249251302082,16.30764266848564,33.46672262003025,235.77801831563315,5.056695556640648,1.7107177734375227,3.546376800537132,77.59259192148845,99.96064853668213,0.38194445008412004,16.08558998540836,13.308432477041498,-0.5348279317219635,-0.04813995361325851,1031.6022037760417,13.02478880683581,24.87977751654883,259.00598335266113,4.980310058593773,1.8400512695312727,3.606472269694033,81.66666666666667,98.84768486022949,11.166666775941849,18.01783381746898,13.01521724926109,-0.7717091878254791,0.7084047953288177,1031.1260904947917,15.06279061237971,18.32172278439005,273.1556936899821,5.143121337890648,1.7361083984375227,3.447920735677106,76.26064872741699,99.8958330154419,0.3888888889923692,16.109012827182003,13.193528773076787,-0.4378201802571198,-0.3881629943847429,1031.5454915364583,12.288711493213972,33.42035209325453,258.6552925109863,5.177697753906273,2.0535522460937727,3.731654103597028,79.34027767181396,99.98611068725586,2.3611111789941788,16.886438581565034,13.628724415773014,-0.6057914733886491,0.4369572957356809,1031.33615234375,12.616350211203098,20.641074298570555,268.5708751678467
2022-01-12,7.876062011718773,4.727075195312523,5.816974894205752,85.12963072458903,48.71388860543569,6.215277969837189,11.050657165947715,7.165888166466183,-0.12152074178055727,3.463691965738974,1038.29369140625,-1.2770070346693199,48.59457355054716,93.65682371457417,7.347192382812523,3.8616271972656477,5.201264953613304,88.34768517812093,16.403240777552128,13.159722089767456,9.965364791103456,6.505099884558045,-1.455924733479776,3.385554250081384,1038.8273372395834,6.694445637986064,50.23422286224862,89.7635159889857,7.649530029296898,4.563073730468773,5.773126220703148,85.43472194671631,50.351388812065125,8.666666567325592,11.557367589953124,7.191553355618214,0.3694600423177121,3.4710009256999115,1038.2378645833332,0.7057248240647217,44.059906131898366,92.08929363886516,7.532403564453148,4.215112304687523,5.612481689453148,86.54768562316895,45.01111133893331,16.652777910232544,8.97237340928476,6.203948378494165,-1.2173230489094635,3.493568674723349,1038.773740234375,2.543900191783905,50.1927036177367,89.02520100275676,7.564477539062523,4.337243652343773,5.626077270507835,84.77129554748535,48.47500046094259,16.59027725458145,11.777398274645385,6.934577946260322,0.5439926147461165,3.2092274983723996,1038.14375,0.9469924417013923,46.96379592704276,88.62626099586487,7.526544189453148,4.220300292968773,5.7022872924804915,85.68888823191325,60.69166745742162,4.958333224058151,10.401481020516973,6.827637478766358,-0.7998934427897098,3.4430150349934934,1038.5051692708332,-0.1051903987924258,46.93316659641763,116.00888665517171,7.669213867187523,3.9785705566406477,5.588257090250674,83.92129484812419,36.81851840515932,15.374999582767487,11.431239223612597,7.031114955931112,0.534724171956384,3.0180234273274777,1037.888505859375,1.2777264962593715,49.11035233860215,87.41751050949097,7.819146728515648,4.444604492187523,5.675522104899112,84.71712907155354,49.917593002319336,5.423611208796501,10.940113584998173,7.169530502685558,-0.426030222574866,3.256153361002646,1038.349736328125,0.978636077294747,48.451000075787306,102.66576250394185
2022-01-13,8.646081542968773,5.332055664062523,6.26639582316083,89.38333447774251,5.656481496989727,1.0000000298023224,12.411562471789278,10.708324319608117,5.1855394999186615,4.624982452392601,1039.0254915364583,-1.172077347834905,48.961036789541446,126.48316542307536,8.552026367187523,5.094750976562523,6.072596486409528,89.33564758300781,1.4662037131687005,6.500000238418579,12.10826088215724,10.222542044437946,4.718068695068382,4.4214886983235715,1039.4221614583332,0.8099548121293386,48.96385103650391,112.00079250335693,8.670556640625023,5.326959228515648,6.255637105306012,89.436110496521,9.239351838827133,0.0,12.766200798934182,10.958512031315896,5.518802897135458,4.621773020426474,1038.9902506510416,-1.479529897371928,48.78853482194245,136.11196168263754,8.684320068359398,5.187036132812523,6.217713928222679,89.31759293874104,1.1662037082326908,8.833333253860474,12.67433152240493,10.332041656316585,5.035845692952478,4.564344024658226,1039.4652897135418,-0.5317799051602682,48.85342576292654,114.66977310180664,8.627679443359398,5.280877685546898,6.2076278686523665,88.74444325764973,10.488888949155807,0.0,12.816268033097563,11.208894653015863,5.849126434326195,4.468075052897177,1039.0179915364583,-0.8779256542523702,48.79553787099818,143.44310728708902,8.497125244140648,5.078332519531273,6.06797053019208,89.18009249369304,3.3976853067676225,16.66666603088379,12.556871962684282,10.385322299144551,5.088604227701865,4.393520609537802,1039.2535546875,0.28935136397679645,49.015130422388516,114.86723725001018,8.508905029296898,5.103051757812523,6.069875335693382,89.05046113332112,8.228703737258911,0.0,12.754786471102186,11.365759181354832,5.851436869303427,4.378972625732445,1039.08666015625,-0.06698793172836304,48.91040649202963,153.39856465657553,8.664086914062523,5.197717285156273,6.196338907877627,89.16018549601237,3.16111109405756,15.499999523162842,11.623525759983544,10.182064408099857,5.185732777913415,4.5187240600586165,1039.0685611979168,-0.8665435214837393,48.96394278792044,110.22028239568074
2022-01-14,8.583032226562523,5.144952392578148,6.1597661336263245,90.52268409729004,0.6597222089767456,0.0,12.45838591104465,8.357093735146263,5.4215014139811615,4.704441324869833,1035.2781966145833,3.8260907729466758,50.3729455905656,101.63890548547108,8.420495605468773,4.795526123046898,5.991866048177106,87.40463002522786,0.23842592040697733,1.0000000298023224,11.6305923824778,7.356068372951444,5.331021881103538,4.02914708455404,1034.9968977864582,6.707939167817433,50.94585168734193,85.70166556040446,8.541955566406273,5.147424316406273,6.1317408243815335,90.39583524068196,0.9379629657293359,0.0,12.269895595909917,7.988527867348608,5.354732767740927,4.6550829569499115,1035.2168001302082,4.116143415371577,50.462610844522715,99.13620483875275,8.389825439453148,4.852502441406273,5.997706349690778,89.03657341003418,0.35555554429690045,0.0,11.015869651502692,7.834149676964448,5.842654164632165,4.29761912027999,1035.082890625,6.120696524779002,50.8554629124701,80.6856283346812,8.407678222656273,4.980767822265648,6.066540018717471,90.05462964375813,3.1652777918304005,0.0,13.070632793222233,8.326238923981373,5.608719126383505,4.533797200520837,1034.8888053385417,4.579177637894948,50.536277297884226,118.15020994345348,8.556207275390648,5.184594726562523,6.145501708984398,89.62453587849934,0.8370370417833328,0.0,12.014158338451086,8.25060232130615,5.373284912109398,4.545473988850915,1035.21931640625,4.013936410347621,50.59011197462678,98.07079807917277,8.328881835937523,4.906518554687523,5.999524688720726,89.83472220102946,5.893981389080484,0.0,12.887422533399198,8.463770615798747,6.040430959065759,4.430050150553427,1034.7381868489583,4.881029903888702,50.68186927214265,123.56543231010437,8.441644287109398,4.970544433593773,5.998615519205752,89.29444567362468,0.5175925840934118,0.0,11.689971805365905,8.404238766267868,5.767591094970726,4.345819091796898,1035.0497786458334,5.128755698601405,50.861554189274706,97.47214901447296
2022-01-15,6.903649902343773,2.8457275390625227,4.422753906250023,85.95231660207112,47.63611056407293,0.0,11.669174033983843,8.977070939799242,4.469307200113974,2.2176312764485715,1027.6392350260417,14.116755157709122,45.74875855321685,127.21881024042766,7.975610351562523,4.460626220703148,5.675047810872418,91.20277818044026,75.01342644542456,0.9097222327254713,11.173614778876496,9.089527285323543,3.256581878662132,4.323107655843103,1028.5727376302084,2.8207084039847055,38.24798087713619,160.23066790898642,6.996697998046898,2.8018127441406477,4.408523813883487,86.09768613179524,46.71064791083336,0.0,12.565771839823132,9.474532580072378,4.369905090332054,2.2297365824381927,1027.4958561197918,13.82261922955513,47.39724175632,141.35869590441385,8.151971435546898,4.450769042968773,5.741511281331403,90.2509256998698,74.46759184201558,0.583333358168602,12.398142380021012,9.75773842081846,3.1765190124511946,4.2358502705891965,1028.4001692708332,2.311485528945923,41.08825892147919,185.38667472203574,7.016687011718773,2.9275451660156477,4.462881978352887,87.00601959228516,56.22037009398142,0.12500000093132257,12.52406468695497,9.272852875984759,4.560538228352868,2.4354886372884152,1027.57359375,12.442066619793573,47.241295568645,146.88460874557495,7.615930175781273,4.155999755859398,5.229412333170596,89.51944414774577,62.86435208717982,0.0,11.8787079831271,9.134587937428634,3.519635772705101,3.6174776713053802,1027.6776334635417,6.820153117179871,45.11859266335765,149.56269375483194,6.585839843750023,2.4962097167968977,4.102583821614606,85.78842703501384,54.97361147403717,0.13888888992369175,13.09622901266399,9.793889278432944,4.7399892171224,1.8654571533203352,1027.490673828125,14.877713253100714,47.810204147050776,160.25989151000977,7.565209960937523,3.9446350097656477,5.061961110432965,87.39768473307292,60.566203355789185,0.2916666688397527,12.101103163333887,9.362133527222445,4.248072560628259,3.0893544514973996,1027.666181640625,8.706771741310755,44.995295462509,151.95854767163596
2022-01-16,7.412988281250023,3.8882690429687727,6.059410349528018,81.92546304066975,96.56064796447754,1.8819444673135877,23.98399979808788,17.66109426799008,-1.3046936035156023,3.130928293863974,1024.3009016927083,-5.967436691125234,16.396388866317768,558.0795752207438,7.048455810546898,3.6662231445312727,5.483350372314476,82.83194414774577,83.00277785460155,1.2500000041909516,21.931548442089323,16.086413051156306,-1.3687347412109148,2.732606506347679,1023.8460188802082,2.783753494421641,13.302963372940818,460.80746205647785,7.375299072265648,3.6701293945312727,5.927481587727887,83.84212970733643,93.95370419820149,2.4166667289100587,23.341950090501562,16.63629271926821,-1.2095664978027116,3.345601654052757,1024.1556380208333,-5.1853414587676525,16.357870703563094,515.1990674336752,7.376214599609398,3.6523681640625227,5.862794494628929,80.33472124735515,82.06898212432861,1.7222222248092294,24.20771492857673,16.96150795304182,-1.8003016153971316,2.650991058349632,1024.2719563802084,-2.5880918403466544,12.652777254581451,488.1358292897542,7.642327880859398,3.4124694824218977,5.914247131347679,82.41481335957845,98.71435292561848,3.506944461259991,20.99163779473106,17.254566373178907,-1.5073862711588504,3.0972470601399777,1023.9007552083333,-8.395921021699905,18.468518767505884,571.4182739257812,7.407373046875023,3.9995056152343977,5.9368250528971585,80.07962958017985,87.01157395044963,1.527777774259448,24.22866423734341,16.905246945498785,-1.6468198140461823,2.664484914143884,1024.5954654947918,-0.7208294073740641,14.578888909580806,519.2717068990072,7.517816162109398,3.2375732421875227,5.926358795166038,83.72962792714436,99.11759281158447,4.4375000284053385,20.055244077298184,16.781895215062487,-1.5706085205077898,3.343055979410849,1023.90361328125,-7.994022344549497,14.195740514745316,518.9397487640381,7.368463134765648,4.068048095703148,5.875296529134137,83.19953791300456,84.46898182233174,1.84027776774019,23.962272236313602,16.25402905809601,-1.4177090962727448,3.1776151021321652,1024.3843033854166,-2.6112500727176666,17.65324100914101,500.561216990153
2022-01-17,8.951623535156273,5.516320800781273,6.836787160237653,85.4495366414388,34.92268534501394,7.444444417953491,22.741961668713923,17.085745355047138,-0.254881286621071,4.537714894612634,1033.2270540364582,-2.943585326274236,50.565519079566,457.7227249145508,8.158959960937523,5.206933593750023,6.20129801432294,87.26203695933025,39.95185167590777,5.166666626930237,17.207201534999676,13.24070888036204,0.226533508300804,4.21302185058596,1034.579716796875,3.7473861699302993,41.36326090246439,264.5946119626363,9.034387207031273,5.798364257812523,6.844167327880882,85.81620343526204,44.51157381137212,6.8333330154418945,23.27083898957084,17.2046382091448,0.6069821675618527,4.596557871500693,1033.2959309895832,-1.8830815106630325,51.20212967321277,445.2908754348755,8.365747070312523,5.246026611328148,6.209870910644554,87.047682762146,28.025926267107327,6.6666669845581055,18.936789761687653,13.874722011071134,0.6010579427083371,4.1821698506673215,1034.138623046875,1.3268517851829529,52.415240444242954,289.37973435719806,8.763299560546898,5.351159667968773,6.596445973714215,85.68750127156575,36.6787034869194,3.4999998807907104,22.607332687898868,17.124515026005508,1.058590189615927,4.340408579508505,1033.443994140625,-0.7485331892967224,51.885185749580465,415.04064591725665,8.411828613281273,5.309808349609398,6.431658681233746,85.83749930063884,32.0074067513148,7.666666746139526,21.055868693796995,15.59250613610491,0.11550801595052462,4.200430806477868,1033.55501953125,1.7685839707652729,43.70333313693603,363.7094186147054,8.664178466796898,5.380059814453148,6.5235051472981995,86.86481539408366,41.50462945302328,0.6666666716337204,22.895122629332835,17.081343534258618,1.2527913411458371,4.464435831705771,1033.4050944010417,-0.6763277327020963,51.49953684955835,398.8500068982442,8.645806884765648,5.469567871093773,6.595583852132184,86.82916768391927,36.148611068725586,9.500000238418579,21.54148137102046,16.342969275352406,-0.3528223673502566,4.531482950846396,1033.2800553385416,-0.6161887447039286,46.27561067044735,413.3295774459839
2022-01-18,7.696710205078148,4.092156982421898,5.421005503336612,91.70555559794109,13.605555533121029,0.0,8.494048177160183,6.289483889605106,3.8017618815104584,4.1488573710124115,1036.8202994791668,12.090160677830378,55.37153740723928,69.21185767650604,8.222375488281273,4.458489990234398,5.835594431559268,91.37453651428223,43.00833211777111,7.833333492279053,9.911612385196628,6.846451264754198,3.0065920511881927,4.506499226888025,1037.222255859375,10.90089867512385,51.566128554443516,65.78943610191345,7.647576904296898,4.221582031250023,5.590833282470726,90.10231526692708,22.344445047279198,0.0,9.479998977757026,6.65566616741278,4.205205535888695,4.060365295410179,1036.7391471354167,10.907955269018808,55.42903913060824,86.73141837120056,8.224664306640648,4.361199951171898,5.825440979003929,91.18333339691162,44.92638839905461,6.8333330154418945,11.310176247025659,7.721927449832159,3.3933222452799896,4.46784617106124,1037.091826171875,9.919644196828207,50.9459996620814,82.67662469546,7.631097412109398,4.120446777343773,5.44370295206708,90.830091158549,25.85370344420274,0.0,9.643572321896437,6.684342302803439,4.089026387532556,4.032624816894554,1036.94943359375,11.774249563614527,54.96981613834699,73.47135146458943,7.848382568359398,3.9292846679687727,5.660434977213565,90.78518549601237,33.60416654497385,3.659722179174423,10.86650813317619,7.011523992548952,3.6387967427571652,4.245908355712913,1037.038388671875,8.944754809141159,55.357554803291954,81.87445835272472,7.650506591796898,3.9854370117187727,5.401817576090518,89.39722220102946,35.44999938582381,0.0,9.265791253975848,6.4594380989695,4.1551071166992415,3.760780588785849,1036.8531901041667,12.506380175861219,54.3480178018411,65.14984301726024,7.780877685546898,3.9483581542968977,5.495008087158226,90.5444450378418,23.310648635029793,0.6666666716337204,9.241845041969773,6.8807900335138035,3.793495432535849,4.043171183268271,1036.7031217447918,11.140907227993011,55.61101808398962,69.42127346992493
2022-01-19,7.155206298828148,3.0017944335937727,4.9456446329752835,88.54212888081868,71.20694518089294,4.083333246409893,26.49579287541648,17.096419515135388,-0.226780954996741,3.1709838867187727,1024.98048828125,9.224934582908949,20.643796352048714,424.26566886901855,7.044702148437523,3.0063415527343977,4.913486735026065,89.37314923604329,93.9337968826294,15.701388693414629,30.94436078528061,17.782803593826344,-0.36848042805985415,3.283901468912802,1022.0427897135418,4.151934705674648,27.079629469662905,512.3931366602579,7.120477294921898,2.9980102539062727,4.962628936767601,88.57731469472249,89.33009338378906,4.250000004190952,26.699370035948565,17.591956449148327,-0.05715281168619413,3.191004689534509,1025.1156770833334,8.668471773465475,20.684073979655903,443.32527287801105,7.142785644531273,2.9773803710937727,4.897822316487653,86.70185120900472,82.19490671157837,5.333333346992731,30.317769154252378,19.1127238090311,-0.21134923299149477,2.8185656229655365,1022.9788802083333,7.573519428571065,28.34436982621749,535.0728006362915,7.048852539062523,2.8325134277343977,4.8394638061523665,87.61944516499837,81.37314828236897,2.1875000316649675,24.922384060796624,17.940221116327823,-0.1430394490559479,2.905159250895224,1024.629580078125,10.249717185894648,17.77940801034371,475.79229100545246,7.021142578125023,2.9025817871093977,4.862175242106143,87.73009204864502,86.88194417953491,5.38888889644295,28.95693462999655,16.871175681741715,0.004483795166038362,2.9566678365071652,1024.4583723958333,8.52520656088988,22.97818535317977,432.78642050425213,7.093865966796898,2.6758056640625227,4.832519785563174,87.32453918457031,85.95740826924641,2.722222190350294,25.73024103383099,17.901490310457117,0.136689758300804,2.8377192179362396,1024.8846256510417,9.639375388622284,15.326703938345114,509.39613151550293,7.139947509765648,2.9008422851562727,4.888480122884137,88.29675801595052,75.4569440682729,3.4305555606260896,26.785871136382553,16.985585006559898,-0.11355183919266665,3.0761199951172102,1024.7235579427083,9.534386575222015,20.066315228740375,422.71371936798096
2022-01-20,6.019250488281273,3.1911865234375227,4.456750488281273,66.15833330154419,90.96666622161865,25.17361119389534,32.45939994441702,26.677904448249524,-8.471364084879554,-1.3564018249511491,1029.3811555989582,10.973637272914251,38.79342726866404,1369.4455006917317,6.057672119140648,3.1964660644531477,4.044889068603538,66.11527808507283,96.65046119689941,36.61805546283722,32.5988771132291,29.816059487228017,-9.035656992594397,-1.741855367024698,1028.6624967447917,15.231658672293028,36.746759198606014,1532.1798095703125,6.016778564453148,3.2213073730468977,4.52802429199221,66.14444541931152,86.63101847966512,29.576388895511627,32.5293631640847,27.3142737885798,-8.472818756103493,-1.2890469868977448,1029.4462337239584,12.92661908765634,37.793519208828606,1397.0382893880208,5.884942626953148,3.1210571289062727,3.947413380940778,67.31574090321858,95.1050926844279,41.84722226858139,32.52380118532227,29.568823675091874,-9.064347330729163,-1.587772115071573,1028.584619140625,16.81150173271696,37.8467592994372,1499.899149576823,5.963922119140648,3.3366333007812727,4.51340764363609,66.13148196538289,83.9499994913737,26.458333373069763,32.63437102142042,27.827823901132692,-8.534574890136696,-1.3000116984049441,1029.117099609375,12.044582729538282,43.2953696573774,1419.5534261067708,5.697686767578148,3.0779357910156477,4.069750722249371,66.34166685740153,95.84398047129314,29.22916677594185,34.07160256359177,30.20138585276098,-8.967559560139932,-1.6704289754231354,1028.22341796875,15.43994508186976,37.5808337405324,1535.1600494384766,5.926812744140648,3.6656433105468977,4.575430806477887,66.40786902109782,82.83148169517517,13.736111138015985,31.334285551868,27.83950268866974,-8.378182474772132,-1.1801717122395416,1029.071875,10.793726156155268,41.34870373209318,1390.4962259928386,5.829187011718773,3.3129516601562727,4.377507781982445,66.93055645624797,85.50555499394734,27.18055549263954,32.60158314789888,28.10987440818398,-8.623409016927042,-1.2671162923176666,1029.0494270833333,13.007162183523178,41.87333273639282,1434.8818740844727
2022-01-21,6.891717529296898,4.319970703125023,5.8170537312825745,78.4055569966634,97.44722239176433,46.02777826786041,23.868675118576785,19.76283441675781,-5.182222747802712,2.308925882975302,1033.5514973958334,-3.4175859523626664,18.792592896769445,742.7004725138346,7.225976562500023,4.746118164062523,6.288842773437523,84.04722150166829,99.64444541931152,80.13194417953491,27.96134474294365,23.32094995014344,-4.4982195536295535,3.761287943522177,1032.189072265625,-9.300340640048185,12.764536752055088,865.0107879638672,7.265313720703148,4.729211425781273,5.8941614786784085,79.4856497446696,91.7865735689799,43.56249916553497,24.49612421300767,20.26476681520285,-5.015753173828102,2.5691530863444427,1033.4654166666667,-2.646012844828268,25.594073669364054,763.3713836669922,7.582910156250023,4.606835937500023,6.329310353597028,80.41249942779541,97.8037036259969,67.42361068725586,26.493240547190037,23.264879966724806,-4.398800913492835,3.1705960591634152,1032.2799609375,-10.71325800816218,22.448147910336655,852.2479629516602,6.688104248046898,4.532037353515648,5.7245142618815335,79.76759020487468,96.4416675567627,31.597222447395325,23.39930825673431,19.60807423273889,-5.074911499023415,2.4596801757812727,1033.4367220052084,-1.4036358048518498,12.488889001309872,724.7845026652018,7.153680419921898,4.455010986328148,6.036093648274762,81.67083358764648,96.3962968190511,75.27083349227905,23.673840764738923,20.891759308604726,-4.851848347981729,3.1010655721028684,1032.7944889322916,-6.51553147037824,15.386666744947433,790.4805234273275,6.818261718750023,4.295739746093773,5.605856831868512,79.42361164093018,86.86620330810547,16.76388907432556,22.436876161018066,19.04704964834634,-5.003177388509073,2.2868642171223996,1033.5850553385417,1.665364493926366,19.035647799571354,683.5821317036947,6.971307373046898,4.387475585937523,5.925082143147809,80.85601870218913,98.7342586517334,55.52083396911621,24.49899219609312,20.184617755650713,-5.174258931477823,2.8464701334635834,1033.2836783854168,-5.99947348361214,14.595740463584661,747.4120114644369
2022-01-22,7.726586914062523,5.356958007812523,6.760419464111351,84.01249885559082,88.32638915379842,15.47916692495346,21.40373344402163,14.860606582178198,1.4550669352213959,4.231941477457724,1033.6987760416666,-5.162568675975005,33.99388979872068,441.10324541727704,7.241632080078148,4.966485595703148,6.229750569661481,85.781481107076,73.20972168445587,53.9652783870697,18.144966428342563,13.956293969612323,2.0160881042480696,3.9905334472656477,1033.6586295572918,0.8523385922114054,18.444629564881325,398.9548381169637,7.764489746093773,5.595208740234398,6.8540003458659085,84.36573950449626,84.85185225804646,4.291666701436043,21.508209640341864,14.508797816569581,1.7307233174641965,4.376371002197288,1033.7781315104166,-7.481654393176238,44.580926125248276,414.2794049580892,7.154046630859398,4.696038818359398,6.113334910074893,83.28286997477214,64.3532407283783,52.77083230018616,17.444342134856964,13.172464301599474,2.2034278869629134,3.4502540588379134,1033.8543391927083,2.36402145276467,20.146573781967163,366.7014012336731,7.773217773437523,5.802270507812523,6.755330657959007,84.61944548288982,80.86296351750691,0.895833345130086,21.170577590129586,14.050185630376566,2.2027806599934934,4.3216657002766965,1033.6587109375,-8.425946741675338,43.26509312043587,378.96815554300946,7.321191406250023,5.040307617187523,6.44629313151044,83.32870388031006,77.59768605232239,38.63194489479065,19.201241187332254,14.049738659223726,2.1447311401367415,3.7975568135579465,1033.66384765625,-1.6021982828776042,21.427592426538467,421.13200696309406,7.678033447265648,4.916833496093773,6.307927703857445,86.18703683217366,60.59768684705099,0.2847222308628261,19.22729407450495,12.717096182942727,2.5598134358723996,4.143799082438193,1033.76361328125,-3.897363603115082,46.29620319604874,316.77150853474933,7.518273925781273,5.057244873046898,6.5442876180013245,82.44675985972087,73.5550940434138,21.28472238779068,19.971690548745162,14.769602839957514,2.3078615824381927,3.7449762980143646,1033.9511295572918,-3.4243854619562626,29.81879647572835,436.13287353515625
2022-01-23,8.221124267578148,4.191003417968773,6.363024648030621,78.32175954182942,71.46342574556668,5.548611104488373,8.61547083705812,5.039827231757368,2.8951507568359602,2.8087516784668196,1034.30056640625,1.8494371126095455,40.12796231607596,105.86597005526225,8.453515625000023,4.734307861328148,6.806206003824893,75.51620451609294,86.43472202618916,20.000000059604645,8.457261685531277,5.583545334612172,3.1217018127441634,2.715277608235681,1034.3158268229167,1.3292495633165042,28.739259026944637,148.9225231806437,7.917260742187523,4.007104492187523,6.27445500691734,82.08333237965901,79.18148212631543,5.895833417773247,7.86482743788425,5.31154523688381,3.248989359537802,3.395888264973962,1034.2243326822918,3.403270572423935,27.04777805755536,83.10320683320363,8.318566894531273,4.272943115234398,6.602689361572288,75.70000171661377,74.56527769565582,7.527777820825577,7.853962543957341,5.385877768334503,3.498970286051474,2.5544067382812727,1034.4794986979168,2.461875043809414,41.05935170998176,139.0558491150538,8.042474365234398,4.026757812500023,6.340024566650413,79.74305470784505,76.48055547475815,5.881944611668587,7.347833676527542,4.936666954842155,3.6353813171386946,3.0585940043131927,1034.52552734375,2.2176926707228026,31.913703825324774,79.86382563908894,7.983300781250023,4.362420654296898,6.5965438842773665,75.62638854980469,84.40231549739838,4.006944432854652,8.255401785622619,5.442165068902296,3.4612950642903684,2.523220316569052,1034.34111328125,3.3767571235075593,25.957963230709236,157.83833694458008,7.946740722656273,4.035424804687523,6.349795277913434,82.30370426177979,79.86481424172719,6.430555492639542,7.732697316150408,5.467885098915288,3.3409451802571652,3.5248593648274777,1034.6714420572916,2.4195333744088807,29.25472207243244,86.04817720254262,8.157495117187523,4.040704345703148,6.405306752522809,75.05648152033488,75.29305625955264,3.777777850627899,9.144748642361597,5.227980723762262,3.373689270019554,2.2397209167480696,1034.5566959635416,1.8210672587156296,39.512778586397566,159.85735205809274
2022-01-24,6.995080566406273,2.4701477050781477,4.162791188557965,81.793519337972,1.7606481822828453,2.8333332538604736,7.481994655461583,4.690058718288874,3.855690256754599,1.262690480550134,1034.2821549479168,18.07166675850749,63.56759288907051,76.97058232625325,7.222497558593773,2.9411865234375227,4.49360046386721,84.53055604298909,0.9689814529071251,6.0,8.386038988809041,6.886182122471401,2.419856007893884,2.0533907572428802,1034.4898372395833,15.408412347237268,62.95994550486406,97.54073866208394,6.707910156250023,2.2902160644531477,4.013598378499371,82.50972239176433,2.1569444813455143,1.3333333432674408,7.469951604320467,4.817479063986281,4.205664571126306,1.2398874918620209,1033.9804524739584,19.896554619073868,63.65703823169073,82.56283060709636,6.929467773437523,2.5082031250000227,4.185212707519554,82.63889026641846,0.19629629453023276,6.333333492279053,7.86420747933341,5.252389166022893,3.2158803304036496,1.421357727050804,1034.3135514322917,16.769283215204876,63.41887158155441,77.17751451333363,6.272729492187523,1.8890014648437727,3.640762583414736,82.61018625895183,3.9037035703659058,0.3333333358168602,7.804360874972419,5.042142988028263,4.265873209635458,0.8856636047363509,1033.9149283854167,21.840053260326385,63.82203813890616,94.82480192184448,7.071832275390648,2.6206909179687727,4.301170603434268,82.7481501897176,0.6555555708085498,6.500000238418579,7.856756345945524,5.885587392933073,3.5714330037434934,1.555201466878259,1034.1492252604166,16.370810841520626,63.449903731544815,80.86858693758647,5.911981201171898,1.6488281250000227,3.372607167561872,82.21666463216145,7.4768515969626606,0.1666666679084301,8.510278107333605,5.277668307434607,4.697941080729208,0.5448115030924896,1033.98859375,23.801097601652145,64.08842614293098,107.13216495513916,7.107385253906273,2.5423828125000227,4.272331492106143,81.18009408315022,0.6268518337359031,7.333333253860474,7.421970719095551,4.728342134517766,3.6110880533854584,1.2561787923177121,1033.817587890625,17.13241311411063,63.403442695736885,75.95649703343709
2022-01-25,6.158654785156273,1.7436157226562727,3.3049840291341375,83.05185317993164,0.07499999894450109,0.0,4.325709996400371,2.4398977332191016,2.5252077738444427,0.6583063761393646,1034.13732421875,16.6702344045043,64.12972025573254,83.21829175949097,6.843621826171898,2.4346862792968977,4.035120900472028,81.17731507619222,0.0,2.8333332538604736,8.028483284982048,4.107748767295617,2.016018168131552,1.033503468831384,1034.5275260416668,12.799850046634674,64.50083114206791,69.70235252380371,6.067529296875023,1.9329162597656477,3.345410919189476,83.4013900756836,0.7467592156026512,0.6666666716337204,5.501729016678793,2.687036583577307,2.702162679036462,0.7396357218424896,1034.132509765625,17.358639240264893,64.34500189125538,115.19626029332478,6.683374023437523,2.1112609863281477,3.773556009928408,81.7902790705363,0.0,1.3333333432674408,5.68352510391636,3.1978091830407482,2.3427215576172102,0.8826449076335052,1034.1034016927083,14.250713765621185,64.56629704435666,65.11591990788777,5.666772460937523,1.5705810546875227,3.0421145121256736,82.83055591583252,8.22037049382925,0.0,5.224932819455414,2.7852887808130204,3.0486910502116302,0.3458368937174896,1033.740869140625,19.413852095603943,64.17629504203796,131.55246782302856,6.306085205078148,1.7447448730468977,3.416491444905622,81.57546265920003,0.0,0.3333333358168602,5.728223884562298,3.117957628577131,2.378078715006552,0.49345677693685275,1033.64123046875,15.351899775365988,64.60027700662613,71.86606868108113,5.523828125000023,1.4427429199218977,2.925275421142601,82.62916660308838,15.767592748006185,0.0,6.339323759095122,3.127014111261557,3.375507609049521,0.18898798624678648,1033.75271484375,20.12645258506139,62.10083505014578,157.90980577468872,6.202020263671898,1.6580444335937727,3.2550521850586165,81.0481481552124,0.0,0.1666666679084301,5.703675180954243,2.9853713505790123,2.4734830220540402,0.2601587931315521,1034.1005045572917,16.329864564041298,64.38110932707787,75.90242179234822
2022-01-26,6.823876953125023,2.7370849609375227,5.097769673665387,83.54166666666667,80.44953711827596,0.7013889169320464,21.993636612640213,14.19490234395496,1.7815783182780365,2.4897336324056027,1030.7584635416667,-4.8444716694454355,45.13546249767145,382.7006429036458,7.014428710937523,2.7483459472656477,4.251323954264346,87.94814682006836,42.77407345889757,0.0,16.44660912491025,10.369018746191257,1.1383529663086165,2.3869491577148665,1032.5785970052084,5.738658378521602,50.10731370250384,203.74293740590414,6.579766845703148,4.047357177734398,5.090961710612002,80.48240534464519,94.73703797658284,1.4583333935588598,21.74812195603297,14.120304238601134,2.1729408264160384,1.9577308654785384,1030.8817545572917,-2.8910558223724365,45.84361258149147,450.6162961324056,7.111444091796898,2.7247558593750227,4.41687418619794,88.64305528004964,49.57916585355997,0.6666666716337204,19.549762937645667,11.355974342513116,0.9002065022786496,2.6674985249837277,1032.282568359375,3.632795035839081,52.50712917248408,227.0767364501953,6.433770751953148,3.8734680175781477,4.924197133382184,80.41805617014568,97.09120400746663,2.3888889104127884,21.799072890347524,14.94864034276303,2.1003649393717865,1.788704172770224,1030.9274479166668,-4.5197130516171455,34.8884255066514,495.95150629679364,6.733300781250023,2.6234985351562727,4.454579925537132,86.75046316782634,68.25092562039693,0.1597222234122455,21.283564292130997,12.181734170064066,1.4952255249023665,2.404012298584007,1031.215615234375,3.0044054786364236,51.834260215361915,278.6535930633545,6.333093261718773,3.6418090820312727,5.09976984659833,79.66203689575195,98.92777792612712,2.284722186625004,22.459733520085344,15.5865860018372,2.341322835286462,1.8606964111328352,1030.8006510416667,-7.507355113824208,24.55453723669052,552.9082514444987,6.913140869140648,3.1078430175781477,4.913582102457705,85.63379796346028,82.15740807851155,0.11805555643513799,22.360837006837162,13.4032564742988,1.7329027811686615,2.6625000000000227,1031.142373046875,-3.909486223012209,48.494166831175484,332.3581682840983
2022-01-27,8.416070556640648,5.715112304687523,7.0540634155273665,84.03379535675049,81.87870375315349,10.701388850808144,29.25149434697227,26.25766467483199,0.2692670186360715,4.486995951334677,1024.4703385416667,-9.447894940773645,12.5452776029706,715.7989400227865,8.342187500000023,5.561883544921898,6.891631062825543,84.84953753153484,77.162036438783,14.201388981193304,29.831804753456083,26.69985462125037,0.08764546712239962,4.478897349039755,1023.63693359375,-11.0390959456563,10.766759073982636,706.4419593811035,8.606225585937523,6.026879882812523,7.181541697184268,83.4893528620402,80.82962948083878,22.201388772577047,30.12907484012589,27.277585085873643,0.07999191284181961,4.518158213297568,1024.2533626302084,-10.032331926127275,18.337870546306174,775.7230555216471,7.899438476562523,5.561120605468773,6.667226409912132,86.91296291351318,91.43379720052083,15.92361118644476,28.49451883613815,24.74885928832462,0.5691098531087277,4.622839864095056,1024.238935546875,-7.809310858448346,6.587407278517882,617.8615392049154,8.594232177734398,6.211755371093773,7.260415649414085,82.29213015238444,85.05185222625732,13.958333290182054,31.637107033709242,28.48314593225445,-0.33824386596677414,4.39361470540365,1023.771142578125,-10.15138872837027,21.25750022754073,849.1230850219727,8.443139648437523,5.476647949218773,6.765423075358096,84.34861183166504,90.27175871531169,17.784721963107586,29.21150922911522,26.224779942493228,0.2497675577799896,4.263455963134788,1024.5004069010417,-10.820673272013664,15.818611149986586,705.6118952433268,8.601892089843773,5.998071289062523,7.125852203369163,82.41944471995036,85.13148109118144,23.62499962747097,31.475532340449547,28.48461027049432,-0.4170262654621979,4.284688568115257,1023.6503059895833,-8.996869588891665,23.687777653336525,864.8195470174154,8.338342285156273,5.615167236328148,6.890950775146507,85.14722124735515,82.7870362897714,25.423611238598824,28.961276500124054,25.290825582423434,0.4404286702473996,4.537934875488304,1024.500859375,-9.036923818600675,12.37249967828393,660.3994344075521
2022-01-28,7.665979003906273,4.542779541015648,6.199922180175804,75.37361017862956,48.3893518447876,23.659722089767456,26.932477274951484,19.684396553365463,-2.5416028340657135,2.089418029785179,1032.0029947916667,3.6618665655454,63.03703557451566,681.939744313558,8.121026611328148,5.415063476562523,6.5543787638346585,80.5874973932902,70.54583344856898,19.770833611488342,24.86596042818591,17.011663220279704,-2.3389775594075104,3.4307278951009152,1031.7829622395832,-0.4351313076913357,51.949259489774704,547.8782450358073,7.805780029296898,4.622735595703148,6.289927419026715,76.26759211222331,40.27592635154724,24.666666984558105,26.226021925276587,19.018382447628284,-2.4372886657714616,2.348065948486351,1032.0781966145832,2.9745269417762756,65.3788889447848,664.5499827067057,7.906915283203148,4.956597900390648,6.419924672444684,77.54537105560303,72.21481440464656,37.82638764381409,23.46878874669429,16.800930241508336,-2.543028259277321,2.7280059814453352,1032.068505859375,2.0827619234720864,51.75296195348104,575.3180669148763,7.921563720703148,4.612084960937523,6.381182607014996,76.81064796447754,51.37962955236435,6.159722298383713,27.269340738073854,19.01789452924287,-2.364511871337868,2.5518547058105696,1031.9567220052083,1.7578095495700836,63.56666695078214,676.3247718811035,7.732934570312523,4.560784912109398,6.277277882893903,74.84444443384807,56.38703622420629,27.81249976158142,26.373585343854185,19.338912250933674,-2.906352742512979,2.078192647298181,1032.035283203125,3.0757824083169303,60.57185139258703,680.8930231730143,8.115441894531273,4.826013183593773,6.555047607421898,78.98749828338623,51.17916629711787,0.0,26.301661100887024,18.536571444151594,-2.1315266927082916,3.1265846252441634,1031.733330078125,0.32525332768758136,63.570648143688835,613.2802575429281,7.639154052734398,4.418389892578148,6.125939941406273,75.72731431325276,50.760648330052696,44.81944501399994,27.341798321135148,20.080425478549753,-2.845432027180948,2.1046259562174896,1032.413623046875,3.9731916723152003,59.93703734874725,695.6646995544434
2022-01-29,10.514489746093773,6.864923095703148,8.404615020751976,83.05648104349773,72.38703715801239,0.6249999906867743,38.39154070099451,31.03649489898558,2.0363937377929915,5.599051411946618,1023.6176236979168,-14.254528944691023,54.931850880384445,817.2383651733398,10.790155029296898,6.661492919921898,8.64523849487307,82.52175871531169,82.86898183822632,24.750000178813934,40.49508472878593,32.59612334989348,1.8156562805176009,5.742275492350302,1022.6265852864583,-18.67399726311366,49.984259302417435,872.9033063252767,10.608789062500023,6.844171142578148,8.517524973551454,83.31805451711018,80.75555578867595,1.0625000037252903,36.100163955881534,30.68797302364415,1.8819035847981809,5.756992594401083,1024.1183235677083,-15.791747033596039,40.585647324721016,843.2096239725748,10.456384277343773,6.993768310546898,8.605865732828798,85.66064834594727,76.1032407283783,25.451388835906982,33.879511273292366,28.659701519883424,2.5419708251953352,6.270956929524743,1024.1181380208334,-19.32381980617841,52.793147479494415,748.5065625508627,10.916192626953148,6.986474609375023,8.65119578043622,82.58749961853027,85.37916628519694,1.4305555690079927,39.58766365986859,32.112509448768854,2.059901173909509,5.763948059082054,1023.4770442708333,-17.161373170713585,40.996944765249886,878.8708521525065,10.718804931640648,7.094018554687523,8.691506958007835,84.9527775446574,70.17036890983582,7.340277701616287,35.73011521196712,30.08057557468292,2.3934544881184934,6.231568908691429,1023.6999251302083,-16.665661628047626,57.63527866701285,804.7975845336914,10.925561523437523,7.052606201171898,8.712527211507185,81.7699089050293,80.63796162605286,1.7708333381451666,40.98657899007284,32.22935810019499,2.1226287841797102,5.6777880350749115,1023.5108626302083,-17.41057653228442,49.075276965896286,909.5346298217773,10.458337402343773,6.907983398437523,8.490258789062523,84.39259274800618,73.07592624425888,0.9097222313284874,33.87454003752109,29.262492693532806,2.5045015970866302,5.934294637044275,1024.0332063802082,-14.540599256753922,51.87138921022415,793.0260823567709
2022-01-30,7.137689208984398,5.076409912109398,6.094665781656924,67.70925951004028,44.1361110607783,6.381944328546524,32.40987155315691,22.549887645618735,-3.829051717122354,0.5251925150553802,1027.8631087239582,15.736142665147781,54.52536936601003,1053.5178680419922,6.951776123046898,4.504113769531273,5.66031417846682,70.5384259223938,43.76666736602783,2.902777746319771,30.749245305218068,21.124924530873333,-3.5587168375651004,0.668336486816429,1026.8839485677083,17.4772793451945,46.375834196805954,938.8661257425944,7.228814697265648,5.356958007812523,6.209073638916038,66.88703632354736,42.43194421132406,4.979166716337204,32.6810645914304,22.590333921171503,-3.8215901692707916,0.4609479268391965,1027.7763248697918,13.760254114866257,62.421481013298035,1068.603151957194,6.832635498046898,4.413110351562523,5.7472702026367415,70.02453740437825,48.781943360964455,4.562500044703484,31.19202069524474,21.65516376882158,-3.300090535481729,0.6603307088216184,1028.2472102864583,19.19854351381461,36.52564979592959,947.4041213989258,7.392022705078148,5.298669433593773,6.179703013102237,69.33101797103882,34.48148129383723,3.791666656732559,31.68987202413509,21.841014415194987,-3.1641906738281023,0.9412577311198334,1027.592919921875,14.529013934234777,72.14231379826863,962.3024470011393,6.886773681640648,4.656304931640648,5.828431701660179,69.43796189626057,44.92592606941859,4.826388850808144,31.834309743227376,21.396229468186238,-3.4479583740234148,0.6184605916341184,1027.3776399739584,17.463372809191544,49.59157364567121,966.2540613810221,7.680780029296898,5.216668701171898,6.165250396728538,69.15740871429443,33.92824045817057,2.243055522441864,32.19625687059413,21.481003316943013,-3.316044871012366,0.8908960978190521,1027.7377897135418,14.9230039169391,72.63203504681587,934.6587727864584,6.813745117187523,4.677941894531273,5.79160588582359,69.93611192703247,54.53796295324961,6.263888940215111,31.24529453971425,21.058366766880994,-4.422991180419899,0.6890007019043196,1027.6047037760418,19.94295947626233,21.158981909354527,935.519832611084
2022-01-31,6.966241455078148,4.803918457031273,5.581082916259788,72.33055623372395,93.44536987940471,66.944444892928,54.13803908658212,41.54012210312413,-5.576451365152991,0.9423894246419309,1013.9215299479167,10.737405015931776,31.801295797030132,1546.265546162923,6.851220703125023,4.832421875000023,5.6385564168294495,80.33425839742024,95.69027709960938,159.3402774631977,52.5823269298986,39.688573269652814,-4.63479080200193,2.462398783365927,1013.549345703125,10.848400005449852,13.607129571338495,1368.4143447875977,6.905541992187523,4.811059570312523,5.517271931966168,72.81064923604329,87.70000060399373,93.52083297073841,54.75778004664875,41.73016498954319,-5.751039886474587,0.9556098937988509,1013.6147623697917,11.53848159685731,37.720186005036034,1577.714619954427,6.972222900390648,5.000573730468773,5.824909464518252,77.79768498738606,95.17129580179851,150.49305486679077,55.148697416129906,38.50897697457608,-4.837040964762366,2.1753542582194427,1014.7122721354167,9.30846639474233,25.98222194860379,1368.4119059244792,6.875360107421898,4.504937744140648,5.357567087809268,74.7708330154419,90.99814732869466,128.90972192585468,56.809110633026215,41.37829832814622,-5.738437398274698,1.1598716735840071,1013.2923111979167,11.475791443139315,47.62990796690186,1567.0925750732422,6.863488769531273,4.859918212890648,5.46939875284833,77.62407334645589,89.32592646280925,156.27777743339539,57.36287074976422,42.163120611859334,-5.11900939941404,1.8071940104167084,1012.79587890625,12.45252151787281,17.883796125650406,1474.3056971232097,6.926690673828148,4.541375732421898,5.37046076456708,77.50370343526204,94.23101838429768,117.49305456876755,56.334538965696815,42.17041324781645,-5.244317118326819,1.7020711263020871,1012.6958854166667,12.123545330483466,20.792778032521408,1486.2708409627278,6.992913818359398,4.638116455078148,5.526808675130231,75.72916650772095,91.037500222524,111.69444538652897,56.561108925477065,42.35667847365959,-5.300143941243448,1.5107615152995209,1013.0141796875,12.045309389630953,21.99240714808305,1524.116419474284
2022-02-01,9.078393554687523,4.572106933593773,6.807646687825543,81.55324109395345,96.59212970733643,197.9861125946045,34.06752434940617,27.677059914333086,-2.8982630411783816,3.814814503987634,1016.6595084635417,-9.530630429585775,13.827963064114252,940.6958618164062,9.385003662109398,4.916528320312523,7.116587575276715,82.55138874053955,94.6370366414388,101.52777791023254,35.03223069503635,28.30398854346589,-2.617216491699196,4.294948832194052,1015.88392578125,-11.447303831577301,13.795833244919777,941.6844202677408,9.211083984375023,4.871301269531273,6.990773773193382,81.99953715006511,96.33055591583252,62.04861092567444,35.14088724610745,28.389032522072938,-2.700566355387366,4.083511606852255,1016.3994856770832,-10.205975403388342,16.279629009465378,953.5792465209961,9.238519287109398,4.773339843750023,7.247722880045596,84.65277735392253,93.3101863861084,132.99305534362793,33.92801745493951,27.74640948650739,-2.201623026529944,4.7813341776530365,1015.7325618489583,-12.08510939280192,8.283426076173782,905.4081700642904,9.191186523437523,4.796838378906273,7.035511271158877,83.07962894439697,93.1537052790324,32.00694492459297,34.91458523935451,28.371280292720233,-2.508548482259073,4.318524932861351,1015.8177311197917,-11.174095759789148,24.7064819013079,946.9601847330729,9.039239501953148,4.740533447265648,6.917712148030621,85.16666793823242,98.17916520436604,179.5694456100464,32.29918510615306,26.835844522429756,-2.213144683837868,4.547565714518271,1016.4445638020833,-10.194347282250723,13.564999983956417,850.3126653035482,9.187280273437523,4.729425048828148,7.005474344889346,82.22407341003418,95.16805537541707,23.680555544793606,35.8466928447322,28.135449072977448,-2.625523630777991,4.132769521077478,1015.8264485677083,-12.405042548974356,26.795647848397493,965.793352762858,8.985833740234398,4.696130371093773,6.866901652018252,83.06527773539226,96.67916647593181,172.1944432258606,33.66476444502197,27.82282086330586,-2.584911092122354,4.134389495849632,1016.5631282552083,-9.262724101543427,11.112222456683716,921.9983825683594
2022-02-02,7.984399414062523,6.684838867187523,7.314021046956403,86.00694402058919,97.47592767079671,61.11111068725586,31.85495103324202,17.456315913981552,-1.7314997355143191,5.087431844075525,1017.795869140625,-0.11869769015659888,28.71861059466998,581.5917929808298,8.799859619140648,6.912622070312523,7.660595194498721,85.70972220102946,93.12685171763103,228.2777795791626,29.51037973584405,18.618206096769907,-1.2489456176757585,5.3816759745280365,1019.5703743489582,-4.0977573071916895,30.247037808100384,603.009033203125,8.178979492187523,6.679742431640648,7.469757334391299,84.31898053487141,98.80277824401855,61.56944513320923,32.3477393681998,18.169749311246406,-1.4992469787597429,4.947951253255212,1017.9683626302083,-1.3307916813840468,23.239074269930523,632.7049624125162,8.276330566406273,7.038262939453148,7.583985900878929,86.25925890604655,97.44722270965576,95.5972228050232,30.361709856933167,18.37486876504402,-1.2511810302734148,5.407622273763025,1018.8455045572917,-4.253115685656667,13.57796303431193,625.9135869344076,8.155572509765648,6.588922119140648,7.391929880778018,83.90046342213948,97.88379700978597,25.874999701976776,30.82013138280714,18.055807065920828,-1.4689697265624773,4.802345530192099,1018.3377897135417,0.09095344009498756,20.894815266132355,619.1692530314127,8.739282226562523,6.870446777343773,7.7222050984700745,84.41851806640625,87.3884261449178,64.9791669845581,31.698815630602123,18.798944951668272,-1.6908579508463504,5.208768463134788,1018.0506608072917,-7.593146579495321,58.690371404091515,662.9769331614176,8.712670898437523,6.842828369140648,7.818175252278668,83.11944389343262,92.46203804016113,22.979166746139526,32.00379871371825,18.064609284927148,-1.4388247172037723,5.072003936767601,1018.3192643229168,-5.192992314696312,47.38110908865929,614.4537671407064,8.031701660156273,6.980249023437523,7.4844019571940335,87.4208329518636,98.39907455444336,60.479167461395264,31.394687979480555,18.624467043118866,-1.1868118286132585,5.502598063151083,1017.9011686197917,-3.3173078323403993,14.241296499967575,605.7614822387695
2022-02-03,8.535882568359398,6.744958496093773,7.7170781453450745,89.22916666666667,92.71898078918457,7.715277880430222,21.489329609992385,18.294841508069368,0.33655064900716525,6.037465667724632,1014.9355338541667,-1.1199938195447128,46.116667260726295,493.5531628926595,8.707940673828148,6.657525634765648,7.655027008056663,88.70416641235352,98.70324071248372,65.29166746139526,22.37618845498123,16.883121160520812,0.5077987670898665,5.868227895100915,1016.2312109375,-9.016664000848928,53.330092231432594,471.33440097173053,8.565637207031273,7.221002197265648,7.8846196492513245,88.19305451711018,97.66944408416748,3.4513888731598854,21.581665971710812,18.356790105759973,0.4246078491211165,6.0232953389485715,1014.95291015625,-0.3944369483118256,29.094073235988617,522.4883817036947,8.780114746093773,7.036645507812523,7.715777333577496,89.51574007670085,89.58009211222331,66.15972137451172,24.042369110648856,18.53608126442209,0.4985036214192746,6.078839874267601,1015.9705436197917,-6.0770267223318415,56.75564909974734,471.93735758463544,8.639062500000023,7.337762451171898,7.972871398925804,87.21111075083415,99.13564809163411,3.437500074505806,22.325666314387938,19.071379792797373,0.614466603597009,5.930738067626976,1014.51712890625,-4.178421964248021,40.492036859194435,570.9624010721842,8.829522705078148,7.015954589843773,7.685680643717471,87.32036972045898,94.10601870218913,33.0,21.17729670708495,18.13185710125421,0.06012369791670835,5.683782196044945,1015.7971451822917,-5.080420208474,59.48777829607328,472.97347768147785,8.671166992187523,7.277520751953148,8.04821675618492,86.99583276112874,99.84768517812093,2.8819444198161364,21.935375455607883,18.861901903278355,-0.0781450907389285,5.98316599527999,1014.1306477864583,-4.0321411192417145,23.315463110804558,547.0944455464681,8.915155029296898,6.704797363281273,7.708790079752627,87.44074122111003,93.40787124633789,26.298612117767334,21.446718772909424,18.054115629236396,0.03768183390303648,5.713099416097009,1015.429580078125,-2.710257314145565,56.57287193338076,493.49073028564453
2022-02-04,9.001794433593773,4.417474365234398,7.014365132649762,77.44583320617676,83.14629604419072,71.46527844667435,37.67200193586028,28.48210903213219,-2.5985994974772098,3.291200256347679,1009.0541243489583,14.352049835491925,18.66518572966258,968.8833847045898,8.783441162109398,2.9807373046875227,6.459689076741559,80.9111099243164,96.1111110051473,85.12499982118607,33.869304028884294,27.48641044049334,-2.7840115865071198,3.3649841308593977,1008.430380859375,19.530855973561604,9.162722110748291,891.7136840820312,9.087030029296898,4.537957763671898,7.1042444864909085,77.61481444040935,82.5967587629954,60.26388901472092,36.333194457514956,27.87571572758171,-2.4407117207844635,3.4187917073567746,1008.9742936197918,14.572176934530338,15.040518522262573,919.1651458740234,9.060510253906273,3.5449462890625227,6.790101623535179,78.73333326975505,83.76713009675343,57.81250047683716,35.14579909654754,28.275779235095758,-2.4662841796874773,3.307324981689476,1009.80509765625,17.71110302209854,14.576185405254364,927.2171986897787,8.960870361328148,3.9741455078125227,6.803603108723981,80.03935209910075,84.6833332379659,78.05555605888367,35.71993416427919,28.518218176252834,-2.3405517578124773,3.553571319580101,1008.6986653645832,17.84282726949702,11.689629832903544,935.2679074605306,8.721337890625023,4.271539306640648,6.870491282145205,77.55972131093343,88.07777746518452,84.85416620969772,35.64080313415502,29.41522285845548,-2.7712310791015398,3.1731989542643646,1008.417900390625,16.88102774322033,14.88222219546636,992.7818069458008,8.834466552734398,3.8765808105468977,6.842768605550153,79.72083377838135,88.63101824124654,63.513888996094465,35.66279143034126,28.688689211552965,-2.3825770060221316,3.5363746643066634,1008.369697265625,16.420746963471174,9.942129770914713,941.1211255391439,8.959558105468773,5.382470703125023,7.1326461791992415,78.5935173034668,83.98194422324498,74.88888844847679,37.791116670503854,29.505302619436176,-2.3447212219238054,3.6258407592773665,1008.354375,14.933907624023655,12.612111131350199,988.5214716593424
2022-02-05,7.885003662109398,4.538293457031273,6.054930623372418,75.6194445292155,54.08842587471008,196.75000095367432,42.21974224312914,31.18545218330071,-4.5287854512532135,2.0488309224446652,1016.6122819010417,2.762681782245636,64.96535130341847,1091.4894205729167,8.265771484375023,4.581109619140648,6.257590230306012,74.01620356241862,47.61527806520462,151.19444370269775,41.72301269172775,30.77202499019006,-4.556208038330055,1.9541692097981809,1017.6024934895833,1.469381590684255,71.43416730562846,1079.7638092041016,7.741815185546898,4.663110351562523,6.182477569580101,74.3203706741333,50.09259275595347,169.73611116409302,43.27386813719379,30.667884133805956,-4.587983194986975,1.9325792948405365,1016.65828125,3.3333820501963296,68.98842300971349,1094.1806564331055,8.303216552734398,4.475244140625023,6.224476114908877,75.15833282470703,44.38425968090693,135.82639074325562,42.09665756765028,30.188832920142545,-4.450106048583962,2.135676320393884,1017.392841796875,1.9014376004536946,73.65027900536855,1039.8235499064128,7.876458740234398,4.418511962890648,6.102877553304059,73.19444433848064,52.7624996304512,162.72222423553467,41.99131215032287,31.296996859623846,-4.702921295165993,1.6275637308756927,1016.2379557291667,4.401135737697284,61.57633328437805,1126.1835428873699,8.132623291015648,4.501153564453148,6.158615366617862,76.7449083328247,52.84305679798126,196.64583206176758,41.40227290492033,30.89151113670805,-4.3292310078938385,2.366011555989587,1016.5966080729168,1.2640370925267537,70.0079995195071,1056.0671946207683,7.940484619140648,4.680627441406273,6.237566884358746,77.72731494903564,53.57546226183573,19.173611164093018,40.41658914223261,30.270201641907985,-4.13527908325193,2.6140291849772552,1015.7549674479167,3.063912868499756,63.630887846151985,1046.0713526407878,8.048944091796898,4.583062744140648,6.125534311930362,75.32175922393799,53.90370388825735,178.0138897895813,42.14156153788448,31.188598363348063,-4.604494476318337,2.0686444600423215,1016.8491373697917,2.0746720234553018,67.69024016459782,1096.1499252319336
2022-02-06,8.687432861328148,4.327050781250023,7.090384419759137,82.80324045817058,99.8555555343628,318.23611283302307,48.57230404874429,41.45921859197325,-2.5798553466796648,4.338835652669275,1002.3305436197917,3.9739901622136435,19.802778631448746,1468.8651733398438,8.753228759765648,4.845391845703148,7.588095601399762,80.90185292561848,97.93981583913167,498.7152805328369,49.20603821237058,41.97879998717709,-2.2605906168619754,4.493555959065759,1002.9604752604167,-4.1767406227688,40.783426048854984,1536.9822184244792,8.741723632812523,4.339379882812523,7.159944152832054,82.76712894439697,99.9921293258667,351.02083349227905,47.099573649080725,41.430323758651916,-2.4428860982258698,4.4009808858235715,1002.4191796875,5.763067285219829,16.12648178388675,1440.3658345540364,8.920648193359398,4.869012451171898,7.7144739786784085,80.70648193359375,99.47731494903564,426.2916650772095,50.0311926352602,41.45751766651467,-2.2077150980631473,4.583361562093103,1003.2195052083333,-5.355222215255101,28.028796671579283,1519.930425008138,8.907983398437523,4.254327392578148,7.207794443766299,82.29259300231934,99.98842589060466,312.6597213745117,47.25359923285888,41.063798288287174,-2.491594696044899,4.37529017130538,1002.3732552083333,3.2760845025380454,23.034166872501373,1433.9617004394531,8.748345947265648,3.9952026367187727,7.269104258219424,82.01805559794109,99.45324103037517,431.0416650772095,46.92108970556772,41.90622122961937,-2.4891113281249773,4.38233591715499,1002.2942154947917,-0.3950212001800537,28.70416759947936,1499.694356282552,8.782373046875023,4.314141845703148,7.408258056640648,82.54213110605876,100.0,319.31943941116333,47.02256578030941,40.900275745206,-2.2693758646647098,4.61252110799154,1002.1058235677083,1.1537852982680004,27.873333459099133,1415.7545420328777,8.864312744140648,4.491448974609398,7.134057617187523,81.4250005086263,99.65462938944499,280.67360758781433,47.68523993129562,42.04541332251446,-2.6082544962565066,4.141585286458337,1002.26474609375,1.9409913619359334,30.742128513753414,1476.3031565348308
2022-02-07,6.969018554687523,4.490075683593773,5.6985234578450745,71.74861145019531,39.008332312107086,312.81249809265137,37.54225683991587,27.400835654464885,-4.439067586262979,0.9804130554199446,1021.1617610677083,9.420678893725077,84.80042537053426,1011.0944315592448,6.941033935546898,4.366815185546898,5.655313110351585,73.39027722676595,28.94351816177368,514.2500057220459,43.560218296069635,27.06457389824837,-4.447005971272745,1.2561190287272552,1021.6153157552083,8.511069733028611,85.24690576394399,979.5464859008789,7.032006835937523,4.557366943359398,5.6891647338867415,72.48842557271321,33.631019035975136,256.2638874053955,37.723192290910134,27.154799669182918,-4.171495819091774,1.1185114542643646,1021.3196712239583,11.685743600130081,84.04749989509583,963.6324577331543,7.120355224609398,4.319421386718773,5.792615509033226,73.55694548288982,37.316203554471336,561.5069351196289,41.062762957511076,28.059108081475454,-4.228350067138649,1.4148778279622434,1021.3487923177083,5.873897795875867,84.40681771437328,1012.4605407714844,6.811212158203148,4.656121826171898,5.628608957926455,73.12823963165283,28.419443865617115,122.06249809265137,38.442155823353495,27.197558632885148,-3.9774256388346316,1.1743815104167084,1020.7731998697917,12.820586770772934,84.52157211303711,953.2104110717773,7.148553466796898,4.280267333984398,5.72202072143557,72.12731552124023,46.043055057525635,477.7083396911621,38.450210595586235,27.037275785963676,-4.4011126200358035,1.0771957397461165,1021.3456868489583,8.072853155434132,84.81729539235432,999.2240753173828,6.755426025390648,4.759210205078148,5.531049346923851,73.92824172973633,22.6527774532636,45.20138871669769,36.56077523398578,26.058836961842374,-3.8813550313313385,1.2309687296549896,1020.770068359375,13.651043951511383,84.5948150952657,904.5935592651367,7.081079101562523,4.432153320312523,5.840039825439476,71.17037041982015,47.857869843641915,486.66666412353516,36.56647952025655,27.7077807607814,-4.334775034586585,1.0039599100749115,1021.262294921875,7.404595007499059,85.125963250796,1044.831687927246
2022-02-08,10.410913085937523,6.948175048828148,8.672659810384138,82.39398161570232,68.86018490791321,4.048611059784889,27.49383591005699,24.381983744919363,2.0400011698405365,5.7683578491211165,1025.6383854166668,-21.026486436525982,66.45444361368816,565.2109222412109,10.238916015625023,6.973046875000023,8.678086853027366,82.32314777374268,79.47083409627278,317.34027671813965,28.23529990745761,25.30719331842141,1.5325688680013059,5.7733322143554915,1026.3508723958332,-20.073257957895596,55.229797065258026,598.2472699483236,9.783258056640648,7.202355957031273,8.669581349690779,82.29629580179851,77.87453730901082,2.8263889476656914,27.6799033484101,24.67870105702743,2.1348205566406477,5.76156895955404,1025.3001725260417,-17.956179561714332,40.45744375387827,562.1484451293945,10.175805664062523,6.495751953125023,8.483145650227888,82.70648256937663,80.76435216267903,260.3472261428833,27.28609131877874,24.34099280003042,1.7138356526692746,5.654145812988304,1026.575703125,-22.129906833171844,67.13340623180072,569.8831888834635,9.469964599609398,7.432397460937523,8.654080963134788,82.5777775446574,82.61249987284343,2.673611093312502,27.82574506758516,24.90403518575251,1.7671142578125227,5.80939636230471,1024.9673763020833,-18.051842026412487,40.01766800880432,552.0422477722168,9.795922851562523,6.726770019531273,8.517976379394554,83.33148256937663,91.52268473307292,128.40277910232544,26.775788175370042,24.548697101278634,1.5398040771484602,5.80392990112307,1025.7290755208332,-17.1717747648557,24.73796276251475,569.079485575358,9.708978271484398,7.530572509765648,8.725067392985048,83.66064707438152,85.00185108184814,2.5694444067776203,28.007993616470845,24.602646268595198,1.795662180582724,6.07862497965499,1024.749013671875,-19.555520681043465,42.78862923383713,530.1696968078613,10.242730712890648,6.530816650390648,8.56944300333661,82.46342658996582,85.6481482187907,48.47222363948822,26.962510257339062,24.385166993650984,1.5951845804850677,5.692075347900413,1025.7109928385416,-21.10349065562089,48.61835217475891,553.0326817830404
2022-02-09,9.797875976562523,7.581079101562523,8.54200388590497,82.28194395701091,82.8513895670573,2.291666705161333,25.320151584504604,18.99989273557863,0.5565175374348996,5.623560841878259,1023.5773470052083,-5.123589038848877,22.608129223187763,549.6492443084717,9.400445556640648,7.583276367187523,8.493513997395857,80.18101978302002,82.86388969421387,6.513888865709305,25.54441624945181,18.20049786783379,0.8431538899739621,5.212665812174521,1024.2997330729168,-3.980133649582664,21.81814847389857,563.5161507924398,9.824853515625023,7.929132080078148,8.738726552327497,79.49536927541097,93.19212929407756,1.8472222536802292,25.87698109131228,19.886087112270477,0.6130945841471771,5.323065694173181,1023.5569075520833,-7.044285794099172,20.43081521987915,594.3735160827637,9.877801513671898,7.634606933593773,8.552939351399763,79.67037041982015,94.63611030578613,5.340277820825577,25.50909923132516,19.195206198512896,0.9598289489746321,5.159315999348962,1023.7103059895833,-7.459404836098353,24.537630438804626,605.7402477264404,9.736962890625023,7.696771240234398,8.673618570963564,82.07407410939534,92.36435174942017,3.8958333642221987,25.754752192793433,19.167014443665643,0.458320871988974,5.722656504313193,1023.5101302083333,-7.495954593022664,17.33907425403595,587.7166001001993,9.391229248046898,7.346887207031273,8.120989735921247,84.1370366414388,69.04398149251938,5.708333343267441,25.472623777755942,18.330118695164888,0.9498738606770871,5.5354782104492415,1023.7305924479167,-2.461235632499059,22.272425889968872,495.59461212158203,9.849847412109398,7.926171875000023,8.761131540934267,82.67314751942952,96.1666669845581,4.63888892531395,24.935161492997224,19.18628770131984,0.2358871459961165,5.924829101562523,1023.2776953125,-6.795012493928273,14.716592421134314,624.2030639648438,9.449151611328148,7.457238769531273,8.24894485473635,82.80324077606201,65.18472242355347,4.08333332836628,25.80756477644195,19.13922840360875,0.7841023763020871,5.43185704549154,1023.60275390625,-2.828824356198311,21.75268562634786,509.1089445749919
2022-02-10,8.066918945312523,5.294366455078148,6.442290242513043,75.60509141286214,98.50138854980469,36.33333334326744,31.365903917921713,16.564143245812296,-3.777702077229776,2.3378692626953352,1020.6415462239582,15.489297797282537,36.66207410891851,799.0767701466879,7.664758300781273,3.7382446289062727,5.329610443115257,85.12916628519694,98.0,106.93055611848831,17.42037249302104,11.924535062419187,-3.9729802449543854,2.9490651448567746,1021.3539615885417,24.243950327237446,13.587796613574028,510.5194896062215,8.211694335937523,4.887597656250023,6.507277425130231,77.95740795135498,94.600000222524,47.9930557012558,25.228629568555387,16.06587963225724,-3.6253049214680573,2.849286651611351,1020.7057421875,14.959248231103023,38.37272071838379,753.3642311096191,7.958062744140648,4.030877685546898,6.048727925618512,83.61944421132405,97.31527741750081,81.8263892531395,22.484745184958577,14.236466413052211,-3.5979370117187273,3.388300832112634,1020.1352506510417,17.661729395389557,19.002907427648704,634.6181348164877,8.172448730468773,5.025079345703148,6.194231923421246,80.49583594004314,97.49675877888997,68.06944520771503,25.71313399906408,14.808850709637758,-3.5835708618163835,2.995173390706384,1019.668486328125,17.446443965037663,30.465111682812374,678.3140589396158,7.659997558593773,3.9932800292968977,5.926365152994815,87.1805550257365,98.8467591603597,111.69444406032562,26.610499506974186,13.321270677216665,-3.2615137736002566,3.8930590311686615,1019.5706705729167,20.24931824207306,9.765462758640448,527.2050336201986,8.062890625000023,5.103234863281273,6.633115386962913,80.2601842880249,97.69166660308838,56.17361128330231,21.522493814788525,14.007321631215873,-3.2585472106933366,3.3859433492024777,1019.4700911458333,15.047562797864279,34.89424140751362,639.5525436401367,7.881066894531273,5.058221435546898,6.367456054687523,82.65277703603108,100.0,91.85416585206985,27.22542275240814,13.00343065200228,-3.385997517903604,3.566646830240927,1019.6142903645833,18.36881359418233,21.638814469178516,570.7857437133789
2022-02-11,6.701562500000023,2.7737060546875227,5.022178904215518,62.76388883590698,58.55879610776901,72.0347216129303,36.96962851347632,20.896608777839365,-7.517333730061807,-1.690726979573526,1028.7697916666666,18.195198049147923,85.90611080328624,1097.810229619344,7.081140136718773,3.0235229492187727,5.061680094401065,65.75601863861084,53.06944451729456,53.6319442987442,34.95851113688189,17.397400294087884,-7.388671620686807,-0.9813090006510379,1029.7644108072918,15.984208206335703,87.17074068387349,917.3459752400717,6.667901611328148,2.8767944335937727,5.035412089029971,65.50601816177368,68.64259384075801,39.458332777023315,38.942143943016404,22.987718086388952,-7.153702799479163,-1.0933619181315066,1028.0070377604168,18.290555586417515,83.15759380658467,1097.3173338572185,6.838739013671898,3.4436279296875227,4.891319529215518,67.61898183822632,29.350463191668194,74.22222208976746,22.408580832934078,15.711099234115103,-7.225167338053382,-0.7240445454914948,1030.6623470052082,18.128028844793636,92.28388591607411,748.1646664937338,6.448999023437523,2.6254516601562727,5.013162231445335,64.49861113230388,63.024999936421715,18.166666634380817,38.962772051574696,21.984593276254884,-7.346605682373024,-1.3223047892252566,1028.148154296875,18.690644706288975,84.18888771533966,1084.7068990071614,6.587823486328148,2.8036437988281477,4.951743062337262,65.1462968190511,71.9990737636884,118.15277862548828,39.636282800884864,22.983263380005454,-7.407286071777321,-1.309970601399698,1028.5387825520834,15.528878090670332,77.74611089626949,1129.4159285227458,6.573693847656273,2.6203857421875227,5.0049199422200745,65.43703699111938,48.184722324212395,15.159722432494164,32.67764428031927,20.429451131833112,-7.131193542480446,-1.1124061584472429,1028.297578125,19.17897452165683,85.21176040172577,989.1515401204427,6.362908935546898,2.6119628906250227,5.105486806233746,69.4296293258667,64.55416663487752,102.22916579246521,33.01409287219547,20.38992823833175,-7.033059183756507,-0.144407653808571,1027.2312630208332,19.262884806841612,47.79805459578832,947.3897784550985
2022-02-12,6.403466796875023,1.2970825195312727,3.4381576538086165,63.79212840398153,76.25185072422028,15.333333492279053,23.210698782977065,18.798406344578762,-2.9304946899413835,-2.9059445699055573,1025.8097395833333,18.785222753882408,84.69203734397888,500.6128781636556,6.196069335937523,1.3797851562500227,3.367995198567731,63.98935206731161,85.00046157836914,75.66666412353516,23.777738155678474,19.555676309713462,-3.0309954325358035,-2.9257225036620866,1027.0321419270833,20.671081975102425,88.24481586615245,543.3727951049805,6.612542724609398,1.2454772949218977,3.4660202026367415,65.16342401504517,68.59444433450699,1.8333333134651184,23.11900703784069,18.655601161522565,-2.638101959228493,-2.5965090433756473,1025.9080598958333,19.824307213226955,83.09842538833618,482.2288068135579,6.173638916015648,1.7519470214843977,3.5752604166666893,65.8212947845459,90.73333303133647,42.999999046325684,23.392013646763605,18.800166903750295,-2.8405174255370866,-2.3378929138183366,1026.344501953125,17.415843948721886,84.95620199044545,546.9975140889486,6.656213378906273,1.1936584472656477,3.495038604736351,63.662963231404625,62.02361081043879,0.8333333730697632,23.879185802843683,18.95784253823593,-2.6254892985026004,-2.896219635009743,1025.897080078125,19.051288212339085,85.12703788280487,495.8286768595378,6.199975585937523,1.3213745117187727,3.283981577555361,65.35879580179851,77.06990623474121,22.5,23.345247917480346,18.643902396922993,-3.0106389363606354,-2.7216794331868073,1026.4289518229168,19.895677516857784,84.48518498738606,517.426118850708,6.753778076171898,1.2388244628906477,3.6199038187662986,65.34120416641235,72.99537040789922,0.0,23.85845329748054,18.840049157596386,-2.6896207173664948,-2.4320676167805573,1025.82501953125,17.848395998279255,88.20759403705597,499.2690347035726,6.262200927734398,1.2520996093750227,3.3105204264323143,65.60555537541707,76.3217601776123,17.83333396911621,24.077983955666834,19.057695019837382,-3.215457661946573,-2.605179850260413,1025.6230305989584,20.029211183389027,74.53555532296498,501.9548149108887
2022-02-13,9.673791503906273,2.3144165039062727,5.397157287597679,67.01435168584187,99.79999987284343,0.7083333400078118,38.61770933161797,27.666937257354107,2.1549774169922102,-0.2699518839518191,1008.3167154947918,-2.983342965443929,56.47875948746999,687.4186795552572,9.114160156250023,2.2585693359375227,5.1553817749023665,66.65324242909749,99.82314745585124,17.79861092567444,37.21308014954876,27.006350493993452,1.635219828287802,-0.6122027079264285,1007.733095703125,-3.8557943304379783,56.59666792551676,684.5710055033366,9.283746337890648,2.5199523925781477,5.359016672770205,66.67222134272258,99.76574071248372,0.12500000186264515,34.39999614711914,27.191090667533803,2.102332051595056,-0.382224782307901,1008.5558756510417,-2.393100847800573,57.30303728580475,665.2803039550781,9.009942626953148,1.9449096679687727,5.123770650227887,68.56018463770549,99.83333333333333,8.138888776302338,37.50773651868024,28.879931588606173,2.1726687113444427,-0.2673108418782135,1007.4872395833332,-3.1235274939487376,56.412777384122215,698.3069979349772,9.291284179687523,2.3880554199218977,5.383150990804059,66.09398206075032,98.53194427490234,0.0,33.96884198219247,27.010003085620582,2.4253110249837277,-0.4871683756510379,1008.8383333333333,-3.8915197600920997,57.15496315558752,660.7972348531088,9.469659423828148,2.0819335937500227,5.2227544148763245,66.68333307902019,99.29212951660156,2.916666701436043,39.516875160164425,28.49939638065057,2.1167414347331146,-0.5189600626627566,1007.7163704427082,-3.8406271437803903,55.507408022880554,688.8095614115397,9.121118164062523,2.0533386230468977,5.135271962483746,66.20833365122478,94.08564774195354,0.0,33.071673249707366,26.52574244491259,2.4004302978515852,-0.7018074035644304,1008.867392578125,-1.2121213277180989,59.82064962387085,642.071896870931,9.498773193359398,2.3727966308593977,5.494596099853538,67.24351803461711,99.6388889948527,1.2569444701075554,39.036186696097694,28.228558203526386,2.0116147359212277,-0.13227055867508852,1007.8291048177083,-5.115138570467631,54.967240492502846,710.3778216044108
2022-02-14,10.104547119140648,6.110253906250023,8.629329935709658,74.6731481552124,69.19953719774882,8.013888894114643,42.12780756959166,30.53288187300848,-0.6700284322102448,4.288425699869833,999.564873046875,-19.283271917452414,96.29388745625813,1128.32666015625,9.684594726562523,5.933374023437523,8.218906656901064,77.20833365122478,82.94814825057983,26.548611342906952,40.88046551844665,31.90379261058352,-1.2048222859700104,4.3903671264648665,999.7509049479168,-13.103127552817265,72.75837067763011,1178.1371968587239,10.197808837890648,6.971826171875023,8.97906392415367,74.2847220102946,64.75972181558609,6.055555576458573,43.28449104364489,32.08251274318476,-0.4022926330566179,4.5706649780273665,999.3206770833333,-20.72802484035492,95.88944512605667,1129.734339396159,9.518182373046898,6.067559814453148,8.003559366862001,77.38333447774251,84.36342573165894,25.86111107468605,41.57798832019363,31.002038994787114,-1.1804145812988054,4.226116434733115,999.0231575520833,-16.009753266970318,75.03470547993977,1128.869649251302,10.238549804687523,6.751519775390648,8.8281074523926,75.55879656473796,67.74629584948222,10.027777776122093,40.20098894540188,30.081497565987306,-0.4060246785481354,4.6772565205891965,998.9338671875,-20.002187649408977,91.77907466888428,1066.3362299601238,9.713098144531273,6.354455566406273,8.526967620849632,74.79537137349446,77.49583299954732,8.034722183365375,44.85531104954675,32.42768908405347,-1.176786804199196,4.235378519694052,999.4193196614583,-17.72956009209156,89.43787296613057,1176.4170201619465,10.228387451171898,6.886407470703148,8.92841491699221,77.06203715006511,67.17500034968059,18.76388892531395,39.61808606748446,29.424899204033434,-0.14961344401041288,5.071168518066429,998.6510807291667,-19.32138701279958,87.4409079204003,1057.3688074747722,10.011376953125023,6.061547851562523,8.568536376953148,73.40926011403401,72.90416670838992,4.361111121252179,41.08675649133287,31.952833303170213,-0.7989295959472429,3.980764007568382,999.3440885416667,-19.32258669535319,92.8741637468338,1190.6996612548828
2022-02-15,8.095483398437523,5.584008789062523,6.840100860595726,84.10555458068848,92.74629656473796,133.3819441795349,41.72086623895381,25.944909173747476,-1.8910469055175554,4.292433675130212,1006.1806901041667,3.6649014527599015,26.414536078770954,950.5571645100912,8.325158691406273,5.047052001953148,6.845299021403018,84.06111081441243,85.62685108184814,94.84722256660461,42.284148265158834,25.903685256397324,-1.993289693196573,4.293829854329431,1007.708974609375,2.20455738902092,57.14325873057047,917.1319300333658,8.088586425781273,5.607781982421898,6.624869283040387,85.51527722676595,81.42083438237508,138.44444525241852,39.99378196760988,24.312487019756897,-1.8070154825846316,4.3237536112467865,1005.9326334635417,8.224933649723729,27.70435110727946,848.343832651774,8.402307128906273,5.777520751953148,7.11683044433596,83.5888884862264,82.84166669845581,75.56944411993027,42.91337968265125,25.95270617845557,-1.8674199422200104,4.473049418131552,1007.0629231770832,3.9958396752675376,43.143054803212486,876.4986470540365,7.923394775390648,5.707299804687523,6.824417368570987,83.52268473307292,94.688889503479,96.71527868509293,39.47052206142462,24.701109055679428,-2.211387379964151,4.173342641194665,1005.8898795572917,3.907751222451528,29.032852828502655,885.5503692626953,7.998681640625023,5.845483398437523,6.964397684733096,85.03425947825114,93.66666618982951,105.10416650772095,40.27053812337365,25.324220327823735,-1.9030759175618073,4.5678878784179915,1006.2513541666667,2.984559141409894,37.70511122544607,922.9999605814616,8.233422851562523,5.491296386718773,6.873363749186221,84.43842283884685,80.57314872741699,73.86805507540703,39.13060054309702,24.366652937871393,-2.134428405761696,4.369721984863304,1006.1329720052083,4.276508952180545,46.18564828236898,836.4921264648438,8.283532714843773,5.333184814453148,7.047214762369815,83.76712958017985,83.88935152689616,107.2222226858139,40.76858264373191,27.421766504105403,-1.9288492838541629,4.429297383626306,1006.6150846354167,2.186215509970983,50.155648708343506,959.3590342203776
2022-02-16,11.215936279296898,6.724298095703148,9.137078857421898,91.13194338480632,99.60138893127441,335.743052482605,52.64505799203135,29.630653278122875,3.349805450439476,7.749206797281943,998.3734895833333,-21.66996082663536,52.37133460243543,753.2890103658041,10.729028320312523,5.734826660156273,8.550383504231794,93.2671292622884,98.71111138661702,636.2638912200928,48.19984388148662,22.243638853049294,2.930458323160849,7.504499053955101,999.7511946614583,-18.860553932686646,36.91775946815809,622.9978256225586,11.314080810546898,7.053948974609398,9.385881042480491,91.61527729034424,100.0,322.5833339691162,54.6763467996815,31.105921560518578,3.771065012613974,8.0751777648926,997.551630859375,-22.46973944703738,44.5934629937013,784.2846730550131,10.949151611328148,5.277673339843773,7.946253712972028,92.00138823191325,99.99768511454265,493.9583339691162,50.75923777959874,23.16558481151701,2.578633880615257,6.7176503499349,1000.1672265625,-14.708646642665068,20.9192409714063,580.2062911987305,11.097070312500023,7.673364257812523,9.658406829834007,91.23009300231934,100.0,332.7291669845581,55.45527279849207,34.48914142683426,3.952071126302087,8.277944183349632,996.4637076822917,-22.472706866761047,32.69455619653066,876.4573542277018,10.937463378906273,5.892846679687523,8.468204752604189,90.79212824503581,99.87685139973958,348.27777671813965,51.203649207117735,26.75811453262789,2.8005729675293196,7.033461507161462,999.2095638020833,-16.7497677107652,30.273611133297283,660.7036908467611,11.041467285156273,7.965875244140648,9.808037058512392,90.52592627207439,99.98935159047444,188.6388921737671,51.87467459160569,36.14973067516071,4.225085194905603,8.311013793945335,995.8128157552082,-22.38975954055786,34.08072132368883,915.8881963094076,10.981622314453148,6.501763916015648,8.817505137125673,90.72731463114421,99.92268498738606,298.38194465637207,50.323454456788056,28.445323242678494,3.1719693501790402,7.368853505452478,999.5327571614583,-17.92703753709793,22.859555959701538,717.6630706787109
2022-02-17,10.903863525390648,6.962945556640648,8.146681722005232,70.1314811706543,68.44351812203725,245.79166269302368,51.06857902736504,40.18568280782393,-2.7169987996418854,2.9660036722819427,1003.4828515625,8.006809823215008,104.77685249577432,1560.1920318603516,11.083459472656273,6.150567626953148,7.761656697591168,69.0476845105489,59.63611253102621,469.69444465637207,55.40695259589291,45.460319111695064,-3.336472574869788,2.3568715413411496,1004.206142578125,10.256633847951889,102.47262856096495,1640.7477620442708,10.975427246093773,7.451531982421898,8.393326059977236,67.73148155212402,55.425000508626304,87.90277695655823,50.31829919058799,40.52320666723509,-2.5895751953124773,2.748999532063806,1003.0743684895833,6.199063564340274,104.48047984372049,1571.4670308430989,10.992425537109398,7.212640380859398,8.264848327636741,69.47731447219849,60.55370310942332,408.93055629730225,52.1721138787183,42.027488121302845,-2.5105969746907135,2.9540763854980696,1004.3759342447917,4.930788377920787,104.99089070886839,1550.439712524414,11.266320800781273,7.118493652343773,8.1967597961426,67.45462989807129,53.33009282747904,60.72916626930237,52.20113384756899,40.72656708300148,-2.8641494750976335,2.5049364725749115,1003.0784147135417,8.49050223827362,101.00334990750223,1567.5819702148438,11.177758789062523,7.282189941406273,8.338393147786482,68.16712951660156,74.13935152689616,422.7361087799072,54.266173081425976,42.79146119663675,-2.7472735087076785,2.751400248209677,1003.980029296875,4.9993859976530075,99.15322099154582,1587.0150451660156,11.560998535156273,7.239312744140648,8.41712086995445,68.49675846099854,52.37314840157827,61.1111114025116,53.008090321332645,40.09511671222297,-2.6450319925943973,2.927992757161462,1002.6410579427082,6.49658964574337,101.40149995416868,1553.7723744710286,10.969812011718773,7.053887939453148,8.353186543782575,70.40555572509766,65.95601852734883,291.21527767181396,50.621426617920605,41.38031707764659,-2.441606903076149,3.2271591186523665,1003.8499641927083,5.297921864936749,99.54666823874383,1552.3493321736653
2022-02-18,10.909204101562523,5.720452880859398,7.487055714925153,74.62777789433797,86.53657460212708,49.86805558204651,67.787482466284,39.76345652389427,-1.4873184204101335,3.1315717061360715,998.6594108072917,8.596575247123837,23.137407561395474,1408.1621742248535,10.984399414062523,5.539788818359398,7.4712692260742415,75.26018476486206,84.20462989807129,307.18055725097656,71.902398209806,40.68782211211043,-1.7283729553222429,3.225459035237634,1000.162392578125,9.633820126454035,22.667870779832203,1433.8774592081706,10.957818603515648,5.439599609375023,7.443385060628278,75.18472194671631,80.81851802269618,41.22222185134888,63.76934885738178,39.48716749276902,-1.5756693522135379,3.177014923095726,998.9208658854167,9.20549864632388,27.114999963591497,1394.03502146403,10.970513916015648,5.293969726562523,7.571015930175804,74.2680557568868,91.14768425623576,133.47916650772095,74.56261423135767,41.75212943148149,-1.8840952555338504,3.0842147827148665,998.9659830729167,7.237214133143425,20.731277613590162,1444.3622411092122,10.942498779296898,5.273217773437523,7.361433919270856,74.16388940811157,81.89907397826512,30.80555546283722,66.21075135129304,41.333516342557324,-1.6574666341145416,2.912793731689476,998.3726529947917,10.956552830214301,23.982407103234436,1443.3506571451824,11.086968994140648,5.392358398437523,7.3473882039388245,76.01157442728679,84.86805562178294,106.94444417953491,69.46700115238686,38.39465889525761,-1.6158584594726335,3.2621157328288177,999.9505631510417,7.856463864445686,15.598000112921,1362.0505968729656,11.004022216796898,5.253839111328148,7.777127838134788,74.05879656473796,82.24166679382324,32.61111110448837,66.42254742571498,40.81010686730244,-1.4572636922200104,3.265255228678427,997.8050813802083,7.213742151856422,27.27546293886068,1448.777406056722,10.627862548828148,5.282983398437523,7.335080718994163,73.6893523534139,76.1171299914519,107.6736090183258,61.61518758528258,39.13783997750368,-1.7430277506510379,2.784741973876976,999.8737239583332,11.613188048203787,33.74340671347454,1425.5704460144043
2022-02-19,7.489648437500023,3.9509521484375227,5.5301579793294495,70.94999901453654,59.712036530176796,85.72916722297668,56.164622800394625,38.58472953408697,-5.47712682088212,0.5376589457194427,1005.8559733072917,14.330885310967764,88.1587966363877,1542.4178975423176,7.257806396484398,3.8938842773437727,5.593131001790387,70.03009335199992,70.22361123561859,95.72916626930237,55.01789847854968,37.19436103150889,-5.562010192871071,0.40499267578127274,1007.2340592447918,12.065935373306274,103.01712790317833,1554.0808919270833,7.460595703125023,4.050744628906273,5.591321563720726,71.09814596176147,69.56018527348836,97.86110949516296,55.292927426147436,39.42256850383528,-5.437516276041663,0.627846018473349,1005.5419075520833,14.186025927464167,78.72036932098369,1550.5611216227214,7.331109619140648,4.042657470703148,5.5789250691731995,71.14212973912556,74.64444496234258,86.00000071525574,56.974677562048186,38.35557157851921,-5.488747660319007,0.6156784057617415,1006.1064778645833,12.673527220884958,94.00009405985475,1540.4062474568684,7.403863525390648,3.9517150878906477,5.528810119628929,70.98888858159383,61.03842520713806,67.5277778506279,54.50038131793004,38.3909555489816,-5.498669687906897,0.5359092712402571,1006.5452734375,16.099487950404484,81.22814775320391,1542.8879903157551,7.474908447265648,3.7469116210937727,5.458058929443382,71.1634259223938,78.8939813375473,88.07638907432556,57.94760687628488,37.78867311187888,-5.512531026204385,0.4592580159505246,1005.9880110677083,11.62849504624804,95.92805648998667,1513.7496159871419,7.459741210937523,4.299554443359398,5.83054631551109,71.9689826965332,60.653240303198494,62.13194463402033,53.181951272511604,37.01552835871687,-5.138911946614542,1.0302495320638059,1006.6141438802083,14.941770086685816,83.53879754555722,1500.3947931925456,7.659753417968773,4.430841064453148,5.702985382080101,70.56111160914104,73.57268476486206,81.13194417953491,58.06431106051034,38.27586563075209,-5.388726298014319,0.6267092386881927,1005.5051529947917,12.863369623819986,91.96712985448539,1554.2147394816081
2022-02-20,9.988458251953148,4.475915527343773,7.453107452392601,86.0578686396281,97.77407423655193,470.89583015441895,57.28506446141658,37.03216766794615,-0.120488230387366,5.2315778096516965,1002.4793001302082,-5.786193033059438,4.634259234803419,1118.7731552124023,9.997369384765648,3.6756835937500227,6.693022664388043,82.2212963104248,94.92777824401855,326.54166412353516,53.51282132027353,33.55541554401831,-1.599309031168616,3.802437082926474,1004.8589876302083,-6.503844862182935,9.513148326426744,1049.855433146159,9.918725585937523,4.521722412109398,7.565941111246768,86.72824192047119,97.29861132303874,497.9791660308838,57.65757298936408,37.46469645214469,0.1751978556315521,5.469572957356775,1001.9006705729167,-7.161202450593312,5.10453688679263,1126.5939102172852,9.939996337890648,3.7012573242187727,7.028277333577496,84.79861005147298,98.5064811706543,441.74305725097656,53.605491033571255,34.03870463567434,-0.9237337748209598,4.58603439331057,1003.295732421875,-5.714430123567581,5.074166650573413,1031.6615943908691,9.790338134765648,4.078485107421898,7.45779953002932,87.15925884246826,98.36111068725586,455.26389026641846,57.60556213206556,37.467752197674706,0.25817260742189774,5.445232645670615,1002.220068359375,-8.057866950829824,6.784814857256909,1116.8938852945964,9.881188964843773,4.211114501953148,7.368581390380882,85.01620419820149,99.79444440205891,457.0416669845581,55.69772439105075,36.57317622696425,-0.47308959960935226,4.971212005615257,1003.4788802083333,-7.021806600193183,4.818888941314071,1136.5409978230794,9.996270751953148,4.325280761718773,7.554718271891299,87.62731456756592,98.22361119588216,316.5625033378601,58.096950451795784,37.93497614448647,0.3241566975911496,5.6194562276204465,1002.1420442708333,-10.146045754353205,7.339166651945561,1123.3005193074544,10.018762207031273,4.220605468750023,7.33045349121096,85.61990865071614,99.86851851145427,490.3749990463257,53.8410248759989,36.47042058264059,-0.367833201090491,5.040986633300804,1003.5141373697917,-5.6202381153901415,4.636851861917724,1121.1410573323567
2022-02-21,6.884545898437523,2.9070068359375227,5.36407877604169,74.4962968826294,82.55648152033488,558.4166679382324,57.851117683020846,47.01386024612302,-5.368955993652321,1.1719642639160384,999.3227571614583,22.471819281578064,49.04125996182362,1689.5669250488281,6.656518554687523,3.4623352050781477,5.098265584309918,76.23564910888672,78.261110663414,891.2291603088379,51.41330039113851,44.86846093257689,-5.249545796712198,1.2246744791667084,999.0286197916668,26.305743649601936,19.86851825316747,1548.4848912556965,6.889703369140648,3.5266357421875227,5.353122965494815,76.39213212331136,81.93425941467285,471.3263874053955,55.91166844282873,46.93804965208394,-5.079564158121741,1.509182230631552,998.9799055989583,21.36861075957616,54.333703157802425,1632.955301920573,6.318200683593773,3.3393188476562727,4.918570454915387,77.99861081441243,80.81666588783264,915.2986106872559,53.983744619202625,43.6135161566741,-5.344207509358682,1.3735252380371321,998.37439453125,26.655180782079697,19.31468454748392,1543.2275822957356,6.863763427734398,2.7563415527343977,5.182619984944684,77.33796310424805,87.24583371480306,409.9513883590698,50.80584190307902,44.57656843919407,-5.158689880371071,1.5052162170410384,999.1840104166668,22.422445366779964,48.16409124682347,1562.4011688232422,6.611596679687523,3.0603881835937727,5.185755666097028,76.97500038146973,88.48148075739543,807.8194522857666,56.26862281759287,45.71321428070223,-5.166300201415993,1.4476689656575559,998.6789127604167,23.069659799337387,31.814111190537613,1635.2188415527344,7.492639160156273,2.9916931152343977,5.5636561075846585,78.64583237965901,75.22638829549153,265.86805725097656,49.15624897298986,42.424112859365096,-4.35973205566404,2.111487325032556,999.1734212239583,22.298380533854168,33.65218580017487,1453.9982452392578,6.735833740234398,3.3178344726562727,5.302172597249371,74.67685127258301,86.08564853668213,659.7777767181396,59.2170720448347,47.10295209687646,-5.320475006103493,1.1484135945638059,998.9598177083333,22.251200919349987,46.901833184063435,1687.7002614339192
2022-02-22,9.571069335937523,5.041223144531273,6.988408660888695,82.18194262186687,75.38379538059235,124.2916669845581,38.140956538263204,27.104294953115982,-1.9651626586913835,4.1269393920898665,1015.5410807291668,-1.7941177934408188,29.395222663879395,821.9122072855631,9.534997558593773,4.891381835937523,7.046622212727887,82.75740591684978,74.85046337048213,606.20139503479,40.713540313136185,28.118145645114797,-1.6150370279947879,4.282250976562523,1014.3043587239583,-4.323589573303859,25.70318558315436,866.2910105387369,9.479974365234398,4.964807128906273,6.907826995849632,81.67592684427898,69.12963032722473,101.3611114025116,36.85740822614702,26.588580583116464,-2.136710866292276,3.9704986572265852,1016.11103515625,0.6177738408247629,32.439648201068245,821.5744425455729,9.626184082031273,4.647668457031273,7.058958943684918,81.979629834493,75.49583393335342,527.6805686950684,41.736991640082294,28.661825989139732,-1.6136891682942291,4.164908345540368,1014.6323372395833,-4.208459794521332,29.572074090441067,861.8681259155273,9.677178955078148,5.166223144531273,6.970059967041038,82.6013895670573,67.49814772605896,20.42361146211624,37.75270663390968,26.618546616711996,-2.0357968648274323,4.193479156494163,1016.0005305989583,-0.2620665530363719,31.80435160299142,800.8630396525065,9.441979980468773,4.692620849609398,7.006408945719424,82.03749910990398,75.22453705469768,484.1041736602783,40.67536717626995,28.375595578002585,-1.7337542215983035,4.1251324971516965,1015.117099609375,-5.094757263859113,26.879814699292183,846.3704872131348,9.896051025390648,5.216210937500023,7.0910202026367415,83.2481476465861,71.19722354412079,9.756944396998733,40.77915161491025,26.17735541482887,-1.9343221028645416,4.407595570882165,1015.9012662760417,-3.3578530848026276,39.43268574525913,787.149351755778,9.491571044921898,4.750970458984398,6.836516316731793,81.83425966898601,66.69907418886821,345.1180591583252,38.77173957555372,27.423701729575328,-1.9478006998697879,3.923304494222009,1015.6504296875,-1.0928194948161642,28.49637035528819,816.3287773132324
2022-02-23,9.174859619140648,4.922631835937523,6.9511276245117415,75.19305578867595,25.916666616996128,23.069444000720978,26.08379589465855,21.923627264220517,-2.973960622151651,2.735536193847679,1022.1532486979168,-0.2656944195429484,120.32562786340714,730.2876307169596,8.966058349609398,4.761468505859398,6.7246770222981995,73.60925769805908,28.4324073890845,166.5,28.827532877769503,20.49002047453681,-2.0506258646647098,2.1870641072591184,1022.944853515625,3.208008368810018,121.35714717706044,674.4667739868164,9.321343994140648,4.945672607421898,7.159130350748721,75.46527830759685,26.97037025044362,20.22222191095352,26.15346240026213,21.9328275944585,-2.7345731099446198,2.990107472737634,1021.8530631510417,-2.5303911169370017,120.0366304765145,741.8065719604492,8.944390869140648,4.666619873046898,6.7088383992513245,73.16712888081868,26.563425833980244,138.99999618530273,28.27762609375785,20.101603449322734,-2.3780108133951785,2.0719289143880246,1023.6220865885417,2.752937436103821,121.24544494350751,665.8146107991537,9.748742675781273,4.833276367187523,7.318916575113955,75.06157493591309,22.782870548466843,18.131944954395294,25.844607432651685,21.224891491401166,-2.3905967712402116,3.0437662760417084,1021.4440690104167,-2.4291282296180725,120.93890747924645,685.3346780141195,9.170831298828148,4.781152343750023,6.787010447184268,74.31296332677205,23.619906996687252,44.000000953674316,25.572734813782816,20.813731998128105,-2.6629826863606354,2.3701161702473996,1023.256220703125,2.2063165307044983,121.13159462312858,680.7788607279459,10.240411376953148,5.153039550781273,7.5940923055013245,76.1023154258728,21.667129582415026,0.6805555690079927,26.84713752451921,20.72472553854342,-1.8891293843586823,3.5073244730631927,1021.3702408854167,-4.278895914554596,121.00229646265507,648.5717932383219,9.239617919921898,4.957727050781273,6.920683797200543,74.6953690846761,29.51620341340701,30.16666603088379,25.53899019091462,21.02553618310725,-2.8730161031086823,2.5824879964192746,1022.55333984375,1.238593151172002,120.48520454764366,705.4756342569987
2022-02-24,7.587030029296898,3.8775573730468977,6.03812433878583,71.65324131647746,83.92546304066975,66.35416729329154,34.308306605708886,28.57731042364475,-4.360885365803995,1.2206843058268646,1010.870087890625,20.636130874045193,38.13644448916117,1048.0926411946614,7.133325195312523,4.140649414062523,5.744631703694684,70.15324020385742,81.95601846774419,51.79166632890701,36.914343502934564,30.339146336495503,-4.353734079996741,0.6540326436360715,1010.858134765625,15.366789276401201,74.50005733470122,1137.932034810384,8.072625732421898,3.8901000976562727,6.164820607503278,71.85231526692708,84.94953723748525,63.97916663531214,34.52821727982689,27.660742424196002,-4.255145772298135,1.3904891967773665,1010.6811783854167,16.517817817628384,41.553889046112694,1007.7085952758789,7.435540771484398,3.9556823730468977,5.855340576171898,70.86203797658284,82.4314814011256,71.08333349227905,37.30205782950481,30.068970875440883,-4.495589955647745,0.8982889811198334,1010.87919921875,15.695897414038578,73.71955615778764,1127.796595255534,8.494897460937523,3.7101379394531477,6.081432596842471,73.037038008372,86.66064778963725,77.32638839073479,34.416372044569634,28.242184686347212,-4.2194656372070085,1.5297892252604584,1010.0591666666667,21.864388895531494,33.04705553253492,1012.1881713867188,7.731042480468773,3.9691406250000227,6.031758880615257,71.29398187001546,82.55324045817058,72.14583325386047,35.30614750274764,29.298917464763203,-4.4000750223795535,1.1505040486653684,1010.833427734375,18.562209715445835,48.38961121439934,1074.1567815144856,9.756616210937523,3.9139038085937727,6.313222503662132,74.34213129679362,92.37129735946655,72.40277585759759,38.44206180516506,29.440866765981287,-3.6798792521158816,1.9890927632649777,1009.1464453125,23.174011250336964,32.27353686094284,1040.1192118326824,8.088067626953148,3.8478942871093977,6.071744537353538,71.35555664698283,83.0435180068016,53.25694455206394,36.200756994151774,29.097118405029693,-4.3360186258951785,1.2007804870605696,1010.636689453125,19.86812607982817,45.898092140754066,1058.2288665771484
2022-02-25,6.974389648437523,3.4435363769531477,5.166089630126976,76.72870477040608,47.71111145118872,172.1319441795349,33.54756581855482,26.259992581122237,-6.199090067545569,1.3804361979167084,1020.9872623697917,9.222204322616259,109.02509266634782,1064.767271677653,7.106713867187523,3.5241638183593977,5.1411198933919495,72.42685190836589,40.32175952196121,189.6388897895813,32.04159254410219,26.88954416085855,-6.806083424886026,0.5477869669596771,1021.6276529947917,7.643163666129112,118.11389201134443,1120.5001042683919,7.056665039062523,3.5538879394531477,5.241479492187523,76.52222156524658,33.023147692283,177.91666507720947,36.26816352928721,26.70299434922337,-6.0409136454264285,1.4174171447754134,1020.3816080729167,9.224932342767715,122.82482905685902,1062.5810718536377,7.050561523437523,3.8524414062500227,5.145017242431663,75.52685165405273,32.64768509070078,198.07638883590698,38.801492348653234,26.219761383700362,-6.262180074055948,1.134486134847009,1021.30287109375,8.445652939379215,111.96948688228925,1045.432279586792,6.809930419921898,2.8657470703125227,5.074056243896507,77.27638880411784,35.11620444059372,161.32639074325562,33.478447211364205,25.276403403746514,-5.926653289794899,1.3907371520996321,1020.5784440104167,10.72051273783048,119.65649990737438,983.3977508544922,6.900903320312523,3.9027038574218977,5.298983510335309,74.8495381673177,47.84259202082952,228.72916793823242,36.72039020144888,29.604188361767786,-6.230235799153604,1.1839296976725677,1021.214443359375,7.2861640229821205,112.3127221763134,1167.5430450439453,6.985742187500023,3.5047546386718977,5.282306925455752,78.93888918558757,28.85231491426627,59.85416676104069,31.351281022265894,24.301932972456214,-5.5512285868326785,1.8843246459961165,1020.6745442708333,9.080644418795904,119.6469484269619,925.8841044108073,6.989160156250023,4.117639160156273,5.34028015136721,76.01064840952556,48.334722220897675,250.29166412353516,36.08359004248686,28.050075748378458,-6.037009938557901,1.434353129069052,1021.007080078125,8.154748824735483,112.1171122143666,1103.1462275187175
2022-02-26,7.973565673828148,2.3599182128906477,4.548516845703148,72.03796307245891,12.131481448809305,64.5,16.475865535808158,10.092374435172063,-2.2240305582682254,-0.26225891113278976,1032.7564453125,11.61186703046163,128.53081476688385,315.5685389836629,8.243402099609398,2.2250000000000227,4.745945231119815,71.87777694066365,5.511111160119374,209.8333282470703,17.83975276641394,11.925122247724744,-2.812504831949866,-0.12527567545572538,1032.8031608072918,9.687498490015665,128.24146259824434,338.13555177052814,8.278131103515648,2.5540710449218977,4.790364837646507,75.49861097335815,21.319906905293465,41.83333396911621,15.920295781429532,9.627938192684125,-2.2250249226887604,0.6048395792643646,1032.3007649739584,10.283046623071035,127.41801846027374,288.43691126505536,8.148614501953148,2.7175537109375227,4.804292297363304,74.00185219446819,52.30092595517635,204.0,17.668156639105895,11.696771186633114,-2.2836911519368073,0.4054784138997434,1032.5693489583332,10.673073450724283,107.06937245527904,296.5061101913452,8.073388671875023,2.3069091796875227,4.631875610351585,74.9856481552124,40.37037089963754,10.666666746139526,15.465582744389046,9.764415927803542,-2.442485555012979,0.35693130493166336,1032.5659342447916,11.46865693728129,121.65820342302322,279.3807830810547,7.744378662109398,2.2868591308593977,4.384184773763043,72.30509392420451,35.20509256406998,196.6666717529297,17.10596792684708,10.417909058907494,-2.421848042805948,-0.3196802775065066,1033.4698763020833,12.621345599492392,121.7942389746507,305.9268487294515,8.126519775390648,2.4154602050781477,4.733918762207054,76.13842630386353,34.45277750492096,0.0,15.976253921996227,9.21184421893541,-2.3996884663899323,0.6701586405436615,1032.69171875,11.685943206151327,119.15751951932907,265.5485260486603,8.078515625000023,2.4225402832031477,4.6188420613606995,74.47592465082805,21.58796313405037,94.66666603088379,16.137421657194537,10.65210525329981,-2.4776875813801666,0.2641807556152571,1032.872919921875,11.394932786623636,123.47975875933965,301.7807788848877
2022-02-27,8.268090820312523,1.2142883300781477,4.301015472412132,66.63842566808064,5.423611178994179,0.0,22.768316302365566,17.825806344532023,0.36952616373702085,-1.5841125488281023,1030.3119596354168,11.264252041776976,134.49657146135965,484.8493372599284,8.708917236328148,1.2202392578125227,4.435742950439476,64.41342655817668,2.536574164095024,64.5,22.893011293548966,19.446099345284722,0.5300587972005246,-1.9595334370930573,1030.02880859375,8.401423608263334,134.87594393889108,483.38052622477215,8.522729492187523,1.2762084960937727,4.395640309651715,67.9680544535319,4.367592483758926,0.0,22.400162041851047,17.268767981025288,0.4393910725911496,-1.221336110432901,1030.70072265625,10.384515841801962,134.24592397610346,451.6820640563965,8.483178710937523,0.8048645019531477,4.270907338460309,65.45231421788533,2.870833439131578,41.83333396911621,22.52239413094284,18.53587549682194,0.348054504394554,-1.8939893086750885,1029.911533203125,11.037782117724419,134.52779487768808,458.6593081156413,8.438348388671898,1.3980346679687727,4.37006530761721,67.56713040669759,7.5847223189969855,0.0,22.346311220528303,17.32984534604091,0.48315836588545835,-1.3267311096191179,1030.947109375,10.553746749957403,133.78529419501623,447.83861287434894,8.195367431640648,1.0978942871093977,4.2115849812825745,66.05694484710693,4.401388821502526,10.666666746139526,23.656190641864725,18.514360524896755,0.2195907592773665,-1.8040438334147098,1029.8942903645832,11.284883822004,134.16822203000388,471.9741465250651,8.435174560546898,1.3506103515625227,4.411192830403668,66.96666685740153,13.965740741540989,0.0,23.02405565621123,17.662495928236904,0.39708862304689774,-1.4177523295084598,1030.736962890625,10.460525929927826,133.60136777162552,466.03515625,8.329370117187523,1.1041198730468977,4.26071701049807,66.10277732213338,2.344444475757579,0.0,24.159680700846458,18.575227179077032,0.23044611612959898,-1.7498051961262604,1029.9356087239582,10.946946064631144,134.62983240683874,495.59912490844727
2022-02-28,9.120385742187523,1.0775695800781477,4.560090637207054,60.911574840545654,24.557870199593406,0.0,19.452691167073244,14.912901161311147,3.4203048706054915,-2.597312672932901,1028.8464583333332,9.917580607036749,129.1704608798027,313.11113357543945,8.998162841796898,1.1527648925781477,4.672999318440778,62.94166660308838,45.52361047780141,0.0,19.72141228753672,14.568933289587875,3.359773254394554,-1.980003102620401,1028.2930696614583,8.00157356262207,120.55866599082947,309.937518119812,9.234155273437523,1.1733032226562727,4.735189056396507,59.918981075286865,33.9972214725179,0.0,20.11657753593659,14.863588660054868,3.487507120768271,-2.6544492085774323,1029.0880013020833,9.63774499297142,126.30764613548915,315.4711055755615,9.057580566406273,1.1824279785156477,4.6032780965169495,61.83333237965902,33.41712967058023,0.0,19.847250239923586,14.494651172665904,3.671767171223962,-2.3389890034993073,1029.0237858072917,9.173855930566788,121.67255640029907,292.14699363708496,9.292596435546898,1.0517822265625227,4.64780451456708,59.59861135482788,27.745370058342814,0.0,19.30107874904699,15.519496899668814,3.566480255126976,-2.8254697163899323,1029.0594856770833,9.934367736180624,128.38435125350952,331.81650797526044,9.382531738281273,1.0943847656250227,4.668812052408877,61.362500031789146,32.57222150235126,0.0,20.198386020939225,14.76764564172455,3.7318219502766965,-2.386736297607399,1029.1945475260418,7.627465854088466,128.3590907653173,299.0415967305501,9.173120117187523,1.1401916503906477,4.644947306315127,59.3754620552063,34.627777635119855,0.0,18.747718063213714,15.236150588670322,3.5434611002604584,-2.9007565816243073,1029.0606803385417,10.698128854235014,125.42735077937444,313.89217821757,9.055627441406273,1.0862976074218977,4.549661254882835,61.36018419265747,33.36296290407578,0.0,19.797392871516855,15.256439467419739,3.2051979064941634,-2.4897661844889285,1028.6426432291667,9.786605422074595,117.64587193727493,322.688424428304
2022-03-01,8.672235107421898,3.6103759765625227,5.7127649943034085,62.37268590927124,99.55648136138916,0.0,12.196696753503032,9.17480191179343,1.4584493001302121,-1.0292228698730241,1027.2739583333332,-1.503263644874096,70.89983322223027,189.83869377772012,8.283319091796898,3.2498718261718977,5.278925832112653,62.50000047683716,96.75231424967448,0.0,12.025743650337596,8.984790259146475,0.9283195495605696,-1.4158348083495866,1027.5014322916668,-0.8271344900131226,78.04764959216118,198.9736852645874,8.877740478515648,3.7517028808593977,5.894133504231793,63.99583371480306,98.74629592895508,0.27083334047347307,13.507956495494346,9.28935718569447,1.300532277425134,-0.4899696350097429,1026.6849055989583,-4.046481331189473,64.77270658810933,206.20035394032797,7.186975097656273,3.5812011718750227,5.357972717285179,64.4504640897115,98.33564885457356,0.5555555722676218,11.62477182265842,8.214904248271251,0.7386273701985715,-0.8749641418456804,1028.0240364583333,2.480518718560537,37.328037202358246,155.83552233378092,6.733422851562523,3.6827026367187727,5.248681640625023,70.20509195327759,95.5430555343628,3.7361111254431307,13.697530580732654,8.903880238344337,1.2405868530273665,0.230348205566429,1026.8318229166666,5.018454611301422,22.152018437782925,172.8483417828878,8.765588378906273,3.6681152343750227,5.931994374593121,61.94953632354736,97.20925935109456,0.06944444496184587,13.332163033396341,9.74731531182008,1.4460286458333371,-0.9059420267740848,1026.8451985677084,-4.734903504451116,60.67326045036316,211.2190424601237,6.700006103515648,3.8399902343750227,5.319145456949893,72.15462938944499,96.58518536885579,3.8541666250675917,12.200933988096525,7.605092543776934,0.7113217671712277,0.6819117228190521,1027.237060546875,4.272665431102117,22.104907830556233,130.48467763264975,8.897271728515648,3.6272216796875227,5.835562642415387,61.39305512110392,98.41574096679688,0.1736111124046147,12.957572005639449,9.971854731100919,1.8893918355306027,-1.133609517415323,1026.9133430989582,-4.632349193096161,67.92542552947998,209.01857916514078
2022-03-02,9.605554199218773,4.320672607421898,6.520955657959007,60.53749974568685,85.43472162882487,4.333333253860474,13.991701993449091,11.445151528788038,-0.0677691141764285,-0.7589591979980241,1023.7542578125,-4.588350137074788,122.98535132408142,304.3820104598999,9.384027099609398,2.7385192871093977,5.598803456624371,55.57777770360311,82.65740744272868,0.0,14.505254744046905,11.81896161863619,1.4878122965495209,-2.818968200683571,1023.792978515625,3.3024293382962546,127.50735529263814,262.13566398620605,9.453912353515648,4.321649169921898,6.549534098307315,67.63564856847127,94.64027722676595,22.93055510520935,14.217549593131608,11.703235254358248,-0.2787473042805573,0.8099482218424896,1024.0841015625,-8.727083832025528,117.90540365378062,325.88821029663086,8.969506835937523,3.2266479492187727,5.559267934163434,55.095370292663574,97.53148174285889,0.5000000149011612,13.854469403012972,11.466713701527873,1.2185429890950559,-2.9430018107096316,1023.126484375,4.003781696160634,103.1848148504893,252.33786296844482,9.483575439453148,4.276208496093773,6.590692138671898,63.67129627863566,93.74629561106364,8.493055313825607,14.139251875579014,11.477758907404015,0.03757120768233335,-0.009517415364541648,1023.801298828125,-7.829800724983215,115.93464773893356,297.88427988688153,9.059838867187523,4.189111328125023,6.262359873453799,59.21759271621704,99.19490718841553,8.80555546283722,13.788823315505738,11.579747755919604,0.4137842814128021,-1.264774068196573,1023.633662109375,-4.849509159723918,103.26548210779826,280.1675669352214,9.820611572265648,4.126458740234398,6.449995930989606,63.81944433848063,80.30416631698608,0.1666666679084301,14.430464153263014,12.058409236865563,0.29313939412435275,-0.10975367228189725,1023.753740234375,-5.892546623945236,129.9842036763827,300.7433942159017,9.205560302734398,4.336145019531273,6.321769968668643,58.904166062672935,98.11435127258301,7.333333253860474,14.371075017285616,11.676751459493952,0.3801628112793196,-1.2961194356282135,1023.8963639322917,-4.955785224835078,113.65033268928528,296.0813382466634
2022-03-03,10.067620849609398,2.4833923339843977,5.606148020426455,58.87823994954427,49.59722312306985,0.0,18.29181820905933,14.558820068420248,2.186299896240257,-2.0319669087727448,1018.8958561197917,5.211283922195435,142.10429656505585,318.560827255249,9.518579101562523,1.7203308105468977,5.101495361328148,59.02824020385742,16.43009211953419,4.333333253860474,19.56728370719573,15.991173373538624,1.109309132893884,-2.4919939676920535,1019.2482942708333,9.326664010683695,144.19693009058633,370.49830691019696,9.874047851562523,2.0559326171875227,5.37344894409182,59.01203648249308,36.85972249507904,0.0,18.255853118009348,14.971178511264903,2.0032440185547102,-2.233538055419899,1019.0801171875,6.946377277374268,144.2595944404602,330.22215843200684,9.463006591796898,1.6643005371093977,5.028740183512393,61.08657248814901,14.876851876576742,22.999999523162842,18.78739470622528,15.490614125630394,0.4645960489909271,-2.0692276000976335,1019.4370703125,9.867935280005137,144.16381514072418,377.46774164835614,9.834252929687523,2.0187011718750227,5.335780080159528,59.37129672368368,27.226851801077526,0.0,18.21618692516703,15.08456581952868,1.8245585123698334,-2.187724812825479,1019.2497623697917,7.462568004926045,144.53250352541605,332.652047475179,9.686151123046898,2.1265502929687727,5.260345713297549,59.096296628316246,43.90833298365275,8.499999761581421,18.590709543630794,15.402718960935173,1.2118952433268646,-2.3328066507975223,1019.1944368489583,8.174772699673971,142.7281697591146,351.6063512166341,10.004144287109398,2.2447753906250227,5.5285914103190335,60.08750089009603,27.06481550137202,0.0,18.53367749243243,15.085788252286001,1.9905588785807709,-1.860995992024698,1018.839619140625,6.059404929478963,144.09398424625397,326.270502726237,9.529656982421898,1.7927795410156477,5.120339965820335,60.51342662175497,28.74120345711708,0.1666666679084301,19.332446648807238,15.963102784025244,1.3865702311198334,-2.1511418660481354,1019.37423828125,8.827718396981558,145.0665748914083,370.01307487487793
2022-03-04,9.538903808593773,1.3304382324218977,4.923757171630882,62.09212923049927,0.07916666753590107,0.0,16.43329666746196,13.579992681098759,0.11012929280599337,-2.0383819580077898,1021.33970703125,9.456425746281942,147.8882587750753,321.8465099334717,9.507684326171898,1.2925964355468977,4.9160324096679915,60.0486110051473,0.08703703557451566,0.0,17.386134882367585,14.186720879592741,0.4829828898112396,-2.5022173563639285,1021.2492610677083,9.512336154778799,148.3852775891622,332.7373940149943,9.598321533203148,1.3477111816406477,4.959775543212913,61.201852321624756,0.05462963009874026,0.0,16.97706808163887,13.736102549214918,0.15425516764327085,-2.196830495198526,1021.1843326822917,8.77527630329132,147.74914781252542,320.3623275756836,9.235345458984398,1.1630493164062727,4.71970647176109,61.39166593551636,0.16944443993270397,0.0,17.51777261216253,14.460572110385378,0.18676020304366148,-2.3531440734863054,1021.5701139322917,9.924327929814657,147.72507178783417,354.82505226135254,9.579553222656273,1.2107482910156477,4.861164347330752,61.293981393178306,0.13888888930281004,0.0,16.931416830751004,13.920773449437533,0.17663599650069273,-2.3101765950520416,1020.88408203125,9.520885984102884,147.9267751375834,313.9405689239502,9.112634277343773,1.2004333496093977,4.685018157959007,63.037500063578285,0.18055555876344442,0.0,17.301935862110422,14.40556295767542,-0.2072331746418854,-2.001352691650368,1022.23419921875,9.731463412443796,147.27152077356973,366.0401954650879,9.726190185546898,1.2507263183593977,4.915146128336612,61.15370416641235,0.06203703582286835,0.0,16.91639475333257,14.462744004659193,0.456751759847009,-2.3145228068033816,1020.2292024739583,9.120216846466064,147.9885923465093,326.28000195821124,9.151361083984398,1.2483764648437727,4.748975372314476,63.033795515696205,0.1671296345690886,0.0,17.31729419656635,14.687115219756828,-0.34759750366208664,-1.9526034037272098,1021.26326171875,10.208659927050272,147.29879458745322,370.35266240437824
2022-03-05,7.676843261718773,0.6728454589843977,3.694149271647158,63.98935159047445,0.3796296382012467,0.0,13.78804904814202,12.074974492017716,-2.0586545308430573,-2.8079310099283816,1021.8290071614583,14.620411455631256,148.98073780536652,342.024507522583,7.962548828125023,0.9395690917968977,3.999569193522158,64.47407404581706,16.827777904768784,0.0,13.74969753282379,11.969687765831035,-2.908195241292276,-2.4072568257649323,1022.5519986979167,12.142615874608358,148.02092730998993,371.7375650405884,7.638696289062523,0.6259094238281477,3.6736033121745018,63.83981545766195,0.283333335382243,0.0,13.84856234308025,12.315841492108923,-2.2899930318196198,-2.8821179707844635,1021.68916015625,14.516738086938858,149.08668299516043,350.6340802510579,8.640344238281273,1.1582275390625227,4.374017333984398,64.35231447219849,14.180555815653255,0.0,12.137463991386111,9.90201920886465,-2.431260172526038,-1.997807566324866,1021.9905729166667,8.504510442415873,147.8712213834127,309.1492563883464,7.753533935546898,0.43612060546877274,3.5744631449381736,64.45092519124348,0.4486111211590469,0.0,14.251051454557258,11.581236042826058,-2.262430572509743,-2.8109433492024323,1021.351123046875,14.369526694218317,149.05679178237915,330.80912526448566,8.261926269531273,0.8655029296875227,4.027374521891299,64.23287137349446,0.46249999354283017,0.0,12.470589369018876,10.911219298810254,-2.540092213948526,-2.3762420654296648,1022.0326692708333,11.378152966499329,148.19916911919913,326.52838102976483,7.442254638671898,0.07497558593752274,3.3074928283691634,66.23564672470093,0.9425926006709536,0.0,15.165363800154985,12.19359417905878,-2.065445963541663,-2.7159739176432254,1021.1323990885417,16.411351591348648,149.27424029509226,358.9671001434326,7.810266113281273,0.7217041015625227,3.7746139526367415,63.76064840952555,0.252777772800376,0.0,15.000186975840098,12.459619711388834,-2.3653714497883698,-2.7488553365071198,1021.4637825520833,13.768738955259323,148.95801683266959,345.39370091756183
2022-03-06,6.736199951171898,0.8696228027343977,3.3987429300944236,73.22823969523112,20.569907635450363,0.13888888992369175,17.51933566974822,15.730013687085917,-5.140830739339151,-1.1405916849772098,1025.5369498697917,11.00383996963501,144.58810790379843,612.4567947387695,6.452386474609398,0.6264892578125227,3.5482676188151268,70.68796221415202,48.46388869484266,0.29166667629033327,19.309542095736504,15.308301216834968,-5.380196634928382,-1.421324157714821,1025.409375,11.347395420074463,107.06394449869792,642.3831208546957,6.705560302734398,0.7116333007812727,3.374304707845075,73.25509277979533,17.229166567325592,0.06250000046566129,17.89516574351104,16.11158671858122,-5.420781199137366,-1.1457949320475223,1026.0492805989584,10.659659147262573,145.60811241467795,614.5083745320638,6.365716552734398,0.7681823730468977,3.4668467203776268,73.38379542032878,49.937499753354736,0.31250000605359674,18.32483237733516,14.646014356122974,-5.722489420572913,-1.0255607604980241,1025.2312727864582,12.172285715738932,111.4980943997701,603.8875052134196,6.573083496093773,0.8026672363281477,3.346187845865908,72.16759220759074,15.586573819319407,0.04861111147329211,19.413228079688736,16.345186017713527,-5.306612396240212,-1.4027796427408816,1026.4881315104167,11.505959510803223,146.9873524904251,649.297607421875,6.576928710937523,0.8981567382812727,3.42334645589195,72.95925871531169,42.4194447286427,0.30555556481704116,18.253630630386073,15.778218383494703,-5.585852050781227,-1.1561060587565066,1025.2136458333332,11.646370848019918,139.15503787994385,668.2722256978353,6.264947509765648,0.7965637207031477,3.2181004842122625,71.04999891916911,13.653241038322449,0.02777777798473835,20.171997763158657,16.3440457828132,-5.149328613281227,-1.7391977945963504,1026.4381901041668,12.659167289733887,148.73433593908945,632.7266496022543,6.683343505859398,0.9471374511718977,3.4395144144694236,73.66435384750366,26.690278227130573,0.37500000605359674,18.855244453188618,15.902557648869996,-5.860656483968057,-1.0135330200195085,1024.9543359375,10.991751412550608,127.14631243546803,651.5049947102865
2022-03-07,7.350000000000023,-0.17062988281247726,3.2193847656250227,64.73611052831014,6.252314804742734,0.1666666679084301,19.606127356214397,14.605987422885974,-3.0652908325195085,-3.2587735493977448,1026.697275390625,11.015426208575567,154.50061440467834,477.42341295878094,7.315667724609398,0.10607299804689774,3.3235336303711165,67.23703622817993,3.6124999026457467,0.3333333358168602,20.520578043615835,15.766943077006493,-3.435399119059241,-2.667003377278604,1025.7736295572918,9.590444763501486,154.125497341156,534.6706040700277,7.401727294921898,-0.24848022460935226,3.206019337972028,66.68194437026978,3.472685153906544,0.0,19.03732270339478,14.089832122488199,-2.998368326822913,-2.860575103759743,1026.9799446614584,10.353448688983917,154.29327742258707,464.8922923405965,7.360101318359398,-0.05472412109372726,3.2632003784179915,66.21203804016113,5.311111167694132,0.1666666679084301,20.05961376610551,15.215326314981814,-3.063639068603493,-2.8821077982584598,1026.79646484375,10.20399683713913,153.61577781041464,507.91977882385254,7.230493164062523,-0.20206298828122726,3.0843750000000227,68.56620454788208,3.9870370170101523,0.0,17.908264004606803,13.173695041048171,-3.290195210774698,-2.559061431884743,1027.1682421875,10.35241981347402,153.675852060318,455.8478177388509,7.272210693359398,-0.16889038085935226,3.195784505208356,66.67777808507283,3.216203690506518,0.1666666679084301,19.183318902758504,14.479753822337434,-2.5699231465657135,-2.8596468607584598,1026.7434830729167,10.10556028286616,153.9302215576172,475.5364246368408,7.334313964843773,-0.20679321289060226,3.128680165608747,69.63101784388225,4.147222280502319,0.0,17.227596811376074,12.048143865198695,-3.2987121582031023,-2.2473294576008698,1026.945771484375,9.688137451807657,153.0898526509603,440.2827335993449,7.244470214843773,-0.25659790039060226,3.1027872721354393,65.6703707377116,3.0004629691441855,0.1666666679084301,20.015012177943646,14.915450076346454,-3.0286455790201785,-3.1783762613932254,1026.8526985677083,10.884562095006308,154.3636316458384,492.5098991394043
2022-03-08,9.126092529296898,0.9063049316406477,4.53934249877932,56.91111103693644,0.6708333371207118,0.0,26.36650188196194,19.755041476343987,-0.4984217325846316,-3.5252683003743073,1021.75994140625,-1.0157235463460286,156.35470287005106,553.2590281168619,8.957849121093773,0.9155212402343977,4.497566477457705,55.08148209253947,11.92777794227004,0.1666666679084301,25.583291228523006,19.574900169687186,-0.6169202168782135,-4.000426991780557,1022.2327115885417,-0.8654473746816317,157.00066757202148,572.5135841369629,9.142144775390648,0.7425476074218977,4.462471262613955,56.866203467051186,0.8907407340593636,0.0,25.964510272779034,19.34400009179855,-0.11291097005204165,-3.6051467895507585,1021.8033333333333,-0.42898061871528625,156.46129695574442,535.4596837361654,8.967614746093773,0.9092041015625227,4.471831258138043,56.61527681350708,14.152314511438211,0.0,23.534885410420063,18.20006331082296,-0.1867813110351335,-3.6558606465657135,1022.97783203125,-0.6722049564123154,155.19505397478738,520.0306091308594,9.089837646484398,0.6418395996093977,4.350146230061871,56.311111768086754,0.3120370438943307,0.0,25.978218676631005,19.27022884044567,-0.096959177652991,-3.825730387369788,1021.9714388020833,-0.22861025234063467,156.55677858988443,537.1214930216471,8.993493652343773,0.8653808593750227,4.530478413899762,56.95694478352865,2.987036991554002,0.0,25.060567402807212,19.70946406196609,-0.3077466328938385,-3.5601155598957916,1022.0477962239582,-1.9628546858827274,156.31244150797525,563.4380162556967,9.189813232421898,0.5344482421875227,4.438316599528018,55.674999713897705,1.4699074079593022,0.0,25.165547765424623,19.5340653956868,0.28714396158858335,-3.9325253804524323,1021.4336263020833,-0.7652153472105662,156.53444862365723,533.5919481913248,9.087365722656273,0.9714294433593977,4.579579925537132,57.26574103037516,1.976388883156081,0.0,25.42860477280441,19.478775906447094,-0.6041409810383698,-3.4087064107258698,1021.739443359375,-1.6762932290633519,155.9666075706482,556.017588297526
2022-03-09,11.564355468750023,1.0663391113281477,5.914729054768903,60.84583377838135,2.4879630903402963,0.0,15.790952884385455,13.69507888374941,1.7675567626953352,-1.2579622904459598,1022.1007389322917,-8.267793652911982,157.667666276296,280.5583168665568,12.181665039062523,1.6350952148437727,6.46967468261721,62.21666717529297,18.402777707825106,0.0,16.76711618687257,14.708635235057946,1.743618265787802,-0.3990577697753679,1021.7838216145833,-12.608605146408081,155.21283451716104,316.6129684448242,11.480004882812523,1.0866027832031477,5.834490712483746,59.51712958017985,0.04351851840813955,0.0,15.97927914735596,13.76444865406313,1.9234163920085052,-1.6232182820637604,1021.710458984375,-7.65409230440855,157.63444455464682,272.85473314921063,12.113519287109398,1.5849853515625227,6.4202031453450745,62.48657353719076,15.755555599927902,0.0,14.794726707423662,13.76097777856173,1.6247154235840071,-0.36546554565427414,1022.585048828125,-12.771016875902811,155.3599406083425,294.77444076538086,11.685174560546898,1.2862182617187727,5.950818634033226,59.72824112574259,1.0245370889703433,0.0,16.1284747272846,13.634700267580925,1.9165702819824446,-1.4359916687011491,1021.8414485677083,-8.256027698516846,156.86149803797403,260.7569875717163,11.159448242187523,0.9137512207031477,5.571656799316429,59.29629643758138,0.0,0.0,16.038659082773645,13.294981605061892,1.9370819091797102,-1.9438880920409929,1022.9239713541667,-5.858811142543952,159.29432201385498,272.0524435043335,11.755670166015648,1.5237670898437727,6.103350575764996,59.35509284337362,0.7490740716457367,0.0,15.210961877963227,13.120172532236014,2.0295285542806027,-1.3789212544758698,1021.5652799479167,-8.720897416273752,156.97046200434366,249.1057341893514,11.546716308593773,1.1499572753906477,5.886968231201195,60.73101695378622,0.23750001192092896,0.0,15.078216386654073,13.283691675641174,2.014595286051474,-1.2894093831379791,1022.9546614583332,-8.36711902419726,157.26029300689697,273.66002559661865
2022-03-10,12.983361816406273,3.8231750488281477,7.861745452880882,64.95370260874431,44.51527736584345,0.0,18.041811722325125,14.791664084995382,2.6841789245605696,1.362855529785179,1022.05279296875,-12.2111607392629,156.5425362586975,323.1616789499919,13.385278320312523,4.252465820312523,8.32599792480471,68.12962977091472,68.35786890983582,0.0,18.238642427685768,15.250992165293553,1.8547175089518646,2.5094607035319427,1022.0916634114583,-17.141013999780018,153.30579543113708,305.8433821996053,13.062402343750023,4.015985107421898,7.922161356608096,64.47314929962158,44.9527782201767,0.0,17.448699072827424,14.50937510384936,2.7283912658691634,1.3156550089518646,1021.8916048177083,-13.053030947844187,158.71309288342795,308.76841227213544,13.274804687500023,4.019799804687523,8.11793162027997,67.76388867696126,29.991204301516216,0.0,17.906436109176916,14.88735185492765,2.050392405192099,2.2481424967448334,1021.3894173177083,-16.557732542355854,157.83200152715048,310.1269003550212,13.052239990234398,3.6668640136718977,7.880186971028668,65.54398123423259,18.664814869562786,0.0,16.928141799247353,14.210945586838557,2.699178314209007,1.5080200195312727,1021.963232421875,-12.370562156041464,160.52764693895975,295.68255647023517,13.100671386718773,3.3531127929687727,7.708061472574893,65.81944338480632,4.903240756131709,0.0,18.211132278072988,15.30859304220509,2.1748837788899777,1.4695716857910384,1021.69048828125,-12.972649455070496,160.38325715065002,331.0741424560547,13.276116943359398,4.125939941406273,8.229618326822939,65.92916695276897,34.23240727186203,0.0,16.93794585803238,13.819389001323634,2.7283442179362396,1.9509763081868527,1021.679091796875,-14.28200795253118,159.29138819376627,286.92206382751465,12.909722900390648,3.4958740234375227,7.7114934285481995,65.09166590372722,12.15601842602094,0.0,18.567622725588375,15.073777963167004,2.3687683105468977,1.250953928629599,1021.6575846354167,-12.108813365300497,161.04657546679178,324.1532395680745
2022-03-11,13.382104492187523,4.803857421875023,8.687951660156273,60.93842617670695,41.931944103601076,0.013888888992369175,27.53813170622087,23.67101885819042,2.1205904642741302,1.4982696533203352,1013.4032552083332,-11.154861052831015,141.0873317718506,607.8399175008138,13.106774902343773,4.536553955078148,8.34586868286135,65.30648136138916,58.82916605472565,2.312500014901161,27.475945968344632,21.958385298830375,2.0623819986979584,2.1616327921549896,1013.5029557291667,-10.332040165861448,124.87094593048096,556.0823961893717,13.823266601562523,4.762811279296898,8.64244105021161,59.955555280049644,36.534721736020096,0.0,28.42309181243036,23.83872157805686,2.1038731892903684,1.2060371398926009,1013.8084016927082,-10.960830447574457,154.04614925384521,617.3751551310221,13.736810302734398,4.681176757812523,8.642388916015648,60.91018549601237,43.41481560623894,0.0069444444961845875,28.10522905630793,23.15276438674393,1.9447418212890852,1.452577209472679,1013.50693359375,-13.006123811006546,141.13142625490823,626.3359260559082,13.696313476562523,4.963616943359398,8.845625813802107,60.2435188293457,36.01435160310939,0.0,27.031075215668125,23.243882001738474,2.252192433675134,1.4699747721354584,1014.1246744791667,-11.03836216032505,152.14500109354654,589.9357426961263,13.706170654296898,4.618310546875023,8.588929748535179,61.84398158391317,38.41296325623989,0.0,26.97293174050379,22.5901405302189,2.3099889119466184,1.608497873942099,1014.080634765625,-12.229455441236496,145.23442721366882,560.6941153208414,14.161340332031273,5.480065917968773,9.284199015299501,60.49629624684652,35.03888910201689,0.0,27.79512413689151,22.72903109711321,2.4252003987630246,1.9496335347493527,1013.8487825520833,-13.656977474689484,154.06400243441263,579.0220324198405,13.289880371093773,4.838250732421898,8.775811767578148,60.85000069936117,39.193518648544945,0.0,28.054894590072255,23.15969293120376,2.152199045817099,1.5474754333496321,1013.8614876302083,-11.847704091419777,145.97020157178244,612.4713261922201
2022-03-12,12.386285400390648,8.155694580078148,9.9509101867676,71.98657464981079,99.41898155212402,14.562499955296516,27.85119608212764,18.921071278758316,0.27738342285158524,4.9596967061360715,1014.44513671875,-11.401611045002937,99.98294293880463,795.7942377726237,10.601068115234398,7.849389648437523,9.232628122965517,79.03610960642497,99.77499993642171,8.479166712611914,20.862010090667486,16.07501924037943,0.25112304687502274,5.721463775634788,1014.8329752604167,-5.151689233879249,46.70724066098531,580.7563896179199,12.088708496093773,8.815454101562523,10.223596191406273,70.8245374361674,99.30370394388835,17.048611086327583,27.769048578208007,19.870561787151974,0.1384381612141965,5.035859680175804,1014.29693359375,-13.213924334694942,97.23229471842448,877.3860092163086,11.608941650390648,8.283929443359398,9.779993947347029,72.41250006357829,98.99444484710693,5.263888937886804,25.443163379549137,17.39975447818982,-0.03149261474607101,4.9434918721516965,1014.515029296875,-10.230610088755688,50.36231426397959,662.0617841084799,10.722039794921898,8.382287597656273,9.732500966389997,76.63425827026367,98.40463002522786,38.84027747809887,27.0886194293146,18.89101409339401,0.24410273234053648,5.742505645751976,1014.3819694010417,-4.680078327655792,59.23935341835022,761.3828633626302,12.038598632812523,8.222375488281273,9.717544809977236,74.82361030578613,98.83611138661702,9.777777777984738,26.23358928216959,18.504177035712534,0.09272791544600523,5.329272206624353,1014.7447591145833,-12.39890500654777,88.83740822474162,755.496036529541,11.272180175781273,8.486840820312523,9.970278676350935,73.95185073216756,96.97824001312256,29.326388879679143,25.29142939927996,19.614419299583215,0.31432495117189774,5.42676696777346,1014.1241178385417,-10.760948171218237,99.66972041130066,747.7244065602621,12.416680908203148,8.455712890625023,9.919761912028017,72.56249856948853,99.9990743001302,5.166666708886623,26.135176712929066,19.41564849076099,0.3471364339192746,5.069538370768271,1014.0832552083333,-12.050216719508171,96.94566917419434,816.5708160400391
2022-03-13,13.444696044921898,8.569573974609398,10.690206146240257,69.06574074427287,89.8819448153178,28.611111342906952,22.79340995488973,17.816812256014,0.3166709899902571,5.083066558837913,1013.2083235677082,-13.706759719798962,126.4038679599762,810.3669344584147,12.823571777343773,7.926568603515648,9.77308298746747,78.29027716318767,94.70231421788533,49.76388931274414,21.86551712724008,17.02334289949682,-0.571067555745401,6.040790812174521,1014.5307161458333,-9.279251174380382,83.58822234471639,753.0678838094076,13.754846191406273,8.504266357421898,10.695776875813825,70.745370388031,92.69074138005574,16.81250010430813,23.160639352529905,17.81682511027527,0.293953196207724,5.401615397135458,1013.1140983072917,-11.218967388073603,105.5672012368838,862.0376396179199,13.432855224609398,8.393457031250023,10.259912109375023,75.60046132405598,99.12824026743571,50.66666662693024,25.13329307023209,18.442833345529102,-0.17189890543619413,5.9692181905110715,1012.923818359375,-11.712572192152342,105.20925718545914,794.7849540710449,14.204370117187523,8.462060546875023,10.726946767171247,70.29074160257976,98.78888861338298,12.048611126840115,22.483875738642585,16.75115070193412,0.5019088745117415,5.328351593017601,1013.2663932291667,-15.229001899560293,133.63109005490938,797.446174621582,12.883325195312523,8.276055908203148,10.233268992106142,74.56805594762166,99.15046246846516,71.30555605888367,24.29496837363663,20.057155348044237,-0.1486152648925554,5.73798522949221,1012.969970703125,-13.01719739039739,100.70894575119019,891.0430501302084,14.574639892578148,8.672875976562523,10.954031880696638,71.37824169794719,94.57916673024495,18.33333307504654,26.506638738367073,18.125392201053785,0.5068972269694427,5.73981628417971,1012.968388671875,-15.211073994636536,135.2527592976888,849.2530771891276,13.350000000000023,8.210748291015648,10.182195281982445,75.08379634221394,97.08842595418294,72.29166650772095,22.525209605039826,17.176981973165084,-0.1351875305175554,5.7239306131999115,1013.14427734375,-13.298185070355734,127.4964571793874,796.4604822794596
2022-03-14,11.004388427734398,7.174523925781273,8.890415445963564,78.34073940912883,77.30416707197826,82.15972256660461,19.847916186916684,13.626548767681927,-0.9918528238932254,5.146048482259118,1023.0998600260417,4.770964960257213,144.8676254749298,493.3887386719386,11.268609619140648,6.384851074218773,8.728177642822288,74.93379481633504,75.18703786532085,70.63194251060486,21.92996722495201,14.476020542298096,-0.824400329589821,4.252180989583337,1023.5926529947917,2.9846461613972983,156.4207755724589,527.910105307897,10.805261230468773,6.765496826171898,8.772724405924501,80.40833409627278,80.45879610379536,29.104166865348816,20.032529492310438,12.966111859504245,-0.7186289469401004,5.487246449788415,1022.9848470052083,5.9889147480328875,129.5022944609324,442.92531577746075,11.077661132812523,6.203515625000023,8.484287516276064,78.5782397588094,69.97314715385437,199.7430500984192,23.8804915353901,13.955164367424823,-1.0978632609049441,4.778803761800134,1023.1178515625,5.928393394453451,153.32657639185587,513.1681166887283,10.890466308593773,7.151055908203148,9.047690327962263,77.58472299575806,81.41527764002483,24.340277299284935,20.965557279620935,13.983283451892044,-0.7735351562499773,5.168242390950525,1023.2178645833333,3.5180202424526215,137.0269270737966,505.9031716982524,10.809594726562523,6.833612060546898,8.636645253499372,80.33842595418294,70.17407369613647,70.44444489479065,19.46973314758979,13.207506598466374,-1.3489555358886491,5.299991861979208,1022.634111328125,4.89762411514918,142.37588739395142,518.7567992210388,11.252893066406273,7.243585205078148,9.090048726399763,79.57500012715657,70.73564862211545,39.09027734398842,16.7563146013537,12.596844407972577,-0.5719551086425554,5.642647043863974,1022.9373697916667,4.933365389704704,118.90777452786763,459.65833854675293,11.340356445312523,7.249169921875023,9.017049407959007,79.45833412806194,67.49814808368683,76.6180534362793,17.45013409724613,12.259713505151351,-0.8407196044921648,5.471762593587243,1022.8778255208333,2.567020754019419,153.0679268836975,471.22524948914844
2022-03-15,12.163018798828148,6.344323730468773,8.636094665527366,74.39259179433186,83.64305543899536,37.26388967037201,10.498968348589866,6.91342916694342,-0.5095428466796648,4.212209320068382,1025.4983626302082,-6.6494374970595045,128.39079769452414,210.1965376138687,8.324884033203148,6.155603027343773,7.2720504760742415,83.2615737915039,90.28333346048991,97.83333277702332,12.321281441752019,8.98951710593259,-0.8885292053222429,4.581274922688806,1024.2519563802082,13.392808516820272,35.18618559837341,178.0675253868103,12.045556640625023,6.604547119140648,8.673333740234398,75.44536972045898,88.05833355585735,1.6666666865348816,10.259907150781734,7.734945998908564,-0.680509948730446,4.429329172770224,1025.794521484375,-3.0411214360113568,135.86474307378134,266.1846733093262,12.250024414062523,6.080102539062523,8.391100819905622,72.29722086588542,85.75324090321858,31.5,11.749789537036332,9.50798346549452,-0.39406941731766665,3.553725179036462,1024.4582649739582,-1.37975212931633,105.8449637889862,267.44618105888367,11.402124023437523,6.823205566406273,8.663936869303408,76.215278784434,92.61759344736735,1.5902777938172221,9.512723396664908,7.117598650275984,-0.7455340067545535,4.594917551676474,1025.668798828125,-1.0116521542270978,111.34898312886556,220.45771114031473,12.307244873046898,6.489984130859398,8.62043151855471,73.78240744272868,81.23472086588542,28.097221851348877,11.469637947173489,7.966624116605824,-0.4531997680663835,4.000238037109398,1024.870556640625,-5.459167848030726,123.38762935002644,248.9792334238688,11.611444091796898,7.379571533203148,8.769993082682314,77.39953819910686,96.41157531738281,1.8680555755272508,10.369462353034454,8.092995315035594,-0.47563781738278976,4.949118550618493,1025.3369498697916,4.472161112974088,80.01955429712932,202.39785718917847,12.391656494140648,6.537286376953148,8.768304443359398,71.74212948481242,85.75694457689922,45.395832896232605,11.214691030221635,7.977538339937155,-0.2600591023762604,3.7581573486328352,1024.9645442708334,-5.686103969812393,126.04448223114014,251.38366429011026
2022-03-16,15.199639892578148,6.185327148437523,10.118426259358747,77.12638711929321,91.35879596074422,9.52083346247673,22.53691965335531,17.353428994716186,3.847540791829431,6.148880259196005,1021.0819173177083,-13.830303231875101,117.4184996287028,410.7489598592122,14.154443359375023,5.827813720703148,9.66346384684247,70.38240591684978,59.26712989807129,40.16666793823242,26.366824751431704,18.361350974858258,4.2662457784016965,4.26065343221029,1022.7864518229167,-10.256240208943685,169.59796142578125,457.23786544799805,15.117700195312523,6.282617187500023,10.167816416422548,76.68055486679077,92.78240712483723,20.368055164813995,22.441782099928677,17.942779094581795,3.7869544982910384,6.128226216634118,1020.6369010416668,-14.726069112618765,109.23572436968486,418.1650905609131,14.245385742187523,6.303002929687523,9.914078013102236,69.95972220102946,80.04213047027588,2.6666666865348816,25.094081207456338,18.23204549164054,4.257451629638695,4.440288798014365,1022.3710774739583,-12.34169473250707,161.6481850941976,439.11712551116943,14.580285644531273,5.980798339843773,9.9005803426107,75.32777849833171,96.00740750630696,14.500000476837158,23.08981203943908,17.694141499644097,3.8955627441406477,5.60468699137374,1021.2451399739583,-7.428487066179514,97.93805440266927,400.06175231933594,14.438745117187523,5.870019531250023,9.770210520426454,74.27314869562785,79.95601832866669,3.833333373069763,24.9121196809075,17.66129825877602,3.972346242268884,5.220608011881552,1022.3662727864582,-13.256537357966105,157.9384242693583,412.7872606913249,14.800317382812523,5.783319091796898,10.024713134765648,74.84120353062947,84.46064742406209,0.0,22.69124146084672,17.32445045997449,3.5546737670898665,5.5907519022624115,1021.2167708333333,-11.385635614395142,143.2351115544637,425.5775947570801,14.949578857421898,6.054895019531273,10.085810597737654,75.86527729034424,90.50694465637207,4.666666746139526,23.815279396843025,18.32720567168458,4.313990529378259,5.85760396321615,1021.4499479166667,-17.269384232660133,147.0674465497335,415.91240882873535
2022-03-17,11.281793212890648,5.626153564453148,8.252130126953148,70.37500047683716,51.543981375793614,2.8611110858619213,27.725244648505765,16.790289405976328,-0.5768811543782135,2.920307413737021,1028.4711002604167,8.03371785938119,170.09609429041544,648.0910849571228,11.081781005859398,5.093957519531273,7.907272593180362,75.0546285311381,55.38009214401245,35.833334028720856,23.549261897101886,15.493380027623184,-1.0605784098307254,3.5069608052571652,1030.2386881510417,13.144005378087362,156.20330034933673,632.1355715990067,10.778405761718773,5.951776123046898,8.486052449544294,70.52175792058308,52.16759212501347,9.81249986588955,29.621572558496837,17.05394236157383,-0.23238855997720975,3.193610127766931,1028.1879752604168,6.4326024030645685,165.36868651707968,655.0507330099741,11.226586914062523,5.033074951171898,7.927429453531924,72.91666618982951,58.33564784129461,46.833332896232605,25.391800752568823,15.470995041779995,-1.1412821451822879,3.0875882466634152,1029.669404296875,14.315507481495539,154.49524116516113,671.8683523337046,10.688317871093773,6.081536865234398,8.501557922363304,70.85694535573323,51.39444573534032,9.645833544433117,31.472762217873626,18.09261822175705,-0.2841692606608035,3.2807365417480696,1028.0898502604168,5.895739333083232,166.80839078169083,660.361436287562,11.527307128906273,5.193322753906273,8.117453511556013,71.6472225189209,58.029167046149574,24.20833283662796,26.014303304003803,16.128150700544143,-0.35971298217771164,3.088147735595726,1028.4935579427083,9.226989862819513,152.17246175887217,642.0466137329737,10.468072509765648,6.289178466796898,8.597090657552107,72.27731498082478,53.57453732440869,14.694444365799427,27.37275458906752,17.96899841108902,-0.293302917480446,3.651434834798181,1027.780927734375,4.670835810403029,164.87087156538232,685.0470670064291,11.297418212890648,5.723901367187523,8.349904632568382,71.72963015238444,46.37268356233835,10.812500216066837,25.62557841828768,15.928986953154299,-0.2149083455403229,3.2805038452148665,1028.4626595052082,8.334255139032999,177.16076231002808,599.5210942427317
2022-03-18,12.912469482421898,5.512170410156273,8.611837005615257,74.04212919871013,12.775925914446512,12.576388776302338,17.282585787829785,10.242053319642212,0.9050727844238509,4.086223856608115,1041.93146484375,-5.242868185043335,179.07862691255286,337.8415395816167,12.819787597656273,4.885339355468773,8.287231699625673,68.73055537541707,38.93888928027203,3.666666626930237,16.364799720486968,9.270319772697674,0.7264610290527571,2.6940488179524777,1041.6320963541666,-3.1702739596366882,179.55803724300736,337.0485722621282,12.852716064453148,5.476831054687523,8.553854878743513,73.73194456100464,14.25370380282402,0.8333333730697632,18.203376654767244,11.099595389514562,1.3498906453450559,4.003566996256552,1042.1409440104167,-4.423433899879456,178.78640790951127,337.0088842709859,12.877496337890648,5.033013916015648,8.478809611002626,70.90879678726196,35.57546278834343,11.666666507720947,17.017347047898653,9.863769170028442,0.8837320963542084,3.322866058349632,1041.4847102864583,-3.649648388226827,178.95666468314207,353.55233303705853,13.138421630859398,5.246636962890648,8.607911682128929,71.37407445907593,14.697685118764639,0.0,17.607715416257154,10.303529809511259,1.0693082173665402,3.583205159505212,1042.138173828125,-5.104910473028819,179.00046567292884,339.7382598718007,13.122613525390648,5.350976562500023,8.657127634684267,73.07870292663574,32.909721771876015,11.166666984558105,17.82677753535896,10.290901270669666,0.9842976888020871,3.9265355428059934,1041.9967708333334,-4.822257558504741,177.44463137956336,350.92420518398285,13.357385253906273,5.376672363281273,8.808534240722679,72.47083266576131,10.932870527108511,0.0,17.178968115693987,10.13699455436818,1.1693003336588959,3.945991770426474,1041.80900390625,-6.387535770734151,179.6170212047485,337.7640323638916,13.211022949218773,5.657006835937523,8.7881904602051,73.45324087142944,41.58842667316397,17.666666507720947,18.039809875085588,10.4568466714641,1.1476875305176009,4.158790842692099,1041.87546875,-5.54982590675354,177.04703819922483,338.4926628669103
2022-03-19,12.137200927734398,5.113031005859398,8.2360295613607,62.99120267232259,0.24583333233992258,0.0,25.463985038376432,20.373437514768295,1.9078982035319427,0.9309199015299896,1041.0697265625,4.001751224199931,185.8050728884215,605.7611999511719,11.232446289062523,3.8074584960937727,7.445612843831403,62.33055512110392,1.8777777555709083,12.666666984558105,25.53946248258842,20.196771170639483,0.20045878092452085,0.17501602172853836,1040.5824055989583,7.371611038843791,185.49817032087594,698.0807991027832,11.704064941406273,4.993981933593773,8.079960123697939,62.930091540018715,0.9842592432784537,0.0,25.434928338741223,20.15478095300368,0.4977572123210052,0.7644630432129134,1040.8544694010418,5.390302975972493,185.47365293838084,685.8797225952148,10.894281005859398,3.6861511230468977,7.1691045125325745,61.23935270309448,7.354629597471406,0.8333333730697632,25.13824071008566,19.920513237031674,-0.005594635009742888,-0.27141927083329165,1040.4812109375,8.813930730024973,185.72408797809234,718.0861701965332,11.727807617187523,5.133447265625023,8.070675150553408,62.38194433848063,0.5194444463898739,0.0,25.797713172198417,20.420396503178818,0.5736111958821652,0.5859797159831146,1041.1087141927082,5.65893433491389,186.0984467699503,664.0411084493002,11.218438720703148,4.331536865234398,7.485423024495465,61.55370330810547,2.2912036813795567,0.0,25.95504102701056,20.528843990666754,0.2293970743815521,0.03170674641927462,1040.429892578125,7.6044749816258745,185.7221500907714,711.7607447306315,12.005578613281273,5.356469726562523,8.29837570190432,63.10601933797201,0.5675925915129483,0.0,25.765615261740514,20.624960304010894,0.8667350769043196,0.9374824523926009,1041.0576009114584,4.40647029876709,185.984850171643,656.3788286844889,11.795739746093773,5.160485839843773,8.031175231933616,62.28472169240316,0.5518518608684341,0.0,25.655043559201687,20.953773567347284,1.0177462259928802,0.5872601826985715,1040.3605110677083,5.498062431812286,185.93861462610462,673.1539942423502
2022-03-20,6.433007812500023,3.1833740234375227,4.676393127441429,74.0328688621521,43.77916601796945,17.034721940755844,24.81287602642511,18.719327340655834,-5.093833669026651,0.24722061157228836,1029.9738639322918,32.38153113859395,91.68692633199196,671.898821512858,9.166314697265648,3.5684753417968977,5.9973821004231995,69.3763902982076,31.998611216743786,10.062499916180968,25.75673209325818,19.000094703595135,-4.10296732584635,0.5305381774902571,1030.0423600260417,18.508113503456116,144.3070772116383,709.4327398935953,6.574334716796898,3.4897094726562727,5.0684778849284085,70.33148034413655,38.430555529892445,8.999999713618308,24.86138838259426,18.432021006141657,-4.843935394287087,-0.0361834208170535,1029.8455110677082,29.72509297169745,98.26840982710321,678.6875794728597,10.059136962890648,3.5209289550781477,6.867779032389346,62.98703591028849,47.43888835360607,0.78472223225981,23.805297437485123,17.364185389730952,-3.1449645996093523,0.183253224690759,1029.3818684895832,11.25367929538091,111.42685137378673,616.1076110204061,6.912713623046898,3.5386291503906477,5.130272165934268,70.0324068069458,37.93333279465636,12.229166764765978,24.737682101585346,18.90423159798775,-4.87187550862626,-0.0405474344889285,1029.900634765625,29.7929011931022,95.75920603517443,706.7626202901205,6.712365722656273,3.3338562011718977,4.992534891764346,72.60370349884033,38.634721690167986,15.090277766808867,25.157718090632976,19.62443093917413,-4.454073333740212,0.2859601338704465,1029.5805729166668,28.293899943431217,93.64376030986507,698.7971000671387,6.349114990234398,3.3760009765625227,5.010040537516299,72.31990639368694,37.249537567297615,19.215277262032032,24.28616156861382,18.50693745348947,-4.911071523030557,0.2749903361003021,1029.6806575520832,31.06013568242391,90.06240917369723,677.173126856486,7.310296630859398,3.2649475097656477,5.154225921630882,71.28842480977376,40.914814511934914,6.20833327434957,25.164704474038807,19.658045655898906,-4.710192108154274,0.22899780273439774,1029.7485807291666,27.654018675287563,107.65646023737888,723.2667188644409
2022-03-21,13.799432373046898,2.6917663574218977,8.00879567464195,73.52638959884644,14.725926169039061,36.833333015441895,11.70677441995243,8.031170977643324,-0.16889165242508852,3.4039156595866302,1030.7250227864583,-17.429972807566326,184.0518716586133,244.28884426752725,13.990991210937523,2.7491394042968977,8.04562657674156,75.88796170552571,19.20694451034069,47.499999046325684,14.981942562735751,10.429450393390988,-0.1973912556965729,3.8486076354980696,1030.1296549479166,-19.65438187122345,184.36316938263676,316.4570109844208,13.510308837890648,2.6721740722656477,7.988390858968121,73.86481507619222,21.949537161116798,62.83333396911621,11.656111724079333,9.249524056259165,0.011177317301473977,3.4189875284831146,1030.7309928385416,-15.949872016906738,172.7262026934574,232.68972285588583,13.966516113281273,2.9109130859375227,8.262026723225935,75.0587952931722,24.80185169229905,24.999999046325684,13.202499020016344,9.042538424208322,-0.1219823201496979,3.937544759114587,1029.6974348958333,-18.932595372200012,175.65378318727016,292.53276483217877,14.201440429687523,2.7941528320312727,8.177861785888695,70.46713018417358,21.060185010544956,21.499999523162842,13.308026560007717,8.688323507191267,-0.26005783081052414,2.8380485534668196,1030.5953352864583,-18.457942922910053,187.31605535000563,292.5464194615682,13.407556152343773,2.7973266601562727,8.052102661132835,72.43009249369304,34.03796293089787,32.166666984558105,13.019198311179542,8.228532186128232,-0.1247149149576785,3.204200998942099,1030.4725325520833,-19.76563509305318,173.87481788918376,279.8511146704356,14.267602539062523,2.8555847167968977,8.18503341674807,70.43148120244344,17.377315480882924,0.3819444505497813,12.162072380951793,8.033671395277606,-0.40480651855466476,2.8133763631184934,1030.5573665364582,-18.342979550361633,188.0166079668949,301.2777973016103,13.577233886718773,2.6752868652343977,7.917605336507184,72.33750025431316,28.031018540263176,49.99999809265137,12.687975639193139,8.076654319328107,-0.06316986083982101,3.0435653686523665,1030.4706315104168,-18.870157678922016,178.52156834490597,276.08783833185834
2022-03-22,15.396661376953148,8.483361816406273,11.642661031087263,69.10046354929607,52.31481599807739,0.3333333358168602,9.938777721867195,7.858950964156449,2.2377499898274777,5.972014363606775,1031.2680436197918,-21.005711019039154,142.08640724917254,184.1732530593872,16.163720703125023,7.535607910156273,11.344230906168642,69.33703660964966,14.895370244979858,36.833333015441895,10.90839654389168,8.890150249632594,2.012916819254599,5.589316304524743,1030.4748697916666,-22.840858824551105,189.0285396228234,302.7688912153244,16.368676757812523,8.583367919921898,12.163425699869814,68.61435238520305,40.30231467882792,0.861111119389534,9.616833344033052,7.2687853182054,2.4470509847005246,6.323821004231775,1031.3575390625,-27.358737749358017,183.63001755749187,271.7387005488078,16.135491943359398,8.856530761718773,11.862816111246767,67.2726863225301,46.53657424449921,62.83333396911621,9.76267588189677,8.046167172226866,2.273030853271507,5.677346801757835,1030.4103580729168,-26.752887924512226,164.5305890639623,283.2820820013682,16.458215332031273,8.079003906250023,11.742276763916038,71.8430536588033,37.39814845720927,5.097222179174423,8.090534176803827,6.654164982953863,2.5289169311523665,6.539208984375023,1031.2816731770833,-25.417100528875988,186.00488723814487,261.1839165687561,16.207116699218773,7.689233398437523,11.524784342447939,69.67916647593181,33.28472179174423,21.499999523162842,9.398880320105752,7.543077096207885,1.969326273600302,5.818036651611351,1030.9177897135417,-25.123169137785833,182.49946304659048,271.36124380429584,16.720819091796898,8.236322021484398,11.9550237019857,70.94398148854573,37.33935248851776,3.4930555876344442,8.91148842798022,6.208638466973689,3.017177836100302,6.574637349446618,1030.8804231770832,-28.71364488080144,186.36718745529652,257.7201333840688,16.170434570312523,7.466973876953148,11.460788981119814,71.05324061711629,27.722222169240315,0.5000000149011612,9.75234773834406,7.887510387575557,2.1079193115234602,6.089737192789755,1031.17478515625,-23.770379826426506,184.16420265535513,241.63411029179892
2022-03-23,16.035913085937523,8.104302978515648,11.575892384847029,66.68518702189128,4.361111095175147,8.666666507720947,11.545085485591486,8.636825430972621,1.7119562784831146,5.164493815104208,1031.2541634114582,-10.103399674097696,193.60548497984806,327.7374533017476,14.872216796875023,7.059838867187523,10.545163726806663,62.46111138661703,6.615740556269884,0.3333333358168602,12.643691858089724,9.773229229415575,0.9200060526530365,3.221120452880882,1031.2569759114583,-7.3737832109133405,196.45620349422097,333.5925389925639,16.271875000000023,8.170159912109398,11.691706593831404,62.976852099100746,3.789814827653269,14.333333015441895,10.212418665169919,7.767099080674767,1.9043746948242415,4.434966023763025,1030.9445345052084,-9.719572146733602,194.68365480874976,308.77993361155194,15.627770996093773,7.659631347656273,11.203069305419945,64.56342601776123,3.8347222606341043,1.3333333432674408,12.108962292419239,9.926407934585221,0.9624814351399777,4.3511278788249115,1031.7106217447918,-7.712132175763448,194.6019109363357,357.2632253964742,16.290795898437523,7.870996093750023,11.54595845540367,60.417590936024986,3.4106482109054923,6.500000238418579,8.747905331375327,7.316452035588909,1.789924875895224,3.6618883768717865,1030.8846647135417,-9.368077397346497,196.03688783819476,300.9889722665151,15.595178222656273,7.766687011718773,11.16375630696617,62.23194392522176,1.5393518541629116,12.499999523162842,11.472548178703466,8.94063703270739,1.479182179768884,3.690395609537802,1031.3777213541666,-7.136249939600627,196.11761159449816,313.5776104927063,16.564721679687523,7.973168945312523,11.738696034749372,59.817592779795326,3.605555495247245,0.5000000149011612,9.796354237150446,7.83243934528453,1.9723068237304915,3.712337748209677,1030.53263671875,-10.50752160946528,196.0607411401967,300.35095143318176,16.082574462890648,8.119744873046898,11.587766265869163,65.97870381673177,3.8226851522922516,16.833333492279053,11.472506386601541,8.417620362158953,1.699305470784509,5.0414838155110715,1031.2269596354167,-9.779743750890097,193.78349688028297,319.2354846398036
2022-03-24,15.721368408203148,7.729760742187523,11.234330749511741,62.84074115753174,8.89999994635582,0.0,10.74114623475801,6.405257560304595,0.8928403218587277,4.031111653645837,1030.1247688802082,-10.387276848157247,196.53226168453693,368.8358769416809,14.506066894531273,7.090203857421898,10.228177642822288,66.21481609344482,1.0287037193775177,8.666666507720947,12.78871185354562,9.290033340080477,1.2989021301269759,3.751869455973349,1030.7348274739584,-2.0068416198094687,197.27427145838737,327.8313749631246,15.916650390625023,7.890039062500023,11.269745127360048,62.04120381673177,3.8180556148290634,0.0,9.927360513539075,5.394945207082023,0.9642768859863509,3.834462738037132,1029.9652213541667,-10.031596620877584,197.7580218265454,364.4687288204829,14.885583496093773,7.525262451171898,10.642931874593122,66.93981456756592,4.7236111251016455,15.833333194255829,12.81463256973105,8.993886411083352,1.275570170084677,4.477042134602868,1030.4499381510418,-4.112791617711385,192.7852377394835,325.4373942216237,15.805505371093773,7.812036132812523,11.306940968831404,58.046295166015625,6.681018551190694,0.0,10.875976507148618,6.672622249063845,0.9282979329427121,3.0094111124674896,1030.031142578125,-9.88506011168162,196.88607200980186,378.56819915771484,15.052270507812523,7.466577148437523,10.806119537353538,67.56666771570842,15.885185326139132,9.152777791023254,11.72335766735492,7.71781303164575,0.8654571533203352,4.759844716389978,1030.3319856770834,-8.219806909561157,187.43140615522861,313.99324170748395,15.604272460937523,7.699548339843773,11.203520711263044,59.40694411595663,6.263888783752918,0.0,11.683999282275277,7.650800833437646,1.0267692565918196,3.298786417643271,1029.699638671875,-8.144135077794393,196.08713356902203,370.5617428620656,15.383325195312523,7.673516845703148,10.972952779134138,64.21111154556274,12.099073802431425,0.9583333730697632,12.092700197894844,7.483797294326248,0.9935445149739621,4.166705067952478,1030.1897428385416,-8.804954767227173,189.3483916769425,337.5636025269826
2022-03-25,14.690972900390648,6.560235595703148,10.17426706949872,60.53472105662028,5.731018558144569,0.0,14.914627443414954,9.71043351615261,0.9771998087565521,2.4925933837890852,1030.8907942708333,0.1699142853418986,200.90884853402773,319.87992175420123,14.612969970703148,6.653863525390648,10.3400334676107,58.55138826370239,19.58564821879069,0.0,12.580532323634618,9.369151907535246,0.5317309061686615,2.3118759155273665,1030.8357259114582,-0.5357424815495809,193.89671938618025,332.2516706784566,14.321954345703148,5.695397949218773,9.672572072347029,58.33148113886515,7.216666641955574,0.0,15.997399576424666,10.900064248318225,1.379555002848349,1.5806162516276459,1030.8888509114583,2.4374371568361917,202.02525376528502,315.686162630717,14.711358642578148,6.817864990234398,10.323720550537132,62.161574045817055,21.766203671693802,0.0,13.308651390730013,9.01541277845076,0.7408246358235715,3.0836298624674896,1030.8540755208332,-1.1394342184066772,194.42946602404118,333.8113532066345,14.414819335937523,6.086389160156273,9.858421579996767,57.80092589060465,3.7166667183240256,0.0,15.612394752672705,10.869047429591632,1.2577517191569427,1.5971313476562727,1031.07583984375,1.6965182647109032,202.94403789937496,321.6931603749593,14.795281982421898,6.811456298828148,10.301033274332704,62.58564774195353,16.90138919154803,0.0,14.75550565253775,9.125297610729588,0.811219787597679,3.1410575866699446,1030.8882747395833,-1.1136588255564372,194.99796589215597,321.11388993263245,14.350000000000023,5.928002929687523,9.788382466634138,58.3893518447876,14.5814817561768,0.0,15.41861674056383,11.397200524149246,1.4744074503581146,1.6405515034993527,1030.9065494791666,2.2984607741236687,201.24192602435747,325.8583033879598,14.731958007812523,6.489495849609398,10.145674641927107,59.36296319961548,7.164814873443295,0.0,14.973461476768671,9.648011556395954,0.9584747314453352,2.245894368489587,1030.6957421875,-0.14016902446746826,200.33609365671873,320.82472197214764
2022-03-26,15.080621337890648,6.175042724609398,10.1115547180176,64.85648107528687,7.31064805885156,0.0,16.117927787065472,10.770686561417264,2.9296445210774777,3.406209564209007,1032.8056998697916,-6.16679847240448,202.88977657506862,316.77235651016235,14.848077392578148,6.974114990234398,10.459141031901064,68.92083358764648,8.885185151050488,0.0,15.898687752415617,10.205782297547428,2.4690350850423215,4.661763763427757,1032.4476106770833,-7.23850679397583,202.24770318220058,347.1019693215688,15.005548095703148,6.290063476562523,10.123333231608095,65.66898155212402,10.515277720987797,0.0,16.82788170231784,10.998517274558195,2.7490720113118527,3.643415069580101,1033.0102408854168,-5.895129005114238,200.67885369310775,323.5825867652893,14.842309570312523,6.777856445312523,10.3307561238607,70.38472207387288,3.505092571799954,0.0,15.86514817960279,10.453487033302256,2.5226608276367415,4.853859202067099,1032.5278841145832,-8.070212811231613,201.91611062238613,344.96630183855694,15.176049804687523,6.497521972656273,10.299546813964866,65.1916667620341,3.4731481596827507,0.0,15.60980310493658,10.493613638590215,2.6463625590006927,3.660225168863974,1032.8134147135418,-6.641544938087463,203.56197581936917,324.232942422231,15.016229248046898,6.485955810546898,10.225541687011741,67.33888832728069,7.875000101514161,0.0,15.895260735005449,10.51284671843763,2.6464820861816634,4.143694814046228,1032.862685546875,-6.834918856620789,202.39431028564772,331.7168724536896,15.174035644531273,6.494805908203148,10.303020731608095,64.84398317337036,5.309722322970629,0.0,16.35145148925377,10.797208943780099,2.791652933756552,3.5968872070312727,1032.6722102864583,-6.3101491530736284,203.8841489503781,321.2823959986369,15.081414794921898,6.306665039062523,10.172844187418642,65.3962950706482,2.6462963611508408,0.0,15.760777634030477,10.57069304254968,2.770565287272177,3.6502713521321652,1032.7776009114582,-6.5624451239903765,203.12468114991984,324.900279601415
2022-03-27,14.059808349609398,6.659051513671898,10.081217094089697,76.554106173308,11.46956519458605,0.0,15.336879506313164,11.562395219943268,3.8092523989470237,5.6947610606318335,1031.8452649456522,-6.252554852029552,210.1969633936963,331.9286950152853,14.406549072265648,6.671105957031273,10.12604210895043,77.41835652226987,4.027536174525386,0.0,16.125794158439042,11.849364740470367,4.1483371900475845,5.991954504925275,1031.9806487771739,-6.9450816278872285,209.0970799876377,323.61265762992525,14.344262695312523,6.538873291015648,10.040726902173935,77.1753631260084,3.34444434746452,0.0,13.431036526586023,10.871098660893821,3.9436717157778958,5.78942128057065,1032.334840353261,-6.482474534407906,209.49712166113213,320.59626836362094,14.338891601562523,6.528588867187523,9.987720522673257,76.55603757111922,4.427053109459255,0.0,15.438769919770268,11.707148055773525,3.732869554602587,5.678426195227587,1032.2138451086958,-6.191246799800707,209.6547837936441,322.7038640561311,14.040032958984398,6.297967529296898,9.800070588485077,75.49371934973675,3.5478260533317276,0.0,14.63650412275883,11.8331402285521,3.9926298721977105,5.176231583305025,1032.2928600543478,-4.090972423553467,210.37677562289426,327.7910040150518,14.424829101562523,6.929223632812523,10.288012164572034,76.19516936592434,11.076328571561886,0.0,13.940431865587955,10.908698957602697,3.5709910517153958,5.820502770465396,1032.1815591032607,-7.514668132947839,209.7152062037798,311.3793875652811,14.149987792968773,6.239160156250023,9.831661589249343,73.28888669221297,3.2164252063502436,0.0,15.258965673453234,12.413212687266617,4.39913462763252,4.768195641559146,1031.8157982336957,-3.920483568440313,210.97341022855076,333.2758649743122,14.454827880859398,6.736291503906273,10.198883587381136,76.77052953968878,5.335748848707779,0.0,14.481085510473802,11.264042261147704,3.6069274902343977,5.858897864300275,1032.3016779891304,-6.716456454733144,210.03189017514333,318.3551761793054
2022-03-28,14.502038574218773,6.383721923828148,10.01211827596031,76.18657271067302,15.585648863265911,0.0,10.677322875606206,7.350060932523111,3.1806032816569427,5.700467681884788,1024.2414453125,-8.472495337327322,204.1987066580526,313.7555480003357,14.649987792968773,6.626733398437523,10.172029113769554,76.93472242355347,29.68888888445993,0.125000003259629,9.150530398558589,6.1774503316015865,2.3402763366699446,5.967439270019554,1024.6547493489584,-10.195027887821198,195.81181303291427,315.54396112759906,14.421746826171898,6.360742187500023,9.980991617838564,75.83240763346355,20.70648160142203,0.0,10.668990088737894,7.457717082753457,3.693092600504599,5.584058380126976,1023.9941080729167,-7.653044859568278,203.9928145685311,300.537414709727,14.472222900390648,6.886926269531273,10.191074625651064,79.48750162124634,13.430555383364359,0.08333333395421505,10.785492139551735,6.740972805597754,2.5643669128418196,6.526781972249353,1025.22521484375,-7.804512331883113,193.79696785716806,300.1560573577881,14.032861328125023,6.259759521484398,9.702848052978538,75.8921292622884,15.740277995665869,0.0,11.162571121070894,7.446922650651424,3.7955871582031477,5.354455566406273,1023.7990494791667,-5.970381796360016,205.64442873804364,297.80086787541705,14.338647460937523,6.518579101562523,9.974795277913435,79.58472108840942,20.293518654070795,0.041666666977107525,10.1862062298958,6.94658383532433,2.7783816019694427,6.334006245930993,1024.81240234375,-8.289144515991211,190.69894729861213,298.96593379974365,13.942285156250023,6.060998535156273,9.463889058431013,78.10000006357829,16.949073987081647,0.0,12.213666541430566,8.118453568729613,4.071412658691429,5.530763244628929,1023.5304134114583,-5.015868564446767,205.0820520799219,308.0475296974182,14.746606445312523,6.331384277343773,10.070149993896507,74.76388851801555,17.189814493060112,0.0,10.387175051765476,6.919512244416604,3.0272982279460052,5.4568407694499115,1024.563544921875,-10.293014268080393,202.2960126629332,312.49957243601483
2022-03-29,11.893853759765648,5.606835937500023,8.276569620768251,78.44768540064494,91.8055550257365,0.0,21.685810546628048,13.338151526064019,1.004757181803427,4.580988820393884,1013.4353580729168,9.930836061636606,146.37292383894479,474.6993061701457,10.464288330078148,4.776055908203148,8.32810999552411,73.58981386820476,84.8365728855133,0.8055555494502187,21.918552220281033,13.597124378491964,0.3813924153645871,3.8034111022949446,1014.7178645833333,15.841792585949102,117.06685171435431,462.4773422876994,11.707116699218773,5.324822998046898,7.932489013671898,77.16203657786052,91.39074198404948,0.5208333488553762,21.483014399361444,14.126488030206128,0.7626014709472884,4.007454172770224,1013.2849837239582,11.784440216608346,138.11394416800854,458.5971310933431,9.249780273437523,4.989801025390648,8.149193064371767,78.11157194773357,95.07036940256755,6.868055461440235,21.035459192610357,13.243338610605917,0.3073834737141965,4.518257395426474,1013.8070052083333,18.992428561051685,60.90792704191214,416.1678104400635,12.106164550781273,6.132104492187523,8.488559977213564,77.2722217241923,96.86666742960612,0.1666666679084301,20.573567180162456,13.620163905231756,0.8767499287923215,4.532624816894554,1012.8843229166667,5.924363931020101,138.8101109461471,421.5080992380778,11.732690429687523,5.089196777343773,8.270438130696638,76.13333415985107,83.36342589060466,0.0,21.09471651161391,13.510376384332764,0.8846857706706146,4.108978525797568,1013.9439225260417,10.88904375831286,170.02446549451756,497.0037488937378,12.011254882812523,5.527368164062523,8.269197082519554,76.66898123423259,77.95555607477824,0.0,18.108396694043105,13.182951936163292,0.7161931355794309,4.172236378987634,1013.00904296875,7.605786100029945,153.4391121499939,452.92283058166504,11.398065185546898,5.363793945312523,8.129843648274763,77.7060186068217,85.78102000554402,0.0,21.110200541388835,13.865208995430137,0.8854398091634152,4.283528900146507,1013.8614518229167,13.667751344541708,141.25029624536788,532.1942081451416
