Date,temperature_2m_max_run_00Z_day1_gfs,temperature_2m_min_run_00Z_day1_gfs,temperature_2m_mean_run_00Z_day1_gfs,relative_humidity_2m_mean_run_00Z_day1_gfs,cloud_cover_mean_run_00Z_day1_gfs,precipitation_sum_run_00Z_day1_gfs,wind_speed_10m_max_run_00Z_day1_gfs,wind_speed_10m_mean_run_00Z_day1_gfs,temperature_850mb_mean_run_00Z_day1_gfs,dew_point_2m_mean_run_00Z_day1_gfs,msl_pressure_mean_run_00Z_day1_gfs,ground_heat_flux_mean_run_00Z_day1_gfs,downward_shortwave_mean_run_00Z_day1_gfs,boundary_layer_height_mean_run_00Z_day1_gfs,temperature_2m_max_run_00Z_day2_gfs,temperature_2m_min_run_00Z_day2_gfs,temperature_2m_mean_run_00Z_day2_gfs,relative_humidity_2m_mean_run_00Z_day2_gfs,cloud_cover_mean_run_00Z_day2_gfs,precipitation_sum_run_00Z_day2_gfs,wind_speed_10m_max_run_00Z_day2_gfs,wind_speed_10m_mean_run_00Z_day2_gfs,temperature_850mb_mean_run_00Z_day2_gfs,dew_point_2m_mean_run_00Z_day2_gfs,msl_pressure_mean_run_00Z_day2_gfs,ground_heat_flux_mean_run_00Z_day2_gfs,downward_shortwave_mean_run_00Z_day2_gfs,boundary_layer_height_mean_run_00Z_day2_gfs,temperature_2m_max_run_06Z_day1_gfs,temperature_2m_min_run_06Z_day1_gfs,temperature_2m_mean_run_06Z_day1_gfs,relative_humidity_2m_mean_run_06Z_day1_gfs,cloud_cover_mean_run_06Z_day1_gfs,precipitation_sum_run_06Z_day1_gfs,wind_speed_10m_max_run_06Z_day1_gfs,wind_speed_10m_mean_run_06Z_day1_gfs,temperature_850mb_mean_run_06Z_day1_gfs,dew_point_2m_mean_run_06Z_day1_gfs,msl_pressure_mean_run_06Z_day1_gfs,ground_heat_flux_mean_run_06Z_day1_gfs,downward_shortwave_mean_run_06Z_day1_gfs,boundary_layer_height_mean_run_06Z_day1_gfs,temperature_2m_max_run_06Z_day2_gfs,temperature_2m_min_run_06Z_day2_gfs,temperature_2m_mean_run_06Z_day2_gfs,relative_humidity_2m_mean_run_06Z_day2_gfs,cloud_cover_mean_run_06Z_day2_gfs,precipitation_sum_run_06Z_day2_gfs,wind_speed_10m_max_run_06Z_day2_gfs,wind_speed_10m_mean_run_06Z_day2_gfs,temperature_850mb_mean_run_06Z_day2_gfs,dew_point_2m_mean_run_06Z_day2_gfs,msl_pressure_mean_run_06Z_day2_gfs,ground_heat_flux_mean_run_06Z_day2_gfs,downward_shortwave_mean_run_06Z_day2_gfs,boundary_layer_height_mean_run_06Z_day2_gfs,temperature_2m_max_run_12Z_day1_gfs,temperature_2m_min_run_12Z_day1_gfs,temperature_2m_mean_run_12Z_day1_gfs,relative_humidity_2m_mean_run_12Z_day1_gfs,cloud_cover_mean_run_12Z_day1_gfs,precipitation_sum_run_12Z_day1_gfs,wind_speed_10m_max_run_12Z_day1_gfs,wind_speed_10m_mean_run_12Z_day1_gfs,temperature_850mb_mean_run_12Z_day1_gfs,dew_point_2m_mean_run_12Z_day1_gfs,msl_pressure_mean_run_12Z_day1_gfs,ground_heat_flux_mean_run_12Z_day1_gfs,downward_shortwave_mean_run_12Z_day1_gfs,boundary_layer_height_mean_run_12Z_day1_gfs,temperature_2m_max_run_12Z_day2_gfs,temperature_2m_min_run_12Z_day2_gfs,temperature_2m_mean_run_12Z_day2_gfs,relative_humidity_2m_mean_run_12Z_day2_gfs,cloud_cover_mean_run_12Z_day2_gfs,precipitation_sum_run_12Z_day2_gfs,wind_speed_10m_max_run_12Z_day2_gfs,wind_speed_10m_mean_run_12Z_day2_gfs,temperature_850mb_mean_run_12Z_day2_gfs,dew_point_2m_mean_run_12Z_day2_gfs,msl_pressure_mean_run_12Z_day2_gfs,ground_heat_flux_mean_run_12Z_day2_gfs,downward_shortwave_mean_run_12Z_day2_gfs,boundary_layer_height_mean_run_12Z_day2_gfs,temperature_2m_max_run_18Z_day1_gfs,temperature_2m_min_run_18Z_day1_gfs,temperature_2m_mean_run_18Z_day1_gfs,relative_humidity_2m_mean_run_18Z_day1_gfs,cloud_cover_mean_run_18Z_day1_gfs,precipitation_sum_run_18Z_day1_gfs,wind_speed_10m_max_run_18Z_day1_gfs,wind_speed_10m_mean_run_18Z_day1_gfs,temperature_850mb_mean_run_18Z_day1_gfs,dew_point_2m_mean_run_18Z_day1_gfs,msl_pressure_mean_run_18Z_day1_gfs,ground_heat_flux_mean_run_18Z_day1_gfs,downward_shortwave_mean_run_18Z_day1_gfs,boundary_layer_height_mean_run_18Z_day1_gfs,temperature_2m_max_run_18Z_day2_gfs,temperature_2m_min_run_18Z_day2_gfs,temperature_2m_mean_run_18Z_day2_gfs,relative_humidity_2m_mean_run_18Z_day2_gfs,cloud_cover_mean_run_18Z_day2_gfs,precipitation_sum_run_18Z_day2_gfs,wind_speed_10m_max_run_18Z_day2_gfs,wind_speed_10m_mean_run_18Z_day2_gfs,temperature_850mb_mean_run_18Z_day2_gfs,dew_point_2m_mean_run_18Z_day2_gfs,msl_pressure_mean_run_18Z_day2_gfs,ground_heat_flux_mean_run_18Z_day2_gfs,downward_shortwave_mean_run_18Z_day2_gfs,boundary_layer_height_mean_run_18Z_day2_gfs
2021-04-01,18.883325195312523,9.497399902343773,13.481338755289736,71.32314936319987,80.53101809819539,16.284722238779068,17.540254920368476,11.325261650112296,5.486739095052087,8.113484954834007,1014.8125,-24.03843681017558,183.40992444753647,448.3870006799698,19.216638183593773,5.713769531250023,13.01285578409833,70.27083349227905,52.57685216267904,10.33333307504654,24.596595586350176,15.39092752575599,5.334620412190759,7.3372118631999115,1014.5323307291667,-27.071090777715046,218.18032735586166,658.5973287820816,18.764337158203148,7.745111083984398,12.991886393229189,72.71620337168376,81.86435143152873,19.49999988079071,18.41738888527563,12.38286363795592,5.043729400634788,7.931274668375693,1014.9651171875,-18.233418067296345,162.42292475700378,452.62045280138653,19.106866455078148,8.242639160156273,13.335673268636091,67.20231342315674,64.28009196122487,3.770833283662796,20.778671338021255,13.647291917199608,5.290798441569052,7.015664672851585,1014.2218489583333,-26.623486280441284,215.42020074526468,608.5875556866328,18.742639160156273,10.017510986328148,13.437819417317732,73.59073909123738,81.30601851145427,9.388889011461288,19.353882501822035,11.928938496543816,5.307312266031943,8.522009785970056,1013.9700813802083,-24.65943733851115,175.97361210982004,464.15934920310974,18.837609863281273,9.383325195312523,13.4950996398926,69.90925947825114,76.23842573165894,8.388888862449676,18.813881236351754,11.56559928117168,5.30378112792971,7.78482335408529,1015.1151920572917,-25.97372309366862,198.73138684034348,496.13833550612134,18.969964599609398,8.598413085937523,13.423417663574241,73.00925985972087,81.71296215057373,10.000000022351742,20.833173082648532,12.371130723378672,5.26938145955404,8.416862742106161,1013.7689127604167,-23.162511666615803,182.19444880882898,458.44932436943054,18.815026855468773,7.909478759765648,13.354618326822939,71.36712900797527,71.5458333492279,9.256944248452783,19.93863396388443,12.920313684352957,5.341626739501976,7.969923909505212,1015.146181640625,-22.76751987139384,187.98881294329962,520.4872450431188
2021-04-02,10.323144531250023,2.0833068847656477,6.201362864176455,58.12685283025106,43.18101843198141,21.333333492279053,23.153698704765443,12.50653004412829,-2.862162017822243,-2.1776947021484148,1015.6195182291667,13.948036650816599,237.31920238335928,720.7607283592224,11.120935058593773,3.4613281250000227,7.332102711995465,59.08194367090861,58.509721557299294,61.993053674697876,18.79629449008513,12.648695330114057,-1.0931597391764285,-0.7457997639973541,1013.8986328125,9.57447274029255,236.84446195761362,682.9717481931051,10.366052246093773,1.9598022460937727,6.131379699707054,58.83888943990072,50.56203627586365,22.000000476837158,22.83759271019429,12.60336008457171,-2.804808044433571,-2.0594988505045535,1015.3553873697917,12.123597462972006,233.88443414370218,715.9387664794922,10.826440429687523,2.5709167480468977,6.83561223347984,59.79768546422323,50.093518217404686,67.83333206176758,18.110038802786494,10.158316100321322,-1.9678494771321198,-1.1015711466471316,1014.48767578125,8.327340960502625,238.00651321808496,656.4593966801962,10.162011718750023,2.0264526367187727,6.072400665283226,60.04583295186361,56.20509227116903,38.166666984558105,21.95281234703274,13.153603114096635,-3.1050170898437273,-1.8263305664062273,1015.2023828125,13.794783492883047,229.941241979599,731.8092523415884,10.738854980468773,3.1643615722656477,7.198510742187523,58.13703695933024,57.99351851145426,32.13888931274414,20.053741524467075,13.801122456563613,-2.0342252095539948,-1.1855974833170535,1014.2578385416667,10.325337767601013,239.27427842219672,729.3853364785513,10.206475830078148,1.9668823242187727,6.142986551920596,60.15648063023885,46.431944727897644,0.319444446824491,21.2001835587955,13.5640402157946,-3.161704762776651,-1.7169924418131473,1015.303369140625,12.145257274309794,234.73672179381052,749.9985706011454,10.209680175781273,2.3951049804687727,6.448840077718121,58.762035846710205,59.26435101032257,33.13194394111633,21.72261152771128,13.690834360194275,-2.765306854248024,-1.7960151672363054,1015.32501953125,14.895468155543009,232.6656827131907,751.3643159866333
2021-04-03,8.470788574218773,2.1418395996093977,5.215028381347679,64.80879672368367,83.90046262741089,27.673610840458423,21.637272111951543,14.420349577625693,-5.55809377034501,-1.3098269144693973,1014.3029947916667,8.024698910613855,163.90503625571728,917.7221453984579,8.011254882812523,2.7204833984375227,5.673361714681012,61.51435120900472,92.33379586537679,24.902777791023254,18.70773741445906,9.66645658194908,-4.47121912638346,-1.3561195373534929,1013.7300748697917,9.73257896800836,119.57118488351504,500.2213951746623,8.333551025390648,2.0225463867187727,5.120923614501976,64.23333263397217,86.17314783732097,22.611111213918775,22.966004330577697,15.015821705978624,-5.657113138834632,-1.4637893676757585,1014.5681282552083,8.403846914569536,170.4273705879847,928.0938707987467,6.981866455078148,1.9871765136718977,4.683370208740257,67.03286918004353,88.71574171384175,33.77083373069763,17.628199392710062,10.074771690020597,-4.974766794840491,-1.1779057820637604,1014.1166471354168,12.156654566526413,102.873149116834,451.3113275369008,8.200952148437523,2.0166564941406477,4.822169240315778,67.12268527348836,82.71990716457367,31.090278251562268,23.50051308616882,15.495667097737522,-5.66588185628251,-1.2522466023762604,1014.6642545572918,10.893194092748066,164.49848443766436,909.9061044057211,6.981408691406273,1.6075073242187727,4.48966242472333,70.18981599807739,87.09814842542012,70.72222208976746,19.704562913570957,11.136183066978012,-5.045028432210245,-0.7331871032714616,1013.7757747395833,12.881900529066721,100.38600052396457,485.1887595653534,8.086358642578148,1.9166503906250227,4.717041269938174,67.43194500605266,83.37870375315349,22.9027776629664,24.353720752158242,15.467164512413667,-5.873345438639319,-1.2502693176269304,1015.0187467447918,11.978610138098398,156.94181737303734,900.718936920166,8.183679199218773,1.9862915039062727,4.878196970621768,67.8365748723348,84.29537053902943,39.25000028125942,19.606294862998826,12.727756410913274,-5.334886932373024,-0.9347251892089616,1014.4148860677083,11.98572289943695,135.86866861581802,759.0805603663126
2021-04-04,8.280664062500023,-1.0017456054687273,3.642560577392601,65.46388800938924,36.951851626237236,33.33333206176758,14.801766898047575,12.591765943387157,-6.472247823079385,-2.8991544087727448,1018.2143880208333,1.133256196975708,237.9526148835818,775.4229043324789,8.006616210937523,-0.6112731933593523,3.5206937154134343,63.9314816792806,58.06574082374573,42.895833253860474,15.364977355201356,10.982750951152212,-6.832057698567667,-3.3495201110839616,1018.3093977864582,1.7662445704142253,221.68452735741934,784.7289269765218,8.313806152343773,-0.8986877441406023,3.704695638020856,64.63472175598145,24.948148131370544,12.833333015441895,14.913458361834707,12.759611002433992,-6.385369364420569,-3.063597106933571,1018.4051236979167,0.9461729526519775,240.6072269876798,745.0653196970621,8.155236816406273,-1.1155456542968523,3.4969472249349187,64.33194430669148,41.26342538992564,35.73611080646515,15.093543003956116,11.895976896464838,-6.757280731201149,-3.2981399536132585,1018.2010123697917,3.319181283315023,232.80166578292847,791.8359851837158,8.194055175781273,-0.8156188964843523,3.665175374348981,64.6194437344869,24.164814313252766,6.333333492279053,14.359984757811711,12.551612079989914,-6.499182128906227,-3.093510691324866,1018.5692936197917,1.4791043599446614,240.57299637794495,742.4118569691976,8.383447265625023,-1.0260986328124773,3.611770884195986,65.5101866722107,40.094907442728676,49.354167222976685,15.133275154440435,12.472862134534415,-6.6221514383951785,-2.8918416341145416,1018.1350813802082,1.94408122698466,231.31742640336356,797.5038636525472,8.177087402343773,-0.6843017578124773,3.6555152893066634,64.80787054697673,27.343055526415508,0.0,15.753303429344601,12.949597538511952,-6.596496327718057,-3.0743710835774323,1018.52642578125,1.5456899801890056,240.12330947319666,767.4121049245199,8.355493164062523,-1.0721801757812273,3.595338439941429,65.43333292007446,33.743518034617104,40.66666603088379,14.667415327217753,12.470411191937508,-6.535400136311807,-2.946947479248024,1018.257470703125,1.3258994420369465,237.7955448627472,782.3261070251465
2021-04-05,11.639520263671898,1.0207153320312727,5.212981160481793,67.2199052174886,66.52962919076283,16.444444585125893,33.247203980677675,24.98767460282217,-3.2018620808918854,-0.6625325520832916,1001.1350944010417,-0.47303447872400284,151.34905749559402,968.3175239562988,10.764031982421898,-0.37256469726560226,4.2988957722981995,72.00323851903279,69.77777814865112,61.520832777023315,32.89696212081135,23.716958733982654,-3.4104459126789948,-0.5088205973307254,1001.26314453125,6.866835077603658,115.73087084293365,894.3826599121094,11.430596923828148,0.8614440917968977,5.172994232177757,67.08426030476888,60.093518336613975,13.986110920552164,32.46532984533155,25.369878031174995,-3.110520426432288,-0.7066062927245866,1000.9207584635417,-0.6207045316696167,151.99300169944763,952.0899772644043,11.233636474609398,0.39446411132814774,5.339049275716168,69.23101917902629,71.92916711171468,24.743055164813995,35.71020604705084,25.526484709214174,-2.832596842447913,-0.0698748270670535,1000.4913313802083,0.9873152573903402,121.8548344373703,973.6051368713379,11.133630371093773,0.47219238281252274,4.973236338297549,67.93055454889934,62.99351938565572,13.972221791744232,32.31786717043881,25.417940773142515,-3.289329274495401,-0.7264872233072879,1001.2789583333333,-0.17207318047682443,149.81429823239645,963.8385899861654,11.598657226562523,0.7460876464843977,5.509937540690127,68.53379567464192,62.98472158114115,21.09722226858139,33.51156039823017,24.247892148052347,-2.5089197794596316,-0.13886108398435226,1001.0204459635418,-1.8711100816726685,146.66977840662003,921.2209103902181,10.908807373046898,1.3665710449218977,5.0149093627929915,66.71203629175822,57.77500069141388,12.631944581866264,31.830051548061615,25.184842914340862,-3.3471829732258698,-0.9090688069661041,1001.4183626302083,-0.32715949416160583,154.16851820548376,958.8944460550944,11.671258544921898,1.4741760253906477,5.328051503499371,69.00092601776123,63.63287087281545,18.284722045063972,33.75075433017082,24.031452637829677,-2.851018015543616,-0.2560918172200104,1000.9806770833333,-1.9761939222613971,152.22896134853363,916.0492642720541
2021-04-06,5.729394531250023,-1.1705993652343523,2.063137308756533,58.38240798314413,74.14999850591023,69.09027886390686,27.53378609119965,20.26061020933926,-8.028506978352823,-5.8074109395344635,1002.9203971354167,18.016342957814533,179.525172829628,1111.1929372151692,5.329370117187523,-1.4135498046874773,1.4057746887207259,62.308796087900795,62.508795857429504,83.15277981758118,25.594507493534262,19.697548574961164,-8.700036112467444,-5.287966156005837,1003.6672688802083,23.810399413108826,191.45853652556738,1049.7683448791504,5.786309814453148,-0.8258117675781023,2.020678456624372,59.45601876576742,74.30092645684879,59.15972328186035,25.864906761019004,19.600617891304328,-7.841380818684854,-5.582384490966774,1002.8402799479168,18.924272398153942,162.409259557724,1068.9653234481812,4.935479736328148,-1.8277648925781023,1.4800468444824446,59.770835081736244,63.836110512415566,63.243054151535034,27.32330915685153,21.39198135256255,-8.876032257080055,-5.89061584472654,1003.791142578125,20.990405241648357,220.14278290669122,1190.2049751281738,5.776513671875023,-0.5630554199218523,2.149153645833356,61.094906648000084,82.65787055095036,66.38888883590698,24.334319398659094,19.879919866046098,-8.092980448404944,-5.1439651489257585,1002.9595149739583,17.38361495733261,164.19794623057047,1140.2939516703289,5.116662597656273,-1.6819213867187273,1.3109057108561426,61.92916599909464,83.31296316782634,68.3541669845581,26.53627970034339,21.084569652067316,-8.645086669921852,-5.579541269938147,1003.9254654947918,23.729347894589107,181.72660946846008,1126.592197418213,5.721551513671898,-1.0214599609374773,2.003608957926455,63.77824068069458,83.64444482326508,23.680555045604706,24.965500385776725,19.533137041887915,-8.042868041992165,-4.552665456136026,1002.9917578125,18.70328940451145,144.95335425933203,1046.2022797266643,5.713250732421898,-1.4499877929687273,1.7912778218587466,58.153240044911705,61.08750077088674,59.55555510520935,27.13184851202035,21.77703230034896,-8.336344146728493,-6.029180908203102,1003.4498958333332,17.62576961517334,206.37048610051474,1181.4586702982585
2021-04-07,5.983331298828148,-1.2465881347656023,2.1537897745768455,61.82962958017985,48.798148135344185,39.951388359069824,22.44468096626552,15.165203605660965,-7.146130625406897,-4.748514556884743,1006.37986328125,4.495160341262817,209.16381800174713,795.1746101379395,5.744073486328148,-1.7957214355468523,1.7797981262207259,62.610185623168945,51.577777763207756,84.30555605888367,19.594078600816328,14.752318328224746,-7.881475830078102,-5.077907307942667,1007.0779850260417,6.676788687705994,199.4408700466156,852.4174540837606,6.067041015625023,-1.3490051269531023,2.109423573811872,63.65416701634725,46.137499888738,46.21527802944183,23.616386335461645,15.563912205768752,-7.044622802734352,-4.377755228678382,1006.267529296875,5.905624469121297,207.53422860304514,796.9227828979492,5.821832275390648,-1.7944396972656023,1.8429300944010645,60.61990769704183,44.82314823071162,72.65277862548828,20.08800424771816,14.542559697411074,-7.734166208902991,-5.3990488688151,1006.653271484375,6.302708705266316,207.22524122397104,832.5551784833273,6.307519531250023,-1.4915222167968523,2.2143798828125227,62.861110051472984,46.25092645486196,40.92361068725586,23.999987695879973,16.808180271904334,-7.107708994547522,-4.528743489583292,1006.0420865885417,1.6107601324717205,219.51825455824533,876.795815149943,5.936029052734398,-1.4561218261718523,1.9749656677246321,59.510185400644936,47.44768444697062,85.13888955116272,20.755932859867546,14.938735313135007,-7.58571853637693,-5.484631601969397,1006.6078255208333,7.184205452601115,206.26914834976196,845.3945932388306,5.747125244140648,-1.6026977539062273,1.8269439697265852,64.59999942779541,47.0212961435318,18.14583344012499,28.005141206036885,16.94321518883811,-7.553610229492165,-4.442293548583962,1006.0396419270833,4.650542934735616,222.31642345587412,839.3198146820068,5.967065429687523,-1.0062622070312273,2.139492289225283,58.80277840296427,47.63379661242167,45.86805558204651,21.533109328271955,14.707163331080958,-7.32180506388346,-5.414719645182288,1006.394970703125,3.9624013106028237,216.21311676502228,821.7523860931396
2021-04-08,5.955804443359398,-0.9798339843749773,1.9343264261881739,78.79212919871013,65.08472196261089,52.80555558204651,23.344269001869943,17.354415559708617,-6.600787862141885,-1.439451599121071,1014.2226888020833,8.108780662218729,99.45209290583928,636.8171189626058,6.777032470703148,-1.0072692871093523,2.4613344828287986,69.63472016652425,74.49490880966187,71.90972137451172,25.30878217061751,18.072786435507386,-7.210325622558571,-2.703892771402991,1015.4512825520833,0.5874318679173788,177.95059116681418,754.8972117106119,5.004602050781273,-0.9325012207031023,1.902528381347679,79.5333325068156,67.12963040669759,52.9305557012558,22.6007404091416,17.640224556506006,-6.68306961059568,-1.3415016174316179,1014.073564453125,11.84291469057401,76.09540627400081,649.0058053334554,5.507501220703148,-1.1413330078124773,2.313100433349632,73.78842528661092,68.32129617532094,92.12500143051147,26.5545572868443,18.52639895573454,-7.1227312723795535,-1.9987447102864166,1015.41443359375,-0.2797400156656901,180.65773820877075,706.8210353851318,5.660180664062523,-0.8311523437499773,2.0322738647461165,79.24027744928996,68.87499984105428,28.60416680574417,20.591130613690034,17.011755748656547,-6.70986404418943,-1.3130439758300554,1014.016845703125,7.492571830749512,94.10110932588577,621.0173002878824,5.579492187500023,-1.2376464843749773,2.0449246724446843,76.25185044606526,78.80138961474101,73.50694441795349,24.06910819088912,18.70455543220257,-7.00392125447587,-1.7606567382812273,1014.8750130208333,5.183073282241821,116.90477693080902,678.5037714640299,5.976220703125023,-0.9755920410156023,2.0060223897298406,77.03749958674113,68.3060184319814,13.65972196077928,22.32281242035414,16.777229592840406,-6.989799245198526,-1.7495814005533816,1014.2052506510418,7.183333317438762,107.36346024274826,622.5065008799235,5.329675292968773,-1.0575927734374773,1.9708343505859602,80.85231335957845,69.82453695933025,72.34027755260468,24.566290895138476,19.434089199122578,-6.842192077636696,-1.0518211364745866,1014.289306640625,8.969874308134118,102.02412950992584,683.9033851623535
2021-04-09,9.889489746093773,-0.6452087402343523,4.97635421752932,66.09398237864177,66.58749922116597,29.166666984558105,28.1764489787812,19.749218442771095,-4.752274576822913,-1.3701042175292741,1019.92439453125,-22.110748171806335,203.18372164868438,785.1962445576986,9.860620117187523,-0.6760314941406023,4.576894378662132,66.13981437683105,69.32592678070068,70.33333396911621,27.981762475030344,18.79636600551787,-5.101134999593057,-1.7410847981770416,1020.5035123697917,-21.024935245513916,214.39431868695343,753.5183429718018,9.988916015625023,-0.6896118164062273,4.984765625000023,65.98148107528687,61.93055526415507,29.83333396911621,28.717525816129648,20.02198934729766,-4.685897572835245,-1.4202814737955691,1019.9271842447918,-20.667784134546917,207.61744334998852,792.09326171875,10.016137695312523,-0.6843017578124773,4.726012166341168,65.31203715006511,70.13842630386353,64.00000190734863,27.559566285591448,18.67578496315019,-4.951230112711585,-1.7736584981282135,1020.764755859375,-21.458377679189045,205.0468454232129,758.7121264139811,9.942407226562523,-0.7949279785156023,4.863568878173851,65.87407493591309,61.66249895095825,8.833333253860474,28.843831676639414,20.019304092100636,-4.793998463948526,-1.581687672932901,1020.2421419270833,-19.727145791053772,208.01548614803082,791.2107416788737,9.968865966796898,-0.6513427734374773,4.844241078694684,65.61897993087769,77.05277665456136,38.166666984558105,27.80673967244192,19.148101955960605,-4.930328114827432,-1.6183278401692291,1020.495634765625,-22.787719031174976,219.26958666943634,786.5073782602946,9.974389648437523,-0.8906005859374773,4.777090962727887,65.00879732767741,56.957870165506996,0.8333333730697632,29.30372896867022,19.970890440371058,-4.921907806396462,-1.8781850179036041,1020.2529231770833,-19.345615943272907,214.0922279229077,799.5829912821451,9.859338378906273,-0.5484374999999773,5.01536076863609,65.68009281158447,72.27129467328389,25.833332061767578,28.567428047974076,19.439909468025075,-4.882868194580055,-1.435154978434241,1020.037109375,-23.18107608954112,215.05664661231762,796.8060792287191
2021-04-10,14.664392089843773,3.2042480468750227,8.854337310791038,65.24814796447754,95.5893513361613,1.41666664974764,18.27121801421731,12.654601642841158,0.6067049662272552,2.4011233011881927,1016.5255013020833,-33.21179882685343,200.76329755131155,566.0460543632507,14.626611328125023,3.0301147460937727,9.293812052408876,62.905092080434166,94.84305572509766,29.166666984558105,16.728832585086373,13.13026837612027,0.5252166748047102,2.2719411214192746,1016.77748046875,-35.19117440780004,213.55267035309225,604.7636454900106,14.575494384765648,3.0634399414062727,8.584169006347679,67.84305604298909,94.39120419820149,4.57638892531395,17.769249919015994,12.30934804288524,0.4628196716308821,2.654072062174521,1016.6377734375,-32.16679084300995,190.8961524500822,560.2917108535767,14.473504638671898,3.1284423828125227,9.341545359293642,61.825000603993736,95.01157315572102,29.83333396911621,17.09207602323533,12.601231521887874,0.41938552856447586,2.0814618428548215,1017.1658040364583,-35.28617646296819,220.68409144226462,605.6114707787832,14.706811523437523,3.1513000488281477,8.71289978027346,66.35925896962483,97.5902779897054,0.8541666832752526,18.268914200802474,12.481147091211097,0.5904340108235715,2.532416280110681,1016.4533040364582,-31.30175284544627,176.74993840201446,570.6291901270548,14.281671142578148,2.8931213378906477,9.148235575358095,63.32731421788534,95.91481463114421,8.854166597127914,17.82759617065404,12.455170082909815,0.06317291259767899,2.2640803019206146,1017.2800325520833,-35.2268297697107,202.25097047630697,597.9798370997111,15.163049316406273,3.0089660644531477,8.826397196451845,66.10324048995972,96.33796215057373,0.37500000977888703,17.085768709174193,11.916799523419627,0.9603121439616302,2.582868194580101,1015.9612565104167,-32.915257016817726,183.49016318982467,558.0226160685221,13.992578125000023,2.7004333496093977,8.769732411702497,64.45740874608357,95.60833326975505,1.1805555894970894,18.210561320059558,11.41713781626328,-0.06100565592447538,2.179774220784509,1017.1072330729168,-31.89390738805135,187.43978261295706,583.34712378184
2021-04-11,17.986688232421898,8.064111328125023,12.634342447916689,63.52361043294271,99.35416634877522,2.0000000596046448,26.920198418553394,16.183470732172996,3.612006123860681,5.3415326436360715,1018.537275390625,-36.084172785282135,221.13433842221275,630.591982682546,17.586328125000023,7.627770996093773,12.54371287027997,62.70509274800619,91.11388842264812,8.499999761581421,26.901838806257366,16.25226970357166,3.5044418334961165,5.152107493082724,1018.1511458333333,-37.35055153568586,228.32077859233445,646.9320379892985,18.022454833984398,7.951928710937523,12.676412200927757,63.33657360076904,93.53842671712239,3.666666626930237,27.535453578587166,16.397877747423184,3.632960255940759,5.350803629557333,1018.16443359375,-38.19146321217219,230.1466087787412,627.4664204915365,17.754968261718773,6.799310302734398,12.333327229817732,65.0138889948527,90.92592525482178,21.791666448116302,28.029393019621843,16.723472209998388,3.6089886983235715,5.372073109944665,1018.3333072916668,-39.300177693367004,232.8169119680921,664.0586706797282,18.033593750000023,8.089868164062523,12.728822326660179,63.50185251235962,97.34444522857666,5.666666507720947,28.213022267388755,16.947053585609105,3.7872100830078352,5.499712880452478,1018.0045638020833,-38.76961204409599,226.28522577804202,637.1585458119711,17.836602783203148,7.223229980468773,12.456905619303408,62.59351762135824,89.12268511454265,4.159722074866295,27.437425414865597,17.801040908163035,3.6604400634765852,4.942090606689476,1018.429501953125,-38.81403605143229,240.3454818542426,666.8895673751831,18.108392333984398,8.304071044921898,12.866765594482445,63.98981539408366,96.58518505096436,3.5277776569128036,28.1997108203954,16.772091951799993,3.8103258768717865,5.753640747070335,1017.7313053385417,-39.65885049787661,227.10548681207,656.5821406046549,17.875817871093773,7.797692871093773,12.49018503824872,62.34583282470703,97.91111119588216,2.333333373069763,28.023624553605586,17.401441767024725,3.632405853271507,4.929981486002646,1018.1434537760417,-38.25234345595042,234.87370894740647,655.7053515116373
2021-04-12,12.759820556640648,5.471948242187523,10.64407882690432,79.15833314259847,99.76759211222331,2.534722233656794,22.105680304989917,13.831625691903184,2.1668640136718977,7.131716664632165,1017.6398177083333,-3.2611923019091287,43.955630586327366,429.4070822397868,16.370935058593773,10.070550537109398,12.669815317789736,65.43749968210857,96.19490718841553,3.2361111491918564,19.494981694554152,13.729098519472926,2.7610959370931027,6.237424468994163,1015.9073046875,-21.04900445540746,129.88087217168263,606.9497677485148,13.442773437500023,4.676965332031273,10.649683888753279,77.72916571299235,99.71296246846516,6.187500111758709,23.752181333484618,14.830667679648215,2.310561116536462,6.847351328531943,1017.8616048177083,-2.1371772090593972,55.008722508791834,458.1715965270996,15.479394531250023,10.106561279296898,12.147451019287132,69.29398123423259,90.2481484413147,5.388888865709305,20.47390147585325,13.148629683212002,2.494971211751306,6.601811981201195,1016.17705078125,-21.2590119043986,139.96124151946665,523.6893746058146,13.656488037109398,4.591088867187523,10.481532033284529,76.72175947825114,99.98750019073486,4.020833402872086,23.955311077247146,15.636253276847953,2.1784289042155365,6.5256337483724,1018.2028548177083,-1.2066374222437541,53.00290711860483,511.14333216349286,12.677880859375023,7.219201660156273,10.965240732828798,76.68101819356282,99.7476847966512,7.923611283302307,21.31418318795961,12.799198594951255,2.367208099365257,6.981005605061853,1016.900751953125,-7.108132799466451,62.036369444181524,377.0858476956685,13.589257812500023,4.615258789062523,10.600490824381533,76.34768517812093,99.98657449086507,3.833333306014538,24.265400617666057,15.650380324272026,2.2360028584798215,6.5772694905599,1017.8254069010417,-1.960565408070882,56.472685030506305,518.5971844991049,14.096582031250023,6.639642333984398,11.109195963541689,79.40740648905437,99.86574045817058,14.52083346247673,20.923933673502564,13.087917689340523,2.2144688924153684,7.593579864501976,1017.1985319010417,-5.688199443121751,57.31174130334208,447.15859921773273
2021-04-13,5.642877197265648,2.7054687500000227,4.298450724283877,75.51712989807129,99.99537022908528,52.97222173213959,21.418919008134488,18.24372088077712,-4.247750345865882,0.209443664550804,1024.4244205729167,25.37175318102042,77.69562796534349,896.6815388997396,7.776544189453148,2.6697021484375227,4.797655995686871,78.83796310424805,99.97870381673177,44.58333298563957,20.80809173884586,17.361254380435597,-3.4052935282389285,1.1628916422526459,1024.0353678385418,17.257635697722435,76.27357339292455,840.6698964436849,6.190270996093773,2.7316833496093977,4.262673950195335,79.03935146331787,99.93981488545735,83.95833331346512,21.53993176158071,17.329855707722317,-4.059413655598917,0.8193400065104584,1023.9049055989583,24.953002971907456,78.97777910918619,806.158457438151,8.324517822265648,3.5049072265625227,5.3950770060221585,71.91805632909139,99.9912036259969,40.88888919353485,20.70324954173139,17.67605001604984,-3.725681050618448,0.3889773050944427,1024.0107975260416,12.9122135390838,95.93896464708571,980.6547190348307,7.060021972656273,2.0081420898437727,4.439285532633487,79.2194430033366,99.75092601776123,97.10416674613953,23.08264978202919,17.872899360687345,-3.5650466918945085,0.9558603922526459,1023.1889778645833,25.08206049601237,79.35150190272059,754.3462829589844,6.472222900390648,3.1184020996093977,4.8057520548502835,71.1208340326945,100.0,27.215277671813965,20.238885765952634,17.025375680480668,-4.601690673828102,-0.19649607340494413,1024.8359375,17.228466333200533,91.85009326847891,935.1847178141276,6.441186523437523,1.5763793945312727,4.015131886800153,81.80231475830078,99.84351825714111,95.72916783066466,23.55532256194621,18.013979765355405,-3.604709370930948,1.0463869730631927,1023.2645279947917,27.89015171925227,75.60688947544743,724.3631741205851,5.940240478515648,2.8994384765625227,4.24939371744794,77.2435196240743,100.0,36.49999988079071,20.48025035902797,18.201838020516195,-4.330577596028604,0.45612487792971024,1024.7997623697918,22.261570165554684,80.85890904938181,840.0485229492188
2021-04-14,4.095574951171898,2.0803466796875227,2.9602282206217674,85.99953810373943,100.0,212.68750143051147,22.478747002205427,17.862390729535253,-6.27770080566404,0.7889076232910384,1020.9896940104168,13.319199532270432,71.1729815856864,727.5832087198893,7.007745361328148,2.0367065429687727,4.3693405151367415,76.1189824740092,100.0,157.49305534362793,18.259273960528162,14.023215138453603,-6.301046752929665,0.27976379394533524,1021.9402897135417,3.495017742117246,103.17092687636614,850.4965782165527,3.6266418457031477,1.4599243164062727,2.5987335205078352,88.34166653951009,100.0,181.52083349227905,23.308049589249382,18.26921439406019,-6.325561269124307,0.8209765116374115,1020.8745345052083,14.653729870915413,66.39346537118156,701.5449040730795,6.515466308593773,3.0553222656250227,4.531162516276065,70.35879627863567,100.0,144.89583492279053,19.690934552684396,14.830124800097664,-6.094101969401038,-0.5782430013020416,1021.8145833333333,5.096533313393593,92.19472141315539,840.0831832885742,3.3265930175781477,1.2482543945312727,2.524007415771507,90.23750019073486,100.0,90.22916628420353,22.718337252698575,18.26559250148328,-6.555637105305948,1.0518915812174896,1020.7350260416667,14.820315472510023,64.77201803339024,743.2905108133951,5.326562500000023,2.8862548828125227,3.8027765909830955,77.96805540720622,100.0,166.9236102104187,20.88873001834121,16.589159323156313,-6.298422241210915,0.14011408487959898,1021.4408040364583,10.655068285763264,82.43496346349518,761.8019320170084,3.7476135253906477,1.3254028320312727,2.6516827901204656,87.95555432637532,99.99722194671631,68.92361101694405,22.56405154443138,18.834556238319145,-6.533185068766272,0.8082316080729584,1021.1216471354168,13.602145100633303,78.80146305325131,784.2135009765625,5.427789306640648,2.2552429199218977,3.4920656840006736,79.89213037490845,100.0,175.02083492279053,21.193559318698238,16.73630286102063,-6.252756500244118,0.207093811035179,1021.3287337239583,11.102534639959535,85.46040619599323,757.8681666056315
2021-04-15,4.361199951171898,1.3404785156250227,3.1038681030273665,97.97083346048991,100.0,348.6736116409302,22.455137406960183,12.359429871581654,-1.6283363342284929,2.8094230651855696,1017.81095703125,6.025378659367561,12.55983356006133,420.3720932006836,3.9184814453125227,1.3301330566406477,2.763612365722679,98.49537086486816,100.0,523.3611183166504,21.671712607430603,11.11891952647668,-1.6771097819010379,2.5438565572102902,1017.3665885416667,9.491093017781774,10.505277659666413,401.70548884073895,4.721063232421898,1.4370971679687727,3.0100710550944236,97.7564811706543,100.0,296.93750047683716,22.194784065466905,14.106321657314993,-1.6735900878906023,2.6753936767578352,1018.15373046875,6.79803740978241,10.803314633589858,486.14937082926434,3.9404541015625227,1.0851379394531477,2.4720080057780174,98.44814809163411,100.0,525.6527757644653,23.03056517963019,10.239126805805633,-1.8632085164387604,2.2423886617024777,1017.5471614583333,7.672701150178909,19.49753694391499,353.53684584299725,4.172753906250023,1.2587524414062727,2.8518310546875227,98.13148148854573,100.0,263.40277671813965,21.450472961399566,12.812918629906966,-1.8646415710448991,2.5837328592936615,1017.629443359375,6.772225598494212,11.414555797896659,444.86907323201496,5.005548095703148,1.4616943359375227,3.0578310648600486,97.24166711171468,100.0,434.83333015441895,22.909880260684613,10.969932142878486,-1.3728050231933366,2.6490277608235715,1017.4952701822917,2.1467915596440434,38.13116681443838,433.8815339406331,4.137872314453148,1.2178588867187727,2.822036997477236,98.1495361328125,100.0,205.39583277702332,21.177047239517865,12.648075466533898,-1.9466550191243073,2.554616546630882,1017.5989029947917,6.722090115149816,11.225647947362935,439.5726496378581,5.547875976562523,1.5494018554687727,3.4643658955892156,96.59907563527425,99.9944445292155,366.0625,22.71669062787207,11.331254249214501,-1.3568277994791629,2.9573404947917084,1017.9969954427083,1.9552404743929703,24.119648542177554,471.71272198359173
2021-04-16,4.681176757812523,3.0277954101562727,4.022930399576846,96.59814834594727,99.99953715006511,246.2222204208374,15.980306682829616,13.901323598004346,-0.5210912068684479,3.5225629170735715,1017.0264908854167,-0.8006251691840589,17.666629722031455,462.356964747111,5.756921386718773,3.9273010253906477,4.764358774820987,97.5347220102946,99.95370388031006,423.75694274902344,11.487172794070707,9.834890480076863,-0.47472229003903976,4.403662618001306,1018.492919921875,-4.392406205336253,13.664962886677435,294.1963259379069,4.274224853515648,3.1184631347656477,3.8223981221517156,96.97222296396892,99.9944445292155,115.93055617809296,17.06218784359927,14.59907789426318,-0.5101455688476335,3.3851715087890852,1016.657373046875,0.576607366402944,16.733870392742876,456.6356894175212,7.028924560546898,3.8471923828125227,5.160666402181012,95.77453708648682,99.94120375315349,428.2569417953491,14.499333179477361,13.54719323659212,-0.2272844950358035,4.531607564290368,1017.7722200520833,-7.401883191118638,16.069425749592483,434.4549102783203,4.755639648437523,3.3249450683593977,4.213137563069684,97.0523157119751,99.99305566151936,128.70138889551163,16.840186103539025,14.134293440380771,-0.6725118001301666,3.7797663370768646,1016.58798828125,-1.900922268629074,15.072055448545143,484.9331620534261,5.859826660156273,3.9394775390625227,4.814075724283877,96.8606497446696,99.9912036259969,404.1736087799072,13.785397227003092,12.008180153810088,-0.6034924825032135,4.347234344482445,1017.0847884114582,-6.390998166675369,18.405333768033113,408.03930282592773,4.897729492187523,3.6412292480468977,4.390411631266299,96.91759141286214,100.0,93.15277753770351,17.85205227805852,14.50217929257171,-0.584684753417946,3.9364779154460052,1016.2985611979167,-2.486837009588877,13.787463132602474,484.20503489176434,5.626733398437523,3.3003173828125227,4.41278991699221,96.53148174285889,99.9657408396403,369.22916889190674,15.678613267568618,13.684969193736492,-0.6635294596354129,3.896950022379599,1016.971923828125,-3.886296587685744,20.42175970133394,466.41239802042645
2021-04-17,12.132867431640648,5.303491210937523,8.260689036051454,86.54537105560303,86.05046272277832,197.06944370269775,14.590064020339383,11.42077378459858,-0.007757568359352263,6.00321985880538,1017.5405436197917,-28.004682143529255,137.16087063401937,438.8636490503947,11.875268554687523,4.830346679687523,8.041551208496116,88.08749930063884,94.66574096679688,333.9374990463257,15.108148948241544,11.026220976509448,-0.1349281311034929,6.046954091389978,1018.6400813802082,-27.322116484244663,121.57723775009315,426.0330556233724,11.761102294921898,5.244897460937523,7.960145568847679,87.19907315572102,85.64444371064504,203.26388454437256,12.07191451466726,10.316128418537943,0.06531422932943087,5.813158925374353,1017.7509798177083,-24.672873243068654,123.95886995829642,419.175998210907,9.504876708984398,4.557214355468773,7.02195256551109,91.44120184580485,96.32407506306966,270.9791660308838,13.811133129050353,10.602028946947563,-0.1748552958170535,5.667685445149743,1018.2955240885417,-22.23664992551009,86.09564896548788,388.2911151250203,11.851281738281273,5.031304931640648,8.14328282674156,86.4828707377116,84.90972232818604,188.43055391311646,12.75109943625591,8.01923445996138,0.030143992106161477,5.879163360595726,1017.579580078125,-28.405567702216405,146.13842610828578,365.70575443903607,11.226922607421898,4.732232666015648,7.4601710001627835,90.34398174285889,89.0754623413086,304.26388931274414,12.10447246032215,10.324588595616467,-0.078007761637366,5.8970199584961165,1018.28841796875,-23.684918994704883,104.26288656704128,357.0277353922526,11.425256347656273,4.744958496093773,7.54007746378583,88.27361106872559,90.1574076016744,61.527776911854744,8.857439174526114,6.510985988115249,-0.13296737670896164,5.611145273844443,1017.8049674479167,-24.21575849254926,119.59112589123349,306.2130497296651,11.294458007812523,5.016290283203148,7.713063812255882,88.08472061157227,90.2759264310201,218.5208339691162,14.25571887895889,11.383921703047852,-0.09623311360672915,5.757740275065146,1018.0704720052083,-22.408469021320343,100.73920439432065,425.17557112375897
2021-04-18,13.255151367187523,4.428155517578148,8.653089141845726,82.2263879776001,93.08240826924641,69.49305605888367,12.419415378057495,7.8169435843314945,0.4528722127278684,5.6138168334961165,1018.9887434895833,-14.788686672846476,148.14529687911272,370.9085687001546,13.167108154296898,4.114984130859398,8.974409993489607,79.35879691441853,64.74768535296123,235.40277767181396,11.4786793315092,7.314779254197622,0.33273722330733335,5.407067871093773,1019.4408723958333,-22.046660860379536,188.20372139414152,412.3210738499959,13.194879150390648,4.062402343750023,8.773830668131533,81.47638861338298,64.42129617929459,71.4166669845581,12.517957879743546,8.604656118875619,0.2783129374186615,5.500484720865927,1019.2694075520833,-14.611865162849426,169.2326320235928,438.0932378768921,14.439202880859398,4.057763671875023,9.020352935791038,81.03888654708862,72.06250055631001,231.02777194976807,15.463367755600062,8.593344460445806,0.704139963785849,5.74353942871096,1019.2779915364583,-23.81788722674052,202.97757575412592,434.4769827524821,12.918481445312523,4.650567626953148,8.99659372965497,79.91898107528687,66.30926005045573,53.04861116409302,10.32458050021667,8.014755252258825,0.19695943196614962,5.47101745605471,1019.4896028645833,-17.00769118467967,183.52168845633665,422.30342960357666,13.136895751953148,4.439721679687523,9.220313008626325,82.61342652638753,53.87268499533335,215.04860973358154,12.894110171480744,7.344529979696479,0.9926849365234602,6.2254196166992415,1019.074580078125,-21.91142972310384,184.06874201446772,373.6163062651952,13.094262695312523,4.625848388671898,9.088077799479189,78.99953683217366,64.58842527866364,15.270833671092987,10.203440482173821,8.09642617988426,0.1402030944824446,5.3636947631836165,1019.4130794270833,-17.552210847536724,182.99167082210383,439.6637935638428,13.461175537109398,3.7340332031250227,8.903872426350935,81.20277833938599,69.4129634698232,92.1944432258606,12.882747744991565,8.286813402637671,0.976655578613304,5.642881011962913,1019.38263671875,-22.37757893403371,194.36591307073832,398.79012115796405
2021-04-19,15.461114501953148,7.061090087890648,10.930135345459007,70.19768571853638,71.7398149172465,6.597222208976746,21.571204591049863,14.502735990668775,0.7889076232910384,5.229164377848349,1018.663369140625,-22.953407287597656,235.59100359429917,774.3736928304037,12.827752685546898,7.461145019531273,9.275352732340517,75.3407408396403,81.16249974568684,80.53472208976746,22.275375377624535,15.993380402506071,-0.8977162679036041,4.932309722900413,1018.154677734375,-9.633396019538244,150.88296173264584,767.8823738098145,14.557061767578148,7.358819580078148,10.402969614664736,72.91759300231934,69.11435155073802,6.72222226858139,20.362210028180613,13.671692365221114,0.816871897379599,5.329633331298851,1018.8670670572917,-16.844934403896332,200.31634914378324,682.4289293289185,13.911035156250023,6.190515136718773,9.511551157633486,74.23564831415813,83.58379586537679,103.36805820465088,23.04997179820808,16.46980178844846,-0.5715583801269304,4.840275065104208,1018.7031087239583,-11.37407910823822,162.22099942465624,793.637777964274,13.622003173828148,6.405541992187523,9.902130381266298,77.12407445907593,66.75092592835426,34.38888895511627,19.534459881290086,12.369064625389806,1.0226188659668196,5.76411081949874,1018.5624055989583,-12.331770976384481,154.89170723656812,545.0060852368673,13.508111572265648,7.638177490234398,9.96945724487307,74.59583234786987,73.49166667461395,77.99305605888367,22.729783414446782,15.142795411572303,-0.10937347412107101,5.377815500895224,1019.0067740885418,-13.559209187825521,193.65320528795323,702.1228319803873,14.116723632812523,6.161706542968773,10.116237894694033,75.53240744272868,64.53101845085621,8.243055582046509,19.19966693291653,11.727403119780925,1.364106750488304,5.64991404215499,1018.0272233072917,-16.139344056447346,158.11225771407285,526.9397489229838,14.322534179687523,6.527398681640648,10.474280293782575,71.82222191492717,62.89259340365728,32.173610508441925,23.206801907138725,14.872691815798953,0.5654362996419309,5.20118357340499,1018.4677311197917,-19.293973374180496,233.61623841089508,722.076118628184
2021-04-20,14.210717773437523,5.035607910156273,9.859911855061872,70.59722344080608,60.60185321172079,30.833333522081375,10.479703578351064,8.959152263339513,0.03266042073568087,4.45169347127279,1014.8378548177083,-15.024789889653524,240.91975861787796,532.6728952725729,13.096154785156273,7.489801025390648,9.610805765787783,67.07314729690552,88.91666650772095,12.416666775941849,12.001805300105119,9.534711300867924,-1.3281336466471316,3.562618509928427,1015.6899837239583,-8.304495731989542,147.40620624398193,578.550376256307,14.494409179687523,5.005609130859398,9.96371739705406,70.01620356241862,49.94722259044647,33.611110895872116,10.234738723488286,8.42918756753159,-0.019930267333961638,4.420475260416708,1014.8264680989582,-16.482621908187866,260.98792329927284,549.1664751370748,12.991479492187523,6.144097900390648,9.366433715820335,65.9768533706665,88.34999895095825,12.784722328186035,12.802290614721514,9.56903094937849,-1.2069470723469635,3.010218556722009,1015.8608138020833,-6.429681142171224,140.94322392344475,619.0313403606415,14.698022460937523,5.399652099609398,10.24252599080406,65.6194445292155,63.718517661094666,9.284722157754004,9.20618293527322,7.587524079671357,0.12038955688478836,3.7309191385905365,1014.9345345052083,-13.505787213643393,217.607725640138,555.2763984600703,12.758172607421898,4.627008056640648,8.817666625976585,68.81666739781697,71.18796376387279,39.19444465637207,11.554958822201794,9.91825078711112,-1.1359275817870866,3.0914232889811615,1015.8161686197917,-7.1373237768809,164.62096104522547,518.0021575291952,15.095056152343773,5.724847412109398,10.698358154296898,62.67916568120321,61.44675874710083,3.444444442167878,8.66714940506761,6.695719345783254,0.45588963826497775,3.433424886067712,1014.527978515625,-17.581342935562134,238.56193613012633,610.1303744316101,13.659844970703148,5.142846679687523,9.43631261189781,66.59120321273804,77.71064805984497,10.60416653752327,11.458292140668094,9.175794829921939,-0.5836242675781023,3.0602394104004134,1015.3771354166668,-11.947217543919882,188.37577790021896,597.6695241928101
2021-04-21,14.950677490234398,7.096948242187523,11.027706400553408,69.79120397567749,81.83518330256145,57.04166680574417,13.985533494118375,10.141948768005799,1.3516237894694427,5.499141947428427,1010.496572265625,-13.897770563761393,222.82209959129491,520.3422516187032,13.630670166015648,6.502893066406273,10.171524302164736,76.43286879857381,80.15740807851155,148.30555725097656,18.076486917975473,11.442946861483968,0.8938868204753021,6.077700551350915,1010.4151334635417,-12.365919589996338,232.19696611166,503.5533906618754,15.068200683593773,6.708825683593773,10.734773254394554,71.22222264607747,73.18055534362793,72.41666734218597,14.550007367231753,9.854274402408889,1.3552490234375227,5.455262756347679,1010.3637727864583,-9.263705253601074,196.7859270721674,523.4926963647207,14.723199462890648,7.292626953125023,10.537188466389997,72.78009335199992,82.51435168584187,143.5625,18.786255780054223,11.476237812400958,1.0784329732259152,5.659855143229208,1010.2895182291667,-13.573224743207296,233.76818833251795,575.4620139598846,15.203881835937523,6.579431152343773,10.801770782470726,72.24629624684651,70.73240852355957,71.11110931634903,14.60370365031863,10.285768143172838,1.5594090779622434,5.721561686197958,1010.624033203125,-10.487380107243856,220.43872896333536,509.87396931648254,15.356011962890648,8.430993652343773,11.07486495971682,67.96898078918457,84.51296393076579,60.9375,20.56786083379286,11.72136345426955,1.1519294738769759,5.161181386311853,1010.3286165364583,-12.966896931330362,190.22722329199314,605.5093429883322,15.557153320312523,6.657189941406273,10.79456736246747,71.09861119588216,64.22731558481853,38.71527807414532,17.107036211457057,11.084324959468129,1.6017255147298215,5.4584454854329465,1010.3667578125,-12.556518316268921,247.6980400631825,575.1045682430267,15.471307373046898,7.268304443359398,11.212768809000673,68.62036991119385,80.66435130437215,54.11805593967438,16.1759511105307,10.464829106001986,1.3025426228841184,5.4134752909342865,1010.3237141927083,-14.817041556040445,242.99726282060146,570.5139483610789
2021-04-22,8.591577148437523,3.2722412109375227,6.578154500325543,70.73148330052693,85.50138934453328,81.9583330154419,27.000219466653288,20.377100872739465,-3.684685770670569,1.2881561279297102,1013.03619140625,16.585429335013032,213.0424443235,1047.0014352798462,9.189904785156273,3.1003356933593977,6.798281606038434,68.19120438893636,80.02870353062947,112.09722185134888,27.380433053499747,19.487408216494494,-3.476946258544899,1.0146080017090071,1013.1563899739583,14.592565653224787,230.35598085075617,955.7956212361654,8.698754882812523,3.3500000000000227,6.403740183512393,70.2754618326823,78.63240830103557,47.04861056804657,27.553668804715542,21.566835915025404,-3.700005594889319,1.050850168863974,1013.1911783854167,15.981218884388605,223.59707309305668,1035.9088751475017,9.517358398437523,3.0937744140625227,6.8044092814127835,65.5310190518697,77.2134263118108,120.7777795791626,27.03086999442894,19.226845191701155,-3.4291659037272098,0.33670450846358335,1012.847412109375,12.770636886358261,233.7044635762771,1080.0145670572917,9.206842041015648,3.0586181640625227,6.696090952555362,68.64305528004964,78.0037039120992,44.437500178813934,27.08893863860894,20.548132040603914,-3.4166041056315066,0.9624674479167084,1013.2737923177083,14.323033452033997,234.57387075324854,1058.3866380055745,9.078912353515648,2.7940612792968977,6.530530548095726,68.2865735689799,77.92824045817058,130.1666669845581,27.100492468893638,19.340555190128413,-3.5579106648762604,0.7076850891113509,1013.400498046875,16.934502790371578,224.88194394111633,1003.26469484965,9.610742187500023,3.5919433593750227,6.849298095703148,67.70509322484334,76.50740830103557,25.409722417593002,27.3850954674935,19.635656814150124,-3.1320391337076785,0.8850405375163177,1013.26986328125,12.52089586853981,232.83154183936617,1022.7553736368815,8.802697753906273,3.7055603027343977,6.65458196004234,68.82037083307902,86.68657398223877,90.97222304344177,28.159069407845415,20.31898159944802,-3.450926208496071,0.918726857503259,1013.08451171875,16.108089572439592,224.54794584711394,1064.1627724965413
2021-04-23,8.904229736328148,0.8988891601562727,4.553919728597028,67.29120333989461,51.71481454372406,81.00694406032562,26.37359160063835,19.423562765048043,-5.721556091308571,-1.3194043477375885,1018.4232779947918,8.447845419247946,242.5142466624578,921.7910283406576,8.546319580078148,0.8276000976562727,3.9442738850911687,71.84999895095825,58.997684478759766,122.63888931274414,27.777083480675724,19.80598834925149,-6.42123133341471,-0.9232696533202898,1017.2397981770832,15.32897617916266,212.65159171819687,866.8367621103922,8.611657714843773,1.5349670410156477,4.8484156290690335,63.92499860127767,52.10462919871012,44.55555510520935,25.370597416259397,19.36182012083405,-5.633739217122354,-1.6378184000651004,1018.5304557291668,7.262652426958084,230.9329429169496,944.9264535903931,9.111444091796898,0.6620422363281477,3.9834508260091375,71.83981704711914,66.41805585225423,84.06944465637207,28.055881423179574,19.329615265461282,-6.329855346679665,-0.9470682779947879,1017.4360123697917,12.34665490190188,221.30764609575272,876.2272396087646,9.584039306640648,1.4295593261718977,5.233548736572288,62.152315298716225,51.58842593431473,35.39583349227905,27.514753201492066,19.647926333513663,-5.522197469075479,-1.8695866902668854,1018.9298014322917,3.627660314242045,243.9375019868215,1088.381628036499,9.033807373046898,0.6110473632812727,4.161117808024112,67.75972016652425,54.921296079953514,87.20138835906982,32.58011363973371,20.109087942604393,-6.0933911641438385,-1.5820882161457916,1018.1852408854168,10.863878635068735,237.90015145142874,948.119987487793,9.438867187500023,1.4140563964843977,5.37601496378583,58.3754628499349,54.40509253740311,12.33333340100944,27.535805499780214,18.90487960494011,-5.554937744140602,-2.628959401448526,1019.13611328125,3.788166364034017,243.7985728184382,1090.8449188868206,8.978784179687523,0.7968078613281477,4.366077677408877,67.53842544555664,53.55462936560313,67.91666686534882,27.359178752671106,19.56899528268234,-5.889669799804665,-1.4980313618977448,1018.286484375,9.99119624743859,235.97561418016753,969.325937906901
2021-04-24,10.359613037109398,-0.06012573242185226,5.079827880859398,59.12036951382955,47.52592623233795,44.24305534362793,20.99833209757639,15.23522826597572,-5.285369618733682,-3.055516306559241,1020.979677734375,-2.843626022338867,275.0749721825123,1023.3880758285522,9.640100097656273,-0.7964233398437273,4.3115910847981995,65.78888877232869,46.465739861130714,166.00694513320923,23.272403329355015,15.323329161288934,-5.878505452473917,-2.3613850911457916,1021.3150065104168,3.0326098601023355,260.03300045927364,975.5396982828776,10.015191650390648,-0.31571044921872726,4.827696736653668,61.12777773539225,42.43657526373863,44.95833230018616,20.323044222800767,15.843622957875104,-5.424119059244788,-2.650670115152991,1021.05517578125,-0.022350231806437176,265.41489402453107,968.2491134007772,9.793695068359398,-0.7665771484374773,4.55539728800458,62.36111148198446,42.8749997044603,83.43749952316284,21.082876883468572,14.906723104871872,-5.859353129069007,-2.7170547485351335,1021.3569596354167,0.9245322545369467,250.03037329514822,983.3500375747681,10.237420654296898,-0.41770019531247726,5.069348907470726,61.05370473861694,46.406944970289864,26.027777910232544,20.520852026185942,15.367650095079787,-5.283561452229776,-2.5181221008300554,1021.2969140625,-2.5514180660247803,268.6192043522994,997.1284720102946,10.024194335937523,0.7781005859375227,5.099846140543643,65.77962923049927,65.7537032564481,74.2083330154419,19.88223757735491,14.518564485006209,-5.771054331461585,-1.7650894165038835,1021.3133268229167,-2.167945305506388,268.5804235935211,1026.2469272613525,9.996362304687523,-0.41367187499997726,4.868886566162132,62.69768603642782,43.271759713689484,4.18750006519258,21.529345133583135,15.27562141891684,-5.414031728108682,-2.2792368570963504,1021.2347916666668,-0.6880610783894857,257.5157215495904,936.617839495341,10.375085449218773,1.0891967773437727,5.549700673421246,60.64861090977987,65.11111219724019,28.43750035762787,18.814496421863595,14.004055078938556,-5.247176869710245,-2.4949618021647098,1021.027353515625,-3.840180238087972,275.2521074016889,1065.3893976211548
2021-04-25,8.187127685546898,-1.0519470214843523,3.8130279541015852,56.2134264310201,50.41481460258365,8.381944358348846,22.216901349966772,14.397607851269399,-6.86146519978837,-4.699495697021462,1020.5498697916668,7.702672004699707,244.0259513358275,991.2309633890787,8.031030273437523,-1.2179626464843523,3.4743044535319236,63.62592633565267,57.47962931791941,61.90972137451172,20.870094167292685,14.3619353333667,-7.302988433837868,-3.4123354593912723,1021.0383268229167,9.945366779963175,238.78431847691536,924.2893708546957,8.307336425781273,-0.8432983398437273,3.8572797139485906,54.52407455444336,53.349999432762466,9.506944239139557,21.459343252692097,13.785469090927313,-6.816442871093727,-4.96334304809568,1020.3831705729167,8.502888123194376,241.1880929072698,968.4287525812784,8.176171875000023,-1.1971496582031023,3.379786427815778,60.11944389343262,52.603703459103905,59.99999976158142,22.27410117673708,14.301151639287404,-7.293862406412757,-4.223715209960915,1020.7484928385417,9.107267022132874,241.1040732562542,932.4240624109904,8.394616699218773,-0.6151794433593523,4.079351043701195,54.70648113886515,52.379630049069725,3.7916666492819786,22.47069536625888,12.52482118404913,-6.681688690185524,-4.726293945312477,1020.159306640625,7.197314421335856,242.35242645939192,918.082168896993,8.212518310546898,-1.0394348144531023,3.7703236897786687,57.95046313603719,53.01666623850664,33.04861080646515,20.544801828998043,13.279448351304213,-6.93975931803385,-4.375838979085245,1020.8155598958333,7.860824306805928,238.3005940814813,952.4197980562845,8.220483398437523,-0.21417846679685226,4.264049784342471,55.28333409627279,52.747685392697655,2.2430555652827024,20.63498520527425,11.011548098722068,-6.764084879557288,-4.4525042215983035,1019.9717447916668,5.256298303604126,241.98181821902594,931.7796924114227,8.588830566406273,-1.1068786621093523,3.7422793070475486,56.50138839085897,49.75925897496442,12.381944447755814,20.85576560434762,13.232856454135302,-6.812165323893225,-4.727496846516885,1020.8751236979167,8.8592369556427,235.2240051329136,958.0893131891886
2021-04-26,6.812646484375023,-0.8305419921874773,3.1641873677571843,65.688889503479,72.67361195882161,28.17361092567444,17.661844328338294,12.075517570091984,-7.535585784912087,-2.9514844258625885,1018.8286360677083,6.540461639563243,237.81805044412613,767.000785668691,7.953881835937523,-1.5111145019531023,3.5366747538248924,61.22731479008993,71.7587959766388,22.416666448116302,18.348643495147176,13.089022286324655,-7.288693491617835,-3.672440592447913,1019.1122786458333,0.21079206466674805,249.1706089178721,891.6826559702555,7.522698974609398,-1.0022338867187273,3.3320048014323143,63.95000092188517,68.31759365399678,28.52777773141861,17.232307645213755,12.077670981426317,-7.466131591796852,-3.253660583496071,1018.8906966145832,3.7136971155802407,251.91920310258865,817.7131535212199,7.948114013671898,-1.4909118652343523,3.5857826232910384,62.04953829447428,70.33148090044658,29.687499821186066,19.605305964806416,13.393851518976737,-7.2445269266764285,-3.473870340983069,1018.5438639322917,1.474958896636963,251.22790725032488,899.5096975962321,7.474511718750023,-0.6635498046874773,3.3831815083821843,61.206480503082275,68.51388867696126,14.361111104488373,17.582397641856186,12.06175139760837,-7.5504224141438385,-3.8684524536132585,1018.8434147135417,2.58776847521464,254.5955488483111,880.414776802063,7.604211425781273,-1.3820556640624773,3.5203948974609602,63.24351739883423,68.92731475830078,24.58333322405815,18.84936854290788,12.795351138946687,-7.25112380981443,-3.2420486450195085,1018.6987532552083,3.1511922677357993,251.1153525610765,838.1956974665324,7.227410888671898,-0.20496215820310226,3.3304979960123924,60.69537035624186,68.06898148854573,6.06249994924292,17.099311232772607,11.106121869945957,-7.697321319580055,-4.065913899739542,1019.0611328125,3.4799150228500366,252.23501528302828,901.3154226938883,7.603265380859398,-0.6569580078124773,3.471578216552757,63.15740776062012,80.55462964375813,27.868055284023285,18.279612691271467,12.35709199437109,-7.325506591796852,-3.2417485555012604,1018.8417578125,4.247971336046855,247.72599675258002,814.7245772679647
2021-04-27,8.556909179687523,-1.5959228515624773,4.080154673258487,65.38148212432861,55.9425927400589,23.027777433395386,15.35242579826656,9.336248692541828,-6.175201161702432,-2.2659795125325104,1016.921240234375,-0.2941725254058838,209.85427397489548,651.7508039474487,10.294976806640648,-0.5245117187499773,5.095838165283226,65.3712968826294,58.94027876853943,60.44444274902344,14.832320224314033,10.32406929727722,-4.726365152994788,-1.259921773274698,1015.63388671875,-7.463562726974487,236.3794285853704,614.527424176534,8.950952148437523,-1.6113037109374773,4.0662602742513245,64.65555540720622,49.556482235590614,20.027777433395386,12.987579854417046,8.72258916287752,-6.091972096761026,-2.4839080810546648,1017.029130859375,-0.39644543329874676,226.37107251087824,669.2702647050222,10.133660888671898,-0.7264465332031023,5.026483154296898,64.92916631698608,56.46944407622019,53.2638885974884,16.128381449356656,11.173790961431118,-4.874047342936194,-1.4267512003580691,1016.169306640625,-6.913665771484375,245.69984455903372,646.5077778498331,8.786523437500023,-1.5260375976562273,4.009481048584007,63.0296303431193,48.38842578728994,9.756944596767426,12.91143163381809,8.385345156711933,-6.274799092610635,-2.8610913594563385,1017.0185384114583,-0.004639943440755208,231.9465121626854,680.8664673169454,8.910424804687523,-0.6840576171874773,4.5538701375325745,66.43981472651164,62.74166599909464,29.722221732139587,16.159808496050754,10.323532426670104,-5.294629160563147,-1.452970886230446,1016.4201627604167,-1.2674341996510823,199.72465535004935,598.8879191080729,8.856958007812523,-1.6203674316406023,3.9605333964030174,61.26064793268839,45.47731484969457,2.4999999403953552,11.30419266236324,7.923619370362374,-6.441076660156227,-3.3024365743000885,1017.1492610677083,-1.1251567999521892,245.88259454568228,703.0907239516577,8.880273437500023,-1.3427490234374773,4.542766825358096,63.57361078262329,62.522223035494484,21.499999523162842,15.061050098570515,8.92259882311445,-5.95986658732096,-2.218192799886026,1016.903681640625,-2.718267261981964,207.90862500667572,641.3206690152487
2021-04-28,13.213922119140648,0.34215698242189774,7.064179992675804,58.23610989252726,12.623148530721664,0.0,16.541159244952933,11.9783942091882,-2.3100532531738054,-1.1924817403157135,1014.9411979166667,-19.055152972539265,302.0841666658719,714.4345056215922,12.723199462890648,1.9088073730468977,7.44092203776044,61.16897996266683,63.456019719441734,23.291666865348816,14.836235311158333,11.441786242026232,-2.693468475341774,-0.007559204101539763,1014.314130859375,-21.410802841186523,266.95344057679176,738.3126346270243,13.294458007812523,0.33608398437502274,7.2442489624023665,57.75277757644653,17.1046292334795,0.0,16.499924041135003,12.14236847770799,-2.2528137207031023,-1.1180493672688385,1015.194951171875,-19.845041275024414,302.25111498435336,730.4548309644064,13.191552734375023,0.5532775878906477,7.299672698974632,61.57916736602783,30.292592604955036,20.166666984558105,15.75090115892608,11.41486981095647,-2.2538970947265398,-0.1590065002441179,1014.1480110677082,-21.462209661801655,297.30732784668606,729.2979672749838,13.351373291015648,0.31264648437502274,7.121025339762393,57.602314949035645,11.353240655114254,0.0,17.936340737993277,13.043946632754897,-2.1350908915201785,-1.2720118204752566,1015.019033203125,-18.0612370967865,303.01194308201474,715.8372815450033,13.227807617187523,0.5235229492187727,7.157577768961612,60.45185248057047,26.74398108323415,9.999999761581421,15.737302834704368,11.61763758971845,-2.3045499165852448,-0.5792627970377566,1014.75701171875,-20.115950107574463,298.498740653197,723.9301341374716,13.304620361328148,0.24184570312502274,7.082362111409528,57.24027872085571,10.456018559945127,0.0,17.808589971448793,13.240877024714097,-2.140689595540323,-1.3846127827961823,1014.7757486979167,-17.848323742548626,303.18058737119037,716.893877029419,13.018273925781273,0.42775878906252274,7.044245656331403,59.46851873397827,23.240277270476025,2.4999999403953552,16.410264180321093,12.095234963659147,-2.511918131510413,-0.9076624552408816,1015.2915462239583,-18.957865794499714,301.06838206450146,729.7795677185059
2021-04-29,13.605218505859398,4.644494628906273,9.59342981974286,79.917129834493,91.5287036895752,0.48611112404614687,17.61465157178087,13.750272209271607,3.8544619242350677,6.1912462870280365,1008.2766471354167,-14.18069795270761,101.07394538323085,334.7733332316081,15.268304443359398,4.383325195312523,9.332682545979841,80.83240699768066,86.49398342768352,2.7986111124046147,19.706008830085565,13.88477622073747,3.5631690979004134,6.122473653157556,1008.1903352864583,-13.78659507383903,96.96692450841267,347.6082057952881,13.592462158203148,4.389794921875023,9.530669148763044,79.35462919871013,90.8726847966512,0.13194444822147489,16.06099774856274,13.001785761534888,3.8633946736653684,6.005714670817099,1008.127392578125,-13.34093388915062,110.02096498012543,335.08604939778644,13.740014648437523,4.337976074218773,8.988217926025413,83.7731482187907,87.81435219446819,6.541666683275253,18.49721885911404,13.110285376889633,3.7774902343750227,6.335309600830101,1008.67849609375,-10.097207194815079,91.78877653678258,308.4599978129069,14.095056152343773,4.308465576171898,9.875842030843122,77.77175998687744,92.11574014027913,0.013888888992369175,16.508579582496402,13.371513796386177,4.053542073567712,6.02458216349288,1007.9371614583333,-14.950021535158157,118.4856504003207,361.1999791463216,14.250024414062523,4.273309326171898,9.5652531941732,79.56110954284668,91.18194389343262,0.8958333493210375,19.19562477728956,13.512352965755433,3.9073577880859602,6.07691345214846,1008.4390950520833,-12.331003546714783,96.55063207944234,337.2001024881999,14.937677001953148,4.439599609375023,10.22050501505536,77.17361036936443,92.31574058532715,0.0,16.534727917659765,13.024685404939907,4.091883595784509,6.215962982177757,1007.6921158854167,-16.74035980304082,124.50290616353352,371.64445400238037,13.737176513671898,4.297082519531273,9.670498148600283,78.78657547632854,91.73935174942017,0.13888889038935304,17.944385309375452,14.106182648285065,3.892640686035179,6.041525777180993,1008.2879361979167,-14.2102543314298,108.05075911680858,358.93573570251465
2021-04-30,12.831384277343773,6.449975585937523,10.228877003987654,74.28426011403401,88.3472228050232,12.666666954755783,31.189788099529395,19.261373725967847,1.1851376851399777,5.645425415039085,1009.3823274739583,-5.027416557073593,189.5397901237011,832.5180536905924,13.548852539062523,7.304956054687523,10.525086975097679,78.16064771016438,90.82592550913493,27.458333417773247,26.95902031017377,16.398576175511806,1.700715637207054,6.6755844116211165,1009.5202311197917,-13.41796791413799,198.66642626623312,668.9086898167928,13.804376220703148,7.728784179687523,10.870229339599632,74.33935197194417,86.79861164093018,9.916666492819786,27.8479969928923,17.663030548106395,1.4722292582194427,6.155501302083337,1008.5537044270833,-12.123704892893633,227.87204965452352,788.2686710357666,13.849389648437523,6.866906738281273,10.343956247965517,75.6148149172465,94.7685194015503,21.868055671453476,31.21145621457367,19.590632887805516,1.6543696085612396,5.971695200602255,1009.1951106770833,-11.707075559223691,212.940892594556,835.4095547993978,13.707818603515648,7.674218750000023,10.756345367431663,75.73333326975505,93.77731450398763,19.715277791023254,28.084012218059403,17.339501335409963,1.2469268798828352,6.377323404947958,1008.812666015625,-8.5652043496569,205.452632372578,766.767822265625,12.040582275390648,6.689019775390648,10.228664652506533,75.51944303512573,92.31944402058919,10.375000156462193,30.18727798065978,19.47521112025423,1.2350313822428802,5.899697875976585,1008.9619140625,-9.81571396191915,183.26668728639683,870.1410684585571,13.640710449218773,7.607568359375023,10.853159840901716,74.2490743001302,88.19629605611165,8.944444447755814,27.446741355602953,17.10019606313229,1.4110555013020871,6.135518646240257,1008.91142578125,-11.38382694000999,237.15658874809742,736.7913055419922,12.812738037109398,7.542932128906273,10.458431498209658,74.76527738571167,93.15323988596599,1.3680555671453476,27.86225433150054,18.195163116582673,1.0741910298665402,5.925225830078148,1009.0888053385418,-8.20397114319106,192.6485908230146,808.3638172149658
2021-05-01,12.466424560546898,5.435601806640648,8.94251149495445,71.48703797658284,97.00324249267578,3.24305559694767,11.368555199259017,9.192546124378369,-0.5578445434570085,3.8622006734212277,1015.4476725260417,-6.271448532740275,175.31381593147913,575.6296119689941,13.189874267578148,2.9865966796875227,8.415670013427757,64.63657490412395,93.24768447875977,13.333333969116211,13.07699198179309,10.20218513920892,-0.6076784769693973,1.753914133707724,1017.3450390625,-7.979427258173625,242.3381508986155,648.348152478536,11.868157958984398,6.016656494140648,8.523530578613304,82.00787115097046,97.74398104349773,31.35416655987501,9.221855155607978,6.7564481669617775,-0.4257301330566179,5.476447041829431,1014.7923307291667,0.9985418121019999,113.1616851190726,414.40766461690265,12.574670410156273,5.316674804687523,8.677387491862001,68.35555601119995,95.80277760823567,12.923611223697662,12.573039310034515,10.099400187697139,-0.8209785461425554,2.9216921488444427,1016.4075065104167,-4.0645623207092285,195.8733332157135,693.0444714228312,9.128778076171898,5.062127685546898,7.65024337768557,87.59907309214275,91.49305470784505,42.027778185904026,10.381396714483992,6.222944008532281,0.10541687011721024,5.678547159830771,1014.564736328125,7.589091409929097,54.21059465408325,271.07007392247516,12.885339355468773,6.094903564453148,9.454194641113304,66.7685178120931,99.3800916671753,23.756944715976715,13.370955611160433,9.761200919928909,-1.0377461751301666,3.4021354675293196,1016.1925553385418,-9.492209712664286,192.55183334151903,668.6083831787109,8.160119628906273,4.994470214843773,6.997171020507835,90.32546202341716,94.26898193359375,89.6597219184041,11.021247246469228,8.587511524207665,0.2937472025553802,5.497404988606775,1014.52978515625,12.529264379913608,35.61814741293589,290.1275157928467,13.252404785156273,6.572198486328148,9.746732330322288,69.40740855534871,98.54768498738606,11.902777671813965,12.821760667050143,8.636692685732077,-0.7544095357258698,4.205866750081384,1015.4716731770833,-9.897697250048319,178.85959378878275,614.1007213592529
2021-05-02,10.505548095703148,5.433190917968773,7.892303721110049,92.1615743637085,99.99629624684651,245.21527814865112,33.38973963636411,20.43445148536976,2.5345766703288177,6.675850168863974,1006.4608723958332,-3.9358205000559487,57.353297690550484,600.8289019266764,12.291894531250023,7.716302490234398,9.380602773030622,82.83611106872559,99.70509306589763,77.56944553554058,23.57805183877705,17.571865196222166,3.621436055501306,6.49689636230471,1007.1571744791668,-1.9810135339697201,78.02096402645111,524.1217969258627,9.285333251953148,4.818170166015648,7.551698303222679,93.99398104349773,99.89398193359375,337.70138788223267,31.56629433286732,22.382365162236255,2.495398457845056,6.6345993041992415,1005.63814453125,-0.41435880462328595,28.230499178171158,633.7104059855143,11.894433593750023,7.138116455078148,9.307471211751325,88.02823988596599,99.99166647593181,109.26388931274414,22.797942378508225,17.374642724926133,2.7992479960124115,7.3612469991048215,1007.9277734375,-7.0059987505276995,79.5333158771197,594.5918776194254,9.288842773437523,3.1489807128906477,7.697515106201195,94.50648021697998,100.0,274.96528047323227,37.445651786653244,23.125126671525397,3.547949727376306,6.856025950113974,1003.8513346354167,-2.076437830924988,32.49205600221952,582.8208223978678,12.296441650390648,6.895440673828148,9.007869974772158,87.04907194773357,99.41759236653645,139.69444370269775,28.75286668125807,18.349672458320487,2.153920745849632,6.880429840087913,1007.7914583333333,-7.661671330531438,70.91522411505382,624.8577136993408,9.952996826171898,2.7034851074218977,7.8722091674804915,94.70833237965901,100.0,222.90277864411473,38.67913069641418,21.92659408931574,3.696846262613974,7.058826700846396,1003.3803125,-1.9408816297849019,28.476981163024902,570.9679298400879,11.383325195312523,6.244073486328148,8.22428665161135,90.10324319203694,99.9736115137736,271.29860830307007,30.85401881962483,18.48340594494086,1.6129610697428802,6.634936269124353,1008.0310579427082,-5.445180336634318,49.779221246639885,583.577428817749
2021-05-03,8.617669677734398,2.8182006835937727,5.825224812825543,81.00833257039388,95.75370295842488,591.3541641235352,35.63949470548418,26.60371264942042,-3.979466501871741,2.5528058369954465,1011.3254264322917,6.1536234219868975,192.0304084221522,1119.4160817464192,9.238885498046898,4.064538574218773,6.556723531087262,82.75370343526204,86.19074010848999,751.4027786254883,32.54604246695038,26.15187010237595,-3.017546081542946,3.7016337076823334,1012.0170670572917,0.11739035447438557,193.79977489014468,1038.128028233846,8.761193847656273,3.0602355957031477,5.7141993204752835,81.67731459935506,95.95601797103882,572.3263893127441,33.100546685615456,25.28607935299769,-4.031212870279944,2.5791297912597884,1011.6022526041667,6.804627577463786,179.1999628941218,1067.265121459961,8.823205566406273,3.5340209960937727,5.679477945963565,88.70324166615804,79.39583337306976,866.2430572509766,28.967612633482695,23.237237444028533,-3.217044576009073,3.8919832865397552,1012.5665885416668,4.292744260281324,130.50020601352057,890.0112915039062,8.494470214843773,3.0400939941406477,5.665307617187523,79.56157445907593,91.52870337168376,128.57638883590698,33.546782293377966,25.985832768901673,-4.045136515299475,2.165594991048181,1012.3448600260417,6.476768573125203,199.29239188631377,1040.1914329528809,8.071801757812523,3.1199279785156477,5.499798075358096,87.69398180643718,94.07777706782024,811.3055534362793,34.640457020199634,26.278278356508338,-3.6029329935709598,3.497590637207054,1011.51615234375,6.217321306467056,157.74607291072607,964.6558596293131,8.538842773437523,2.7632080078125227,5.4849919637044495,79.37916692097981,90.00138942400615,20.41666668653488,32.323224166803406,25.400145250961668,-4.10899709065751,1.9445714314778684,1012.6361002604167,7.302689909934998,205.23246425390244,1026.0893834431965,9.210076904296898,2.9157958984375227,6.09049504597984,80.00694465637207,95.38194465637207,677.0624980926514,34.987797026217514,26.503990132995586,-3.696971638997354,2.564918772379599,1011.2573665364583,1.7898882627487183,212.60166056702533,1134.0668932596843
2021-05-04,15.439904785156273,1.6617370605468977,9.302248891194685,69.84444459279378,69.1365745862325,32.43055593967438,26.694099485924987,18.11622750221523,0.06654383341475523,3.540461476643884,1011.1786751302083,-20.96729491154353,240.8908756906943,944.8480548858643,15.525811767578148,2.0133911132812727,9.422265625000023,68.73749907811482,70.6907405058543,623.3055438995361,27.827148345836232,19.43498707608722,0.03850199381514585,3.3756589253743527,1010.8312109375,-21.735955198605854,240.54255180235486,1049.789264678955,15.536889648437523,1.7412353515625227,9.326868947347029,69.99953715006511,70.5861101547877,24.395833611488342,26.70715857685783,18.533232772608887,0.11079559326174149,3.609089152018271,1010.7648990885417,-20.81172204017639,233.72197918768506,958.8276017506918,15.225335693359398,1.8500000000000227,9.418445841471376,69.01805543899536,73.06990814208984,604.6805648803711,29.270337872735578,19.548997505322628,-0.07323557535806913,3.422462717692099,1010.5047135416667,-21.251872102419537,235.55248177051544,1088.8858680725098,15.376489257812523,1.6996704101562727,9.097592926025413,71.20277833938599,70.68333319822948,15.312500417232513,26.017865259994434,18.208128585320363,-0.018642171223916648,3.6520184834798215,1010.9196028645833,-19.091049591700237,220.82735165631553,914.2903391520182,15.461816406250023,1.8269287109375227,9.474312082926454,68.58889039357503,72.10648159186046,147.8888864517212,30.114843792075913,19.473286879421615,0.07968292236330399,3.4498649597168196,1010.9013313802083,-20.980547110239666,232.0018562078476,1020.4482542673746,15.236779785156273,1.5241333007812727,9.033670043945335,70.23657321929932,69.97777791817983,1.479166653007269,27.26898020301608,18.144555617825485,-0.06762542724607101,3.3751706441243527,1010.8717643229168,-18.661238809426624,219.18266418925487,877.9651508331299,15.478631591796898,1.7051635742187727,9.291392262776716,69.21805731455485,69.13518516222636,38.36805534362793,26.251488540297757,18.54175286635774,-0.005583190917946013,3.3932065327962277,1011.1557584635417,-21.01630671819051,235.35086925824484,973.9069595336914
2021-05-05,14.328912353515648,7.271813964843773,10.362077331542991,82.00787130991618,95.45694414774577,116.04861009120941,23.221462944110183,18.70706467192726,1.1175755818684934,7.225345865885458,1002.6029361979167,-8.148551022013029,140.36731254482098,920.9674275716146,14.991754150390648,6.350030517578148,10.46642964680992,82.73564847310384,99.85833358764648,118.68055582046509,23.70174199919752,19.369782267895257,1.6800348917643646,7.53727747599288,1003.7106412760418,-7.722168581560254,124.9191504548459,956.0782953898112,14.298852539062523,7.682946777343773,10.523221588134788,79.27175998687744,91.11805486679077,85.47916722297668,25.75908440999565,19.238883503320594,0.981324768066429,6.921219126383505,1002.4078287760417,-9.989405572414398,140.8380528773608,924.0140266418457,14.250421142578148,6.205590820312523,10.078117624918642,81.11388937632243,94.04166603088379,110.08333384990692,25.24465081281678,19.656186139282667,1.020382181803427,6.775587972005212,1003.5058919270833,-5.849611322085063,147.96153569489252,964.5339787801107,14.898919677734398,7.438897705078148,10.354878997802757,80.90092484156291,85.46620416641235,87.82638835906982,27.570481669809297,19.487418795733877,1.0676322937011946,7.025635019938193,1002.1159895833333,-7.844977011283238,149.93859050857523,922.2110875447592,15.760675048828148,6.927758789062523,10.405132548014345,78.15138896306355,94.43657366434734,121.43750047683716,26.63271874798058,18.63769454077617,1.1204569498698334,6.4172899881999115,1003.5949837239583,-9.09762379154563,184.27820462813057,991.9707673390707,13.954827880859398,7.419824218750023,10.131744639078798,82.37083419164021,91.0634258588155,78.51388823986053,25.458656679767042,18.219000450510013,1.1286992390950559,7.152998860677087,1001.9816276041668,-6.8845543041825294,131.05290358767766,815.0985412597656,15.673516845703148,7.538476562500023,10.49912287394208,77.76620419820149,87.0458329518636,91.61805653572083,23.823206197942664,18.386841508463462,0.9016560872395871,6.383208211263025,1003.5307096354168,-9.822769458095232,189.181261495105,1020.1008021036783
2021-05-06,12.398706054687523,4.269952392578148,8.002468363444033,64.93333339691162,48.35648161172867,153.354163646698,35.019405973816,25.65911420005867,-2.059337361653604,1.258302307128929,1006.41421875,-2.0096963246663413,308.312700418833,1258.2065455118816,11.599511718750023,3.8905883789062727,7.6489629109700745,67.8643520673116,53.764352997144066,270.3888826370239,31.294471314902818,23.29504273643667,-2.2177579243977448,1.6743281046549896,1007.8295638020833,1.557735761006673,292.6654023400624,1132.058517773946,12.505883789062523,4.341821289062523,7.961723581949893,65.72546275456746,45.90555624167124,117.61110782623291,34.40787637883487,25.197621068485574,-1.9789286295572879,1.3450129191081146,1006.3340364583332,-2.6654377778371177,308.72378844040213,1248.8421440124512,12.120904541015648,3.9601074218750227,7.867086029052757,64.03425884246826,37.112037698427834,212.86110877990723,33.470128182770594,24.609099708399118,-2.223491414387979,0.9337287902832259,1006.9582454427083,0.40848811467488605,309.2878872257036,1223.644388516744,12.388024902343773,4.163629150390648,7.969920094807965,66.98333326975505,54.52731454372406,64.2013897895813,33.096135282854945,24.722419977122627,-1.8946403503417741,1.6034395853678802,1006.5466373697917,-2.5106393496195474,304.43494667642517,1222.7718289693196,11.998742675781273,4.522546386718773,7.863729095459007,62.84490728378296,48.81666608651479,201.50000953674316,37.07059589094685,27.002011867064056,-2.475931549072243,0.6947418212890852,1006.82169921875,-0.49045948187510174,315.24126363778487,1340.8084875742595,12.364038085937523,4.348046875000023,8.01962560017906,66.42268498738606,48.181481083234154,22.5,32.91315013148217,24.699358771385565,-1.910917663574196,1.4893432617187727,1006.3431705729167,-2.9212498664855957,313.44174378506915,1242.119088490804,12.307214355468773,4.914392089843773,8.104802703857445,63.75370407104492,52.39907395839691,148.83333206176758,35.95750169360831,25.911218248390366,-2.2154538472493073,1.090370432535849,1006.5774479166668,-3.0893122355143228,314.01753491031315,1288.2485961914062
2021-05-07,9.196435546875023,3.8974548339843977,6.331306711832705,91.596297899882,96.65462875366211,140.27777767181396,25.859346069876157,15.920203659444972,-1.3506607055663835,5.034626261393271,1005.200556640625,8.982085034251213,51.28570317515793,621.30006980896,11.197381591796898,3.4467102050781477,6.7729965209961165,87.77268314361572,89.60138909022014,227.92361068725586,32.16335279416146,18.253435012875816,-0.8028434753417741,4.85259908040365,1005.4238216145833,5.112027446428935,84.21494334835249,653.7264115015665,8.967370605468773,4.209100341796898,6.4435389200846585,92.29074128468831,96.11574045817058,164.79861068725586,20.41179060567975,12.991615395485425,-1.320335133870401,5.259020741780603,1004.8775651041667,8.425203941762447,60.018536871260345,589.8960113525391,10.306604003906273,4.464074707031273,6.613781229654971,89.30833371480306,93.35277779897054,214.4652795791626,26.870025599535545,16.918307714983033,-0.7858337402343523,4.954933420817099,1005.3435904947917,7.207433849728356,56.989926213786624,614.8026571273804,7.277154541015648,3.0094543457031477,5.956910705566429,93.1305554707845,98.53240712483723,196.9583334326744,20.01691859417915,9.547924676258853,-1.4920143127441179,4.9167953491211165,1005.4869108072917,12.935541798050204,19.10712938204718,471.8195164998372,11.375756835937523,3.4893432617187727,6.60868352254234,89.46481418609619,91.11296367645264,161.9444444179535,34.192371186410185,19.574531776250257,-1.1808265686034929,4.948884582519554,1005.1472037760417,3.9386173877865076,115.832707505906,730.6673415501913,8.313378906250023,2.6455932617187727,6.226778920491559,91.18796157836914,98.1504618326823,132.38194511830807,28.65529891570162,11.627075096406678,-1.5558888753254791,4.86479212443038,1006.0056022135417,9.920347878088554,46.656686861941125,530.5628725687662,8.853021240234398,4.340173339843773,6.348036702473981,91.72036997477214,98.63888867696126,136.5902783870697,21.00951857985635,13.382207461327576,-1.4037244160969635,5.087392425537132,1005.5016764322917,8.089858651161194,53.776369457133114,561.5262991587321
2021-05-08,10.623468017578148,1.1094299316406477,6.051232910156273,79.33842658996582,71.45138883590698,341.86805534362793,26.695357581184172,18.703896357956356,-3.6401682535807254,2.4365478515625227,1016.24013671875,-0.3052976131439209,229.0064483854027,933.2923373778661,11.352288818359398,3.6944213867187727,6.693847910563174,75.86296224594116,73.01666529973348,269.81944274902344,26.97337085075105,20.2431253982653,-3.5749051411946198,2.4006579081217865,1016.1689811197917,-4.242580781380336,236.18662406428484,1027.9530715147655,10.457055664062523,1.7046142578125227,5.757772064209007,81.29259236653645,72.71851859490077,226.4236135482788,23.451373852728018,16.977763672516954,-3.5845537821451785,2.5603195190429915,1016.6015201822917,1.408958872159322,189.4500361548271,812.9794459342957,11.066369628906273,3.6310058593750227,6.445392862955752,78.40370353062947,77.47129622722666,374.0763864517212,25.463589329273688,19.216324404499982,-3.4578702290852448,2.6938631693522552,1016.48671875,-1.326849381128947,203.32678194177183,957.26917552948,10.165979003906273,2.9540039062500227,6.224792734781924,78.19398164749146,74.97037021319072,212.3888864517212,25.286215324856418,17.314724081783282,-3.661974334716774,2.4405977884928802,1016.89474609375,1.413811023036639,194.8664958064716,844.8354518413544,8.994409179687523,1.9905029296875227,4.966675059000674,85.8467591603597,78.20277675737937,486.27777099609375,21.341811948545992,17.06107776067757,-3.7521359761555573,2.663861846923851,1017.14359375,5.136347874999046,139.72603870016368,692.4794345696768,9.941979980468773,3.0329528808593977,6.272093709309918,77.86481459935506,76.49259261290233,106.95833325386047,25.174523346138155,17.259527151759574,-3.6461496988932254,2.4067423502604584,1016.8844270833333,1.5707085728645325,198.45740649981113,829.8337193330129,10.553216552734398,2.3660827636718977,5.899338022867862,79.31249952316284,76.75740645329158,330.0763883590698,25.09315882364819,17.385429382459936,-3.5782913208007585,2.309224700927757,1016.75310546875,1.6320699205001195,184.05420003755717,835.8663836320242
2021-05-09,17.507958984375023,2.8342224121093977,10.489518737792991,69.00601816177368,71.17546319961548,36.833333015441895,21.187569948858656,14.83384602951782,2.467524464925134,4.763510640462243,1019.779931640625,-22.745760684212048,237.81657106537992,498.71269694964093,17.806817626953148,3.0303588867187727,10.786402638753279,67.1032411257426,59.69212897618612,376.5,22.86702233132525,16.075719570885944,2.1612487792968977,4.5294726053874115,1020.2251725260417,-25.07382281621297,303.3875128302413,630.209059715271,17.204888916015648,3.0389038085937727,10.60690841674807,68.90879646937053,78.90046421686809,32.499999046325684,21.08190670744909,14.754874599738782,2.4452262878418196,4.817507680257165,1019.5753580729167,-23.789928078651428,240.56339248254275,510.8837577899297,17.677026367187523,3.0940490722656477,10.77957941691083,65.80925909678142,62.18657314777374,254.50000762939453,21.730945955765502,15.531002014408225,2.162032063802087,4.218099212646507,1020.17078125,-26.484722415606182,310.4038113547722,625.7870097557703,17.700036621093773,2.8872924804687727,10.679128265380882,67.7592584292094,82.59537076950073,19.999999523162842,22.364672822218644,15.450110052873475,2.3641385396321652,4.59491882324221,1019.60732421875,-23.103114118178684,258.75200193049386,561.2979017098745,17.635919189453148,3.2238403320312727,10.764726257324241,66.05277792612712,70.83287117878596,235.3333282470703,22.192772031419324,15.637626533488854,2.148152923584007,4.3109667460124115,1020.3853450520833,-24.973316351572674,293.98171456697554,613.0307081143061,17.472192382812523,2.7786804199218977,10.555732981363954,67.24444405237834,76.46435181299846,0.0,21.770655428683295,15.214483454424277,2.203907267252646,4.355499521891318,1019.4523079427083,-23.710042715072632,273.34487782042316,573.4155458211899,17.794427490234398,2.9745117187500227,10.759169514973982,66.89907534917195,69.70694486300151,129.0,22.25394321038622,15.776310844178786,2.2892382303874115,4.505535380045615,1019.916708984375,-25.349105695883434,295.75162600225303,598.8992220163345
2021-05-10,21.686242675781273,7.671899414062523,14.869016265869163,68.96666733423869,53.89212989807129,0.0,29.031445981514036,20.951787580633987,11.1417060852051,8.79322204589846,1016.6685774739583,-30.241336931784947,310.0133909517899,561.8404388427734,21.632348632812523,7.894036865234398,14.952149963378929,69.05879561106364,31.46388876438141,36.833333015441895,31.100486379389853,22.28317693846796,10.647718048095726,8.900910949707054,1016.9510709635417,-31.939591251313686,315.89803296420723,639.2333634694418,21.741113281250023,7.817651367187523,14.93897399902346,69.34166733423869,53.844907442728676,0.0,28.464441176295995,20.880094124237516,10.857041931152366,8.928542073567712,1016.7170149739583,-30.321857750415802,313.89246764096123,580.7877235412598,21.706811523437523,7.860711669921898,14.983735656738304,68.59444395701091,45.88611147801081,32.499999046325684,31.021552552984712,22.271187111488786,10.677421824137411,8.835572814941429,1016.7694791666668,-31.986319987724226,315.6879245871678,635.8951307932535,21.816674804687523,8.126702880859398,15.086484527587913,69.76435073216756,42.64259207248688,0.0,28.168270212113548,20.794606952151646,11.039085642496786,9.160998280843103,1016.65435546875,-30.527272681395214,317.22978383892524,579.1346473693848,21.706689453125023,7.655480957031273,14.870212809244814,68.95277833938599,39.03472224871317,19.999999523162842,30.260908218557326,21.30225286746386,10.836944834391318,8.795659637451195,1017.0783756510417,-30.668421797454357,316.81339483770233,591.4050356547037,22.008172607421898,8.482385253906273,15.347550964355491,71.19907395044963,41.70092594623566,0.0,28.11354831581241,20.864312290558217,11.123980458577478,9.724576568603538,1016.2046809895833,-31.67372953891754,316.1402019439265,577.468474706014,21.641137695312523,7.582025146484398,14.854302978515648,68.88657474517822,59.26573944091797,0.0,29.923960822857694,21.449640571794518,10.852268473307333,8.760255432128929,1016.9498177083333,-30.534895728031795,313.7753909518942,589.1943664550781
2021-05-11,22.247094726562523,11.005609130859398,16.428234354654972,69.01064840952556,24.90740696589152,0.0,32.72004831171761,25.31205067174231,13.147451019287132,10.401649729410849,1014.4237109375,-22.00338625907898,316.94936656144756,655.4928410847982,22.444329833984398,10.855462646484398,16.44434509277346,70.29305537541707,26.142129858334858,0.0,32.18437960681632,25.224467956682684,12.756483968098962,10.697831726074241,1014.3293294270833,-24.10619310537974,313.6991251660511,672.6256001790365,22.182519531250023,11.025720214843773,16.42255554199221,68.24861017862956,27.30555526415507,0.0,32.12307484671878,25.382040528461175,13.021513875325525,10.229224141438806,1014.5030078125,-21.38238533337911,317.36186738343287,664.6750920613607,21.952172851562523,10.801171875000023,16.200102742513042,69.35509236653645,35.697221755981445,0.0,32.62506958240323,25.472417572883998,12.530227915446005,10.262336985270224,1014.3599739583333,-22.22597497701645,313.95655321826536,672.4160003662109,22.776727294921898,11.494439697265648,16.981945292154972,69.64027706782024,36.980555852254234,0.0,31.046140737558005,24.53401499207671,13.162554677327478,11.046778615315759,1014.0721712239583,-23.560012757778168,315.75253797074157,664.9338518778483,22.130639648437523,10.872155761718773,16.316519673665386,69.25277884801228,30.67731547355652,0.0,32.244705574705605,25.46422980372621,12.947265879313193,10.357792154947958,1014.4351204427082,-22.18758237361908,316.2362147724877,661.9748242696127,22.967950439453148,11.725762939453148,17.206567382812523,70.0620379447937,33.456945260365806,0.0,30.61345970794387,24.262360851704415,13.173173522949241,11.320920562744163,1013.7114876302082,-24.580721656481426,316.2065925799931,667.5340092976888,22.392816162109398,11.049218750000023,16.515744781494163,68.78379678726196,25.174537022908527,0.0,32.54890322095796,25.507520569878178,13.225766754150413,10.450098927815759,1014.246181640625,-22.467031399408977,316.51139484345913,660.7626571655273
2021-05-12,22.127587890625023,11.702416992187523,16.29298553466799,64.6958343187968,14.922684947649637,0.0,30.681192211961687,24.90852448487524,9.217930094401083,9.510041809082054,1010.7522591145832,-13.601344108581543,311.46292192613083,913.0525067647299,20.981591796875023,10.850823974609398,15.69105173746747,66.19722175598145,7.640740792111804,0.2083333395421505,32.03924564242382,24.7122047280382,8.221269226074241,9.243486022949241,1010.8491829427082,-13.096088568369547,305.5002978897343,920.3610407511393,21.905389404296898,11.465509033203148,16.083854929606144,63.84953594207764,12.354166408379873,0.0,30.309151168390876,24.920847261768312,9.26675694783529,9.13482564290365,1010.61591796875,-13.286549806594849,314.33554631099105,896.0465087890625,20.949060058593773,10.623559570312523,15.785246785481794,66.04629548390706,6.4453704704840975,0.0,31.324072583020097,25.09570101554003,8.396805063883505,9.255595143636071,1011.240693359375,-12.99290144443512,311.795595942686,916.7929000854492,22.359368896484398,11.828851318359398,16.62865727742515,63.69120422999064,10.8009259502093,0.0,30.42786936171923,24.827691406718383,9.943955993652366,9.601532236735068,1010.261298828125,-14.993494908014933,314.7588717055817,906.2548751831055,21.460260009765648,11.035302734375023,15.843558247884138,65.80277824401855,21.72222200036049,0.5208333344198763,31.826371223801996,24.593523449258512,9.052939351399743,9.349229431152366,1010.7696744791667,-11.15352475643158,273.32870586340624,862.498119354248,22.544793701171898,12.180932617187523,16.894178009033226,64.1555552482605,13.814814984798431,0.0,30.754425470217335,24.925732892572114,10.219083404541038,9.934612528483115,1009.8931315104168,-15.72473798195521,312.4940544671069,913.0923767089844,21.955316162109398,11.236566162109398,16.030596669514996,64.64120388031006,19.934722339113552,0.31944445380941033,30.397518791847887,24.406740776395953,9.173626200358115,9.273011779785179,1010.38376953125,-12.530531803766886,297.1055065896362,889.8135274251302
2021-05-13,18.443139648437523,7.296075439453148,13.24546076456708,70.77268505096436,21.745833275529247,0.7361111221835017,21.188611028581136,15.081825250202073,5.792446390787802,7.713014221191429,1003.23640625,-2.3136118253072104,295.82340895198286,688.0875295003256,16.968927001953148,6.804742431640648,12.222058868408226,70.02962986628215,51.57453710834185,0.5833333400078118,21.664743018172775,16.546068187066158,4.386493937174521,6.61520919799807,1004.9117838541667,2.2851940393447876,245.56103477564952,715.0347887674967,18.565972900390648,7.376489257812523,13.104851023356142,70.45833428700765,20.267129169156153,0.638888890389353,20.521861546033715,14.981651593005127,5.648965454101585,7.466902669270837,1003.08158203125,-1.443617582321167,305.2255681101233,709.1856460571289,17.507379150390648,6.682916259765648,12.226851399739607,70.69675938288371,44.23379630843798,1.152777770999819,23.58532434846809,16.645331737528966,4.48892491658529,6.733516947428427,1004.324755859375,0.9454567035039266,265.5222562775016,743.5411109924316,18.978387451171898,7.971826171875023,13.971885935465517,67.01111125946045,20.604166603802394,3.298611119389534,20.630410035115272,14.105771817622626,5.999893442789755,7.532997385660849,1002.40580078125,-3.674098571141561,319.0587148958196,724.6454706192017,17.924737548828148,7.180657958984398,12.598293558756533,71.86388762791951,46.581017983456455,0.9861111235804856,21.72544055232263,16.464422446186152,5.250540669759118,7.341681416829431,1003.885498046875,1.247616132100423,257.18683766946197,703.7841860453287,19.099298095703148,8.421899414062523,14.156269327799501,67.2925926844279,29.931481778621674,0.2152777835726738,19.56916485085302,13.565347453135027,6.107166544596396,7.719661966959677,1002.6761263020833,-3.886022170384725,314.0868354092042,698.0367414156595,17.985314941406273,7.122552490234398,12.607226308186872,70.28611214955647,22.17453657106186,0.625000009778887,22.100461760770017,17.035940219526076,5.11554870605471,6.970265960693382,1003.9249251302083,1.1740529139836628,284.03641010758776,731.1159578959147
2021-05-14,18.440911865234398,11.209924316406273,14.470332082112654,78.42963059743245,61.87407430013021,42.34027813747525,19.985171942738454,11.591129899730978,5.8243398030599,10.532876586914085,1001.56658203125,-8.459098716576895,284.73352032030624,622.8125579357147,13.839868164062523,8.432763671875023,12.076435343424501,86.42407417297363,98.67777792612712,23.65972228348255,22.13815526295108,12.546878590721812,4.99888636271163,9.850053405761741,1003.2137955729168,3.3183802108590803,83.05366660064708,450.87245082855225,18.966729736328148,10.521661376953148,14.501470184326195,80.27129554748535,78.19536940256755,71.61111019551754,21.199312893831237,11.002682806182053,6.286171213785849,10.925260162353538,1001.532958984375,-8.264769077301025,286.8395520572861,568.2233707904816,16.568231201171898,9.047906494140648,12.616695658365908,80.77360947926839,79.65000057220459,23.722222179174423,22.167435685324154,12.681043997509803,4.9410936991374115,9.268435414632165,1002.859326171875,-2.503653245357176,208.88594541947046,556.684885819753,19.429742431640648,10.766259765625023,14.631297047932966,80.15694363911946,69.79305521647136,50.97916742041707,19.315876397169486,10.95058769003991,6.407940165201865,10.985047912597679,1001.63048828125,-9.195706486701965,278.1269404919197,577.317299524943,17.257318115234398,10.616021728515648,13.566697692871116,80.41898123423259,74.33611122767131,28.347222357988358,22.478000721047973,12.48736741559114,5.6845807393391965,10.15340067545577,1001.6763053385417,-4.795855601628621,224.32189103029668,512.7629845539728,19.294946289062523,10.631982421875023,14.743840789794945,80.31111129124959,78.7624994913737,73.77777721965685,19.885326179097564,8.799327726336543,6.775687154134118,11.14386901855471,1001.4520247395833,-11.634906808535257,278.3454788445185,525.1847103436788,18.473657226562523,9.458154296875023,13.626940663655622,79.89768584569295,42.749536673227944,29.527777835726738,20.414261920562495,12.123084554141956,6.038055674235068,10.009397125244163,1001.6687239583333,-5.97450311978658,264.8851279790203,516.993570804596
2021-05-15,17.327996826171898,10.208551025390648,12.451773579915388,78.80416695276897,92.70925998687744,192.40971899032593,18.65766002390467,12.498040564998243,4.389273579915368,8.618469492594443,1007.745576171875,2.671140889326731,148.86951777370027,614.4258709351221,16.358514404296898,10.011590576171898,12.30564905802411,79.66620413462321,89.28240744272868,120.45138883590698,14.444968965896557,11.569890914249612,3.8549133300781477,8.706025695800804,1008.33564453125,1.3873955259720485,136.54742700389275,556.3114253679911,17.627893066406273,8.491967773437523,12.779036458333357,75.13055483500163,88.42685079574585,164.01388883590698,19.150170648111587,13.451499669600452,4.422676340738974,8.116314188639365,1007.8901920572918,-0.27991247177124023,197.10241014758745,712.2019569079081,17.458367919921898,10.040856933593773,12.771357472737654,77.86388969421387,85.6064805984497,202.03472232818604,16.058530452078468,12.301130163600924,4.229047393798851,8.704324340820335,1008.402568359375,-1.650719424088796,174.05594351887703,635.7441054582596,17.980493164062523,8.676202392578148,13.146026865641298,73.3106476465861,88.84537108739217,82.45833349227905,20.62489919480795,13.679022330081452,4.4136278788249115,8.046871439615927,1007.8415169270833,-2.2138526240984597,225.73725913713375,745.8099926312765,16.765588378906273,9.783319091796898,12.532505289713564,81.53749958674113,87.15925963719685,146.2291669845581,14.237042716391219,10.236225703016464,4.58533630371096,9.262443796793661,1008.5381640625,2.1195325466493764,129.78603911803415,502.59330332279205,17.756890869140648,9.173974609375023,13.151338195800804,72.83055591583252,95.93379624684651,1.2569444589316845,21.40634113745079,13.310543363289177,4.447688039143884,7.941332753499353,1007.935263671875,-2.091535747051239,236.21348023042083,742.3651957909266,15.984887695312523,9.376763916015648,12.189932759602888,84.08796342213948,91.6435178120931,217.31249904632568,15.65650130578348,10.430453231045021,4.707440948486351,9.444343821207724,1008.2001822916667,5.162969949344794,132.39098090926805,471.35566278298694
2021-05-16,18.679956054687523,10.998376464843773,13.590276336669945,82.63657188415527,98.35555680592854,99.1458326857537,14.563584037177954,9.716020935516571,5.449018096923851,10.465445454915368,1006.2047265625,-8.221621175607046,204.04905892939618,497.2374092737834,18.036035156250023,10.161126708984398,12.953926340738954,84.02546310424805,97.43657398223877,237.84027481079102,19.234033046746877,13.398199847774867,5.497450764973962,10.171225484212243,1005.9436848958333,-4.246883165091276,162.41733490178981,479.33716742197674,18.032098388671898,11.127801513671898,13.685974375406923,83.30925877888997,98.68750063578288,115.34722290188074,14.778741171219444,11.559611231389246,5.47922286987307,10.77867151896163,1006.0335904947917,-9.156617820262909,219.87821877902994,453.49371878306073,17.418603515625023,10.079370117187523,12.557394917806013,85.36296304066975,94.16990852355957,223.50000095367432,18.87578989648187,12.80919592230604,5.324182128906273,10.066154734293661,1005.9954231770832,-1.2708833416302998,134.01809017919004,401.9666509628296,17.986322021484398,11.231958007812523,13.84907175699872,82.34212970733643,95.27314853668213,108.70138954557478,16.415127390248117,11.91158615175616,5.53544642130538,10.758459981282556,1006.2770442708332,-8.711454470952352,229.1033577636505,473.43482812245685,17.038659667968773,10.483331298828148,12.665121968587263,86.8625020980835,98.55138905843098,215.40277767181396,13.515183942220752,10.438414545331312,5.059660847981775,10.396274820963583,1006.083037109375,-0.46275387207667035,134.5856282301247,399.4114627838135,18.237542724609398,11.124078369140648,14.257986958821638,80.27268695831299,99.69259293874104,79.32638884009793,14.809980765422397,12.147525362787212,5.731546020507835,10.742163594563806,1006.074345703125,-10.311905244986216,239.33233627583832,531.0489454269409,17.480065917968773,10.054895019531273,13.025584157307966,84.05185190836589,98.67361227671306,74.45833514630795,14.717163539722394,10.276931686712148,5.3887560526530365,10.267424519856775,1006.1962044270833,-6.087011019388835,186.84508981245258,442.4207280476888
2021-05-17,20.598504638671898,8.974206542968773,14.775088246663435,74.01157410939534,44.957407286701105,178.01388692855835,20.120970317123284,9.670003032507806,6.041534678141318,9.616537984212243,1004.863583984375,-15.328521569569906,296.2217748227219,691.2055976390839,18.182885742187523,8.770715332031273,13.106076812744163,81.70972220102946,64.2305559317271,367.5,16.82262256359606,10.608872153750742,4.467527008056663,9.731955464680993,1005.7640234375,-5.608729382356008,238.8610602870273,535.1042158603668,20.688562011718773,8.605706787109398,14.422976430257185,73.38518635431926,41.72916677811494,148.58333206176758,18.32530736933004,9.720158938257104,6.130826568603538,9.15116653442385,1004.3877962239583,-15.699583888053894,281.78820741238695,637.9889993667603,18.192926025390648,8.382348632812523,12.802185312906923,82.97546180089314,62.27453766266505,328.3888854980469,19.265906732622714,11.612531990547817,4.255923207600915,9.708512878417991,1005.7318033854167,-5.264999985694885,260.78053581062704,522.7829138437907,20.386254882812523,8.211511230468773,14.232017771403017,73.2476847966512,43.6129632423011,72.99305438995361,14.581739145196485,9.363430276455839,5.951692199707054,8.905208841959677,1004.827939453125,-15.84792951742808,284.186652901272,653.0164298216501,19.838677978515648,8.925744628906273,13.66858825683596,79.02175807952881,58.09166628867388,330.1666650772095,23.082338961275678,11.461018844367496,5.253316497802757,9.599993642171228,1005.2812044270833,-10.17541217803955,254.91071303452676,654.2657502492269,20.294427490234398,8.234002685546898,13.80595423380536,75.90740712483723,47.099073999250926,1.9097222425043583,14.869754082339384,9.448016329998087,5.732718404134118,9.048571523030603,1005.0416634114583,-13.470702250798544,265.4726669763525,606.2211912473043,20.523248291015648,9.576196289062523,14.674058532714866,76.34907341003418,63.2351848075632,282.1111087799072,19.243578734218783,9.629271074135525,5.949210103352868,10.037880198160849,1004.765458984375,-12.906506578127543,261.67476141406223,631.6224969228109
2021-05-18,14.538507080078148,10.251245117187523,12.218005116780622,86.82638963063557,97.13657474517822,20.35416653752327,22.06065726904998,15.994491113653941,5.0771105448405365,10.01283671061202,1005.7111848958333,2.217778205871582,97.18026115062337,530.8647918701172,13.960504150390648,9.572229003906273,11.439424133300804,90.957870165507,99.66712919871013,444.097225189209,21.631170456941227,18.42088026936859,4.057387288411462,9.9694648742676,1005.5715234375,9.522337337334951,102.22381400829181,626.808775583903,14.890924072265648,10.464746093750023,12.610969797770204,81.74583307902019,94.44444433848064,10.076388835906982,24.98833635163622,16.36401745363188,5.60657653808596,9.500674184163415,1004.8766536458332,-0.12749377886454263,151.6718552671373,549.4462292989095,14.550012207031273,10.167413330078148,11.791767374674501,86.98842684427898,99.2777779897054,244.48610877990723,23.528885676868285,17.06258994875839,4.374110158284509,9.608708953857445,1005.7826171875,4.646104974051316,116.84276211603235,615.6631536483765,16.028863525390648,10.333367919921898,13.077943420410179,79.88842550913493,86.8731476465861,13.020833194255829,24.823296502822842,15.837768887822563,5.6685412089030365,9.564680989583337,1004.8003678385417,-3.9735838572184243,211.66494286681214,554.8989124298096,14.434899902343773,10.085046386718773,11.800918833414736,88.767591158549,99.48101806640625,117.38194417953491,18.15648074593033,15.183434884380093,4.493206278483115,9.95484568277999,1006.421708984375,3.225006236384312,127.33564946738382,518.0994923909506,15.811608886718773,10.257287597656273,13.119250233968122,81.17823918660481,84.6328714688619,4.263888910412788,22.26041352499577,16.27936187138558,5.386898295084677,9.831845855712913,1005.1849088541667,-3.25580100218455,175.97511664032936,600.289116859436,14.429711914062523,10.346002197265648,11.980063374837263,87.50231424967448,98.82083352406819,31.68055573105812,21.24996137902152,14.853838416653444,4.567830657959007,9.880347188313806,1006.280224609375,1.0421261588732402,124.44285192278524,491.3211892445882
2021-05-19,15.821679687500023,8.816674804687523,12.058992004394554,78.44675811131795,90.72962951660156,96.27083349227905,19.166959906770305,15.275565014570423,2.877247111002646,8.098593648274743,1009.8161458333333,-1.383030851682027,196.72920601690808,738.0768117904663,15.852075195312523,8.483270263671898,12.10526301066083,80.55463059743245,85.33194557825725,38.81250011920929,19.346327897434858,14.422468190390433,3.462622578938806,8.65479431152346,1010.7240592447918,-5.746652126312256,204.65126055603227,613.0146958033243,15.853295898437523,8.885278320312523,11.966577148437523,80.12916692097981,89.00925954182942,103.75694441795349,19.68290547704883,15.058409507664487,2.929884847005212,8.37851486206057,1009.8239322916667,0.07100423177083333,199.12979624979198,706.5974671045939,15.252954101562523,7.841607666015648,11.755203501383486,78.42731475830078,89.43194421132405,22.319444596767426,17.885810493099566,14.345795737112383,3.2279576619466184,7.92554880777999,1010.3770084635418,-2.5466612180074057,189.28420611843467,629.0869932174683,15.794885253906273,8.957543945312523,12.012141164143904,81.8648149172465,82.76712973912556,274.1458349227905,18.22326740043528,13.826009747950067,2.6182723999023665,8.764637247721396,1010.3812760416668,0.2180986007054647,211.50588208499053,652.1540851593018,16.571313476562523,8.227777099609398,12.460148111979189,74.28101873397827,94.86296304066975,25.583333134651184,19.01063953476597,14.78715796581209,3.2610527038574446,7.696649169921898,1010.4728743489583,-3.9548778931299844,218.86561047534147,723.6604051589966,15.483300781250023,8.675012207031273,11.587263997395857,83.39444224039714,84.57453753550847,285.48611307144165,19.718317675159263,14.377993990650518,2.3490590413411496,8.670953369140648,1010.085849609375,1.883970985809962,187.62562898701677,625.9065775871277,16.453027343750023,8.683343505859398,12.401653544108095,76.58750073115031,86.85092560450236,32.39583343267441,18.940750920749796,15.227824600943622,3.2282285054524777,8.100022888183616,1010.3984244791667,-3.6003299554189048,222.01655586560568,712.7437070210775
2021-05-20,16.651269531250023,6.199090576171898,11.502556101481142,72.68842379252116,52.50416644414266,178.51388931274414,19.089342944351547,13.981018210760693,2.1198122660319427,6.23838831583663,1014.95419921875,-4.096417824427287,289.5922585974137,725.3232034047445,17.188378906250023,5.700067138671898,11.687112426757835,68.42453638712566,82.0231482187907,116.0347204208374,18.843276610316234,14.302563540529505,2.419093068440759,5.536871846516931,1014.4893033854167,-5.542936642964681,306.6205399557948,812.3511972427368,16.753228759765648,6.225335693359398,11.471634165445986,73.13240734736125,42.20972196261088,63.91666579246521,20.469122501784007,14.442247811104854,2.0771728515625227,6.298998769124353,1014.85955078125,-5.17303204536438,300.38247942427796,737.4646196365356,17.012719726562523,5.831536865234398,11.482280985514345,70.4259262084961,76.49259169896443,137.31250429153442,18.154521033899996,13.166212023608717,2.3621383666992415,5.7153424580891965,1014.9675325520833,-4.286514043807983,307.1937472000718,701.8652489980062,16.783959960937523,6.235894775390648,11.423782602945986,73.28472216924031,32.394907116889954,38.263888478279114,21.913060070913502,15.25145486660577,1.9627281188965071,6.279992675781273,1014.63173828125,-5.60382604598999,314.1687465310097,763.1883344650269,16.755059814453148,5.825494384765648,11.595855967203798,70.55694595972697,79.9064809481303,325.0347261428833,18.231325969304706,13.249096657126016,2.2762021382649777,5.8883593241374115,1015.2166731770833,-4.583407799402873,302.00079297025997,726.2655836741129,16.776788330078148,6.192681884765648,11.42444763183596,73.30046208699544,35.41944420337677,0.7500000004656613,22.41585012686186,15.371504559640845,1.917415873209677,6.290889994303427,1014.52408203125,-5.374389251073201,303.99769974748295,779.6029828389486,16.685327148437523,5.994409179687523,11.335078175862654,73.47222185134888,57.2217591603597,352.7222213745117,18.404705474117794,13.494931944427753,2.0310824076335052,6.211892700195335,1014.8876627604167,-4.405081907908122,300.21708661317825,717.3422865867615
2021-05-21,18.053887939453148,6.279168701171898,12.513214365641298,71.48333311080933,69.71851803859074,6.277777761220932,21.623383303377288,14.314082084490423,3.1687039693196652,7.042136128743493,1013.46798828125,-8.770459274450937,222.93390765289465,766.7221399943033,18.318688964843773,6.408135986328148,13.022087351481142,69.063889503479,66.89907426138718,180.96527767181396,20.19125633856017,14.179104773155975,3.4970947265625227,6.969099934895837,1014.7422623697917,-10.725492000579834,271.34841228028137,818.0419721603394,18.227288818359398,6.214715576171898,12.587759908040388,70.2592585881551,68.57361078262329,4.736111111938953,21.749631219785552,14.837565072677492,3.295106506347679,6.882277425130212,1012.7997493489582,-9.412437617778778,234.08123051871857,769.7956829071045,18.661157226562523,6.520227050781273,12.801365152994814,70.12175846099854,66.18564748764038,65.2638885974884,20.95717823417523,13.980491095562762,3.6006637573242415,7.047978973388695,1014.661220703125,-9.601511120796204,243.26277852555117,700.6332720120748,17.999566650390648,6.020898437500023,12.388647969563825,70.48981396357219,67.9143524368604,3.4722222574055195,21.68260115395977,15.114458441699105,3.0354031880696652,6.760676320393884,1012.474541015625,-7.344231267770131,209.80914832899967,778.9349889755249,18.880242919921898,6.416192626953148,12.996020253499372,69.37268527348836,64.20740660031636,41.46527850627899,23.94297290621424,15.925773394546601,3.482789611816429,6.994198099772177,1013.7366438802082,-11.764401952425638,281.88173349450034,888.9022188186646,18.121881103515648,6.237176513671898,12.477679189046247,70.4527777036031,65.62453774611156,3.159722209908068,21.945375652626474,15.14840750159651,3.1231742858886946,6.8309735616048215,1012.02990234375,-7.9310457309087115,216.08901527027288,795.3305802345276,18.139489746093773,6.153100585937523,12.57614924112958,69.99490706125896,68.96481544772784,4.472222238779068,21.461360184320114,14.227242346007934,3.123586273193382,6.75552902221682,1013.6811555989583,-9.346497853597006,244.28633083651462,806.3760108947754
2021-05-22,12.502954101562523,8.498437500000023,11.207119242350283,89.19027868906657,95.45000044504802,72.86805585026741,18.685151494062083,12.674945186151158,3.902448272705101,9.448239898681663,1008.6293815104167,5.895404440661271,35.36657401546836,386.4126841227214,16.938867187500023,9.829675292968773,12.097542063395204,87.28240712483723,99.28286965688069,90.43750011920929,21.35559747606334,12.8939470486348,4.537478383382165,9.954797363281273,1008.8950944010417,1.8565760801235835,90.81809100260337,447.91326268513996,13.786248779296898,8.893609619140648,11.938144938151064,83.96805636088054,95.77268552780151,51.76388871669769,20.421414207401742,12.972979304012853,3.851766204834007,9.241081492106161,1008.3859147135418,2.113865544398626,73.50507451097171,436.73452123006183,16.478662109375023,9.298730468750023,12.052364603678408,84.42638969421387,94.47407372792561,68.61111095547676,17.798763127436427,13.201670341740687,4.55998255411788,9.414314524332724,1008.791123046875,-0.14183494448661804,123.89879522224267,479.2027835845947,13.985620117187523,9.044641113281273,11.912568664550804,84.31574153900146,98.92592589060466,45.88888916373253,21.41774720977966,14.014531038080918,3.7954078674316634,9.295256551106775,1008.2754361979167,2.6618149522691965,63.7486131961147,425.1941846211751,13.136193847656273,8.608422851562523,11.512202199300154,87.35416762034099,98.78101825714111,83.64583340287209,18.962071498484075,12.80743096098336,3.952692921956384,9.426731363932333,1008.5442805989583,2.9711934104561806,55.327332931260266,433.90503374735516,14.893884277343773,9.270257568359398,12.387455240885439,84.13935248057048,98.67037010192871,64.38888911902905,20.929329459803427,15.991102796053353,4.228859202067099,9.734134928385458,1007.6989127604168,-0.2848746081193288,107.37827594578266,505.71409034729004,13.321832275390648,8.705560302734398,11.629150644938173,86.39305559794109,94.9699076016744,80.48611068725586,19.034476259092152,12.658261593932428,4.032739257812523,9.374471282959007,1008.0562434895833,1.4670636306206386,73.3232800712188,418.8674659729004
2021-05-23,16.842462158203148,6.996362304687523,11.447170511881533,78.49814796447754,54.42638842264811,223.61111068725586,22.848592245503653,16.488496930216893,2.343274688720726,7.520346577962243,1013.5283528645833,-4.189156750837962,254.40211400886378,736.6993881861368,16.138574218750023,6.617456054687523,11.390673573811872,78.82500060399373,44.35416769981384,157.90972232818604,25.347726085307833,15.42119409865487,2.839735921223962,7.572473144531273,1014.0863671875,-6.348477999369304,257.01790942500037,630.8285312652588,16.250024414062523,7.245355224609398,11.599259948730491,77.82453695933025,63.24999968210856,209.63194370269775,25.39145813812287,17.26697219995518,2.4422025044759152,7.5821764628092865,1013.3076529947917,-4.858827829360962,264.06819983075064,760.3783033688863,15.858514404296898,7.051934814453148,11.539910888671898,77.0925923983256,46.50740730762482,118.5069465637207,25.342292293813642,15.826406118203224,2.7166419982910384,7.3744127909342865,1013.9576953125,-7.131429990132649,280.24244527022046,644.4714479446411,16.188592529296898,7.198266601562523,11.928887939453148,76.38333495457967,63.34861079851786,96.95138907432556,25.65224508066768,17.560783513828778,2.6067736307780365,7.601564025878929,1012.8517643229167,-7.10213832060496,275.99682435890037,823.4230136871338,15.504754638671898,7.082940673828148,11.428899383544945,78.04861148198445,58.81111202637354,130.73611307144165,25.938012132793848,16.042009927995633,2.5187304178874115,7.478962198893271,1014.2479427083333,-5.589582363764445,259.98651977876824,699.2497526804606,16.441918945312523,7.118585205078148,12.022156016031923,75.83240747451782,70.28101936976115,15.902777820825577,26.468121779273204,17.3464881223196,2.8216033935547102,7.545972442626976,1012.772373046875,-8.416839996973673,282.0239814346035,822.5835046768188,16.643579101562523,7.031579589843773,11.560631052653017,78.23379770914714,60.851852337519325,172.06249809265137,23.701578354775677,16.459321575826873,2.455054219563806,7.614082590738974,1013.5994661458333,-4.807892878850301,256.9307978947957,742.2702573140463
2021-05-24,19.330041503906273,7.274468994140648,13.857873535156273,69.75694402058919,53.650925685962044,44.513888001441956,20.587544866012987,11.446231997339789,3.8342707316081146,7.919170633951865,1019.91771484375,-17.653795560201008,313.76659776767093,774.6693766911825,19.582208251953148,6.790765380859398,13.468041992187523,71.27268536885579,30.094907651344936,245.7430477142334,16.842049067812884,11.200020118375734,3.989874776204431,7.787539418538415,1020.41921875,-18.37687909603119,331.03661694129306,745.6875603993734,19.411431884765648,7.266748046875023,13.906382497151716,69.73935159047444,45.904629815369844,32.75694406032562,18.690324569518417,11.191759503715891,3.9387209574381927,7.951300557454431,1019.5804720052083,-18.20986060301463,326.0143227179845,762.7399991353353,19.550012207031273,7.105584716796898,13.758206939697288,70.59583361943562,42.542129687964916,228.2569522857666,21.69701399155312,11.80555571689277,3.9683993021647552,7.950382486979208,1020.080927734375,-18.158964554468792,326.8151993006468,776.5007224082947,19.359552001953148,7.156579589843773,13.815461730957054,69.97962872187297,48.22037035257866,15.083333015441895,18.01009498172706,11.109582598960026,4.044007873535179,7.915105438232445,1019.4693098958332,-18.482748985290527,320.770189811786,750.3268178304037,19.014215087890648,7.158868408203148,13.638700103759788,71.04027938842773,50.25786989927292,124.2430534362793,17.47954284283997,10.627973960914774,3.6901349385579465,7.933031972249353,1020.0979557291668,-16.357550621032715,311.53138581415016,741.2443243662516,19.106195068359398,7.027703857421898,13.693221028645857,69.67037057876587,48.3861114596948,1.4166666716337204,19.331552957658793,11.131304777293998,3.8119967142741302,7.744719441731775,1019.6653743489583,-17.359737277030945,316.60748568673927,758.3523313204447,19.239312744140648,7.213342285156273,13.773881530761741,69.91990804672241,50.18333253264427,28.902777671813965,19.392712767727907,10.779511145913354,3.7945164998372434,7.845718638102255,1020.382294921875,-16.64465884367625,316.6145022710164,744.6281003952026
2021-05-25,17.416711425781273,10.842492675781273,13.48316345214846,82.2805544535319,99.80462996164958,124.29861246049404,24.491843111765448,19.898326200059486,4.966115570068382,10.395953114827478,1013.052099609375,-2.95900505160292,121.53157227641593,735.5912195841471,17.594445800781273,8.867669677734398,13.512410736084007,83.55972353617351,99.46574179331462,158.65972256660461,22.4956986237586,19.228318045058245,4.888754781087243,10.671547190348349,1013.6901009114583,-0.8146944393714269,115.72144254203886,763.7059834798177,16.444177246093773,10.571923828125023,13.18146667480471,84.1402775446574,99.74768447875977,185.5902801901102,21.905534204970454,18.535411983246536,5.180008188883505,10.466414388020837,1013.2687923177083,-1.3023873302154243,78.58820225360493,657.9839630126953,15.386315917968773,8.934320068359398,12.643220520019554,89.15463066101074,99.68055566151936,148.34027767181396,25.154401731918288,17.33266210322704,4.864797210693382,10.86222864786788,1013.898720703125,4.3219992245237036,47.404111847281456,569.3165791829427,16.567407226562523,10.319970703125023,13.39835891723635,82.28425884246826,97.6689821879069,158.19444465637207,23.13280920699692,17.920128397194937,4.905007934570335,10.301765696207724,1013.6872981770833,-4.193839594721794,126.57990781155725,696.5146395365397,17.081079101562523,9.322534179687523,13.150061543782575,84.25647926330566,99.59537029266357,101.1875005364418,26.15213280967229,20.19869419513561,4.59349085489913,10.439001973470056,1013.5469108072917,0.22784290835261345,121.23038742908587,740.3014284769694,16.232751464843773,10.048150634765648,13.208013153076195,84.03981494903564,99.78518517812093,93.92361125349998,21.528034856247192,16.851015078307913,4.883059438069665,10.479337310791038,1013.7839778645833,-2.328454544146856,91.14446243271232,638.8984934488932,17.387536621093773,10.539910888671898,13.604449208577497,81.93148072560628,99.29444313049316,79.41666657477617,25.868361367929065,20.044477868569953,4.853574371337913,10.450426991780603,1013.28513671875,-2.4545633693536124,139.44500270299613,748.3625691731771
2021-05-26,16.991021728515648,7.163079833984398,12.458975728352888,71.17870251337688,67.72129578391711,129.2916669845581,23.400601986024956,16.571927090463216,2.470674133300804,7.0479535420735715,1016.3336263020833,-6.743245482444763,247.67647697062543,871.8823339144388,17.021264648437523,7.061791992187523,12.734123484293642,68.29213031133015,50.92407342791557,194.89583492279053,23.008464179709925,17.450406384887774,2.545821126302087,6.7100145975749115,1017.1999609375,-4.692758878072103,242.7103499416262,899.8421518802643,17.290551757812523,7.326715087890648,12.411848958333357,71.18750111262004,73.47083260615666,81.20138931274414,23.911797597004156,17.633314148776403,2.296564992268884,6.9993517557780365,1016.1816959635418,-6.558929165204366,258.9287969047825,971.1607093811035,17.109521484375023,6.931756591796898,12.602127329508486,71.1898152033488,56.674074202775955,295.61111640930176,24.460601405803853,17.194982768390762,2.7006584167480696,7.201811726888025,1017.0058072916668,-5.342147350311279,248.0306255929172,861.7201120058695,16.983361816406273,7.172235107421898,12.240110015869163,71.64259306589763,74.58796254793803,73.48610997200012,22.437100328509263,16.790763929947094,2.102431233723962,6.9414052327474,1016.126337890625,-5.461481769879659,232.40401654255888,924.2806940078735,16.960107421875023,6.751397705078148,12.576912180582704,71.96805493036906,58.464814921220146,278.6666679382324,24.318874235445954,15.335840996276666,2.491029357910179,7.291162109375023,1016.8103157552083,-3.7122459411621094,236.42518462054431,831.6109555164973,17.094445800781273,7.235864257812523,12.25836079915367,71.93749872843425,75.46620329221089,28.388889133930206,24.903281750403742,18.004279305702838,2.2259244283040402,7.017931874593103,1016.074501953125,-5.789376775423686,258.9404806420207,954.5185769399008,16.483300781250023,6.936334228515648,12.397395070393904,71.7046292622884,61.37777833702663,185.62499904632568,23.61984983298359,16.912897361868744,2.3502657572428802,7.10309753417971,1016.51625,-4.464441219965617,238.76584885952374,854.265175819397
2021-05-27,16.247766113281273,9.861840820312523,13.002022043863954,71.44027805328369,96.18286959330241,40.0902778506279,20.356708296691195,13.682923526087658,2.8071990966797102,7.6863571166992415,1015.4913932291668,-7.099078297615051,240.49770363544425,829.0857899188995,16.556970214843773,9.443963623046898,12.808217620849632,73.12638854980469,90.2476855913798,158.11805534362793,21.01117666120759,13.003154215562388,2.8819061279297102,7.754596964518271,1015.1119986979168,-4.773801485697429,228.53824480623007,777.8558511734009,16.101129150390648,9.851708984375023,12.83130544026695,74.2115740776062,96.39536921183269,46.631944358348846,18.91649969551834,13.174782734594634,2.832777913411462,8.135315195719443,1015.265654296875,-5.622406244277954,201.0249802650263,767.2484877904257,15.516656494140648,9.301873779296898,12.647999064127626,71.2537039120992,96.0490738550822,96.87499904632568,20.81891712239693,13.494715293141809,2.996834055582724,7.3951889038086165,1014.9582161458333,-4.763014256954193,184.580478583773,774.3302481174469,16.405541992187523,10.305657958984398,13.078928883870466,73.78518549601237,98.50046316782634,42.18055635690689,19.27961187688289,13.28455137234674,2.9046658833821652,8.245229339599632,1015.00748046875,-6.898741642634074,223.29933697233596,791.6320598920187,15.886956787109398,9.763635253906273,12.705316162109398,71.6226847966512,90.70694510142009,84.2777771949768,19.56555487725662,11.778581120238655,2.998719787597679,7.472347513834677,1015.2250455729168,-4.891891916592916,184.84764769052467,711.9443677663803,16.494409179687523,10.429040527343773,13.363259887695335,73.81759198506673,98.81250031789143,50.027777910232544,22.971247347038343,13.66254136472977,3.197719828287802,8.48411585489913,1014.6344759114583,-7.5858192046483355,223.09107598662376,790.7044625282288,16.238793945312523,9.674432373046898,12.93852259318036,71.09120400746663,91.85138750076294,48.54861056804657,21.755331601768617,14.535792328404703,2.8577273050944427,7.53928146362307,1015.576484375,-7.0460952917734785,231.77137395491204,826.0603796641032
2021-05-28,15.745111083984398,7.888208007812523,11.815582529703798,77.76111078262329,67.34583369890849,57.03472185134888,19.534848157844372,13.531206215090975,2.3490946451823334,7.878316497802757,1017.0704622395833,-1.7405212720235188,246.78828642268977,628.9140323003134,17.795831298828148,8.100366210937523,13.016598002115908,72.42314831415813,91.26249996821086,54.97916650772095,16.99220952594592,10.22800226589476,3.375910695393884,7.868899281819665,1017.3275553385417,-8.946412046750387,264.05582737425965,680.7606864770254,16.424584960937523,8.013574218750023,11.99850743611656,77.06666692097981,88.12870295842488,21.277777701616287,19.93664354802665,12.655694979990363,2.4761698404948334,7.857151285807333,1016.9263411458332,-1.2881555954615276,227.468651364247,623.5700376828512,16.778894042968773,8.475244140625023,12.338174438476585,75.79120461146037,91.61990674336751,71.79861044883728,13.553389734995113,9.51835682045121,2.851619974772177,7.896183268229208,1016.4783626302083,-4.6376298268636065,220.15501177310944,553.0652743577957,15.370751953125023,7.831292724609398,11.740298207600935,77.43194468816121,86.35740820566814,14.368055546656251,19.74144385537899,12.702746154829887,2.322949981689476,7.7417223612467865,1017.0530696614583,0.7454944451649984,193.94375908374786,605.1506391366323,14.859979248046898,8.571435546875023,11.380118306477888,80.89629522959392,92.05648040771484,91.19444537162781,15.202407269378332,8.702388017881605,2.3915331522624115,8.114186859130882,1016.9077799479168,0.4494038422902425,172.778774390618,410.65917845567066,15.673364257812523,7.778771972656273,12.033450063069685,75.11389017105103,80.6712965965271,8.395833259448409,19.190816747744204,12.116827832748733,2.298940277099632,7.55937220255538,1017.1502213541667,-2.5627530415852866,238.32261033852896,637.9486941496531,16.128747558593773,7.954553222656273,11.732937113444033,78.80555438995361,78.91157404581706,84.95833373069763,17.43612050210757,11.76809151393671,2.414746856689476,7.98295618693038,1016.9325,1.1753795941670735,194.37769851088524,558.6142739454905
2021-05-29,15.043725585937523,8.471826171875023,11.39045359293622,76.68425909678142,97.40370305379231,52.312500059604645,19.68957670936094,11.599059743373173,1.1458323160807709,7.213887786865257,1017.8784635416667,-3.000150521596273,227.82737050702175,643.1355670293173,14.556573486328148,6.171624755859398,10.703993733723982,79.14953740437825,69.88657363255818,126.29860949516296,17.880380904450366,13.615333320366963,0.993403371175134,7.026798502604208,1017.4398958333333,1.5694375038146973,277.6475367645423,640.5009708404541,15.622338867187523,8.048272705078148,11.722629801432314,73.51666593551636,95.18101819356282,51.027777910232544,14.20024751640275,11.672813904265169,1.439082082112634,6.714075978597009,1018.4598079427083,-5.015839020411174,246.73509037246308,771.9536244074503,14.102929687500023,6.714257812500023,10.735794321695986,76.90092674891154,93.06620375315349,59.2638885974884,16.633344425653913,10.751977876340566,0.8718861897786496,6.605592346191429,1018.001953125,0.4917895793914795,215.8849609742562,587.5254484812418,15.076013183593773,8.212762451171898,11.403920745849632,73.00231393178304,85.98101758956909,22.694444000720978,14.129456216172487,11.565079078032573,1.2424560546875227,6.368761952718103,1018.595830078125,-2.8125264644622803,244.85375522449613,736.5290012359619,13.856164550781273,8.334985351562523,11.180992380778017,78.40416685740153,84.88888947168986,72.37500023841858,15.64312403498068,11.791450814799944,1.1501658121745209,7.387417093912802,1018.0985872395833,-2.202319780985514,240.0218527490894,637.5377724965414,14.880364990234398,8.216699218750023,11.302485402425154,73.70509179433186,96.06666692097981,11.6319444719702,13.672015642599474,11.264451957301398,1.0266726175944427,6.4110338846842865,1018.5925,-1.061362346013387,231.50118807951608,731.9389988581339,15.087304687500023,8.188500976562523,11.467343902587913,77.84722216924031,95.81712945302327,59.8125005364418,13.974360140454197,11.649936683959519,1.4571217854817746,7.493276214599632,1017.8169563802082,-3.6186278263727822,243.2199981523057,651.9143911997477
2021-05-30,16.183343505859398,8.678613281250023,12.252634938557966,73.4356484413147,78.61157474915187,37.979166984558105,23.196824904113704,16.556912264557905,2.0047355651855696,7.372471110026083,1021.4453971354167,-6.5233694314956665,261.6977471361558,764.7241516113281,16.890466308593773,8.347161865234398,12.356632486979189,73.73101822535197,81.04953773816426,87.75694417953491,25.21600047006598,19.449910647347522,2.1762138366699446,7.520598347981775,1020.635810546875,-7.742022295792897,255.2053840806087,851.9209753672282,16.827783203125023,8.680200195312523,12.459129587809267,72.60555632909139,70.88101810216904,29.999999523162842,23.0545728916362,16.43587066465248,2.172505950927757,7.3237103780110715,1021.80345703125,-7.093661626180013,257.51560564835864,784.5707893371582,15.946374511718773,9.424890136718773,12.479175821940126,70.99166584014893,72.29351727167766,119.05555438995361,23.9452064804807,16.931269292817017,1.9486429850260834,7.015273030598962,1021.6607877604167,-4.75535790125529,222.90044153730074,816.3655103047689,15.994409179687523,8.586694335937523,12.07767257690432,73.83611059188843,82.68611145019531,30.618055671453476,23.683812817705675,15.989782682333454,1.6452804565429915,7.25342966715499,1021.886787109375,-6.628973642985026,260.52541058758896,746.6438395182291,16.720513916015648,9.130120849609398,12.549317932128929,70.01203680038452,66.81851863861084,37.53472173213959,23.596421027141908,17.51521319036162,2.0194437662760834,6.934388732910179,1021.5982747395833,-7.357127507527669,256.84007444853586,826.7036717732748,16.224481201171898,7.948205566406273,12.046201324462913,75.42962964375813,78.18101918697357,40.43055561184883,23.14859719790677,15.90873203511318,1.6494511922200559,7.527021026611351,1021.4505143229167,-6.733181397120158,280.1617202584942,753.5233949025472,16.378137207031273,8.720544433593773,12.330701446533226,74.62685124079387,79.02777822812398,49.12500071525574,24.355599896891068,17.517837656083614,2.114344533284509,7.736147816975915,1020.9609733072917,-6.6887170275052386,285.11292087535065,752.2092984517416
2021-05-31,16.078790283203148,6.282861328125023,11.775451914469423,66.28287029266357,75.77083404858907,50.14583349227905,15.896356002352203,10.867132056477615,1.7068229675293196,5.240542348225915,1022.0898893229167,-3.247300624847412,188.7327614327272,699.4948962529501,15.345147705078148,8.396051025390648,12.272246297200544,63.45370324452718,72.92361172040303,59.59027695655823,15.41403893751965,10.348190724379501,1.2817131042480696,5.193357086181663,1023.3147037760417,-5.714442888895671,201.10055650273958,769.3491484324137,16.159234619140648,6.548852539062523,12.06632766723635,64.33657375971477,72.17638921737671,37.854166865348816,16.308121368972536,10.769558066285214,1.6340792338053802,5.041355387369833,1022.088076171875,-4.863703449567159,210.67350171506405,778.5157386461893,16.282830810546898,7.244042968750023,12.493796284993513,63.63657490412394,72.57453535000484,43.9166659116745,13.887126889400227,8.945779614091094,1.8190475463867415,5.375160471598349,1023.4353125,-6.120638330777486,193.5517010887464,673.5139074722925,16.185510253906273,6.246606445312523,12.043990071614607,63.337037086486816,70.00509214401245,14.500000476837158,17.14919015501239,10.780978490094972,1.6107040405273665,4.780033365885458,1022.043798828125,-3.4730891784032187,215.64068971574306,787.4988276163737,16.191552734375023,6.123284912109398,11.759638722737654,66.55972210566203,74.70462878545125,50.95833444595337,12.388897924702018,9.179558577562874,1.5752184549967865,5.372165934244833,1022.9425227864583,-2.5181291898091636,166.36320547759533,617.134833574295,16.016198730468773,6.151483154296898,11.777860260009788,64.7587947845459,72.17592652638753,0.3958333437331021,15.691660922988282,10.15747254100507,1.4737004597981809,4.901431020100915,1021.7612955729168,-0.05477333068847656,187.35172199209532,673.6539268493652,16.066918945312523,6.054833984375023,11.647166188557966,66.08379697799683,74.12222178777058,76.79166555404663,15.77438611125253,10.09994953667504,1.593232727050804,5.131121571858728,1022.5163899739583,-1.7097644011179607,189.56793925662836,617.8369721571604
2021-06-01,17.652093505859398,8.497827148437523,13.332899983723982,61.744444370269775,94.40972391764323,1.159722238779068,11.260152775802014,5.971626489648234,2.7395060221354584,5.89494349161788,1019.90201171875,-11.353009184201559,209.8276135722796,578.5999826192856,17.896813964843773,8.789605712890648,13.309785461425804,61.736110846201576,77.38703727722168,51.22222137451172,12.294160264151877,6.271667409349644,2.5519818623860715,5.7959826151530365,1021.0363802083333,-10.33335961898168,220.62570167084536,603.5758260091146,17.156915283203148,8.312097167968773,12.932988739013695,67.66944440205891,91.6236120859782,5.090277662500739,10.589806074998378,3.9500581560458996,2.754426574707054,6.855588531494163,1019.9020963541667,-7.055358489354451,158.7574829508861,429.3714396953583,17.568872070312523,8.757562255859398,13.337571716308616,61.29490772883097,88.58009274800618,39.30555558204651,12.445010096396661,6.7216660187946715,2.590589141845726,5.76986974080404,1020.8615397135417,-9.755703965822855,214.46624228854975,599.2423717975616,17.258752441406273,8.803704833984398,13.55718892415367,65.03518644968669,96.25601895650227,5.63194431271404,11.296888208199391,5.4990768119717695,3.0356905619303802,6.897705332438193,1019.7316276041668,-12.425760865211487,202.54479744036993,490.16326379776,18.195977783203148,8.631921386718773,13.352677917480491,61.02499977747599,96.00092601776123,15.680555641651154,11.577173815205063,5.1866437736809345,2.757391866048181,5.7298446655273665,1020.8451399739583,-10.432140032450357,209.0291042725245,554.7707632780075,18.090112304687523,8.900567626953148,13.931690470377626,64.12176020940144,94.72777843475342,4.6249998938292265,11.170596035380605,5.755436047357956,3.313574727376306,7.053156789143884,1019.2230338541667,-12.978421211242676,207.64585060377917,522.6314388513565,18.181390380859398,8.576745605468773,13.462604777018251,59.83055543899536,82.95092455546062,0.9583333656191826,13.670803492447206,7.190194071133367,2.686690266927087,5.483371988932333,1020.5677311197917,-12.616167227427164,248.54276179273924,649.0344420671463
2021-06-02,18.970971679687523,8.739862060546898,14.67667160034182,60.75138918558756,52.206482787926994,15.923611223697662,13.894068263880554,10.267946461203648,3.8590128580729584,6.78250401814779,1024.1224348958333,-11.239207526048025,236.08161130547523,743.3651471138,18.217614746093773,8.405236816406273,13.95602951049807,60.741204261779785,66.5759254693985,2.5069444850087166,18.088082125770743,11.801606781889175,3.127118682861351,6.092707570393884,1024.5938802083333,-9.6173069079717,261.0491781582435,817.3704562187195,18.270196533203148,8.575341796875023,14.426272328694685,61.081019242604576,51.66157388687134,17.666666507720947,16.319524911798563,11.499979228545996,3.536220804850302,6.594818369547568,1024.1526595052082,-10.226649204889933,242.690039118131,780.4524412155151,18.614892578125023,8.119256591796898,13.95869089762372,63.523611068725586,56.01203691959381,12.402777254581451,19.242126972986476,11.676224129122488,3.256459808349632,6.7488265991211165,1024.79328125,-9.553231914838156,235.18086932599545,764.0341450373331,18.251641845703148,9.124871826171898,14.54928868611656,59.5708335240682,50.499074856440224,3.4999998807907104,17.116102729769896,11.826055489018971,3.547779337565146,6.362690226237021,1023.9649479166667,-12.848956425984701,273.1850330606103,800.2484730084738,18.066766357421898,8.316583251953148,13.780225372314476,62.40648158391317,72.27638912200928,14.090277373790741,15.204140748493671,10.804113706065166,3.2231969197591184,6.40180613199874,1024.683857421875,-7.491727252801259,202.96068320175013,635.9874169031779,18.338891601562523,10.406304931640648,15.01213099161786,58.559258778889976,66.23055537541707,0.0,14.946045100221525,11.284583641391725,3.7647402445475677,6.656508382161462,1023.7479654947917,-12.536462763945261,255.22477286557356,768.1924322446188,18.603570556640648,8.858300781250023,14.38549702962242,61.85694535573324,57.05555588006973,12.249999523162842,16.497701545369,11.26365177360163,3.515889739990257,6.785920715332054,1024.3674576822916,-9.12681214014689,232.29650443792343,748.7910893758138
2021-06-03,20.322534179687523,11.681451416015648,16.26794077555341,61.03472137451172,81.8162031173706,0.2152777793817222,11.341133076130738,8.436821219534995,4.995656585693382,8.537929789225302,1026.9686783854168,-13.755294839541117,202.99238354464373,563.171778957049,20.397027587890648,11.680871582031273,15.936120605468773,62.98055648803711,88.70046393076579,16.090277910232544,11.844342345022845,8.32585431037937,5.022917683919275,8.624665832519554,1027.6672037760418,-12.969375024239222,198.36725625644127,554.7741866111755,19.794458007812523,12.564080810546898,16.242314910888695,59.34629615147909,97.75509325663249,0.0,11.169332971581996,8.260922888878847,4.952082570393884,8.104402160644554,1027.044443359375,-13.518663495779037,207.26251421372095,613.7967768907547,20.207910156250023,11.301477050781273,16.215950266520206,60.13842741648356,77.70555551846822,17.666666507720947,12.751646355530402,9.831298794966688,4.835585530598962,8.196096038818382,1027.4304622395832,-15.238357762495676,242.49187049766383,691.8655382792155,20.795770263671898,12.541802978515648,16.714435831705753,59.13796361287435,92.96574211120605,0.0,12.05241382356532,8.931259862381758,5.368886566162132,8.467641448974632,1026.5643522135417,-14.962158739566803,203.30911326160034,623.1765030225118,20.100335693359398,11.406091308593773,15.981764729817732,61.3180578549703,76.77546350161235,3.562499910593033,12.596875103483306,9.5111916884838,4.5988695780436615,8.289524332682333,1027.3552376302082,-13.747393250465393,213.5112267807126,600.9573963483175,21.008813476562523,13.110101318359398,16.810544586181663,58.50370438893636,95.73842589060466,0.0,10.44735834961885,8.25529636926445,5.5401715596516965,8.44086354573568,1026.0070475260418,-13.255604336659113,166.48800116529068,557.8244975407919,20.061303710937523,11.197045898437523,15.97818781534833,60.38425842920939,94.05833371480306,0.0555555559694767,11.722669935094226,9.136754074496979,4.697409566243493,8.126295979817712,1027.3986946614582,-12.329564372698465,199.06642700731754,562.4653755029043
2021-06-04,22.147821044921898,14.361108398437523,17.590629831949894,61.781017462412514,93.07546265920003,0.1458333362825215,8.486226192001133,6.404529927015041,6.740600840250693,10.029927825927757,1025.9143619791666,-11.110220049818357,148.03822465737662,421.86034123102826,20.755944824218773,13.369317626953148,17.136987304687523,60.855093002319336,73.48287041982015,1.0486111100763083,12.572760329374479,8.150392057963602,5.948883310953818,9.309425608317099,1026.5402864583332,-16.189358113954466,247.32772078116736,538.1551992495855,21.115686035156273,14.280938720703148,17.542465464274112,60.545833905537926,82.3384256362915,0.2777777798473835,9.353815958023727,6.929142052192314,6.621614074707054,9.62190653483077,1025.7547819010417,-15.229017987847328,203.73912727832794,487.07887013753253,21.123468017578148,13.063806152343773,16.752234395345074,63.09444316228231,70.20324023564656,2.527777787297964,9.031737607620771,7.467851973503561,5.875318145751976,9.480062103271507,1026.6495149739583,-12.788039664427439,214.7793845733007,515.4788947900137,21.836511230468773,14.491448974609398,17.763396199544292,60.851388136545815,87.77592627207439,0.0555555559694767,7.811574388453266,5.94426043190285,6.971242523193382,9.92896423339846,1025.2900553385416,-13.433703442414602,160.5718351751566,438.18026121457416,21.531182861328148,13.532250976562523,17.073247528076195,61.30555566151937,82.56203778584798,0.4652777863666415,9.357904242532275,7.0527989959492565,6.23847351074221,9.39035568237307,1026.4039453125,-12.571449319521586,198.2330771187941,487.54088679949444,22.060906982421898,14.834741210937523,18.10828552246096,60.057408491770424,91.49351914723714,0.0,7.546745437466343,5.7429656247537615,7.254201507568382,10.078102366129599,1024.736748046875,-15.035336345434189,174.55220818519592,428.9862949848175,21.582208251953148,13.982141113281273,17.342061614990257,61.47592544555664,92.68842601776123,0.1250000037252903,7.676240554620236,6.253870792156864,6.535567220052087,9.694866434733115,1026.00861328125,-11.808163285255432,161.14250349005064,428.6121029853821
2021-06-05,22.370660400390648,14.068139648437523,17.727749125162784,68.27546294530232,71.57500013709068,28.555554918944836,9.866581812312587,5.831249310412235,7.669849650065146,11.565287526448571,1020.7675358072917,-9.887155453364054,213.7599105487267,442.87171324094135,22.597711181640648,14.657464599609398,18.106373087565128,59.587962786356606,78.40323972702026,0.6805555764585733,7.606772047514625,5.26932577164371,7.422940826416038,9.823306020100915,1021.9539290364582,-14.888879835605621,217.3844985117515,554.0569173494974,22.300408935546898,13.937554931640648,17.72481435139976,66.97314691543579,74.58981386820476,19.201388924382627,10.709612882778869,6.426733744825209,7.559430694580101,11.228828684488974,1020.4632779947917,-10.796525418758392,221.0057238737742,488.0740505854289,20.515405273437523,14.222650146484398,17.47951405843101,62.95926014582316,75.34166604280472,4.048611044883728,8.475718599793812,6.143299476528068,7.06412022908529,10.13172047932943,1022.1450032552083,-12.398759732643763,221.89048192401728,456.76547344525653,22.195825195312523,13.664147949218773,17.565471903483097,69.46342611312866,63.72361079851786,36.0347223742865,12.623301013104374,7.417914107995039,7.838538106282556,11.63705978393557,1019.945830078125,-12.50886329015096,245.8106328845024,484.0470688343048,21.645867919921898,14.681939697265648,18.062586720784527,64.19398148854573,71.41527756055196,10.868055465631187,7.746215791118055,5.484685870793412,7.641217803955101,10.999654388427757,1021.8024251302082,-13.673625379800797,221.45070666074753,449.8230794270833,21.470849609375023,13.990930175781273,17.081787363688175,72.38194576899211,71.80833345651627,48.40972260478884,12.322729762413866,7.838730345420156,7.47785593668624,11.761221822102868,1020.0753580729167,-8.752575879295668,216.84018536408743,475.7558303674062,21.714990234375023,13.508569335937523,17.543957010904972,67.03287124633789,69.33194438616435,25.479166350793093,11.358522691971189,7.026713396160946,7.550263977050804,11.15433273315432,1021.0603580729168,-9.396389385064444,233.12152603020272,426.5374445915222
2021-06-06,23.330560302734398,12.000268554687523,18.0278144836426,66.14768473307292,18.68518513146167,151.8541660308838,15.552712231085739,10.540112940683834,7.880457814534509,10.972188568115257,1019.08162109375,-16.759289503097534,335.6116713484128,788.8080276648203,23.174218750000023,11.933068847656273,17.66276067097984,67.42407417297363,28.6023143461595,62.18055582046509,12.937496172861524,9.35089047733324,7.703775024414085,11.01777038574221,1019.1902376302082,-11.588746269543966,284.2584955692291,655.0950029691061,23.359735107421898,12.140222167968773,17.790826416015648,67.81990782419841,19.54305501053265,71.51389074325562,15.694456114777159,10.969925632854403,7.910063680013025,11.152148183186853,1019.0231217447918,-15.492189764976501,332.79696942369145,761.3688373565674,22.796411132812523,11.767724609375023,17.40558013916018,69.28240728378296,24.76990721623103,36.854167103767395,12.74531316120929,9.991858808118579,7.616253153483115,11.282242075602255,1019.146220703125,-10.515267570813497,266.96892187992734,629.3367019494375,22.693139648437523,11.905541992187523,17.467528279622417,69.14722156524658,43.372685258587204,23.41666668653488,13.97257696273771,10.555697066975798,7.7049664815266965,11.330868021647177,1018.9783138020833,-11.25224737326304,253.3798312743505,627.3072638511658,23.053002929687523,12.106958007812523,17.563038126627628,69.57824118932088,28.693980774531763,62.99305486679077,13.606458449394397,9.987429022253336,7.9289349873860715,11.522120412190759,1018.98736328125,-10.603917598724365,249.14055705070496,592.8714051246643,22.586114501953148,11.959741210937523,17.368224080403667,70.13981437683105,47.13379615172744,1.7083333167247474,14.64950593724624,10.596958986612844,7.617094930013025,11.492654418945335,1018.952939453125,-10.448484539985657,242.2067587673664,601.3342943191528,23.301446533203148,11.895776367187523,17.776172892252628,66.69583384195964,19.97407428873703,73.64583373069763,16.867080628171966,11.467890729301947,7.742285664876306,10.955339050292991,1019.1397395833333,-15.174643357594809,325.6719439129035,772.2590870857239
2021-06-07,23.132348632812523,12.270288085937523,17.956319427490257,61.822221438090004,41.15092593679825,0.5000000149011612,15.271193686677647,10.367454437431476,7.9566640218099,10.04328308105471,1019.2547981770833,-13.532565037409464,342.41231135030586,716.1180429458618,23.434869384765648,12.044519042968773,18.318900044759136,62.17407385508219,50.32314701875051,152.00000381469727,11.071115181874331,9.183697009237683,8.01101964314779,10.471055603027366,1019.8370052083333,-15.488469938437143,332.4297187725703,698.6900680859884,23.349511718750023,12.550927734375023,18.080532328287784,61.12268543243408,41.84675917541608,0.8333333730697632,16.187372916192857,10.524892467517907,8.092838541666708,9.949683125813806,1019.14244140625,-13.396679759025574,341.68951763709384,724.907120068868,23.414056396484398,11.088861083984398,17.639422353108746,63.15740807851156,47.98611110448837,71.66666793823242,11.668244022816372,9.796746727573941,7.950374857584677,10.030405934651696,1019.4591796875,-13.64235238234202,332.55859357118607,692.1904433568319,23.443109130859398,13.087091064453148,18.43343887329104,59.97407452265421,44.129630564401545,0.1666666679084301,17.20982435660023,11.008475528492388,8.250660196940146,10.07278976440432,1019.0649837239583,-14.291717807451883,339.57697573304176,746.5858888626099,23.069604492187523,11.280053710937523,17.72804158528648,62.65787124633789,28.856019552835885,25.33333396911621,13.633448883577644,10.738180016435829,7.9741137186686615,10.045685068766318,1019.4319759114583,-14.17869750658671,344.06415625413257,736.803419748942,23.663354492187523,13.040795898437523,18.518308258056663,61.29444328943888,38.91296242301663,0.0,18.24977621058234,11.042889111834112,8.477095540364587,10.379965718587243,1018.9550911458333,-14.315627217292786,342.59683067599934,764.9132862885793,23.015740966796898,11.542749023437523,17.636797841389996,62.632870515187584,42.97685228070865,4.166666507720947,13.794031037876197,10.342869573337342,7.883206939697288,9.92859802246096,1019.3666243489583,-14.291512449582418,341.90877418716747,693.3334655761719
2021-06-08,24.756280517578148,13.232781982421898,19.096067047119163,66.49120346705119,32.81157389298702,0.41666667629033327,12.22748606040388,9.00928123397984,9.407807922363304,12.243619537353538,1018.2492220052083,-12.18841983874639,246.66129739085832,585.604294459025,23.996545410156273,12.966638183593773,18.888792928059917,66.68240928649902,30.16481404254834,1.9375000018626451,12.575726090250917,8.99853983290138,9.058217620849632,12.099479929606161,1018.6043001302082,-14.929459571838379,276.1885560949643,651.1993968486786,24.801904296875023,13.180902099609398,19.093768056233746,65.82685057322185,33.40648156513149,1.6736110895872116,12.14573107475051,8.943732087841452,9.521816507975302,12.085710144042991,1018.2468359375,-12.648170034090677,256.5128092765808,613.8923614819845,23.971459960937523,12.910394287109398,18.795425669352237,66.74212980270386,30.849073159508407,2.958333373069763,11.132965497917876,8.623349582376282,9.05399093627932,12.051174418131552,1018.4815592447917,-12.764506498972574,254.48493218421936,603.5467550754547,24.334130859375023,12.988885498046898,18.780605570475284,67.24907366434734,33.62685243288676,3.74305559694767,12.596318488819065,9.072476885300148,9.463806406656943,12.174704488118493,1018.0699055989583,-9.478359858194986,238.21771907806396,567.2881458600363,24.305688476562523,13.038873291015648,18.8319399515788,66.71990712483723,28.9060178687796,0.9722222350537777,13.464903118499274,9.724438064761198,9.103037770589196,12.032193756103538,1018.6098600260417,-12.687742948532104,263.290500998497,635.4322805404663,24.720452880859398,13.084283447265648,18.869924163818382,66.67083342870076,34.36620292129616,4.854166662320495,13.467455260868444,8.98846181746607,9.538083648681663,12.172270711263025,1017.9136946614583,-9.099889755249023,230.94953800241151,560.0324131647745,24.350000000000023,13.213464355468773,19.12840550740562,65.82268476486206,36.568055777655296,0.31944444915279746,10.897613078696377,8.599772085537834,9.34863942464193,12.156121826171898,1018.3883138020833,-13.110100368658701,239.82766259709993,584.4509007930756
2021-06-09,23.723168945312523,12.358117675781273,18.351363118489605,64.39166736602783,16.77592597405116,14.229166746139526,18.338455872195283,12.99708639812686,8.788955942789755,10.90101013183596,1017.9261002604167,-10.9378981590271,335.6628522872925,824.1949952443441,24.242303466796898,12.937768554687523,18.74465713500979,63.33379618326823,37.3611114025116,1.0694444701075554,17.757768137275658,12.098098819899354,9.244888559977255,11.056626892089866,1017.772392578125,-12.223404288291931,333.11348154147464,748.6896721522013,23.561120605468773,12.988214111328148,18.367639160156273,64.89444478352864,43.05601903796196,24.43055534362793,18.45608318151255,12.528232771987234,8.690938568115257,11.131968434651696,1017.8248502604167,-10.996240258216858,318.80709789693356,770.0620969136556,24.427758789062523,13.036706542968773,18.646937306722027,65.85972150166829,43.224074502786,3.666666626930237,16.3518237587293,11.434192740734305,9.27713292439779,11.545728302001976,1018.0643619791667,-11.000368118286133,300.481837913394,677.1418202718099,23.359094238281273,12.750970458984398,18.129514312744163,66.6203711827596,34.63009321689606,13.763888955116272,16.557324962130902,11.880681194905934,8.912466939290368,11.310941314697288,1017.6541243489582,-9.771419127782186,315.19341599941254,668.0333746274313,23.992303466796898,12.538903808593773,18.481654103597027,66.52129586537679,29.280092517534893,8.000000238418579,16.625363833316065,12.209498381442529,9.15412292480471,11.552298482259118,1018.1594498697917,-11.13292376200358,294.702391654253,728.2418009440104,23.405572509765648,12.670953369140648,18.110489145914737,67.61851867039998,25.36898148804903,16.02083319425583,16.914905311836467,11.741215247422026,8.942526753743493,11.470877583821618,1017.534970703125,-9.003979007403055,306.8608487099409,685.3212334314982,23.611779785156273,12.470880126953148,18.293700154622417,67.40740791956584,30.7981482843558,12.666666597127914,16.719768956830656,12.104009642814447,9.01789499918624,11.639391835530603,1018.06306640625,-9.585848212242126,286.04513016343117,710.8590596516927
2021-06-10,23.757867431640648,11.135217285156273,17.7927070617676,65.08981418609619,34.61296306550503,8.305555641651154,16.494083022364794,12.891034998659443,8.365515645345056,10.519724782307946,1016.7747330729167,-10.191488345464071,338.200945943594,778.4250272115072,23.252404785156273,10.785760498046898,17.582906341552757,65.5300931930542,23.860185379783314,15.256944596767426,17.414606400802136,12.671656416016148,8.248709615071618,10.539781188964866,1017.48072265625,-7.9797442356745405,312.47882865866023,778.2524614334106,23.537225341796898,11.340844726562523,17.924197133382183,64.18796253204346,43.47129620114962,11.527777522802353,17.110235576858962,12.986061288289013,8.26371536254885,10.501443481445335,1016.6552506510417,-11.61495186885198,336.71575579047203,809.9095706939697,23.737664794921898,11.030694580078148,17.984157816569034,64.00925779342651,50.94583344459534,29.6041659116745,15.322990041287554,12.698151832276158,8.382669067382835,10.520200347900413,1016.993779296875,-11.17599904537201,336.72282635172206,823.4741427103678,23.549340820312523,11.225274658203148,17.880373891194683,64.9296309153239,36.89212961991628,9.72222238779068,15.935834217653044,12.48853336228723,8.337859090169275,10.64258728027346,1016.6848177083333,-10.954315920670828,325.39433205127716,780.0361855824789,23.691186523437523,10.860406494140648,17.78253326416018,65.46203645070393,47.77870339651903,31.708333253860474,16.665082229788293,13.50577431142367,8.253699239095056,10.639697011311853,1016.9265755208332,-10.784203549226126,336.23748190204304,858.1254065831503,23.459802246093773,11.429010009765648,18.01192372639976,65.00740718841553,32.90463029344877,0.4236111165955663,16.616193199728468,12.68458416107685,8.385396575927757,10.785878753662132,1016.6324772135417,-11.48757141828537,334.88094303011894,791.7339042027792,23.657830810546898,11.371575927734398,17.79653701782229,65.50648069381714,34.860184371471405,21.208332896232605,16.267041906343355,12.776108796981235,8.392435963948571,10.643889363606775,1016.7854720052082,-10.678564310073853,333.68481494983035,774.1772419611613
2021-06-11,23.322564697265648,12.768975830078148,18.274402872721378,63.210647424062095,52.95231463263432,9.881944358348846,13.482923184726861,9.971162039228686,8.464438374837243,10.614123280843103,1015.516474609375,-10.299198389053345,314.30259682734805,711.4837590058645,23.700097656250023,12.353906250000023,18.089917755126976,66.01898113886516,62.42824045817057,10.472222030162811,13.786451880015155,9.045241985140951,8.76096115112307,11.099394734700525,1015.7968880208333,-8.862266143163046,269.87130705515546,582.1701973279318,23.155908203125023,13.211083984375023,18.4145332336426,62.25092633565267,58.708796302477516,1.993055548518896,13.096134375063862,9.678346256342088,8.393272654215536,10.625952657063806,1015.4229557291667,-10.311963438987732,299.2999987055858,701.0727833906809,23.624108886718773,13.055871582031273,18.416585540771507,62.694908142089844,64.6754631002744,13.465277791023254,13.209539721636142,9.769367457459731,8.733074442545615,10.584372456868493,1014.794521484375,-12.121381839116415,322.8646502743165,709.9662008285522,23.267022705078148,14.661096191406273,18.707402801513695,63.077314376831055,67.76388931274414,3.993055623024702,14.004328979594321,9.163639009438889,8.391178385416708,11.126788075764978,1015.178232421875,-11.541726231575012,281.5062171816826,706.8750835259756,23.365014648437523,12.505548095703148,18.000081634521507,63.452315171559654,73.0111099878947,11.388889014720917,13.1358319037841,9.676193400472476,8.782749430338583,10.525744374593103,1015.083037109375,-9.930810968081156,278.47815030316514,618.1736576557159,23.311425781250023,14.634362792968773,18.66984074910484,64.0,66.84259402751923,8.437499947845936,13.304262360378683,8.752202563702106,8.504912312825525,11.333267466227255,1015.2778483072917,-9.671207586924234,261.7803153942029,645.3346169789633,23.538842773437523,12.690850830078148,18.326720174153667,63.705555280049644,61.41250010331472,4.145833231508732,14.498849682456052,10.399222973535801,8.69847132364913,10.765917714436853,1015.1255338541667,-10.557260632514954,307.74924016495544,708.0719030698141
2021-06-12,23.598382568359398,13.291253662109398,17.126424407959007,79.45509354273479,66.80879650513332,163.02083253860474,22.417407392258013,13.972920425938165,8.706418609619163,13.236573791503929,1011.660068359375,-0.599624070028464,215.24826018263897,591.0502344767252,24.514428710937523,12.703729248046898,17.476063028971378,75.20694430669148,76.81898133208354,75.23611062765121,25.821888159451845,14.450032297272983,8.94661356608077,12.678748067220056,1012.7104850260417,-0.8464614086163541,175.13455413778624,613.5891892115275,23.949975585937523,13.089013671875023,17.152998860677105,78.5986115137736,73.24305643637975,119.67361176013947,24.48913480317746,13.644717679688773,8.713224029541038,13.074274953206384,1011.593251953125,-0.06687360381086667,214.05597973863283,599.7827286322912,23.584588623046898,12.117333984375023,16.85715510050458,77.06851768493652,74.88935180008411,67.6319447606802,23.88364090703786,14.641451787645934,8.58997243245443,12.562469736735068,1012.335419921875,3.7096406618754068,157.86668255925179,540.3084624210993,23.863488769531273,12.927758789062523,16.967705027262394,79.40833441416423,74.80370436112086,116.0972221493721,23.199737439876273,13.977569462952024,8.541444396972679,13.06122996012374,1011.57810546875,1.4953180253505707,201.05021893481413,601.9156038761139,23.193139648437523,13.268304443359398,16.859578704834007,80.97036949793498,77.54537065823872,108.11805626749992,25.046863777073376,13.895923442465099,8.579427337646507,13.271811421712243,1011.7294694010417,4.119230230649312,167.4231281230847,562.885198434194,23.601434326171898,13.413720703125023,17.01592661539716,79.47870365778606,77.43287047743797,105.52083346247673,23.767896691331806,12.532157436393717,8.637657419840536,13.1372060139974,1011.4185709635417,0.815070112546285,202.08085483809313,554.4229015509287,23.859460449218773,13.283380126953148,17.04870249430341,79.33564774195354,68.16712953646977,102.05555510520935,23.718883871163275,14.171732916811983,8.603623962402366,13.1003407796224,1012.0227115885417,1.8558286875486374,201.94546075165272,610.9124056498209
2021-06-13,16.934594726562523,9.655786132812523,13.149617767334007,79.24305534362793,56.13842584192753,425.8402805328369,28.887482100191733,24.08233450462761,4.203640238444052,9.51791915893557,1014.5724772135417,10.725693978369236,169.57187269690135,946.7664184570312,17.445153808593773,9.560449218750023,13.330157216389997,78.14907423655193,51.45648025628179,399.6527786254883,28.856053406373803,24.232872298850992,4.2993700663249115,9.441302235921228,1014.944609375,9.37286507586638,191.97879556690654,943.3735376993815,16.947808837890648,9.641656494140648,13.26917673746747,78.72175884246826,54.9879631853352,436.43055534362793,29.59711417920971,24.466529909123054,4.403003946940146,9.527431742350302,1014.6072200520833,9.8589056233565,180.1084957892696,932.5942980448405,16.745874023437523,9.506158447265648,12.956119791666689,78.61342557271321,52.934259160111345,370.7013883590698,30.0514652514157,24.110470997608797,3.9088912963867415,9.179883575439476,1014.9479459635418,12.114915500084559,167.34975953524312,924.1785227457682,17.161645507812523,9.512384033203148,13.284731801350935,81.09999942779541,52.51203622793158,518.1180534362793,30.615305277220685,24.800879289494343,4.430618540446005,10.013862864176474,1014.3903776041667,11.076543939610323,182.51510983208814,929.1799914042155,17.049157714843773,9.561761474609398,13.16618372599286,78.69166692097981,56.704166412353516,362.9513883590698,29.8980724181623,24.209569707146034,4.152468617757165,9.392252858479821,1014.9924088541667,9.138584146896997,183.33038813869157,948.4907442728678,17.467950439453148,9.370202636718773,13.187548573811872,81.59074052174886,43.57916780064503,245.6458339691162,30.976339414502082,24.488511598933346,4.139114634196005,10.00856424967452,1014.5015397135417,10.442844907442728,235.7850056538979,899.8608131408691,16.799035644531273,9.686120605468773,13.082028961181663,80.18796284993489,53.46481449902058,403.43750762939453,29.54887931081003,24.19455361293485,4.143067932128929,9.637773132324241,1014.6370735677083,9.985447093844414,189.10429000109434,943.3750203450521
2021-06-14,21.205834960937523,8.550805664062523,15.281818644205751,63.98055521647135,2.0101851280778646,126.83333587646484,16.943328992821645,12.299538174469545,5.391177113850915,7.798916117350302,1020.42017578125,-11.775512536366781,353.82235302527744,815.974902510643,20.315209960937523,8.957727050781273,14.931919352213564,70.0972220102946,37.89490789423386,456.15278244018555,14.28402633978968,10.896627874751806,5.367514546712243,9.071586863199911,1020.8188899739583,-6.314801375071208,209.85816756884256,649.033824801445,21.339196777343773,8.922479248046898,15.53794123331708,66.79675912857056,5.102777888687949,104.16666412353516,15.148642280964294,12.019946016265406,5.551690673828148,8.753724670410179,1020.4001595052083,-13.11380910873413,348.1707399388154,810.2546569903692,19.827172851562523,8.737695312500023,14.832523600260439,70.78934971491496,43.007870522638164,473.2777805328369,13.854708664646585,10.268367506370808,5.3694689432780365,9.160049692789755,1020.9275325520833,-6.909974018732707,212.2348708808422,599.4491268793741,21.363061523437523,8.829370117187523,15.511437988281273,68.30787150065105,4.048611033707857,79.90972065925598,15.215587928324956,11.745565723904916,5.552056884765648,9.090127563476585,1020.338193359375,-13.93384305636088,350.26655871669453,805.1634485324224,21.241448974609398,8.842034912109398,15.520770009358747,66.45786921183269,5.914352090718846,584.4999847412109,14.70101829873706,11.155334481688461,5.36985804239913,8.647119140625023,1020.9470377604167,-13.974780877431234,348.56841055552167,822.575670838356,21.298577880859398,8.898797607421898,15.515192921956404,68.69212929407756,1.813888895791024,0.5000000149011612,16.02227656600139,11.989604058452613,5.43275095621749,9.205110168457054,1020.4972428385418,-13.900451183319092,349.9911786913872,808.9810789426168,21.162011718750023,8.539727783203148,15.305661773681663,65.74398199717204,6.887499924128254,331.99999237060547,16.148417628018354,11.996394973484518,5.168103790283226,8.189663187662802,1020.4902473958333,-13.361608743667603,351.151912599802,876.3909296989441
2021-06-15,22.948022460937523,11.894952392578148,17.745156860351585,70.73703797658284,67.06851850946744,6.131944504100829,12.381856875448785,9.763752297349411,8.966277058919275,11.997275288899743,1017.9840234375,-14.673876563707987,264.3690012395382,539.4730030695597,23.100976562500023,11.902673339843773,17.500656382242862,72.77083333333333,70.9717590411504,136.49305772781372,13.780655292780702,10.394016387109962,8.63910573323568,12.205485280354821,1018.3982747395833,-14.276772260665894,253.33247596025467,517.7158849239349,22.862847900390648,11.846887207031273,17.753673807779972,70.1245379447937,68.44999995827675,2.8680556155741215,11.952624265019523,9.693680354841055,8.890323893229208,11.915836588541708,1018.062626953125,-15.056158065795898,275.5740684767564,549.0337057908376,22.544793701171898,12.236230468750023,17.603342946370464,71.82546313603719,75.44629617532094,107.61110925674438,12.547343022916051,9.755510371141835,8.573320007324241,12.13618876139327,1018.1000162760417,-13.449024597803751,237.49519841869673,498.4186345736186,22.842065429687523,11.723168945312523,17.717603302001976,70.10370333989461,68.99722185730934,2.611111104488373,10.851169950424117,9.28360366213223,9.08292160034182,11.850792185465536,1018.0943229166667,-15.689569036165873,274.55308364828426,526.4088043371836,22.711450195312523,12.057733154296898,17.700254058837913,71.39722188313802,69.43611125151317,84.27083230018616,13.666383219898854,9.763388735339767,8.6740547180176,12.108918762207054,1018.0605729166667,-13.767624576886496,243.7609297732512,545.4647246996561,23.195581054687523,12.090966796875023,17.992264048258487,70.34536933898926,70.34444458285968,3.597222149372101,11.245577524344348,9.001363439665964,9.122586822509788,12.12385965983077,1018.026875,-16.576072812080383,278.73337134718895,524.2233422199885,22.908593750000023,11.915429687500023,17.76549046834312,70.05277760823567,70.05833342671394,2.541666679084301,12.921342047353008,9.99758553393401,8.73994852701827,11.877990976969443,1018.152841796875,-15.184154272079468,266.042887032032,554.9881745974222
2021-06-16,22.427484130859398,12.161584472656273,17.308916982014996,65.6620364189148,64.83611142635345,36.95139014720917,11.42961452819566,9.95530219372681,9.710388437906943,10.000450388590536,1019.46310546875,-9.643204927444458,321.71388597289723,541.0634603500366,22.578088378906273,11.108605957031273,17.20545094807945,64.39305543899536,42.9680550545454,45.81249976158142,11.913492951220356,10.406699269718578,9.722929890950525,9.590935007731161,1019.902783203125,-9.775658130645752,347.58050242066383,578.0756349563599,22.969079589843773,12.915490722656273,17.645229593912784,64.21481561660767,60.194906989733376,16.66666603088379,11.473668778611676,9.710718866607175,9.623063659667991,9.85306065877279,1019.309501953125,-10.657662034034729,315.07243810842436,542.200908501943,22.675469970703148,10.868280029296898,17.16039555867515,62.69259166717529,37.447685231765114,16.930555164813995,12.729240428736857,10.39008791132305,9.651109313964866,9.199459330240927,1019.7747005208333,-9.644057432810465,352.44049538175267,579.5936773618063,22.984429931640648,12.473962402343773,17.57574106852216,67.93194389343262,56.625462810198464,23.666666507720947,11.266930428898663,9.411348529518555,9.747890726725302,11.007608032226585,1019.4248079427083,-10.391022205352783,287.5140181556344,495.70303026835126,22.724237060546898,11.154321289062523,17.220714823404972,64.09907452265422,32.59675896167755,23.666666507720947,11.742076500959593,10.427527597681623,9.582996622721396,9.556479390462243,1019.6209114583332,-9.97024937470754,350.1977001229922,566.3973070780436,23.243768310546898,12.909692382812523,17.663191731770855,69.0425934791565,63.277778228123985,26.881944119930267,11.874331841307761,10.219669581994966,10.226270294189476,11.331095631917321,1019.3380891927083,-10.184530039628347,293.44185031950474,512.837752978007,22.634759521484398,11.381555175781273,17.309603627522808,64.49490769704182,49.451388676961265,27.256944179534912,11.438930434600605,10.117876472876384,9.909176127115927,9.663273111979208,1019.6486783854167,-9.809119065602621,340.54921919107437,549.9502263069153
2021-06-17,25.202508544921898,11.910882568359398,19.049398040771507,61.65416685740153,0.3763888956358035,6.166666746139526,17.012680480189996,12.527048417042309,11.328472391764365,10.920484161376976,1021.4116634114583,-13.455975612004599,352.20579516887665,628.9656774202982,25.378717041015648,11.907983398437523,19.159251149495464,63.963425636291504,1.7870370095285277,37.16666793823242,14.368129211192462,11.257112868556215,11.210984802246116,11.510397847493493,1021.3960709635417,-16.79524040222168,352.81609284877777,608.0231399536133,25.321923828125023,12.325402832031273,19.247624969482445,60.76990556716919,0.23240740473071733,0.0,16.014943429071224,12.2693277264553,11.379947916666708,10.902014668782556,1021.3392578125,-14.329162995020548,351.75755165020627,606.692391872406,25.411004638671898,11.835961914062523,19.165088907877628,61.94398101170858,1.3055555758376916,16.66666603088379,16.029070554457014,11.991115541279783,10.933035786946618,11.031766510009788,1021.1137076822918,-14.992708683013916,353.22320697704953,634.3862121899923,25.476190185546898,12.594293212890648,19.357843017578148,60.11388874053955,0.4550926114122073,0.0,16.313071418646086,11.543751772406011,11.257647450764978,10.89457728068038,1021.383427734375,-14.98011064529419,350.51363409558934,603.1824113527933,25.119653320312523,11.868676757812523,18.96988703409833,60.136110146840416,0.4856481421738863,23.666666507720947,17.034586716082558,12.606881868776254,11.194202677408896,10.459062194824241,1021.4014615885417,-13.727766116460165,353.9331507186095,618.9682337443033,25.738916015625023,13.124902343750023,19.73147354125979,59.951388359069824,0.4800925938567768,0.0,15.737656353664262,11.397542361698578,11.08036829630538,11.188105519612634,1021.077177734375,-16.110010464986164,349.7205179830392,611.4092164039612,25.055902099609398,11.902612304687523,18.99427185058596,61.32777786254883,0.35833332935969037,27.833333015441895,17.277765745617035,12.761096580608315,11.185679372151696,10.814027404785179,1021.5143684895833,-13.525826215744019,352.4939471979936,636.0261985460917
2021-06-18,28.175317382812523,15.749749755859398,22.30823160807294,66.27361075083415,2.682407457381487,0.0,20.44320898334627,14.785144006407426,12.74368565877279,15.308610534667991,1020.0798763020833,-21.74845216671626,340.27944798270863,741.0094238917032,28.429650878906273,15.624871826171898,22.345694478352886,67.54259157180786,10.012499962002039,6.166666746139526,21.557952518228035,15.823134258518076,13.432524617513025,15.543824768066429,1020.5053971354167,-23.2404578179121,340.51476160685223,748.2424675623575,28.054803466796898,15.450463867187523,22.068566894531273,65.81296316782634,3.07546304538846,0.0,20.045553095591252,14.349269589765662,12.535335795084677,14.987182871500693,1020.2461686197917,-21.433076759179432,341.24226326743764,722.0804406801859,28.236108398437523,14.651269531250023,22.045330301920597,66.20925966898601,5.6296295843397575,0.0,22.269160219693987,15.874972743790593,13.321122741699241,14.997895812988304,1020.3303873697918,-21.897882024447124,341.47781533996266,738.7993520100912,28.496820068359398,15.269769287109398,22.2724917093913,65.42638842264812,1.215740755898878,0.0,18.988637889071633,13.78363785264893,12.84330774943038,15.044722493489587,1020.17515625,-22.200957636038464,341.59398504098255,735.264459768931,28.227624511718773,15.129327392578148,22.145616149902366,66.48379675547282,3.1592592236896357,0.0,20.69530598389372,15.197607506477178,13.054437255859398,15.173655446370446,1020.4460091145833,-22.070653716723125,340.9829985400041,742.7833077112833,28.571771240234398,15.072686767578148,22.288451131184917,64.41018597284953,2.5263889358999827,0.0,18.011620219889615,13.3810487314334,12.929246520996116,14.82410583496096,1020.0792805989582,-22.394855499267578,342.10993045568466,737.7537067731222,28.040307617187523,15.311425781250023,22.036257680257183,66.348610719045,2.188888888185223,0.0,20.850317100211612,14.90589486262661,12.678397115071618,15.06401087443038,1020.377919921875,-20.920700073242188,340.8808521429698,745.2219834327698
2021-06-19,29.147973632812523,16.909844970703148,23.322087860107445,68.48518514633179,5.496296307848145,0.0833333358168602,18.692626822089892,14.357595912992805,14.003204600016318,16.71272430419924,1017.7388639322917,-20.02350362141927,337.3316481908162,772.8862498601278,28.932397460937523,16.791406250000023,23.28151728312177,68.95370308558147,18.479166602094967,0.0,19.291999820303243,14.92035717318241,14.193800862630212,16.786641693115257,1018.1123046875,-19.79302203655243,337.940647850434,780.3077112833658,29.168725585937523,16.974725341796898,23.32525787353518,68.33287000656128,3.8907407484948635,0.06944444496184587,18.750002392381344,14.034957699445647,14.034354146321618,16.698787943522177,1018.0677962239583,-20.177055438359577,337.65468126535416,760.5463329950968,28.982141113281273,17.011712646484398,23.287876383463566,69.30046304066975,8.48611151178678,0.0,19.97426844509143,14.94050690201295,14.249995168050134,16.8608222961426,1018.1128483072918,-20.325133562088013,336.4772744476795,764.2453568776449,29.120935058593773,17.505334472656273,23.55321019490562,67.21527703603108,25.903240772740293,0.06944444496184587,17.325220605206788,13.367736009333745,14.000594075520837,16.730788167317712,1017.734091796875,-19.85849004983902,300.32851710915565,713.7123715082804,28.943170166015648,16.625756835937523,23.140697733561222,68.28055636088054,6.443055579749246,0.0,18.531308657534627,14.592925382968895,13.99128367106124,16.49139556884768,1018.0045475260417,-19.258618116378784,335.1226684053739,802.6985438664755,29.441491699218773,17.406365966796898,23.51236495971682,67.56898148854573,25.041666706403095,0.13194444589316845,17.54565948637058,13.595364503285623,14.219949340820335,16.76627120971682,1017.3275748697918,-20.19930648803711,312.8988849123319,722.3132260640463,28.932061767578148,16.811212158203148,23.19513346354169,68.10694599151611,12.011574124296507,0.0,19.553391619387718,14.326717689202207,13.92624181111654,16.53361536661788,1017.9178515625,-19.453139662742615,335.092052290837,772.8806883494059
2021-06-20,28.666772460937523,17.618402099609398,23.30519256591799,70.63842535018921,11.551389042908946,1.340277822688222,18.96820064262564,14.544671719557613,14.222231801350915,17.138814544677757,1014.2462532552083,-16.794996341069538,334.99777403473854,742.1682828267416,28.498284912109398,17.650323486328148,23.322237904866558,68.55000019073486,1.5194444806935887,0.5000000149011612,17.931871739941045,13.560695475837404,13.760158793131552,16.640603637695335,1014.3626920572917,-15.774531165758768,336.93368261059123,771.0298767089844,28.804376220703148,17.437036132812523,23.40193328857424,69.28055620193481,3.454629718015591,0.2916666748933494,18.678618466569663,14.364271298829031,14.249453481038415,16.87806854248049,1014.1408040364582,-16.811376094818115,337.10414922237396,772.6665420532227,28.420831298828148,17.439813232421898,23.26251373291018,68.86435079574585,1.0976851757150143,0.3611111156642437,20.318592374731445,14.10542239983611,13.70890579223635,16.672315216064476,1014.6883040364582,-15.45985492070516,337.7039388914903,799.0976181030273,28.966333007812523,17.327783203125023,23.490183766682964,67.36574188868205,3.874073971839001,1.7222222704440355,17.641942772441162,13.918477046421769,14.293044026692712,16.4877703348796,1014.503896484375,-17.343685468037922,340.0531309793393,763.2544825871786,28.565698242187523,17.678094482421898,23.447143809000675,69.09907293319702,11.398147790382305,2.2361111445352435,18.51501270007909,13.973759740854968,13.808572387695335,16.925616200764978,1014.5297102864583,-16.5702885389328,338.46647309263545,772.3800198237101,29.031335449218773,17.489678955078148,23.626751200358097,67.6037049293518,4.890277689322829,0.7569444444961846,17.453862524308857,13.910106740244276,14.306150054931663,16.679358418782556,1014.3552018229167,-17.72219681739807,339.23320014278096,774.5718603134155,28.494409179687523,17.625756835937523,23.38405507405601,69.27499898274739,14.095369981136173,1.652777761220932,18.94134212746137,14.716541281676138,13.941953277587913,16.89587809244796,1014.202392578125,-16.510079979896545,339.35165407260257,781.2336355845133
2021-06-21,28.990502929687523,19.001367187500023,23.93297856648765,67.81481456756592,14.069906896911561,0.3333333358168602,22.26886933407896,16.060354902276256,15.176304117838583,17.118601735432946,1010.279384765625,-14.45335179567337,322.96448437372845,770.2557897567749,27.164361572265648,18.322625732421898,22.984522755940777,74.07268492380778,25.61527742041896,7.909722328186035,21.70617063684282,15.341880305124187,14.510818735758505,17.81389643351241,1009.387099609375,-9.860376159350077,230.97631687919298,645.4174111684164,29.270288085937523,18.652246093750023,23.78202082316083,68.36898231506348,10.82453726612342,5.166666626930237,21.368739912573503,15.485906063377774,15.22555821736654,17.110550181071005,1010.4077897135417,-15.094110707441965,321.51487751801807,737.1661418279012,28.244378662109398,18.250268554687523,23.595525360107445,71.48703670501709,25.11805567285046,2.3888889141380787,21.831374175714938,16.06333478485448,14.863631184895837,17.698569234212243,1009.3876204427083,-13.89100624124209,285.5734008848667,738.7875487009684,29.388391113281273,18.684808349609398,23.89845428466799,67.8412028948466,12.316666543483734,0.1666666679084301,23.232064683832935,16.043024486992874,15.162492370605491,17.087094879150413,1010.1131673177083,-14.936713178952536,323.8452407916387,770.9123217264811,28.550042724609398,18.601098632812523,23.57602971394859,70.94953680038452,11.308796317083761,7.576389104127884,23.197992704531075,16.233425961292784,14.660424804687523,17.516192372639978,1010.0648600260417,-13.692200740178427,309.086201608181,794.9692271550497,29.201379394531273,18.645196533203148,23.96331431070966,66.80972258249919,23.852314472198486,0.0,22.76622354938491,16.162034920454406,15.277232106526696,16.85117111206057,1010.2903190104167,-15.017101486523947,324.3629004259904,800.1145359675089,28.446069335937523,18.567803955078148,23.529256439209007,71.13564761479695,17.754167024046183,6.374999970197678,21.483317781848665,15.832536740447063,14.627378082275413,17.535317993164085,1010.014384765625,-12.497743686040243,297.8149970769882,769.4681104024252
2021-06-22,31.829125976562523,19.199304199218773,24.345859781901066,71.69027678171794,49.632870607698955,28.52083341870457,15.591292002998618,10.547260927252823,16.050778961181663,18.191772715250693,1009.8926595052083,-15.286983052889505,300.6785406668981,720.4858468373617,30.081079101562523,19.186547851562523,24.263514455159527,72.54027779897054,73.44583467642467,18.569444306194782,10.627307604988737,7.653556327263023,15.534363047281943,18.506363169352255,1010.0928385416668,-14.710813164710999,270.05014748374623,597.6589365005493,31.536279296875023,19.198144531250023,24.60665918986005,70.00879414876302,49.76944307268908,18.256943970918655,20.582361194598704,12.25253938909061,16.119761403401696,18.118901824951195,1009.4701171875,-15.00197289387385,298.95299612482387,761.8768084843954,31.150659179687523,18.965966796875023,23.94501139322919,72.62314812342326,45.80092598622044,71.63194461166859,12.229740819696758,7.700483624419881,15.541416422526083,18.109613037109398,1010.14302734375,-14.604742129643759,283.642203917106,645.1764273643494,31.366387939453148,18.948358154296898,23.963981882731144,72.22314802805583,45.41296218087276,36.01388888992369,11.066732433968712,8.891654081156707,15.962800598144554,18.029236094156943,1009.7789811197918,-14.110074480374655,298.4514079988003,664.8514105478922,30.713891601562523,19.142053222656273,23.839894866943382,72.87685251235962,40.67546324928602,67.88888806663454,12.439542116965129,8.069618324010428,15.537193552653036,18.18331680297854,1010.1048470052083,-11.776226798693338,244.38124469916025,592.089195728302,31.584649658203148,18.850000000000023,24.545481618245464,68.57916657129924,29.812499900658924,9.479166530072689,16.27139807306789,11.8927895501578,16.09061965942385,17.71623891194662,1009.7366015625,-15.17289666334788,315.6499879161517,752.3317321141561,30.858209228515648,19.257501220703148,24.37869033813479,70.7722217241923,57.793981870015465,34.18055543396622,11.63230204429405,7.563828095268829,15.669962819417321,18.166065470377646,1010.1667545572917,-15.43336041768392,283.8305421670278,650.1655139923096
2021-06-23,28.343591308593773,18.504052734375023,23.02604192097984,76.09398078918457,63.33240735530853,146.49305534362793,13.826429414325496,7.590881302742289,15.153986867268884,18.253808593750023,1015.269365234375,-7.958359281222026,245.7991492797931,533.1388354301453,25.349542236328148,18.801812744140648,22.217176055908226,83.09583187103271,86.74629592895508,242.125,14.005773803414266,9.36192011639347,15.16080245971682,19.056750233968103,1015.23470703125,-5.526639461517334,208.5909807731708,427.0804025332133,28.831048583984398,18.230950927734398,23.13301874796552,76.23148091634114,61.37083421150843,109.23610925674438,14.392434618103067,8.63807501751488,15.187650299072288,18.33866144816085,1015.02126953125,-9.149462381998697,263.69829148054123,565.7012795607249,27.159600830078148,17.986596679687523,22.4147404988607,77.41759252548218,85.12407541275024,158.6805567741394,11.800119290553514,9.392445545114787,14.349841054280603,17.983176167805993,1015.22068359375,-6.269271373748779,229.64666239420572,511.85202741622925,26.648706054687523,18.242730712890648,22.536177571614605,80.13101863861084,71.51944407820702,197.13889074325562,12.968239647115366,7.45764658167441,15.413625335693382,18.704054768880212,1015.4281608072918,-8.000826279322306,243.39274172484875,463.6263761520386,27.998193359375023,18.387628173828148,22.670486704508487,78.9657416343689,83.1347222328186,231.48611068725586,11.39838675577697,9.3315223548418,15.698060607910179,18.520958201090536,1015.2650813802082,-10.875106573104858,274.93911037842435,520.9289836883545,28.264672851562523,18.410913085937523,23.338299051920597,77.37962913513184,65.86435214678447,80.3055545091629,12.525762079947137,7.464385262250748,15.673721567789755,18.82790654500326,1015.547080078125,-12.453131238619486,279.7394775201877,540.1574030717214,28.809106445312523,18.642114257812523,22.89453786214195,77.44999965031941,75.58518369992574,109.85416746139526,15.838247486510653,9.155842241105578,15.229329681396507,18.354624684651696,1015.1491536458333,-6.843941330909729,254.29155227541924,522.8559951782227
2021-06-24,30.868524169921898,18.536981201171898,23.959746297200542,76.90370496114095,47.91713007291158,251.5902795791626,23.707199895472343,8.813977609686063,16.665671284993493,19.187038675944052,1014.9902962239582,-16.953041553497314,307.5922409395377,587.162927945455,29.318322753906273,18.138269042968773,23.417153930664085,79.17361036936443,53.213426192601524,255.83333492279053,12.146372802935863,7.288815301842419,15.533003743489587,19.187696075439476,1015.7988606770833,-15.264175335566202,277.4749818642934,535.920858224233,30.999841308593773,18.290093994140648,23.46724090576174,79.09768517812093,47.1287035147349,188.80555725097656,14.907132518474567,8.852824753606214,16.396545664469443,19.109424845377646,1014.99431640625,-15.410809477170309,308.63422692318755,587.0175062815348,27.554559326171898,18.047418212890648,22.91251653035484,76.97407484054565,39.6074073712031,167.88888931274414,10.861033054502965,9.296602769026128,14.92219187418624,18.302816009521507,1016.50560546875,-10.918105999628702,264.07538781563443,567.1616824467977,30.397241210937523,17.934167480468773,22.233452097574894,82.4439829190572,58.63426065444946,215.13888835906982,21.87489206710782,9.408619915240637,16.40485026041671,18.706712341308616,1015.528681640625,-10.467401444911957,265.34214676419896,494.96205107371014,28.284478759765648,17.877099609375023,22.854436492919945,80.69444465637207,44.75092534224192,307.5069398880005,10.96850325406033,7.879030900241967,15.67776769002279,19.058827972412132,1016.0310579427082,-11.611295700073242,256.60172040263814,473.2394297917684,30.761163330078148,17.856439208984398,23.28566640218101,78.27407280604045,54.06990730762482,66.44444513320923,19.7616529453751,9.631394736213844,16.49362716674807,18.856309509277366,1015.5839192708332,-13.733859777450562,285.5259043077628,536.86501121521,29.416680908203148,18.108483886718773,23.351486460367862,79.67731475830078,52.64722220102946,239.4513874053955,11.507824092578096,6.93454329397656,16.082855478922568,19.27579778035482,1015.74123046875,-16.563369552294414,285.3414969543616,478.31097014745075
2021-06-25,25.395562744140648,15.657922363281273,19.851968383789085,82.98888842264812,85.2384254137675,262.125,23.3873303701817,14.410089358822367,13.597774759928427,16.75284856160482,1013.6384212239583,8.186472336451212,178.36572004357973,557.8994293212891,23.402124023437523,16.363488769531273,19.44632492065432,80.20416641235352,87.96481418609619,334.36805629730225,18.746649011068474,12.87195852084244,14.120814259847009,15.808328247070335,1013.567197265625,8.842761894067129,215.6056479314963,541.1948070526123,23.336602783203148,15.595727539062523,19.281440989176456,85.52453708648682,88.78240752220154,339.31944370269775,18.239783542713887,12.082420173308313,12.908999379475915,16.697949981689476,1014.1605989583333,12.021626750628153,136.3365005403757,449.0470676422119,23.248498535156273,16.807183837890648,19.49538955688479,85.29861259460449,93.83888912200928,561.4722270965576,20.10151770199746,12.991129938707694,14.337504323323571,16.86905441284182,1013.3401399739582,10.851456383864084,162.32807406038046,504.3348321914673,24.270623779296898,16.381005859375023,19.44488169352216,86.15324052174886,88.718518892924,437.75,21.69906712086284,11.392380910008091,13.23591257731124,16.97257258097335,1013.8601595052082,10.455646594365438,148.43343855440617,424.1213409105937,20.228967285156273,15.722802734375023,18.542296346028667,86.87407525380452,86.64074031511943,645.4375019073486,17.452338340811835,13.330668619676311,13.242372131347679,16.23247426350912,1014.5480533854167,8.885818377137184,135.16316694766283,458.65493965148926,24.029931640625023,17.294213867187523,20.24933013916018,82.16481526692708,82.3986104329427,197.03472423553467,15.686695696084861,11.066206818474248,13.12338790893557,16.960390981038415,1014.2259114583333,3.9590939978758493,186.36146841943264,473.1704966227214,22.572869873046898,16.454888916015648,19.08602167765302,81.07731501261394,82.37824090321858,225.52083587646484,19.014858549419724,13.368587416454643,13.250639851888025,15.602085367838583,1014.483603515625,8.84864529967308,217.12518526613712,506.8389519055684
2021-06-26,24.196801757812523,15.717828369140648,19.909959411621116,70.24166758855183,66.61481515069802,42.97222173213959,14.967561925448543,10.40013139111264,9.90608622233077,14.021953837076865,1016.561259765625,-3.749541481335958,280.270167623957,602.3495913346609,23.880578613281273,12.607690429687523,18.497556304931663,70.27824131647746,61.91250055966278,275.9375066757202,14.835597662497676,12.07004463743724,9.418546295166038,12.432374572753929,1017.5332584635418,-4.262267589569092,305.11217625439167,798.9906814893087,24.941217041015648,15.278771972656273,19.97926483154299,69.66944456100464,49.09490692615509,13.451388955116272,14.974350438189447,10.709646561716276,10.181607818603538,13.849108632405603,1016.2971354166667,-6.077885190645854,280.86985805630684,618.2081209023794,24.240930175781273,14.042413330078148,19.352680460612003,71.05787022908528,45.00787070890268,352.6388921737671,12.186663778460643,8.511099013225639,9.52204538981124,13.457218424479208,1017.3335416666667,-8.883644819259644,284.1616622010867,675.7569357554117,23.761071777343773,17.003533935546898,19.608628845214866,71.39120244979858,75.08472315470378,16.111110985279083,11.199432164214969,8.262627504002468,9.604760742187523,13.991276041666708,1016.636455078125,-3.279970864454905,209.2230364282926,500.93666529655457,23.583337402343773,14.025018310546898,19.160755411783878,71.60509157180786,58.63425906499227,479.61805534362793,9.866446571680747,8.265695156420483,9.505068715413415,13.525374348958337,1017.4056380208333,-6.63968821366628,259.8005633453528,631.2866144975027,23.805871582031273,16.850030517578148,19.622710164388042,72.68333435058594,67.53750115633011,13.173611089587212,11.614592028836073,8.89173252520431,9.574539438883505,14.23074874877932,1016.7426139322918,-1.875600814819336,207.54888252168894,549.1181942621866,23.983300781250023,14.405541992187523,19.34264653523765,68.46157423655193,48.41018478075663,208.1944456100464,11.726768742618217,8.930551274525294,9.423140462239587,13.126589711507165,1016.9498209635417,-2.031326413154602,218.15097852547964,567.727266629537
2021-06-27,24.834069824218773,14.627984619140648,19.91434249877932,65.95185248057048,6.535648118704557,31.270833015441895,15.322741519826778,8.59001187915073,9.500204976399743,12.643215433756552,1016.7729850260417,-9.624293088912964,328.6982512275378,774.7011278470358,25.380578613281273,14.687768554687523,20.121907806396507,65.88611125946045,34.78888958444198,84.99305486679077,9.33023358704695,6.287622237168797,9.95564676920577,13.091181691487634,1017.120126953125,-8.23118543624878,259.6005504329999,605.1255978743235,24.652886962890648,14.516870117187523,19.738821919759136,67.33518409729004,10.60416642886897,61.249999046325684,13.310879282541245,8.478190352497931,9.45484313964846,12.902116394042991,1016.351455078125,-9.478400031725565,327.61240899562836,749.1897121270498,25.440637207031273,15.254174804687523,20.60947443644208,63.38981453577677,35.469445063577346,27.25694501399994,12.019809663290287,7.449577536111093,9.882989501953148,12.777941640218103,1017.076572265625,-11.652645905812582,324.26195096969604,796.077455163002,24.146844482421898,13.959771728515648,19.30419438680015,64.81018527348836,7.853703743467729,47.430556297302246,15.380695866135996,9.275458302514545,8.924368794759118,11.917904154459677,1016.5406022135417,-7.082913716634114,335.98427587747574,801.7253642876943,24.959436035156273,15.397515869140648,19.992368316650413,65.88240671157837,46.60879691441854,42.7013885974884,10.27339334929369,7.085349353166843,9.545325215657556,12.834976450602255,1017.2516536458332,-8.870742638905844,262.2129275004069,673.5204575856527,24.129998779296898,14.276666259765648,19.340636189778667,67.16111087799072,27.401851922273636,9.124999850988388,14.922900097609258,8.469418491867307,9.065530395507835,12.541792805989587,1016.5713313802083,-6.659303426742554,309.8751493593057,711.8122046391169,24.420983886718773,14.715020751953148,19.768303171793644,68.38657426834106,27.473147842412192,48.78472197055817,10.59114596139771,7.011328216091994,9.524130757649743,13.309442138671898,1017.0131477864583,-8.64229142665863,281.99775799115497,577.5920321941376
2021-06-28,24.040185546875023,14.316674804687523,19.71974970499677,67.13333241144817,51.06527694749335,4.513888970017433,12.451690036386507,7.471231634282489,9.854786173502646,13.119650777180993,1016.87404296875,-6.0057791868845625,220.75131458044052,573.5556972026825,25.908715820312523,15.136865234375023,20.468306477864605,65.25000079472859,74.04629751046498,34.32638883590698,13.242744573086703,6.913258739330672,10.438919321696005,13.230088806152366,1017.4724772135418,-7.507146120071411,241.81254097819328,623.915708065033,25.427056884765648,14.531030273437523,20.237330373128277,63.17129818598429,57.26898046334585,0.9027778133749962,13.22992139824342,7.417635131648052,10.130752817789755,12.56968714396163,1016.6582845052083,-10.295791188875834,268.4538314938545,684.3969455162684,24.776513671875023,15.046136474609398,20.265049235026066,66.70323928197224,74.30925929546356,71.47916650772095,11.713111907295898,6.676023995014082,10.268032328287802,13.50442784627279,1017.3123958333333,-7.242492198944092,235.52304236094156,555.7565864721934,25.297692871093773,14.433923339843773,20.189585622151714,62.96898094813029,50.527778297662735,0.0,15.451073697101753,7.590294816493636,10.051752980550134,12.480813598632835,1016.6888444010417,-7.680617690086365,255.12061642607054,642.073878288269,24.716119384765648,14.523492431640648,20.081346130371116,64.57777690887451,50.23842600608865,50.72916769981384,12.962497167958647,7.326650038693001,10.046826934814476,12.856874084472679,1017.2693684895833,-7.345387697219849,256.1437624891599,596.3530923922857,25.491235351562523,14.664483642578148,20.343245442708355,63.05787165959676,54.79351838429769,0.0,14.224030414608494,7.213977543596459,10.140139516194665,12.647728220621786,1016.4281673177082,-7.239593466122945,225.97577558954558,619.0736632347107,25.004541015625023,14.593804931640648,20.155957794189476,64.01342519124348,54.56064755717913,12.166666030883789,12.33277149702255,6.945587079738199,10.084531402587913,12.711443837483728,1016.8370279947917,-10.254534324010214,273.29376554489136,645.0289078950882
2021-06-29,28.075128173828148,16.515252685546898,22.53944549560549,56.02129650115967,16.07499998807907,0.0,8.469159149219088,4.596518774673325,12.566922760009788,12.737870788574241,1013.222373046875,-20.028930405775707,339.9897563656171,774.4013410806656,27.289819335937523,15.675134277343773,21.841808573404972,60.00601768493652,6.803240432093541,6.500000238418579,11.081683334125405,6.050660267836808,11.807719167073571,13.169961547851585,1014.488017578125,-17.697252730528515,339.9208991428216,741.2402982314428,28.300927734375023,16.000177001953148,22.55432790120445,55.34953689575195,6.102777776618798,0.0,9.156286911750461,4.946142065460018,12.60354894002279,12.526987965901696,1012.9960091145833,-18.999383171399433,341.6651992201805,799.6761034727097,27.735894775390648,17.087915039062523,22.54288253784182,56.38333320617676,20.670833703440923,1.0000000298023224,11.40377076528143,5.867832264805361,12.229793802897177,12.91266784667971,1014.1206217447917,-18.74719015757243,340.8243906398614,785.3237589995066,28.519952392578148,16.153588867187523,22.67849502563479,54.99768575032552,7.612500130198896,0.0,8.226917624684901,5.173458021289824,12.825761413574241,12.567498779296898,1012.7345703125,-19.660183409849804,340.42334855596226,800.2830279270808,27.677758789062523,16.292016601562523,22.23622792561851,55.96203660964966,7.663888953626156,0.0,10.717955132956869,5.969683439278199,12.244585927327478,12.4728828430176,1014.0642350260417,-16.956682602564495,342.140945315361,752.6157250404358,28.538415527343773,16.326196289062523,22.769534047444683,54.952314376831055,14.824074144785603,0.0,8.529876656572188,5.644165126243794,12.751607513427757,12.724158223470056,1012.894296875,-20.357529004414875,339.54046954711276,776.8812036514282,28.086602783203148,16.252130126953148,22.563189442952496,55.65370432535807,14.204629634817442,0.0,8.41105616895311,5.968071755463375,12.499331410725915,12.706465657552087,1013.6095735677083,-19.205760776996613,340.8841615021229,777.8886366685232
2021-06-30,27.794458007812523,17.713433837890648,22.204487101237003,68.5569445292155,61.20833237965902,53.08333322405815,20.349435629305876,14.940430410217886,13.851270294189476,15.927765146891318,1007.7914615885417,-7.011660774548848,268.7184274295966,643.2553408940634,29.470056152343773,17.346368408203148,22.135402933756534,66.83333333333333,46.29583218693733,76.74305628798902,20.723582097468526,13.520042647631284,14.064450836181663,15.110734558105491,1008.6898502604167,-8.617265582084656,290.98787385225296,638.8731772104899,27.481530761718773,17.414178466796898,22.03562189737958,67.16990645726521,44.75092621395985,35.986112013459206,22.1444537868685,15.856534481163862,13.6744374593099,15.542643483479821,1008.0030143229167,-5.467062870661418,264.99911259611446,651.0275564193726,28.618859863281273,17.300256347656273,22.369016265869163,69.14351828893025,41.499537567297615,59.61805568262935,21.65574577085988,14.193669643736948,14.234521484375023,16.077392832438193,1008.13138671875,-5.417781909306844,239.12739044427872,548.9320157368978,28.136529541015648,17.569451904296898,22.254991149902366,65.98657401402791,41.08287000656128,24.388888240791857,24.14582783504602,15.60992954525316,13.796144104003929,15.41888326009115,1008.154140625,-6.3684559265772505,280.31310866276425,695.0059825579325,28.631250000000023,17.348809814453148,22.47338383992515,69.46296230951945,32.75509236256281,41.04166638851166,21.142017601899617,14.434782478729517,14.2618232727051,16.304074859619163,1007.5116959635417,-5.94986895720164,241.8796702027321,591.0223967234293,28.434442138671898,17.529565429687523,22.407150522867862,65.12546157836914,45.24259081358711,15.56944441050291,23.039127761458943,14.223086578304523,13.549645996093773,15.355863189697288,1008.1665462239583,-7.339242259661357,276.4913648267587,676.4199392000834,28.661126708984398,17.444329833984398,22.489635721842472,68.20925919214885,38.6199076573054,38.229166492819786,21.087128109028146,14.74189394596737,14.298923746744833,16.009619649251306,1007.6700260416667,-6.8669707377751665,245.15042400360107,607.4469644228617
2021-07-01,25.673150634765648,16.312463378906273,20.271553293863956,72.13240750630696,55.574073852971196,41.22222274541855,13.287846433989284,9.50568378078988,11.335483805338583,14.669154103597009,1010.5353255208333,1.0690504411856334,226.64242709676424,536.8730254968008,25.731195068359398,15.202416992187523,20.65793635050458,66.41851774851482,28.312036626351375,169.56250047683716,18.170094887975605,13.72949285149709,11.163612620035849,13.58624928792318,1010.5672135416667,-7.876171628634135,332.5266126890977,887.0635560353597,25.345605468750023,16.252343750000023,20.467927551269554,71.79861068725586,40.354166850447655,54.29166603088379,16.70291739295194,10.93364937522332,11.249519602457724,14.8493476867676,1010.329013671875,-2.282575249671936,276.6355507473151,622.1689020792643,26.295648193359398,14.743096923828148,20.5329045613607,66.10231479008992,39.40787049445013,96.99305868148804,13.177703907979078,10.459188069120177,11.196530914306663,13.399177805582724,1010.7836555989583,-5.529348413149516,243.06177531679472,712.3201109568278,25.154565429687523,15.881982421875023,20.467073059082054,70.01203632354736,45.676852026333414,32.965277433395386,15.221215449197137,11.30909781479025,11.159996287028036,14.454600270589196,1010.3432259114583,-1.9724305470784504,259.77729365229607,638.5288238525391,25.688226318359398,15.315026855468773,20.61384735107424,67.36064831415813,40.70694403971235,63.97916603088379,13.58243090984896,10.665467524303446,11.146025594075525,13.801930999755882,1010.248642578125,-3.9846489429473877,247.2086867193381,702.4946403503418,25.863671875000023,16.053582763671898,20.455298360188824,71.03611199061076,45.57824066405495,15.152777743060142,15.6653988824206,10.496092151893192,11.279753621419275,14.585074361165368,1010.321357421875,-1.726710557937622,252.2866309285164,609.1790323257446,25.430322265625023,15.604180908203148,20.437088267008487,68.47731558481853,44.577314450095095,44.42361128330231,13.168988503416942,9.73796067296165,11.040247853597009,13.94108606974288,1010.4940234375,-2.437304139137268,220.70455166697502,653.353007475535
2021-07-02,23.722100830078148,15.311456298828148,19.308680470784527,70.12592681248982,96.15277735392253,2.1319445073604584,18.71526273818911,16.595513451024914,10.1115547180176,13.429833984375023,1012.5620735677082,-1.2195827960968018,237.50260509053865,732.2968457539877,22.683343505859398,15.500054931640648,18.933849589029972,75.6791656812032,95.36990769704182,127.2916669845581,14.282065200578758,11.545711930619627,10.166663106282556,14.29646708170577,1011.5992447916667,0.39185694853464764,161.15170234938464,494.3331060409546,21.851312255859398,15.536462402343773,18.44072240193687,74.33888816833496,93.4643513361613,18.430555760860443,18.466611875772003,14.59802845509254,9.32312672932943,13.585548655192099,1012.1489876302082,3.9412866135438285,161.40484664340815,687.0409914652506,19.958001708984398,15.472192382812523,17.608313496907574,76.25740623474121,99.3416674931844,118.39583158493042,18.301991941748938,14.240846276395189,9.901966349283896,13.234156545003259,1011.9142220052083,7.220583997666836,112.5192231486241,484.6230421066284,21.988793945312523,15.818627929687523,19.126194254557316,71.18148136138916,95.29583168029785,8.979166686534882,19.338601918707166,15.453136938569799,9.322401936848962,13.627139027913415,1011.8726106770832,-0.13060327370961508,208.136910845836,742.1151186625162,23.050775146484398,16.303277587890648,19.28032201131187,71.03888765970866,99.6875,71.10416579246521,18.01530663527333,14.73346900881515,10.081660207112634,13.718354797363304,1013.008671875,-0.9416903853416443,173.93464942773184,626.7584482828776,22.515985107421898,15.206842041015648,18.960474904378277,72.457870165507,93.9842586517334,11.097222179174423,21.031967429592545,15.740877791576729,9.294277445475302,13.68255513509115,1011.38416015625,0.6398254632949829,225.87529354294142,728.5568873087565,21.629418945312523,15.100335693359398,18.195530192057316,75.51666673024495,99.4319445292155,87.40277814865112,19.946423217476557,15.62345609639029,10.157118733723962,13.60635655721029,1012.7377115885417,4.373417104283969,144.4772040694952,591.2381687164307
2021-07-03,19.316674804687523,16.052331542968773,17.078015899658226,92.73240915934245,99.16064802805583,190.013889670372,20.902495532711352,15.006979433087063,10.381339009602868,15.857537841796898,1010.5199837239583,6.040072970092297,55.81096241623163,458.5312217076619,20.154748535156273,14.728387451171898,16.851406351725284,91.27407423655193,93.1680547396342,72.88888846337795,22.30071092537748,16.29793574219371,10.274345652262411,15.361175791422568,1011.859501953125,8.73838378985723,72.69340646763642,395.2667179107666,18.348321533203148,15.812677001953148,16.959729766845726,92.09444459279378,99.9574073155721,361.7847228050232,21.53208291876896,15.953974415104943,10.486807759602868,15.634156799316429,1010.6363834635417,7.341068396965663,27.339258750279743,353.59555768966675,19.306054687500023,14.716729736328148,16.59067815144859,91.29907353719075,91.08518664042155,138.40972197055817,17.833318862841555,12.8548559390319,10.023659006754599,15.130179341634118,1012.8871321614583,7.19783058265845,70.90911279122035,361.1772346496582,19.067254638671898,16.101708984375023,17.17551447550458,93.50370438893636,100.0,306.6041674017906,20.270139551483062,15.448117818311047,10.517725880940759,16.081573740641318,1010.5151171875,3.835332910219828,62.743795780154564,454.0688778559367,19.640039062500023,15.131066894531273,17.240810648600284,86.3787031173706,96.45185216267903,45.749999701976776,14.136063100947775,9.775318838770655,9.71382548014327,14.86871236165365,1013.5308203125,6.885247384818892,70.76998158792655,337.3719968001048,19.483331298828148,15.617974853515648,16.993583933512394,92.65324052174886,100.0,329.8888885676861,18.623737889472796,12.878787850148134,10.258325195312523,15.74018249511721,1010.8272819010417,4.936923936009407,65.34740543738008,420.42386897404987,19.898004150390648,15.705560302734398,17.14700851440432,91.2175931930542,99.99768543243408,93.92361056804657,17.901310896929832,13.56412288096252,10.216364796956384,15.654500579834007,1012.0499479166667,6.513320915400982,56.737092235436045,389.3621238072713
2021-07-04,19.167016601562523,16.110925292968773,17.20453033447268,91.21064790089925,99.68240737915039,289.96528148651123,10.259396428660398,7.3380498860006655,10.737622833251976,15.711128489176474,1010.8117936197917,6.384443124135335,48.206371362010636,207.78790680567423,22.971215820312523,16.455895996093773,19.496600087483746,83.97638829549153,93.55648104349773,434.10416412353516,16.02433074357519,10.99094890053184,11.532573954264365,16.621533966064476,1010.0422233072917,-14.625451094160477,193.27729213237762,435.74999809265137,20.030816650390648,16.151177978515648,17.897838846842472,88.74444389343262,99.19027805328369,121.94444370269775,9.170616202376369,6.127765134906515,11.014738972981775,15.963355000813806,1010.870849609375,2.5027003486951194,74.69074010352294,174.93170309066772,24.517816162109398,16.413415527343773,20.23352711995445,79.8759256998698,92.8328709602356,573.7152824401855,15.087066044955654,10.352467977834936,11.753563181559286,16.459461466471396,1010.526904296875,-17.947842861215275,233.0794982512792,472.9633420308431,21.655175781250023,16.193658447265648,18.06793619791669,86.36898104349773,99.21712970733643,124.22222256660461,10.881472079319462,8.074500961949916,10.776818847656273,15.614998118082724,1010.856669921875,-1.2331368202964466,109.37194543207686,265.18288469314575,21.713433837890648,15.708184814453148,17.787581380208355,88.73009300231934,96.85185273488362,575.8124961853027,13.782230336730285,9.169969164942955,10.838981882731161,15.812051391601585,1010.9250455729167,-7.1506422360738116,129.53122268368801,313.63709592819214,18.274102783203148,15.044824218750023,17.06784083048505,91.43611113230388,98.55555566151936,51.16666662693024,9.060609672750434,6.137400128399868,10.65931345621749,15.637386576334677,1011.2116341145833,6.14752014229695,44.73783439397812,145.0730860630671,21.402947998046898,15.474847412109398,18.10456746419273,83.05925877888997,97.13101863861084,579.6388912200928,11.04208902833064,8.999942794867557,10.781611378987634,15.039537048339866,1010.87080078125,-6.952363928159078,122.76177629828453,292.8722831408183
2021-07-05,27.030114746093773,15.513391113281273,21.192890421549503,70.79861116409302,54.0032410522302,121.16666793823242,11.69803228213788,6.906975938318048,12.447276051839196,15.126093800862634,1010.2965885416667,-17.57384020090103,248.35353438556194,583.9294148683548,24.749993896484398,16.491937255859398,20.229669189453148,80.99675957361858,90.4833329518636,420.8472213745117,9.596475465839411,6.014471234880148,11.28614451090499,16.555926259358728,1009.4122135416667,-21.03383428727587,206.8105181865394,457.6720609664917,26.536676025390648,14.848687744140648,20.879988606770855,69.92731523513794,45.71944439411163,130.28471899032593,7.768123257364102,5.621729481694288,12.267313893636071,14.659547424316429,1010.4589322916668,-19.903853595256805,264.05311326185864,543.1395914157232,25.172906494140648,15.888696289062523,20.361850992838566,78.24675957361858,76.35787161191304,164.0902771949768,7.419524456629889,4.6166518330136315,11.952082570393884,16.14803593953451,1010.3258919270833,-17.060794087747734,198.2332837829987,448.26155205567676,26.005548095703148,15.279382324218773,21.119892374674503,71.2277774810791,51.79305521647135,65.04861164093018,9.381971236592156,6.209884603610582,12.359792327880882,15.290280914306663,1010.3029134114582,-17.99666436513265,255.1910158097744,529.7457778453827,26.960504150390648,15.903588867187523,21.1455754597982,71.28472232818604,81.62222162882487,137.77083206176758,8.019885319800226,5.685929223257392,11.995792643229208,15.245874023437523,1009.9884407552083,-21.91326379776001,256.66674935321015,541.589255730311,26.136254882812523,16.048120117187523,21.325316365559917,70.07361110051473,70.50092554092407,3.729166660923511,9.961594100646948,6.230196086785166,12.179491933186853,15.251863098144554,1010.335029296875,-19.037024279435474,247.86477725207806,531.3669089078903,26.416345214843773,14.323205566406273,20.622123972574894,70.95740715662639,61.52453684806824,89.66666674613953,7.506536270571464,4.345552232801033,11.931306457519554,14.655116017659509,1010.782568359375,-24.037196410199005,282.1488114843766,507.2361631790797
2021-07-06,27.663842773437523,17.186090087890648,22.823882039388042,63.31574058532715,60.73333350817362,62.3263885974884,9.285628427726563,6.607314369438826,12.855825042724632,15.1307197570801,1013.406953125,-19.1946843067805,310.5648253162702,669.145059744517,27.656335449218773,15.619561767578148,22.106577809651714,64.80277824401855,51.130093003312744,122.83332824707031,11.509965331031987,7.405422211425072,12.304715728759788,14.596543884277366,1014.3272330729167,-16.713168621063232,323.2701653937499,711.005580107371,27.718652343750023,16.708764648437523,22.63524144490562,64.80740753809611,55.21342548727989,104.33333587646484,10.4267232063463,6.732987998785515,12.99578755696615,15.285671488444052,1013.477763671875,-17.38978894551595,298.10839367409545,637.9692703882853,27.949029541015648,16.261102294921898,22.551880137125675,63.06250047683716,36.42268498738607,130.83333206176758,10.647260517555187,6.630300166302256,12.879898325602255,14.681057230631552,1014.0674609375,-17.757572730382282,331.79939154783887,658.778642574946,27.810571289062523,16.750634765625023,22.52408370971682,65.06111176808675,39.064351707696915,55.66666603088379,8.460778943026039,6.3613147657029705,12.67779439290365,15.199398295084677,1013.43859375,-18.61968704064687,328.08926333487034,678.8362892468771,28.304071044921898,17.461541748046898,23.266409810384136,62.43796237309774,56.57962997754415,72.33333206176758,9.392154668951889,5.868933937300838,13.2283760070801,15.298734283447288,1013.982783203125,-19.711134433746338,276.75490123530227,636.4840617179871,27.838891601562523,16.715509033203148,22.646230316162132,64.17731396357219,30.854629655679066,1.2708333432674408,9.270326061312177,6.830038890702949,12.836938476562523,15.08219935099288,1013.2430403645833,-18.285890142122906,331.2382066398859,668.2773851156235,28.294213867187523,17.009637451171898,23.051299031575542,62.68472337722778,56.48379667599996,7.666666746139526,9.983017492481654,6.241154236487508,13.253920491536462,15.162498728434286,1014.2337337239583,-19.187324285507202,279.0355525438984,619.5986816883087
2021-07-07,29.896630859375023,18.348718261718773,24.45306549072268,61.48240741093954,11.978240514794985,0.0,15.004582866396968,11.79192933960944,14.478658294677757,16.116384124755882,1016.6288639322917,-19.144040028254192,330.86837429304916,760.7349236806234,29.989831542968773,18.491143798828148,24.375217692057316,63.36527729034424,49.47453753153483,62.50000190734863,16.047339909028064,10.81062826088988,14.086474355061853,16.526545461018884,1017.316298828125,-19.34267032146454,318.3013677795728,771.4279561837515,29.993096923828148,18.396356201171898,24.552824910481792,61.53842544555664,25.14907408754031,0.0,16.18966141089154,12.403950683063892,14.607633209228538,16.229628499348962,1016.4720963541668,-19.80465865135193,324.17136608064175,751.7323129971822,29.966699218750023,18.829095458984398,24.375366465250675,63.35139036178589,54.82546345392863,104.43749856948853,15.991531684857076,11.904865692957486,14.397518412272177,16.606782531738304,1017.1068131510417,-19.51335201660792,310.94581306477386,749.7045372327169,29.961450195312523,18.417565917968773,24.498479461669945,63.141202767690025,37.66388909518719,0.0,15.774023049244251,12.575194370907276,14.77848587036135,16.614149983723962,1015.9550813802083,-19.02775079011917,305.2339890152216,703.9370501836141,29.818383789062523,18.387597656250023,24.298113759358746,63.82314793268839,35.66805571317673,55.66666603088379,16.4403521937375,12.501798894884667,14.151310221354208,16.58946253458663,1017.0383235677083,-18.577855308850605,322.523218224446,814.7503134409586,30.067926025390648,18.525659179687523,24.4787422180176,63.65972169240316,45.470370749632515,0.0,15.665937369745102,12.284816332122091,14.94169387817385,16.77947260538741,1015.8396126302083,-18.142028828461964,273.23114986221,657.4680935541788,29.949060058593773,18.254571533203148,24.37738952636721,62.84259351094564,24.78981450200081,1.3333333432674408,15.548922877245555,12.33506864519669,14.38592427571615,16.37679824829104,1016.78736328125,-19.166544497013092,324.5759962548812,818.3184693654379
2021-07-08,30.905572509765648,20.053521728515648,25.63784561157229,65.64259243011475,16.428241074085236,0.20833333767950535,22.227684160913515,16.49558833905328,16.175103759765648,18.375005340576195,1018.9559505208333,-19.63205709060033,319.8073820422093,775.9042447408041,29.486077880859398,19.561456298828148,24.8560246785482,65.50648085276286,0.13564814627170563,0.0,25.123575308716386,18.197344595217498,15.213225301106775,17.373537953694665,1020.2416861979167,-15.032243112723032,331.03157946964103,813.1370569864908,31.580194091796898,20.316644287109398,25.997563934326195,62.467130502065025,14.068055801093578,2.77777773886919,22.395873845557393,16.71156425662682,16.38609339396163,17.853719329834007,1019.002666015625,-18.838048199812572,315.4529606749614,805.8450803756714,30.364587402343773,19.888360595703148,25.164299265543644,65.64259354273479,2.5453703850507736,1.6805555308237672,22.460104886454385,16.87829492460672,15.849624888102255,17.789673105875693,1019.618984375,-16.936578432718914,323.8502936611573,744.023502667745,32.05471191406252,20.649987792968773,26.420308685302757,62.973148345947266,32.01898147662481,7.451388892251998,22.22130532302092,15.052159396968777,16.759273783365927,18.316220855712913,1018.6514778645833,-19.906185279289883,299.67729164163273,804.6506265004476,30.054132080078148,19.669732666015648,25.0663403828939,66.39907471338908,8.45740755678465,1.9027777356095612,22.474735368327444,16.069092528065593,15.428801472981775,17.935252126057946,1019.6612760416667,-16.90776389837265,322.5058357566595,771.8947140375773,31.192681884765648,20.172204589843773,25.62782948811851,67.39907519022624,40.79907441139221,12.86111105978489,22.46036877636426,12.051488997534648,16.481807963053427,18.631267801920615,1018.8092154947917,-16.11399049560229,242.37040330966315,705.9985270500183,30.758416748046898,20.065057373046898,25.541858927408878,65.56296189626057,28.326388994852703,0.8541666842065752,21.21781510084772,15.22037512389373,16.092680867513025,18.26813659667971,1019.2949544270833,-19.01395575205485,303.58555984000367,738.0683263142904
2021-07-09,31.860498046875023,19.811059570312523,24.7992251078288,70.5486117998759,49.61388926642636,81.95833373069763,20.077149328178955,14.397769967306905,18.204143778483115,18.44489186604818,1016.078544921875,-9.709118167559305,260.27981180449325,587.5673052469889,32.46477661132815,19.429071044921898,24.661911265055362,74.20972220102946,43.929166634877525,88.09722170233727,23.561674616947535,14.197789090240109,18.32610982259115,19.213355000813806,1016.8028092447917,-10.545451521873474,293.63831337789696,627.727237701416,31.616632080078148,19.919580078125023,24.158929443359398,75.31805531183879,55.994907557964325,104.4791659116745,26.59125660410557,15.11097423926968,17.78793614705404,18.974253590901696,1016.4584765625,-7.482432921727498,267.83804099013406,531.0538600285848,31.622583007812523,19.508691406250023,24.874922688802105,71.13749996821086,47.083333253860474,88.30555507540703,23.436493680828665,14.44346693462783,18.091750081380212,18.70353215535482,1017.0317350260417,-8.932528952757517,256.12912880877656,644.907501856486,31.603356933593773,19.634545898437523,24.564447021484398,75.3092589378357,50.84027795617779,165.72222089767456,19.5462065174547,13.032115213948828,17.879673258463583,19.332824961344443,1016.3047623697917,-8.286663015683493,228.32546582321325,563.5582253138224,32.74709472656252,19.409326171875023,25.101514434814476,69.4384256998698,42.61527672410011,78.14583492279053,19.258508674621556,14.553187445796866,18.387654876709007,18.39728698730471,1016.6593912760417,-8.872215588887533,269.5038187801838,684.0388577779134,33.18117675781252,18.559777832031273,25.0924379984538,70.56018543243408,28.044444640477497,103.25694346427917,25.202510143165266,14.200696648468806,18.07252146402999,18.515290832519554,1016.2816373697917,-10.424399216969809,321.0503313690424,720.1066958109537,32.59645996093752,18.697045898437523,24.041549936930362,73.39398336410522,53.91805566350619,97.78472232818604,24.46694084960088,14.65724919460983,17.976853942871116,18.31533330281576,1016.666142578125,-5.870410978794098,222.15172284841537,588.8160971800486
2021-07-10,23.373834228515648,17.438897705078148,20.236555989583355,76.97499926884969,86.67870346705119,255.80555534362793,17.482753407041827,11.660936030806198,11.819436645507835,15.809119160970056,1017.3394303385417,7.99699068069458,233.4965624809265,604.603441397349,24.150018310546898,17.050012207031273,20.352794901529972,75.36203829447429,84.91990681489308,441.90972328186035,14.807508570174095,11.251953668287479,11.47406667073568,15.518629964192712,1017.7412630208332,9.286025673151016,191.78855603933334,643.4937192598978,21.985101318359398,17.391473388671898,19.48132476806643,78.55416711171468,81.56481575965881,182.61805534362793,18.03094863239257,11.527437232634398,11.287465667724632,15.481178538004599,1017.5682389322917,11.854416276017824,193.1319239238898,577.1378785769144,23.835900878906273,17.797753906250023,20.749842580159527,77.66481526692708,84.65000073115031,368.34027671813965,14.815543101268839,10.225140035009176,11.833561197916708,16.44296798706057,1017.24712890625,3.0813651084899902,202.66314962009588,551.764331817627,22.211511230468773,16.966027832031273,19.852843221028667,74.76898256937663,74.05138810475667,54.22916793823242,21.48375480644036,12.933031671774282,12.250736490885458,15.006962076822958,1017.5848307291667,8.323004206021627,266.51908259590465,639.2848156293234,23.132653808593773,17.516625976562523,19.89521942138674,77.51527818044026,86.80231420199077,388.99305725097656,16.722954983065534,10.567410173758448,12.209556833903036,15.621241505940759,1017.8260807291667,8.213550190130869,211.17777405679226,550.5346789360046,22.965203857421898,17.246057128906273,20.041563924153667,75.17546367645264,74.10833374659221,40.35416662693024,19.330864591771252,12.112813952506864,12.20733540852865,15.192797597249353,1017.7674381510417,7.3200963139534,298.12148182094097,654.4592669407526,23.162377929687523,17.532708740234398,20.327713267008487,77.47546307245891,83.12870335578918,409.4583320617676,17.60396126519158,11.703146527999024,11.823611195882165,15.98405481974288,1017.54146484375,9.710228641827902,239.66062692801157,643.7654569943746
2021-07-11,27.842523193359398,15.350610351562523,21.683360036214214,68.88703838984172,47.54490772883097,85.7013897895813,11.7771171994056,8.890088564232842,12.751444753011071,15.200905100504599,1018.06275390625,-11.957024574279785,317.80594712495804,590.5310706694921,28.262292480468773,15.705560302734398,21.99958190917971,70.29027684529622,28.21481515963872,260.96527004241943,10.42390368093813,7.005620827263084,12.556089019775413,15.866106923421228,1017.6171061197917,-14.661829034487406,315.553836752971,600.1948244571686,27.742150878906273,15.261102294921898,21.632745361328148,68.067129611969,36.62175871990621,7.013888891786337,11.925496227547246,8.037735801236963,12.545662180582724,14.991508738199911,1018.1169368489583,-11.741989771525065,312.55661198000115,598.1528858741125,27.627496337890648,15.472222900390648,21.805209096272808,66.29490772883098,26.46157479286194,186.85416650772095,8.691889998676197,6.898037225411009,12.478873189290368,14.629276529947958,1017.9637239583333,-15.547008872032166,330.2422223438819,603.2458153963089,27.440637207031273,14.783319091796898,21.302306111653667,67.44074201583862,9.382870187362036,1.6597222578711808,10.531515090277654,7.241789317080219,12.359998321533226,14.460741933186853,1018.1042545572917,-12.142657200495401,331.64255362252396,615.7197284698486,27.898339843750023,15.172235107421898,21.764380391438824,68.40648301442464,19.49351840217908,57.611111879348755,14.613530992350539,9.012252304555254,12.960331217447958,15.174499766031943,1018.205576171875,-13.048914631207785,325.3466867208481,623.4509441455206,27.315393066406273,14.567376708984398,21.214891052246116,66.99953699111938,8.906481464703878,0.34027777472510934,10.57771411891804,7.53130001215133,12.330379740397177,14.287076568603538,1018.1718001302083,-12.01524273554484,331.4608973960082,609.8060877720515,27.256951904296898,15.097375488281273,21.74109802246096,70.31898148854573,33.17592572172483,67.90277683734894,13.403360712924957,9.655150629914969,13.398572540283226,15.753785705566429,1017.94751953125,-11.075164238611857,302.15890132884186,528.11152946949
2021-07-12,30.481011962890648,18.275079345703148,22.858010864257835,75.145370165507,41.50601854920387,111.06944382190704,23.08286556278094,13.281198150758703,14.979160563151083,17.402949269612634,1014.4396907552083,-11.12565275033315,269.3308739066124,708.0563592910767,30.861657714843773,18.509698486328148,24.933904266357445,63.04259252548218,29.66342615087827,165.43750095367432,14.45514005944002,11.3072475120315,15.587542470296228,16.534080759684286,1015.291611328125,-20.41929566860199,315.96326889594394,770.9332116444906,30.776116943359398,17.656854248046898,22.894436136881534,72.89120260874431,38.415740278859936,95.31944489479065,20.80024594746239,13.371702750040887,15.243318176269554,16.87879079182943,1014.73572265625,-12.582262516021729,282.4291885594527,745.8824753761292,30.783105468750023,18.230187988281273,24.764648691813175,64.90231498082478,18.76435175045238,43.9236114025116,20.651950246843494,13.853051916175891,15.552819824218773,16.98140106201174,1014.783955078125,-19.647383948167164,319.6805783460538,832.7618789672852,30.890924072265648,18.212670898437523,23.676077779134136,70.43055550257365,27.18611138065656,62.04860985279083,21.004418116617092,11.519952217760187,15.239563242594443,16.99979680379232,1014.7773567708333,-16.828502813975017,307.4780626793702,868.5275726318359,30.084588623046898,17.964044189453148,22.873764292399112,72.62361160914104,29.650000313917797,57.29861009120941,23.17570763724565,13.540915474663203,15.22566630045577,16.999495442708337,1014.2688899739583,-8.396430095036825,230.04669951895872,631.8082666397095,31.123254394531273,18.138208007812523,23.795571899414085,69.48055601119995,25.40879640976588,43.91666638851166,19.645532078515267,11.560420625830298,15.313124593098962,16.75103912353518,1014.5991243489583,-17.206543405850727,312.35068149864674,899.6588406562805,30.305688476562523,18.372216796875023,23.55581436157229,71.03472185134888,42.7916659116745,59.06944340467453,21.372673344515235,13.207389243660295,15.0241689046224,17.19413019816085,1014.430263671875,-12.420456210772196,255.10163157929978,729.649083773295
2021-07-13,31.115716552734398,17.479180908203148,24.37307001749677,65.58379650115967,32.48981521030267,67.2638897895813,18.817390980695677,12.206448299351669,15.990043894449911,16.752089436848962,1012.2556217447917,-14.420654118061066,314.2303174684445,752.2301777203878,28.342248535156273,17.974816894531273,22.493816630045597,76.55925973256429,55.842130740483604,549.5972156524658,24.82152540752412,15.23602000765336,16.345596567789755,17.634592946370446,1011.76353515625,-9.979118744532267,311.2285812248786,499.66483720143634,28.567895507812523,16.887261962890648,22.738955434163433,71.23657449086507,57.63518464565277,160.6249976158142,21.8958988587841,12.128331268916986,15.50844217936202,16.612963612874353,1012.57150390625,-9.43147055308024,301.755465015769,522.8629794120789,27.056695556640648,17.220269775390648,21.183721160888695,80.4273149172465,67.57870451609294,320.09027671813965,24.264872166980467,14.241290943458603,16.324917093912802,17.37872212727865,1012.204853515625,-2.354598641395569,238.02632868289948,340.16645844777423,29.034906005859398,17.465783691406273,21.887844340006534,76.65138943990071,64.70416712760925,136.9930558204651,20.648297503596954,11.820332935275019,15.578237152099632,17.209926859537802,1012.235791015625,-2.503240704536438,211.8988866508007,398.85577058792114,30.631097412109398,18.151757812500023,23.88533808390302,68.5467602411906,62.81296249230703,153.49305772781372,19.34204034081593,13.152487160768302,15.717001851399743,17.064419047037802,1012.4733984375,-13.357088446617126,307.8052216817935,772.736833413442,30.357690429687523,16.943200683593773,23.021815236409527,69.06296380360921,56.19999957084656,49.520832657814026,20.772788881897835,12.98451671693258,15.828477478027366,16.425598398844443,1012.5026529947917,-8.841740528742472,288.0069823314746,642.6441988945007,30.551721191406273,17.689324951171898,24.12956517537437,67.54305601119995,41.34953698174407,88.62500023841858,21.079370007836538,12.78606851821362,15.57352218627932,16.978440856933616,1012.2707063802083,-14.060211102167765,314.451628357172,796.4876678784689
2021-07-14,33.71563110351565,19.468743896484398,26.781592305501324,65.62963024775188,31.91527763940394,74.93055629730225,17.058250874368824,12.58404453346902,20.079307810465536,19.02927169799807,1010.0356119791667,-25.24981130162875,299.94651542852324,536.9162502288818,32.98159179687502,20.146569824218773,26.74433288574221,61.36296319961548,27.63703719774882,68.07638716697693,20.976148182123858,15.347674083452517,18.116054789225302,18.06621449788412,1010.6625716145833,-20.445421159267426,321.2850941494107,685.4502652486166,33.95681152343752,18.962792968750023,25.947263336181663,68.71666669845581,36.54722268677627,275.47221755981445,34.16883429827224,11.916956849703547,19.787798817952478,18.84833679199221,1010.0522330729167,-26.157026482125122,309.6823683679104,536.8201503753662,33.36965332031252,19.146051025390648,26.29032414754234,67.97500054041545,47.00648162762324,295.95139503479004,19.356491031128012,12.627269181632483,19.83130289713546,19.2845448811849,1010.058642578125,-24.6405686934789,313.7494644323985,548.5884207089742,34.90554199218752,19.430291748046898,26.606004333496116,65.14074087142944,15.89444406827291,118.95833444595337,25.489039876769414,10.946910117459543,19.502454376220726,18.44189860026046,1010.1546842447917,-26.93530089656512,321.81124140570563,582.6224273045858,33.32174072265627,18.834588623046898,25.76200637817385,69.44768571853638,51.04398181041082,309.34028244018555,23.424199354782314,12.624553551042192,19.84049758911135,18.900730387369833,1010.3153580729168,-24.161571105321247,280.9485399077336,521.2883497873942,34.06032714843752,19.486718750000023,26.622673288981144,62.91157420476278,25.73055537045002,0.375,13.129033972941377,9.494850158984455,18.769403076171898,18.056133524576865,1010.3842545572917,-26.974734514951706,315.90464269866544,581.2869079907736,33.97197875976565,18.281579589843773,26.23725789388023,66.7486122449239,43.808332946151495,99.36111307144165,29.052469653443534,11.944568992586404,19.836361185709677,18.702888743082724,1010.2583203125,-23.22553805510203,289.7100155105193,505.1608193715413
2021-07-15,31.415948486328148,19.423791503906273,24.78176651000979,70.6935175259908,85.25231409072876,39.65277826786041,21.590262563014196,10.226352362931076,18.25537516276046,18.55707448323568,1011.6132845052083,-10.506440877914429,276.15596590191126,575.5910682678223,30.011743164062523,20.299951171875023,24.983042653401714,70.08472235997517,84.44398196538289,137.6736137866974,17.204678806094808,9.133128113826556,18.416535949707054,18.64211807250979,1012.7882552083333,-7.3405681848526,248.3673699001471,459.4712773958842,28.653283691406273,19.591668701171898,24.181481933593773,73.10601822535197,88.63148244222005,48.19444394111633,13.817030636549866,6.446066065706024,18.46356862386068,18.63411356608077,1012.259150390625,-7.52322502930959,229.47378004342318,387.3833100795746,29.686914062500023,18.963159179687523,23.987045542399112,72.78703864415486,82.29861187934875,377.6736125946045,13.883307166910248,8.030661789863956,17.760928090413415,18.412664031982445,1012.7282747395833,-3.964425563812256,237.9693837314844,409.25032051404315,28.494653320312523,18.679406738281273,22.317522939046246,77.23101774851482,89.12731552124023,141.0000004991889,25.268170502093607,9.854200498709398,17.783789571126306,17.834896341959677,1012.8078841145833,6.707441866397858,193.0787562529246,335.5689640045166,30.238885498046898,19.183374023437523,24.3290356953939,73.02500041325887,75.41851691404979,236.81944370269775,12.60683382989801,6.295620784824929,17.835518137613974,18.805197652180993,1012.33732421875,-7.506367444992065,276.93315345048904,457.57517671585083,29.955987548828148,19.388421630859398,24.202600097656273,74.34953737258911,88.5717585881551,40.458333345130086,19.837228083205034,8.733867876058207,18.357273356119833,19.044810231526696,1012.3224055989583,-4.582608064015706,178.93709437549114,349.49046961466473,30.576013183593773,19.763696289062523,25.21286799112958,69.96064790089925,78.6990753809611,31.034722089767456,20.39307992675655,8.939810839937529,18.39172515869143,18.800818379720056,1011.647255859375,-10.66362432638804,265.7096641759078,507.474839369456
2021-07-16,29.259790039062523,19.877099609375023,24.16008275349937,78.264351050059,83.67361183961232,87.54861116409302,11.860250752554597,7.646716725380273,17.42638295491537,19.906307474772177,1013.1226171875,-5.336385766665141,248.1678872257471,395.06300656000775,30.007562255859398,18.500543212890648,24.252941385904972,64.52222315470378,44.15601870417595,50.687501192092896,12.839961426576656,9.839880447736872,15.371953582763695,16.583013153076195,1014.252236328125,-9.42930014928182,308.34011455625296,665.7961247762045,27.053979492187523,19.346459960937523,23.000777180989605,82.42083168029785,83.59768613179524,346.7222204208374,13.048540273279844,7.156872651289937,16.74685185750326,19.6905342102051,1013.1123177083333,-6.485934933026631,196.023741958042,399.3876373767853,30.826440429687523,20.250268554687523,25.009280141194683,72.1319448153178,77.10787018140157,133.79166722297668,14.10336131168068,8.285573621303337,16.85441360473635,19.216189320882165,1013.6414388020833,-15.312390824158987,267.4312387940784,556.1474897861481,29.452416992187523,19.951287841796898,23.868433888753277,80.30324236551921,84.17500098546346,266.65277910232544,9.529974812340825,6.9639547282278285,16.6976142883301,19.93018239339193,1012.9541829427083,-9.942979574203491,266.3134963810444,407.41654809316,28.998559570312523,17.955163574218773,23.27929204305015,75.49120299021403,84.7162036895752,409.11805534362793,10.520492449443584,7.251699434032432,16.024265543619833,18.288770294189476,1014.4142220052083,-13.647104779879252,274.2518840307991,470.2953261534373,29.164544677734398,19.608178710937523,23.64351552327476,80.92407306035359,82.05647977193196,245.95833265781403,11.054130365249993,7.7193339550826225,16.290062204996786,19.867786661783896,1013.04361328125,-10.595027208328247,280.01590712182224,458.9265166918437,29.548608398437523,19.021905517578148,23.78959426879885,79.50046157836914,78.91898187001546,152.56944370269775,14.14097507739816,7.91711155015027,16.933299001057946,19.67826360066732,1013.3829752604167,-11.251599391301474,246.8453899398446,442.89665444691974
2021-07-17,30.154504394531273,18.861108398437523,24.384497578938824,74.65046294530232,39.71898137529691,212.04167079925537,11.978206076635663,7.510814225158651,16.260530090332054,19.095835622151696,1013.1129752604168,-16.039382934570312,284.4494471102953,542.5871314207712,31.944116210937523,20.490136718750023,26.239460245768253,69.67037010192871,52.531944930553436,200.29166460037231,11.514811382269508,4.82214100930372,16.963850911458337,19.678610738118493,1012.1664095052083,-22.615028103192646,303.0292165925105,653.143326719602,30.852868652343773,19.367181396484398,24.975633239746116,72.79398202896118,35.45138851801554,33.01388967037201,12.021286460053876,7.36290914008725,16.117730712890648,19.173980967203818,1013.1355208333333,-16.59363083044688,290.28081364929676,605.5534539222717,29.808465576171898,20.140557861328148,25.233641560872417,71.90462843577068,71.6495373249054,386.9027690887451,9.783616702099604,5.846709994735115,16.41660079956057,19.453265126546228,1012.6251106770833,-20.746255775292713,255.57336459557214,507.01439734299976,31.229730224609398,19.569909667968773,25.065747833251976,70.85972166061401,34.400925159454346,8.409722328186035,11.800554562199043,6.696528919416113,16.326772308349632,18.699595387776696,1012.88857421875,-17.142141183217365,313.1670136898756,668.5895961125692,30.279504394531273,19.289849853515648,24.878260548909527,69.95231342315674,55.75416648387909,378.027774810791,10.290629007330917,6.818896289961749,16.449110921223962,18.60964736938479,1012.6215690104167,-16.15461579958598,292.7048149158557,529.0949103037516,30.936608886718773,19.278100585937523,24.886242167154972,73.23796288172404,44.64814758300781,17.256944626569748,11.659519652391918,6.563668512861775,16.450802103678427,19.171386973063193,1012.9933626302083,-16.283576051394146,292.82710809260607,604.4744245211283,30.151635742187523,19.605584716796898,24.90968983968101,74.10925896962483,49.05185150106748,335.7013931274414,11.161008361362855,7.03005631299332,16.488264973958337,19.55156733194991,1012.6662109375,-15.407628655433655,271.82052868107957,502.6151387691498
2021-07-18,27.019708251953148,18.873956298828148,22.581043497721378,72.51990795135498,91.76898193359375,93.81944417953491,18.833400704828673,12.52711468076499,14.352039591471396,16.91325149536135,1011.9452897135417,-0.39002712567647296,261.3999073654413,618.0945348739624,27.744744873046898,18.480645751953148,23.166426595052105,70.98194440205891,46.1930566628774,222.54166221618652,21.547939766477075,14.479779349572409,14.195816294352255,17.13923797607424,1011.9220345052083,-5.280111908912659,306.4099604487419,693.8273207346598,27.484277343750023,18.734338378906273,22.877849833170597,70.32823944091797,79.1037045319875,30.409722357988358,18.813477331207185,14.106981281788862,14.188600158691429,16.71549250284835,1012.1482291666667,-1.4356391032536824,271.75587042669457,676.5951226552328,27.631372070312523,19.009118652343773,23.227468109130882,70.6652774810791,38.50601833065351,71.05555367469788,21.493002547537547,14.044814825740263,14.238362884521507,17.136321004231775,1011.8473893229167,-3.4009474913279214,313.25183879584074,666.7572558720907,27.541192626953148,19.052911376953148,22.901298777262394,71.10000085830688,70.65416622161865,48.625001192092896,18.84318790766453,12.700099358715741,14.24311472574874,16.879214223225915,1012.3713736979167,-2.711862325668335,295.0354430228472,654.3547913233439,26.979089355468773,18.990167236328148,22.640269215901714,71.36111068725586,82.06990766525269,27.708332896232605,20.730229522890923,13.302096729748103,14.118494923909509,16.771396891276083,1011.8437955729167,0.951309323310852,267.28335747122765,629.6001415252686,27.491326904296898,19.097741699218773,22.870469665527366,73.34027735392253,87.65509271621704,26.930555045604706,17.432028906685456,13.110667431447602,14.216149902343773,17.405999755859398,1012.4773111979167,-1.6117692788441975,256.5604773585995,656.628176689148,26.131646728515648,18.444543457031273,22.17920583089195,75.56944274902344,74.39351876576741,182.0069499015808,20.526493696349508,12.539143063797296,14.563623046875023,17.301235453287802,1011.7498502604167,1.9798458019892375,279.19367081671953,575.622932434082
2021-07-19,23.611108398437523,14.840234375000023,19.452864583333355,63.1476853688558,8.30046320403926,33.840277433395386,19.33972397880001,14.27496910250166,9.754327392578148,11.706829325358115,1014.40021484375,5.492109537124634,326.303933724761,841.764658610026,24.608148193359398,14.850122070312523,19.427022552490257,67.48009300231934,30.01342584208275,94.84722089767456,18.93799262619793,12.719799161835562,9.856666819254599,12.845479583740257,1013.8384635416667,6.865089952945709,258.9745875497659,738.3605254491171,23.406762695312523,15.001977539062523,19.393169657389347,64.64629634221394,15.054166505734125,3.340277925133705,19.914306655411682,14.310489329517836,9.7651357014974,12.047347005208337,1014.40783203125,5.26726222038269,325.42743778849643,814.9222443898519,23.830133056640648,14.747033691406273,19.063047027587913,68.55416536331177,28.528240277121466,34.94444417953491,18.784177008242903,12.54964416109216,9.600425974528036,12.822086588541708,1014.3530208333333,10.091689391061664,237.01046056548753,717.4197708765665,23.669458007812523,15.015405273437523,19.39335149129234,65.70277786254883,14.748611313601335,4.166666507720947,18.97809486222635,13.940950598339967,9.769639587402366,12.256425476074241,1014.6201985677083,5.547547340393066,314.0243138534327,813.3443768819174,24.249078369140648,14.794824218750023,19.532462056477886,64.58425871531169,30.291667168339092,49.16666793823242,17.63319582288277,12.932119699736768,9.866852060953818,12.25550231933596,1014.413837890625,5.406179944674174,289.7211868924399,733.2893975575765,23.364770507812523,15.309350585937523,19.358248647054058,67.15879599253337,25.346759540649753,5.333333373069763,19.08619028941385,13.386778064134788,9.811844126383505,12.664103444417321,1014.497001953125,8.7564826409022,255.3554091838499,758.197338104248,23.773034667968773,14.621270751953148,19.335886891682964,63.30416711171468,18.066203402976196,27.500000953674316,19.233242083394302,13.82688643645709,9.773671722412132,11.65344899495443,1014.348623046875,6.1938192049662275,312.99459761505324,811.3264382680258
2021-07-20,22.873132324218773,13.487176513671898,18.426147715250675,66.36296304066975,40.99027742445469,1.4930555550381541,17.652963600184393,12.844026979019075,8.21915206909182,11.691487884521507,1015.0883626302083,3.725104436278343,204.32007483392954,693.7202212015787,23.474847412109398,13.608117675781273,18.434360758463566,71.40786997477214,36.669445203617215,47.49305558204651,17.132302279899807,12.526960101229841,8.794138844807946,12.836083984375023,1014.6689518229167,3.4866358041763306,238.40218795463443,638.8889977137247,22.583367919921898,13.475122070312523,18.560600535074894,65.24398104349773,39.281018095711865,1.8749999962747097,16.960263870353074,12.577885520334604,8.138911183675134,11.564168548584007,1014.9454524739583,2.396712859471639,233.89344680060944,720.6316606203715,23.313348388671898,13.240991210937523,18.572164154052757,69.16851806640625,29.671296294002484,10.02777773141861,15.461482405863764,12.89428708889124,8.641748046875023,12.331933593750023,1014.149541015625,2.573340574900309,247.58779622241855,741.4452203114828,22.685327148437523,13.335321044921898,18.234051005045597,67.21481529871623,38.59537004027516,1.6527777560986578,14.795384122455514,10.863933478063865,7.958093261718773,11.778657531738304,1015.254501953125,3.871835152308146,189.90038820852837,608.237782160441,23.332788085937523,13.272851562500023,18.251205698649112,70.6208324432373,33.70416729462644,15.055555403232574,15.607760904822383,11.340327501968993,8.424851989746116,12.44632492065432,1014.3486881510418,4.048343976338704,228.00564152250686,647.5236892700195,22.852990722656273,13.365747070312523,18.500513966878277,66.32407474517822,39.84027745015919,0.8124999986030161,14.525160359255066,10.950342748749577,8.29694264729818,11.747640228271507,1015.2229524739582,2.9555665850639343,198.4076812490821,621.0153309504191,23.010675048828148,12.970330810546898,18.133107757568382,68.75833384195964,35.28935235242049,14.541666686534882,17.043139229589258,12.986126844866249,8.149607594807946,12.025871531168661,1014.4742708333333,4.550642689069112,238.37889287124077,666.0282173156738
2021-07-21,23.515893554687523,16.126916503906273,19.232188161214214,66.75601959228516,74.53379666805267,6.65277773141861,21.219847322171567,14.150201387275237,8.818416849772177,12.599074300130212,1018.0563151041667,-2.6647680203119912,201.42496305921426,749.4994007746378,22.594445800781273,16.216668701171898,19.001653289794945,64.99768527348836,83.8240753809611,8.638888865709305,20.74660544121633,14.002588656833387,8.26137186686202,12.068259175618493,1017.7267513020832,-2.583367874224981,186.42573702863106,736.1980368296305,23.771081542968773,16.244470214843773,19.477507527669292,64.12175925572713,74.75277841091156,6.701388940215111,20.936094637916586,14.38080708137761,8.734877522786462,12.286059315999353,1018.3131640625,-2.2068533301353455,199.45128940278664,768.6751581827799,22.662255859375023,15.937188720703148,19.006379699707054,66.31620343526204,64.70092590649922,12.104166597127914,23.032701341133542,15.16964851595363,8.360555267334007,12.338905588785849,1017.6883528645833,-2.1635398070017495,230.01083425960192,785.0703996022543,23.328973388671898,16.674645996093773,19.487657165527366,62.92824093500773,75.48703686396281,1.8263889183290303,21.66776745888921,14.459753714380545,8.64362742106124,12.028532918294275,1018.0538020833333,-3.729004224141439,217.3852368062362,781.8555755615234,22.583306884765648,15.607934570312523,19.161646779378277,65.87499904632568,55.33287009596825,8.791666731238365,24.037443582229187,16.589298849735446,8.575767771403036,12.399236297607445,1017.6835319010418,-6.49408479531606,276.93926032849896,827.5884532928467,23.589624023437523,16.838891601562523,19.593372599283878,63.22870397567749,86.01342550913493,1.6458333511836827,21.66151119436904,13.825863223758049,8.857591247558616,12.203993733723962,1017.8029524739583,-2.940604090690613,187.9228345916296,769.0643256505331,23.304315185546898,15.971032714843773,19.111662801106792,66.4319445292155,80.00046304861705,7.034722208976746,22.045317174044,15.175221365589726,8.542264556884788,12.426433817545615,1018.0470572916668,-2.4000502824783325,205.81135308214775,771.0920244852701
2021-07-22,25.040795898437523,14.947595214843773,20.028563435872417,58.79074144363403,46.593518594900765,5.333333373069763,12.064058528780448,9.85392074870056,9.169091796875023,11.153315480550134,1019.15697265625,-9.499290426572164,303.9187758738796,805.2832514444987,24.213769531250023,13.649438476562523,19.21837895711265,63.155093351999916,13.980092624823252,12.98611056804657,14.506416589679304,10.601669264526157,8.762818908691429,11.28085861206057,1019.1210970052083,-6.51508625348409,317.45069868303835,737.1269613901774,24.671746826171898,16.282128906250023,19.8906557718913,61.06713008880615,67.46759192148845,4.652777850627899,11.437607966366146,9.359763099353922,9.287071482340536,11.71537551879885,1019.501845703125,-7.455715616544087,245.24920902618518,704.8744967778524,24.680444335937523,13.769860839843773,19.288376108805362,58.4773146311442,16.020369824642938,10.833333492279053,11.812313140240288,9.068584824760814,8.991943613688193,10.079943593343103,1019.753916015625,-5.818743467330933,315.8933799577256,752.1288340886434,23.699731445312523,15.385034179687523,18.991571044921898,65.78564659754436,78.55555629730225,3.5138888210058212,11.456384034206533,8.571355831672372,8.703000640869163,12.137761688232445,1019.8034895833333,-3.2999019225438437,167.5417558463911,541.2253367106119,24.319573974609398,14.570458984375023,19.53167368570966,55.92268546422323,27.663425449902814,4.666666746139526,15.471334038655746,10.81184354758168,8.918328857421898,9.90888621012374,1019.5493912760417,-6.458796660105388,323.9201226805647,788.0366653203964,23.633081054687523,15.798944091796898,18.845711008707706,66.55092684427898,78.21712938944499,4.666666552424431,13.336880962125804,8.74068492474994,8.676849619547568,12.20572179158529,1019.7801009114582,-3.0297114054361978,183.4418707167109,517.5488329728445,24.730187988281273,13.673822021484398,19.668569183349632,58.44814920425415,30.65185165995111,6.326389044523239,13.335108722821337,9.786990079092833,8.94014383951827,10.620618438720726,1019.4153743489583,-8.27129594484965,322.5153475260983,837.6465369860331
2021-07-23,24.325372314453148,17.455041503906273,20.22904485066734,62.56620454788208,82.5842588742574,4.00694437045604,13.767278085219669,8.097489071995275,9.463393147786462,12.65506261189779,1016.8981770833333,-7.174423893292745,183.15472286582613,538.4418172836304,23.879998779296898,18.214868164062523,20.570311482747417,60.2361102104187,86.54537057876587,7.486111208796501,10.459814334363632,6.390683006815042,9.566490427653036,12.534644063313806,1017.093857421875,-4.578283707300822,163.06296688659737,441.40388949712116,23.521203613281273,17.293115234375023,19.87716700236005,65.72962888081868,83.28287188212077,9.88194446451962,12.139800522630111,7.797277913871401,9.536342875162802,13.133940633138025,1017.209755859375,-5.725603878498077,170.07820340556404,458.57298215230304,24.244714355468773,18.347619628906273,20.773989613850933,58.50972270965576,89.11435127258301,5.208333343267441,11.989764005612553,6.055457733867439,9.539126332600915,12.226372019449911,1017.2678385416667,-4.527031302452087,154.91561029370254,494.3119748433431,23.744653320312523,17.215692138671898,19.64564412434898,66.2777779897054,83.63703711827596,9.631944339722395,11.946844509998192,8.083226114159084,9.625252024332724,13.023878987630212,1017.1795475260417,-4.084728340307872,155.43303795500347,439.1109692255656,24.061090087890648,17.403192138671898,19.86617813110354,62.039351304372154,86.47546068827312,6.020833343267441,10.699278628332916,7.050876752302827,9.354175821940146,12.267981465657556,1017.1795182291667,-5.570992569128673,140.4775947301338,416.1685041586558,23.504418945312523,16.912408447265648,19.68937454223635,66.7083330154419,87.06018511454265,6.159722167998552,11.994728380147583,8.237948433856355,9.598540242513025,13.173849995930993,1017.110302734375,-3.847195267677307,142.30248379722858,439.81278165181476,24.308221435546898,16.849969482421898,19.89900995890302,63.43564796447754,79.02777751286824,7.249999970197678,13.984241861360603,7.723688730580736,9.510039265950525,12.607757822672568,1016.9626106770833,-5.993518769741058,156.07434887827063,474.2603871027629
2021-07-24,24.640893554687523,17.033471679687523,20.980921681722027,60.92314783732096,65.88379589716594,16.000000476837158,8.763077312497687,4.487114956307747,10.744654591878259,12.864373779296898,1016.0041536458333,-10.842447916666666,186.83805707811067,448.1508535544078,25.485375976562523,17.920953369140648,21.470057423909527,55.360185305277504,73.62731536229451,7.166666507720947,8.997628465950994,4.578236551639971,10.696500396728538,11.79920349121096,1016.218916015625,-10.35113126039505,183.32135488682738,563.3956773281097,25.107568359375023,17.605554199218773,21.018238321940128,61.657870610555015,74.76064856847127,17.34027796983719,8.42858291000378,4.035659365417787,10.688301340738974,13.131771341959677,1016.0934765625,-10.054663697878519,167.34927898071086,416.19475261370343,25.288751220703148,18.569299316406273,21.511398569742862,55.65694443384806,83.5337963104248,20.666666507720947,8.723114314795877,4.850323516559901,10.558014170328818,12.009538269042991,1016.2662630208333,-12.06747817993164,171.92166618568203,524.8526615301768,24.929772949218773,17.385186767578148,20.95927708943687,61.252777099609375,71.01296313603719,8.694444298744202,8.548121127381172,3.2371532424490703,10.850506083170615,12.943997955322288,1016.0830533854167,-10.775423844655355,164.44194518309087,410.5334558884303,25.415765380859398,17.147760009765648,21.248696899414085,58.97083298365275,71.73009284337361,19.66666603088379,6.158729573559514,3.6876034314196757,10.765376027425134,12.590660349528036,1016.2306119791667,-10.625753502051035,174.0154788075015,472.7068914572398,25.450402832031273,17.314141845703148,20.9623110453288,61.271297454833984,79.10740836461385,0.0,8.525810280009859,3.987533858934359,10.765498097737634,12.948470052083337,1016.004228515625,-9.959558049837748,168.2512049227953,457.93832993507385,25.189843750000023,17.664941406250023,21.11561737060549,60.655093351999916,75.58518727620442,13.999999523162842,6.6079087556452105,3.8528162847198004,10.68668136596682,12.944570159912132,1016.20490234375,-10.836989879608154,175.3204664858058,439.6441300710042
2021-07-25,30.030786132812523,18.539239501953148,24.080742136637394,52.88703695933024,82.73055378595988,4.520833343267441,19.997584564212104,14.51885606601907,14.218518829345726,13.360710398356161,1014.20642578125,-18.449195861816406,272.76083772070706,796.8301417032877,27.384332275390648,18.112573242187523,22.793984985351585,58.31574042638143,95.92777792612712,16.201389253139496,18.167703886697037,10.89895505253356,13.591142272949241,13.99186731974288,1015.2022330729167,-11.064362009366354,189.87481102223197,438.06893984476727,28.832788085937523,18.084252929687523,23.6922063191732,54.22314818700155,78.47314723332723,3.1666667982935905,17.669992029932523,13.509576777020941,14.131646728515648,13.439808146158896,1014.411826171875,-15.376883010069529,244.41857459923872,664.7419179280599,29.572198486328148,18.688348388671898,23.74669164021812,54.26620324452718,87.3439809481303,21.256944835186005,17.028097072224305,10.763884756265293,13.482865905761741,13.607083892822288,1014.8855859375,-18.445705950260162,258.19728073788184,672.2260926564535,30.111566162109398,18.272241210937523,23.866438802083355,52.40185157457987,86.93472258249919,0.9236111394129694,19.464613440901225,15.573266615173546,14.243592834472679,12.921940104166708,1014.1422981770833,-16.921402275562286,261.53931327086565,830.8778546651205,29.298425292968773,18.493402099609398,23.615712738037132,53.722684701283775,88.54074160257976,9.166666746139526,20.81108200078302,13.956952798575552,13.657303110758505,13.34131520589193,1014.9101106770833,-17.410109440485638,265.02729740832,706.9046252568563,29.975579833984398,18.582421875000023,23.76270955403648,52.62546253204346,81.0833330154419,0.41666666604578495,19.38027831897795,14.506076774099013,14.30124435424807,12.960708872477255,1014.1044856770833,-17.103209895392258,258.10607870016247,743.8717362085978,29.393487548828148,18.347711181640648,23.95235977172854,53.11805534362793,87.96851857503255,0.0,19.566390933378482,14.852985153640327,13.817761993408226,13.422821299235068,1014.7512727864582,-18.328515152136486,266.0333987623453,783.0839087168375
2021-07-26,26.242730712890648,19.237603759765648,22.087341562906925,70.00879557927449,93.1393502553304,129.83333331346512,20.893537937693235,13.806455198325919,14.629421488444052,16.0490496317546,1012.475302734375,-2.577254424492518,139.50881780544296,440.9153356552124,30.735589599609398,19.841729736328148,24.63413263956708,60.26851876576742,89.44398212432861,36.81250041723251,23.055288596904813,17.65241884012134,15.706388092041038,15.767905171712243,1012.3992578125,-11.633623937765757,249.49171693762764,852.7386700312296,28.583795166015648,19.470758056640648,22.894956207275413,68.86527887980144,86.85416762034099,85.27083179354668,23.05488385562351,14.588631597868158,14.57547276814779,16.479993438720726,1012.1003125,-7.134015878041585,222.8062611486142,627.4407685597738,30.806115722656273,19.923852539062523,24.357026672363304,60.128703594207764,92.73935159047444,16.770833551883698,23.04199705122136,17.130880934075225,15.598148600260458,15.642043050130212,1012.7502473958333,-12.702071458101273,210.56353982770815,779.0479526519775,28.745385742187523,19.195886230468773,22.44499486287437,71.77870464324951,85.83055464426677,88.76388731598854,21.447849466995777,14.551746958536784,14.485246276855491,16.693051910400413,1012.320634765625,-4.775489250818889,197.78668862511404,572.1940288543701,30.235986328125023,20.068811035156273,24.280486043294292,60.47870397567749,93.0490738550822,36.222221713513136,23.711212321796957,17.591641225485642,15.210000610351585,15.560455576578818,1012.8186165364583,-8.843392193317413,206.5034779657144,724.914971669515,26.279687500000023,18.893579101562523,22.107577260335308,72.6384261449178,78.22962943712871,86.65277773141861,22.18716166147923,13.532510863469533,14.396386718750023,16.63022130330404,1012.5253483072917,-2.259941046436628,200.02683276551156,480.72317651907605,29.279077148437523,19.106469726562523,23.159487660725933,64.74351930618286,92.19351959228516,109.84027595818043,24.166013659139956,16.83187520597964,14.955216979980491,15.607188161214196,1012.4094498697917,-4.396719212333362,171.80616785259917,635.8583583831787
2021-07-27,23.583123779296898,18.162744140625023,20.64637908935549,83.25833415985107,52.163889065384865,302.7499942779541,15.561659078202263,9.47515822062661,14.02702356974288,17.602005259196005,1012.3509765625,2.735917871197065,148.80150095093995,274.57450946172077,23.790490722656273,17.809350585937523,20.84595387776695,81.77731402715047,62.88194525241852,604.4305534362793,14.953995890879114,10.624712563207867,13.958729044596396,17.441695149739587,1012.6222005208333,-1.1309987157583237,131.2989466249322,280.79996490478516,26.552270507812523,18.577325439453148,21.50681584676109,78.968981107076,53.953239768743515,138.11805534362793,15.408986170986333,8.746001805380434,14.221557871500693,17.47311935424807,1012.203349609375,-4.0555310100317,167.7951850614821,332.1083343029022,27.902856445312523,18.212609863281273,22.630030568440777,76.78148190180461,63.87222282091776,574.7985973358154,16.710084117189027,10.794599183667268,14.282956695556663,17.957086181640648,1011.94451171875,-8.893024404843649,247.79826095420867,536.8044907251993,28.027795410156273,18.264337158203148,21.91567255655927,76.03286965688069,43.27731469273567,150.15972185134888,13.641599206215833,8.27567679445263,14.41163024902346,17.122585550944052,1012.3378515625,-6.449735922118028,185.83607872544476,385.2163436015447,24.461022949218773,18.098809814453148,20.635484313964866,86.24999777475993,58.70925883452097,380.4097213745117,15.385472155228117,9.164444208241138,14.112439727783226,18.141943868001306,1012.2571516927082,1.964229812224706,131.61523847747594,259.0260239839554,29.154168701171898,18.060784912109398,22.988876597086612,71.19953759511311,48.76898161570231,15.798611149191856,16.203624810989293,9.473469129472738,14.696220652262411,16.977353668212913,1012.2926009114583,-9.686612566312155,227.9131322276468,547.0376571416855,23.629083251953148,18.086389160156273,20.069020843505882,86.16388988494873,63.4143517712752,347.16666889190674,13.22562117383263,8.365572677422913,14.141873931884788,17.57031402587893,1012.735869140625,2.26619576724867,107.87238752810906,220.19634918371835
