{"rmse_average": 1.3174992033042094, "std_average": 1.4087991207745538, "mae": 1.005570263830291}