{"rmse_average": 0.9163915689519095, "std_average": 0.9324712412287601, "mae": 0.7130704742272619}