{"rmse_average": 0.8206458214956163, "std_average": 0.9351463906412008, "mae": 0.6400623189237354}