{"rmse_average": 1.3294854156865594, "std_average": 1.4087991207745538, "mae": 1.0321200164149058}