{"rmse_average": 1.2747012929936727, "std_average": 1.4087991207745538, "mae": 0.972732922332481}