{"rmse_average": 1.3603898715751297, "std_average": 1.3990768392948396, "mae": 1.0249520383675779}