{"rmse_average": 0.8537965009676066, "std_average": 0.9351463906412008, "mae": 0.6639591172164043}