{"rmse_average": 0.8995537923639366, "std_average": 0.9323479290861529, "mae": 0.7260604183408864}