{"rmse_average": 0.846924949203278, "std_average": 0.9351463906412008, "mae": 0.645272038002752}