{"rmse_average": 1.3187113843228073, "std_average": 1.400224159084702, "mae": 1.041481896183132}