{"rmse_average": 1.1831395252762307, "std_average": 1.082858255772956, "mae": 0.9338453284501993}