{"rmse_average": 1.0191950444234548, "std_average": 1.0810252724491296, "mae": 0.8176540909500563}