{"rmse_average": 1.0558666510039656, "std_average": 1.0910134906615627, "mae": 0.8603695175674434}