{"rmse_average": 1.0412576066969572, "std_average": 1.0910134906615627, "mae": 0.8353701022890897}