{"rmse_average": 0.8523551864131613, "std_average": 1.0172042003852726, "mae": 0.6430089035332587}