{"rmse_average": 0.9026750027338066, "std_average": 1.0172042003852726, "mae": 0.6923524211227639}