{"rmse_average": 1.027542603604803, "std_average": 1.0110483013595035, "mae": 0.7519857616689424}