{"rmse_average": 0.9056015807846597, "std_average": 1.0104944313165343, "mae": 0.6833058230801847}