{"rmse_average": 0.8452195843816991, "std_average": 1.0172042003852726, "mae": 0.6635613266231349}