{"rmse_average": 1.0650964130311704, "std_average": 1.0910134906615627, "mae": 0.864247136996353}