{"rmse_average": 0.7452148831980584, "std_average": 0.9512951981616038, "mae": 0.5795121867789094}