{"rmse_average": 1.2803627330655891, "std_average": 1.3060032041233969, "mae": 1.0246250230868528}