{"rmse_average": 0.9703621462345635, "std_average": 0.9498232982028992, "mae": 0.7528803338421263}