{"rmse_average": 1.518153578139839, "std_average": 1.2767688542334092, "mae": 1.0698355106919257}