{"rmse_average": 1.04702761825657, "std_average": 1.1008493676395459, "mae": 0.8391601241244094}