{"rmse_average": 0.972044643232348, "std_average": 1.0348410625035473, "mae": 0.7193516503826394}